<?xml version="1.0" encoding="UTF-8"?>
<gpx creator="StravaGPX" xmlns:xsi="http://www.w3.org/2001/XMLSchema-instance" xsi:schemaLocation="http://www.topografix.com/GPX/1/1 http://www.topografix.com/GPX/1/1/gpx.xsd" version="1.1" xmlns="http://www.topografix.com/GPX/1/1">
 <metadata>
  <time>2015-03-12T15:09:51Z</time>
 </metadata>
 <trk>
  <name>Bridge Mountain</name>
  <type>9</type>
  <trkseg>
   <trkpt lat="36.1610090" lon="-115.4986250">
    <ele>1393.8</ele>
    <time>2015-03-12T15:09:51Z</time>
   </trkpt>
   <trkpt lat="36.1611440" lon="-115.4987880">
    <ele>1396.1</ele>
    <time>2015-03-12T15:10:00Z</time>
   </trkpt>
   <trkpt lat="36.1611610" lon="-115.4988000">
    <ele>1396.4</ele>
    <time>2015-03-12T15:10:01Z</time>
   </trkpt>
   <trkpt lat="36.1613200" lon="-115.4989110">
    <ele>1398.4</ele>
    <time>2015-03-12T15:10:10Z</time>
   </trkpt>
   <trkpt lat="36.1613520" lon="-115.4989420">
    <ele>1398.6</ele>
    <time>2015-03-12T15:10:12Z</time>
   </trkpt>
   <trkpt lat="36.1615010" lon="-115.4990860">
    <ele>1400.2</ele>
    <time>2015-03-12T15:10:22Z</time>
   </trkpt>
   <trkpt lat="36.1616000" lon="-115.4992870">
    <ele>1400.6</ele>
    <time>2015-03-12T15:10:31Z</time>
   </trkpt>
   <trkpt lat="36.1616660" lon="-115.4995080">
    <ele>1400.2</ele>
    <time>2015-03-12T15:10:39Z</time>
   </trkpt>
   <trkpt lat="36.1617330" lon="-115.4997410">
    <ele>1399.8</ele>
    <time>2015-03-12T15:10:48Z</time>
   </trkpt>
   <trkpt lat="36.1618380" lon="-115.4999350">
    <ele>1400.1</ele>
    <time>2015-03-12T15:10:57Z</time>
   </trkpt>
   <trkpt lat="36.1619900" lon="-115.5000770">
    <ele>1400.3</ele>
    <time>2015-03-12T15:11:07Z</time>
   </trkpt>
   <trkpt lat="36.1621490" lon="-115.5001970">
    <ele>1400.4</ele>
    <time>2015-03-12T15:11:17Z</time>
   </trkpt>
   <trkpt lat="36.1622840" lon="-115.5003630">
    <ele>1401.6</ele>
    <time>2015-03-12T15:11:27Z</time>
   </trkpt>
   <trkpt lat="36.1623540" lon="-115.5005680">
    <ele>1406.7</ele>
    <time>2015-03-12T15:11:37Z</time>
   </trkpt>
   <trkpt lat="36.1623680" lon="-115.5008050">
    <ele>1409.9</ele>
    <time>2015-03-12T15:11:46Z</time>
   </trkpt>
   <trkpt lat="36.1624450" lon="-115.5010120">
    <ele>1411.7</ele>
    <time>2015-03-12T15:11:55Z</time>
   </trkpt>
   <trkpt lat="36.1625310" lon="-115.5012060">
    <ele>1414.9</ele>
    <time>2015-03-12T15:12:05Z</time>
   </trkpt>
   <trkpt lat="36.1626380" lon="-115.5014040">
    <ele>1419.8</ele>
    <time>2015-03-12T15:12:16Z</time>
   </trkpt>
   <trkpt lat="36.1627640" lon="-115.5015620">
    <ele>1422.2</ele>
    <time>2015-03-12T15:12:26Z</time>
   </trkpt>
   <trkpt lat="36.1629240" lon="-115.5016860">
    <ele>1424.1</ele>
    <time>2015-03-12T15:12:36Z</time>
   </trkpt>
   <trkpt lat="36.1630550" lon="-115.5018530">
    <ele>1425.3</ele>
    <time>2015-03-12T15:12:45Z</time>
   </trkpt>
   <trkpt lat="36.1631760" lon="-115.5020240">
    <ele>1426.2</ele>
    <time>2015-03-12T15:12:56Z</time>
   </trkpt>
   <trkpt lat="36.1632740" lon="-115.5022250">
    <ele>1427.3</ele>
    <time>2015-03-12T15:13:06Z</time>
   </trkpt>
   <trkpt lat="36.1633660" lon="-115.5024250">
    <ele>1427.6</ele>
    <time>2015-03-12T15:13:16Z</time>
   </trkpt>
   <trkpt lat="36.1634600" lon="-115.5026170">
    <ele>1428.4</ele>
    <time>2015-03-12T15:13:25Z</time>
   </trkpt>
   <trkpt lat="36.1635800" lon="-115.5028040">
    <ele>1430.3</ele>
    <time>2015-03-12T15:13:34Z</time>
   </trkpt>
   <trkpt lat="36.1636960" lon="-115.5029870">
    <ele>1435.4</ele>
    <time>2015-03-12T15:13:44Z</time>
   </trkpt>
   <trkpt lat="36.1637230" lon="-115.5031110">
    <ele>1437.4</ele>
    <time>2015-03-12T15:13:49Z</time>
   </trkpt>
   <trkpt lat="36.1636850" lon="-115.5033280">
    <ele>1436.7</ele>
    <time>2015-03-12T15:13:58Z</time>
   </trkpt>
   <trkpt lat="36.1636870" lon="-115.5035660">
    <ele>1433.9</ele>
    <time>2015-03-12T15:14:06Z</time>
   </trkpt>
   <trkpt lat="36.1636610" lon="-115.5037940">
    <ele>1430.9</ele>
    <time>2015-03-12T15:14:15Z</time>
   </trkpt>
   <trkpt lat="36.1636410" lon="-115.5040400">
    <ele>1432.1</ele>
    <time>2015-03-12T15:14:24Z</time>
   </trkpt>
   <trkpt lat="36.1635860" lon="-115.5042570">
    <ele>1434.1</ele>
    <time>2015-03-12T15:14:34Z</time>
   </trkpt>
   <trkpt lat="36.1635870" lon="-115.5044840">
    <ele>1435.6</ele>
    <time>2015-03-12T15:14:44Z</time>
   </trkpt>
   <trkpt lat="36.1636750" lon="-115.5046900">
    <ele>1437.5</ele>
    <time>2015-03-12T15:14:54Z</time>
   </trkpt>
   <trkpt lat="36.1637650" lon="-115.5049070">
    <ele>1439.1</ele>
    <time>2015-03-12T15:15:05Z</time>
   </trkpt>
   <trkpt lat="36.1638580" lon="-115.5051040">
    <ele>1441.4</ele>
    <time>2015-03-12T15:15:16Z</time>
   </trkpt>
   <trkpt lat="36.1639130" lon="-115.5053300">
    <ele>1443.4</ele>
    <time>2015-03-12T15:15:27Z</time>
   </trkpt>
   <trkpt lat="36.1639170" lon="-115.5053490">
    <ele>1443.4</ele>
    <time>2015-03-12T15:15:28Z</time>
   </trkpt>
   <trkpt lat="36.1639510" lon="-115.5055720">
    <ele>1443.4</ele>
    <time>2015-03-12T15:15:38Z</time>
   </trkpt>
   <trkpt lat="36.1640300" lon="-115.5057930">
    <ele>1444.0</ele>
    <time>2015-03-12T15:15:49Z</time>
   </trkpt>
   <trkpt lat="36.1641330" lon="-115.5059960">
    <ele>1444.5</ele>
    <time>2015-03-12T15:16:00Z</time>
   </trkpt>
   <trkpt lat="36.1642740" lon="-115.5061640">
    <ele>1445.1</ele>
    <time>2015-03-12T15:16:10Z</time>
   </trkpt>
   <trkpt lat="36.1644270" lon="-115.5063250">
    <ele>1445.7</ele>
    <time>2015-03-12T15:16:20Z</time>
   </trkpt>
   <trkpt lat="36.1645250" lon="-115.5063850">
    <ele>1446.2</ele>
    <time>2015-03-12T15:16:25Z</time>
   </trkpt>
   <trkpt lat="36.1646280" lon="-115.5064890">
    <ele>1446.2</ele>
    <time>2015-03-12T15:16:31Z</time>
   </trkpt>
   <trkpt lat="36.1647090" lon="-115.5066990">
    <ele>1446.1</ele>
    <time>2015-03-12T15:16:41Z</time>
   </trkpt>
   <trkpt lat="36.1648270" lon="-115.5068840">
    <ele>1447.4</ele>
    <time>2015-03-12T15:16:52Z</time>
   </trkpt>
   <trkpt lat="36.1649810" lon="-115.5070260">
    <ele>1450.4</ele>
    <time>2015-03-12T15:17:03Z</time>
   </trkpt>
   <trkpt lat="36.1651330" lon="-115.5071550">
    <ele>1453.3</ele>
    <time>2015-03-12T15:17:14Z</time>
   </trkpt>
   <trkpt lat="36.1652860" lon="-115.5072980">
    <ele>1456.8</ele>
    <time>2015-03-12T15:17:26Z</time>
   </trkpt>
   <trkpt lat="36.1654440" lon="-115.5074310">
    <ele>1460.5</ele>
    <time>2015-03-12T15:17:41Z</time>
   </trkpt>
   <trkpt lat="36.1655820" lon="-115.5075910">
    <ele>1462.6</ele>
    <time>2015-03-12T15:17:56Z</time>
   </trkpt>
   <trkpt lat="36.1656630" lon="-115.5076940">
    <ele>1464.2</ele>
    <time>2015-03-12T15:18:05Z</time>
   </trkpt>
   <trkpt lat="36.1658170" lon="-115.5078090">
    <ele>1467.9</ele>
    <time>2015-03-12T15:18:20Z</time>
   </trkpt>
   <trkpt lat="36.1659850" lon="-115.5078870">
    <ele>1471.1</ele>
    <time>2015-03-12T15:18:34Z</time>
   </trkpt>
   <trkpt lat="36.1661740" lon="-115.5079030">
    <ele>1472.2</ele>
    <time>2015-03-12T15:18:49Z</time>
   </trkpt>
   <trkpt lat="36.1663510" lon="-115.5079450">
    <ele>1473.4</ele>
    <time>2015-03-12T15:19:03Z</time>
   </trkpt>
   <trkpt lat="36.1664640" lon="-115.5081250">
    <ele>1476.0</ele>
    <time>2015-03-12T15:19:21Z</time>
   </trkpt>
   <trkpt lat="36.1664860" lon="-115.5081830">
    <ele>1476.8</ele>
    <time>2015-03-12T15:19:26Z</time>
   </trkpt>
   <trkpt lat="36.1665230" lon="-115.5082180">
    <ele>1477.6</ele>
    <time>2015-03-12T15:19:30Z</time>
   </trkpt>
   <trkpt lat="36.1666360" lon="-115.5083970">
    <ele>1480.5</ele>
    <time>2015-03-12T15:19:43Z</time>
   </trkpt>
   <trkpt lat="36.1667060" lon="-115.5086210">
    <ele>1483.2</ele>
    <time>2015-03-12T15:19:54Z</time>
   </trkpt>
   <trkpt lat="36.1667160" lon="-115.5088530">
    <ele>1485.8</ele>
    <time>2015-03-12T15:20:05Z</time>
   </trkpt>
   <trkpt lat="36.1667210" lon="-115.5089200">
    <ele>1487.0</ele>
    <time>2015-03-12T15:20:08Z</time>
   </trkpt>
   <trkpt lat="36.1667030" lon="-115.5091430">
    <ele>1489.9</ele>
    <time>2015-03-12T15:20:18Z</time>
   </trkpt>
   <trkpt lat="36.1666540" lon="-115.5093530">
    <ele>1491.3</ele>
    <time>2015-03-12T15:20:28Z</time>
   </trkpt>
   <trkpt lat="36.1665870" lon="-115.5095730">
    <ele>1494.3</ele>
    <time>2015-03-12T15:20:39Z</time>
   </trkpt>
   <trkpt lat="36.1665470" lon="-115.5098050">
    <ele>1496.4</ele>
    <time>2015-03-12T15:20:50Z</time>
   </trkpt>
   <trkpt lat="36.1665400" lon="-115.5099740">
    <ele>1496.6</ele>
    <time>2015-03-12T15:20:58Z</time>
   </trkpt>
   <trkpt lat="36.1666240" lon="-115.5101710">
    <ele>1498.5</ele>
    <time>2015-03-12T15:21:09Z</time>
   </trkpt>
   <trkpt lat="36.1666740" lon="-115.5103890">
    <ele>1499.7</ele>
    <time>2015-03-12T15:21:20Z</time>
   </trkpt>
   <trkpt lat="36.1667230" lon="-115.5106050">
    <ele>1502.3</ele>
    <time>2015-03-12T15:21:30Z</time>
   </trkpt>
   <trkpt lat="36.1667850" lon="-115.5108210">
    <ele>1504.0</ele>
    <time>2015-03-12T15:21:41Z</time>
   </trkpt>
   <trkpt lat="36.1668700" lon="-115.5110220">
    <ele>1507.4</ele>
    <time>2015-03-12T15:21:52Z</time>
   </trkpt>
   <trkpt lat="36.1668790" lon="-115.5110390">
    <ele>1507.7</ele>
    <time>2015-03-12T15:21:53Z</time>
   </trkpt>
   <trkpt lat="36.1668480" lon="-115.5112260">
    <ele>1506.9</ele>
    <time>2015-03-12T15:22:04Z</time>
   </trkpt>
   <trkpt lat="36.1668290" lon="-115.5112250">
    <ele>1506.8</ele>
    <time>2015-03-12T15:22:05Z</time>
   </trkpt>
   <trkpt lat="36.1667540" lon="-115.5112100">
    <ele>1506.1</ele>
    <time>2015-03-12T15:22:10Z</time>
   </trkpt>
   <trkpt lat="36.1666460" lon="-115.5111650">
    <ele>1505.5</ele>
    <time>2015-03-12T15:22:17Z</time>
   </trkpt>
   <trkpt lat="36.1664690" lon="-115.5112220">
    <ele>1507.6</ele>
    <time>2015-03-12T15:22:28Z</time>
   </trkpt>
   <trkpt lat="36.1663080" lon="-115.5113230">
    <ele>1510.1</ele>
    <time>2015-03-12T15:22:38Z</time>
   </trkpt>
   <trkpt lat="36.1661300" lon="-115.5113660">
    <ele>1511.1</ele>
    <time>2015-03-12T15:22:47Z</time>
   </trkpt>
   <trkpt lat="36.1659560" lon="-115.5114420">
    <ele>1512.0</ele>
    <time>2015-03-12T15:22:57Z</time>
   </trkpt>
   <trkpt lat="36.1658280" lon="-115.5115450">
    <ele>1514.6</ele>
    <time>2015-03-12T15:23:06Z</time>
   </trkpt>
   <trkpt lat="36.1657880" lon="-115.5116200">
    <ele>1516.0</ele>
    <time>2015-03-12T15:23:11Z</time>
   </trkpt>
   <trkpt lat="36.1656970" lon="-115.5118220">
    <ele>1517.9</ele>
    <time>2015-03-12T15:23:23Z</time>
   </trkpt>
   <trkpt lat="36.1655890" lon="-115.5120170">
    <ele>1518.5</ele>
    <time>2015-03-12T15:23:35Z</time>
   </trkpt>
   <trkpt lat="36.1654830" lon="-115.5122060">
    <ele>1519.9</ele>
    <time>2015-03-12T15:23:46Z</time>
   </trkpt>
   <trkpt lat="36.1654790" lon="-115.5122260">
    <ele>1520.2</ele>
    <time>2015-03-12T15:23:47Z</time>
   </trkpt>
   <trkpt lat="36.1654140" lon="-115.5123430">
    <ele>1521.1</ele>
    <time>2015-03-12T15:23:54Z</time>
   </trkpt>
   <trkpt lat="36.1653330" lon="-115.5125480">
    <ele>1522.4</ele>
    <time>2015-03-12T15:24:05Z</time>
   </trkpt>
   <trkpt lat="36.1653230" lon="-115.5125820">
    <ele>1522.7</ele>
    <time>2015-03-12T15:24:07Z</time>
   </trkpt>
   <trkpt lat="36.1652800" lon="-115.5126500">
    <ele>1522.3</ele>
    <time>2015-03-12T15:24:11Z</time>
   </trkpt>
   <trkpt lat="36.1651140" lon="-115.5127350">
    <ele>1520.0</ele>
    <time>2015-03-12T15:24:22Z</time>
   </trkpt>
   <trkpt lat="36.1649200" lon="-115.5127050">
    <ele>1522.0</ele>
    <time>2015-03-12T15:24:33Z</time>
   </trkpt>
   <trkpt lat="36.1647820" lon="-115.5128420">
    <ele>1525.7</ele>
    <time>2015-03-12T15:24:43Z</time>
   </trkpt>
   <trkpt lat="36.1646650" lon="-115.5130160">
    <ele>1528.7</ele>
    <time>2015-03-12T15:24:53Z</time>
   </trkpt>
   <trkpt lat="36.1645490" lon="-115.5131890">
    <ele>1530.0</ele>
    <time>2015-03-12T15:25:04Z</time>
   </trkpt>
   <trkpt lat="36.1644990" lon="-115.5132510">
    <ele>1530.6</ele>
    <time>2015-03-12T15:25:09Z</time>
   </trkpt>
   <trkpt lat="36.1644530" lon="-115.5133110">
    <ele>1531.3</ele>
    <time>2015-03-12T15:25:13Z</time>
   </trkpt>
   <trkpt lat="36.1643530" lon="-115.5135070">
    <ele>1534.2</ele>
    <time>2015-03-12T15:25:25Z</time>
   </trkpt>
   <trkpt lat="36.1642840" lon="-115.5137250">
    <ele>1538.9</ele>
    <time>2015-03-12T15:25:36Z</time>
   </trkpt>
   <trkpt lat="36.1641780" lon="-115.5138950">
    <ele>1539.8</ele>
    <time>2015-03-12T15:25:46Z</time>
   </trkpt>
   <trkpt lat="36.1640580" lon="-115.5140650">
    <ele>1538.7</ele>
    <time>2015-03-12T15:25:56Z</time>
   </trkpt>
   <trkpt lat="36.1639050" lon="-115.5141900">
    <ele>1539.5</ele>
    <time>2015-03-12T15:26:06Z</time>
   </trkpt>
   <trkpt lat="36.1637400" lon="-115.5143100">
    <ele>1541.0</ele>
    <time>2015-03-12T15:26:16Z</time>
   </trkpt>
   <trkpt lat="36.1635700" lon="-115.5144110">
    <ele>1542.3</ele>
    <time>2015-03-12T15:26:26Z</time>
   </trkpt>
   <trkpt lat="36.1634230" lon="-115.5145400">
    <ele>1544.6</ele>
    <time>2015-03-12T15:26:35Z</time>
   </trkpt>
   <trkpt lat="36.1632960" lon="-115.5147090">
    <ele>1546.4</ele>
    <time>2015-03-12T15:26:45Z</time>
   </trkpt>
   <trkpt lat="36.1631580" lon="-115.5148620">
    <ele>1547.4</ele>
    <time>2015-03-12T15:26:55Z</time>
   </trkpt>
   <trkpt lat="36.1630240" lon="-115.5150290">
    <ele>1547.5</ele>
    <time>2015-03-12T15:27:04Z</time>
   </trkpt>
   <trkpt lat="36.1629120" lon="-115.5152250">
    <ele>1547.2</ele>
    <time>2015-03-12T15:27:12Z</time>
   </trkpt>
   <trkpt lat="36.1628330" lon="-115.5154390">
    <ele>1546.9</ele>
    <time>2015-03-12T15:27:20Z</time>
   </trkpt>
   <trkpt lat="36.1627370" lon="-115.5156340">
    <ele>1546.2</ele>
    <time>2015-03-12T15:27:28Z</time>
   </trkpt>
   <trkpt lat="36.1625940" lon="-115.5157720">
    <ele>1544.3</ele>
    <time>2015-03-12T15:27:36Z</time>
   </trkpt>
   <trkpt lat="36.1624720" lon="-115.5159650">
    <ele>1541.3</ele>
    <time>2015-03-12T15:27:44Z</time>
   </trkpt>
   <trkpt lat="36.1623240" lon="-115.5161070">
    <ele>1543.2</ele>
    <time>2015-03-12T15:27:52Z</time>
   </trkpt>
   <trkpt lat="36.1621660" lon="-115.5162530">
    <ele>1543.1</ele>
    <time>2015-03-12T15:28:02Z</time>
   </trkpt>
   <trkpt lat="36.1620510" lon="-115.5164380">
    <ele>1543.3</ele>
    <time>2015-03-12T15:28:11Z</time>
   </trkpt>
   <trkpt lat="36.1619210" lon="-115.5166110">
    <ele>1542.5</ele>
    <time>2015-03-12T15:28:20Z</time>
   </trkpt>
   <trkpt lat="36.1617680" lon="-115.5167350">
    <ele>1542.1</ele>
    <time>2015-03-12T15:28:29Z</time>
   </trkpt>
   <trkpt lat="36.1615890" lon="-115.5168010">
    <ele>1543.3</ele>
    <time>2015-03-12T15:28:38Z</time>
   </trkpt>
   <trkpt lat="36.1614110" lon="-115.5168510">
    <ele>1542.1</ele>
    <time>2015-03-12T15:28:47Z</time>
   </trkpt>
   <trkpt lat="36.1612140" lon="-115.5168600">
    <ele>1546.1</ele>
    <time>2015-03-12T15:28:58Z</time>
   </trkpt>
   <trkpt lat="36.1610420" lon="-115.5169610">
    <ele>1547.9</ele>
    <time>2015-03-12T15:29:06Z</time>
   </trkpt>
   <trkpt lat="36.1608660" lon="-115.5170630">
    <ele>1543.0</ele>
    <time>2015-03-12T15:29:14Z</time>
   </trkpt>
   <trkpt lat="36.1606890" lon="-115.5171620">
    <ele>1546.3</ele>
    <time>2015-03-12T15:29:24Z</time>
   </trkpt>
   <trkpt lat="36.1605640" lon="-115.5172100">
    <ele>1550.0</ele>
    <time>2015-03-12T15:29:34Z</time>
   </trkpt>
   <trkpt lat="36.1604480" lon="-115.5173920">
    <ele>1551.5</ele>
    <time>2015-03-12T15:29:44Z</time>
   </trkpt>
   <trkpt lat="36.1603580" lon="-115.5176000">
    <ele>1553.2</ele>
    <time>2015-03-12T15:29:54Z</time>
   </trkpt>
   <trkpt lat="36.1602240" lon="-115.5177610">
    <ele>1554.5</ele>
    <time>2015-03-12T15:30:03Z</time>
   </trkpt>
   <trkpt lat="36.1601560" lon="-115.5179790">
    <ele>1555.8</ele>
    <time>2015-03-12T15:30:13Z</time>
   </trkpt>
   <trkpt lat="36.1601230" lon="-115.5182050">
    <ele>1557.7</ele>
    <time>2015-03-12T15:30:23Z</time>
   </trkpt>
   <trkpt lat="36.1599740" lon="-115.5183260">
    <ele>1558.1</ele>
    <time>2015-03-12T15:30:33Z</time>
   </trkpt>
   <trkpt lat="36.1598560" lon="-115.5185130">
    <ele>1559.0</ele>
    <time>2015-03-12T15:30:43Z</time>
   </trkpt>
   <trkpt lat="36.1597720" lon="-115.5187270">
    <ele>1558.3</ele>
    <time>2015-03-12T15:30:52Z</time>
   </trkpt>
   <trkpt lat="36.1596580" lon="-115.5188330">
    <ele>1558.5</ele>
    <time>2015-03-12T15:30:59Z</time>
   </trkpt>
   <trkpt lat="36.1595480" lon="-115.5190380">
    <ele>1559.6</ele>
    <time>2015-03-12T15:31:09Z</time>
   </trkpt>
   <trkpt lat="36.1595040" lon="-115.5192310">
    <ele>1559.9</ele>
    <time>2015-03-12T15:31:17Z</time>
   </trkpt>
   <trkpt lat="36.1594480" lon="-115.5194400">
    <ele>1559.7</ele>
    <time>2015-03-12T15:31:26Z</time>
   </trkpt>
   <trkpt lat="36.1594120" lon="-115.5196740">
    <ele>1564.1</ele>
    <time>2015-03-12T15:31:35Z</time>
   </trkpt>
   <trkpt lat="36.1593040" lon="-115.5198820">
    <ele>1565.3</ele>
    <time>2015-03-12T15:31:45Z</time>
   </trkpt>
   <trkpt lat="36.1592920" lon="-115.5199230">
    <ele>1565.8</ele>
    <time>2015-03-12T15:31:47Z</time>
   </trkpt>
   <trkpt lat="36.1592760" lon="-115.5199950">
    <ele>1566.6</ele>
    <time>2015-03-12T15:31:52Z</time>
   </trkpt>
   <trkpt lat="36.1592680" lon="-115.5200410">
    <ele>1567.2</ele>
    <time>2015-03-12T15:31:55Z</time>
   </trkpt>
   <trkpt lat="36.1591890" lon="-115.5200860">
    <ele>1566.5</ele>
    <time>2015-03-12T15:32:03Z</time>
   </trkpt>
   <trkpt lat="36.1591350" lon="-115.5200550">
    <ele>1566.0</ele>
    <time>2015-03-12T15:32:08Z</time>
   </trkpt>
   <trkpt lat="36.1590560" lon="-115.5199270">
    <ele>1563.5</ele>
    <time>2015-03-12T15:32:17Z</time>
   </trkpt>
   <trkpt lat="36.1590180" lon="-115.5197170">
    <ele>1562.2</ele>
    <time>2015-03-12T15:32:32Z</time>
   </trkpt>
   <trkpt lat="36.1588430" lon="-115.5197060">
    <ele>1568.8</ele>
    <time>2015-03-12T15:32:41Z</time>
   </trkpt>
   <trkpt lat="36.1587750" lon="-115.5198270">
    <ele>1571.5</ele>
    <time>2015-03-12T15:32:54Z</time>
   </trkpt>
   <trkpt lat="36.1587580" lon="-115.5198280">
    <ele>1572.0</ele>
    <time>2015-03-12T15:32:55Z</time>
   </trkpt>
   <trkpt lat="36.1586160" lon="-115.5199540">
    <ele>1575.1</ele>
    <time>2015-03-12T15:33:09Z</time>
   </trkpt>
   <trkpt lat="36.1585980" lon="-115.5199730">
    <ele>1575.4</ele>
    <time>2015-03-12T15:33:10Z</time>
   </trkpt>
   <trkpt lat="36.1585260" lon="-115.5200780">
    <ele>1577.0</ele>
    <time>2015-03-12T15:33:17Z</time>
   </trkpt>
   <trkpt lat="36.1584670" lon="-115.5201090">
    <ele>1577.8</ele>
    <time>2015-03-12T15:33:22Z</time>
   </trkpt>
   <trkpt lat="36.1583820" lon="-115.5201990">
    <ele>1579.5</ele>
    <time>2015-03-12T15:33:31Z</time>
   </trkpt>
   <trkpt lat="36.1582730" lon="-115.5203930">
    <ele>1584.0</ele>
    <time>2015-03-12T15:33:47Z</time>
   </trkpt>
   <trkpt lat="36.1581660" lon="-115.5204560">
    <ele>1587.1</ele>
    <time>2015-03-12T15:33:54Z</time>
   </trkpt>
   <trkpt lat="36.1579860" lon="-115.5205450">
    <ele>1590.5</ele>
    <time>2015-03-12T15:34:04Z</time>
   </trkpt>
   <trkpt lat="36.1578070" lon="-115.5205520">
    <ele>1594.8</ele>
    <time>2015-03-12T15:34:13Z</time>
   </trkpt>
   <trkpt lat="36.1576320" lon="-115.5204820">
    <ele>1598.5</ele>
    <time>2015-03-12T15:34:22Z</time>
   </trkpt>
   <trkpt lat="36.1574590" lon="-115.5203810">
    <ele>1599.3</ele>
    <time>2015-03-12T15:34:32Z</time>
   </trkpt>
   <trkpt lat="36.1572700" lon="-115.5203460">
    <ele>1598.5</ele>
    <time>2015-03-12T15:34:41Z</time>
   </trkpt>
   <trkpt lat="36.1570980" lon="-115.5204360">
    <ele>1602.2</ele>
    <time>2015-03-12T15:34:50Z</time>
   </trkpt>
   <trkpt lat="36.1570890" lon="-115.5204590">
    <ele>1602.8</ele>
    <time>2015-03-12T15:34:51Z</time>
   </trkpt>
   <trkpt lat="36.1570300" lon="-115.5205050">
    <ele>1605.1</ele>
    <time>2015-03-12T15:34:55Z</time>
   </trkpt>
   <trkpt lat="36.1569790" lon="-115.5205480">
    <ele>1607.3</ele>
    <time>2015-03-12T15:35:00Z</time>
   </trkpt>
   <trkpt lat="36.1569250" lon="-115.5205780">
    <ele>1608.3</ele>
    <time>2015-03-12T15:35:05Z</time>
   </trkpt>
   <trkpt lat="36.1568810" lon="-115.5205750">
    <ele>1608.7</ele>
    <time>2015-03-12T15:35:13Z</time>
   </trkpt>
   <trkpt lat="36.1568330" lon="-115.5203660">
    <ele>1608.6</ele>
    <time>2015-03-12T15:35:30Z</time>
   </trkpt>
   <trkpt lat="36.1568110" lon="-115.5202830">
    <ele>1608.6</ele>
    <time>2015-03-12T15:35:36Z</time>
   </trkpt>
   <trkpt lat="36.1567620" lon="-115.5201660">
    <ele>1609.4</ele>
    <time>2015-03-12T15:35:45Z</time>
   </trkpt>
   <trkpt lat="36.1565720" lon="-115.5201340">
    <ele>1613.0</ele>
    <time>2015-03-12T15:36:00Z</time>
   </trkpt>
   <trkpt lat="36.1563840" lon="-115.5201470">
    <ele>1614.2</ele>
    <time>2015-03-12T15:36:09Z</time>
   </trkpt>
   <trkpt lat="36.1562080" lon="-115.5202600">
    <ele>1616.8</ele>
    <time>2015-03-12T15:36:18Z</time>
   </trkpt>
   <trkpt lat="36.1560550" lon="-115.5203840">
    <ele>1620.0</ele>
    <time>2015-03-12T15:36:27Z</time>
   </trkpt>
   <trkpt lat="36.1558830" lon="-115.5204580">
    <ele>1621.3</ele>
    <time>2015-03-12T15:36:37Z</time>
   </trkpt>
   <trkpt lat="36.1556880" lon="-115.5205050">
    <ele>1624.3</ele>
    <time>2015-03-12T15:36:48Z</time>
   </trkpt>
   <trkpt lat="36.1555090" lon="-115.5205550">
    <ele>1621.4</ele>
    <time>2015-03-12T15:36:58Z</time>
   </trkpt>
   <trkpt lat="36.1553360" lon="-115.5206770">
    <ele>1622.9</ele>
    <time>2015-03-12T15:37:07Z</time>
   </trkpt>
   <trkpt lat="36.1551840" lon="-115.5207990">
    <ele>1625.9</ele>
    <time>2015-03-12T15:37:16Z</time>
   </trkpt>
   <trkpt lat="36.1550250" lon="-115.5209100">
    <ele>1627.7</ele>
    <time>2015-03-12T15:37:25Z</time>
   </trkpt>
   <trkpt lat="36.1548740" lon="-115.5210660">
    <ele>1627.1</ele>
    <time>2015-03-12T15:37:33Z</time>
   </trkpt>
   <trkpt lat="36.1547280" lon="-115.5212070">
    <ele>1623.5</ele>
    <time>2015-03-12T15:37:40Z</time>
   </trkpt>
   <trkpt lat="36.1545880" lon="-115.5213740">
    <ele>1618.3</ele>
    <time>2015-03-12T15:37:47Z</time>
   </trkpt>
   <trkpt lat="36.1545440" lon="-115.5215890">
    <ele>1615.6</ele>
    <time>2015-03-12T15:37:54Z</time>
   </trkpt>
   <trkpt lat="36.1545990" lon="-115.5218070">
    <ele>1617.3</ele>
    <time>2015-03-12T15:38:01Z</time>
   </trkpt>
   <trkpt lat="36.1545980" lon="-115.5218380">
    <ele>1617.6</ele>
    <time>2015-03-12T15:38:02Z</time>
   </trkpt>
   <trkpt lat="36.1545430" lon="-115.5219970">
    <ele>1618.2</ele>
    <time>2015-03-12T15:38:08Z</time>
   </trkpt>
   <trkpt lat="36.1544180" lon="-115.5221670">
    <ele>1618.0</ele>
    <time>2015-03-12T15:38:16Z</time>
   </trkpt>
   <trkpt lat="36.1542590" lon="-115.5223000">
    <ele>1618.2</ele>
    <time>2015-03-12T15:38:25Z</time>
   </trkpt>
   <trkpt lat="36.1541080" lon="-115.5224390">
    <ele>1618.5</ele>
    <time>2015-03-12T15:38:33Z</time>
   </trkpt>
   <trkpt lat="36.1539650" lon="-115.5225550">
    <ele>1618.6</ele>
    <time>2015-03-12T15:38:41Z</time>
   </trkpt>
   <trkpt lat="36.1537850" lon="-115.5225200">
    <ele>1618.6</ele>
    <time>2015-03-12T15:38:48Z</time>
   </trkpt>
   <trkpt lat="36.1535970" lon="-115.5225760">
    <ele>1619.9</ele>
    <time>2015-03-12T15:38:57Z</time>
   </trkpt>
   <trkpt lat="36.1534180" lon="-115.5226560">
    <ele>1621.3</ele>
    <time>2015-03-12T15:39:07Z</time>
   </trkpt>
   <trkpt lat="36.1532370" lon="-115.5227480">
    <ele>1622.4</ele>
    <time>2015-03-12T15:39:16Z</time>
   </trkpt>
   <trkpt lat="36.1530580" lon="-115.5228320">
    <ele>1623.9</ele>
    <time>2015-03-12T15:39:25Z</time>
   </trkpt>
   <trkpt lat="36.1528780" lon="-115.5228910">
    <ele>1626.0</ele>
    <time>2015-03-12T15:39:34Z</time>
   </trkpt>
   <trkpt lat="36.1526960" lon="-115.5229230">
    <ele>1627.3</ele>
    <time>2015-03-12T15:39:43Z</time>
   </trkpt>
   <trkpt lat="36.1526160" lon="-115.5229470">
    <ele>1627.8</ele>
    <time>2015-03-12T15:39:48Z</time>
   </trkpt>
   <trkpt lat="36.1525100" lon="-115.5229840">
    <ele>1628.5</ele>
    <time>2015-03-12T15:39:55Z</time>
   </trkpt>
   <trkpt lat="36.1523470" lon="-115.5230840">
    <ele>1631.1</ele>
    <time>2015-03-12T15:40:05Z</time>
   </trkpt>
   <trkpt lat="36.1522880" lon="-115.5231120">
    <ele>1632.1</ele>
    <time>2015-03-12T15:40:09Z</time>
   </trkpt>
   <trkpt lat="36.1520880" lon="-115.5231200">
    <ele>1634.0</ele>
    <time>2015-03-12T15:40:20Z</time>
   </trkpt>
   <trkpt lat="36.1520670" lon="-115.5231230">
    <ele>1634.1</ele>
    <time>2015-03-12T15:40:21Z</time>
   </trkpt>
   <trkpt lat="36.1518850" lon="-115.5231470">
    <ele>1633.7</ele>
    <time>2015-03-12T15:40:31Z</time>
   </trkpt>
   <trkpt lat="36.1517000" lon="-115.5232310">
    <ele>1634.2</ele>
    <time>2015-03-12T15:40:42Z</time>
   </trkpt>
   <trkpt lat="36.1515650" lon="-115.5233310">
    <ele>1636.1</ele>
    <time>2015-03-12T15:40:50Z</time>
   </trkpt>
   <trkpt lat="36.1513660" lon="-115.5233400">
    <ele>1635.9</ele>
    <time>2015-03-12T15:41:00Z</time>
   </trkpt>
   <trkpt lat="36.1513470" lon="-115.5233480">
    <ele>1636.5</ele>
    <time>2015-03-12T15:41:01Z</time>
   </trkpt>
   <trkpt lat="36.1511780" lon="-115.5234230">
    <ele>1638.1</ele>
    <time>2015-03-12T15:41:09Z</time>
   </trkpt>
   <trkpt lat="36.1510040" lon="-115.5235310">
    <ele>1638.4</ele>
    <time>2015-03-12T15:41:20Z</time>
   </trkpt>
   <trkpt lat="36.1508290" lon="-115.5236250">
    <ele>1640.3</ele>
    <time>2015-03-12T15:41:30Z</time>
   </trkpt>
   <trkpt lat="36.1506670" lon="-115.5237280">
    <ele>1644.5</ele>
    <time>2015-03-12T15:41:41Z</time>
   </trkpt>
   <trkpt lat="36.1506510" lon="-115.5237350">
    <ele>1644.9</ele>
    <time>2015-03-12T15:41:42Z</time>
   </trkpt>
   <trkpt lat="36.1504680" lon="-115.5238110">
    <ele>1648.8</ele>
    <time>2015-03-12T15:41:53Z</time>
   </trkpt>
   <trkpt lat="36.1504220" lon="-115.5238410">
    <ele>1649.2</ele>
    <time>2015-03-12T15:41:56Z</time>
   </trkpt>
   <trkpt lat="36.1502340" lon="-115.5238900">
    <ele>1649.5</ele>
    <time>2015-03-12T15:42:07Z</time>
   </trkpt>
   <trkpt lat="36.1501120" lon="-115.5238880">
    <ele>1649.0</ele>
    <time>2015-03-12T15:42:14Z</time>
   </trkpt>
   <trkpt lat="36.1499470" lon="-115.5238950">
    <ele>1649.3</ele>
    <time>2015-03-12T15:42:24Z</time>
   </trkpt>
   <trkpt lat="36.1497590" lon="-115.5238650">
    <ele>1650.8</ele>
    <time>2015-03-12T15:42:35Z</time>
   </trkpt>
   <trkpt lat="36.1496430" lon="-115.5238930">
    <ele>1652.9</ele>
    <time>2015-03-12T15:42:43Z</time>
   </trkpt>
   <trkpt lat="36.1495680" lon="-115.5238670">
    <ele>1654.4</ele>
    <time>2015-03-12T15:42:48Z</time>
   </trkpt>
   <trkpt lat="36.1493970" lon="-115.5239020">
    <ele>1656.9</ele>
    <time>2015-03-12T15:42:58Z</time>
   </trkpt>
   <trkpt lat="36.1492410" lon="-115.5240330">
    <ele>1658.9</ele>
    <time>2015-03-12T15:43:13Z</time>
   </trkpt>
   <trkpt lat="36.1492070" lon="-115.5240410">
    <ele>1659.1</ele>
    <time>2015-03-12T15:43:16Z</time>
   </trkpt>
   <trkpt lat="36.1490790" lon="-115.5239610">
    <ele>1660.8</ele>
    <time>2015-03-12T15:43:27Z</time>
   </trkpt>
   <trkpt lat="36.1490000" lon="-115.5238870">
    <ele>1661.2</ele>
    <time>2015-03-12T15:43:34Z</time>
   </trkpt>
   <trkpt lat="36.1488980" lon="-115.5238470">
    <ele>1661.8</ele>
    <time>2015-03-12T15:43:40Z</time>
   </trkpt>
   <trkpt lat="36.1488160" lon="-115.5239490">
    <ele>1664.1</ele>
    <time>2015-03-12T15:43:47Z</time>
   </trkpt>
   <trkpt lat="36.1487780" lon="-115.5240370">
    <ele>1665.7</ele>
    <time>2015-03-12T15:43:52Z</time>
   </trkpt>
   <trkpt lat="36.1487240" lon="-115.5241010">
    <ele>1667.6</ele>
    <time>2015-03-12T15:43:59Z</time>
   </trkpt>
   <trkpt lat="36.1487090" lon="-115.5241560">
    <ele>1668.8</ele>
    <time>2015-03-12T15:44:03Z</time>
   </trkpt>
   <trkpt lat="36.1486480" lon="-115.5241720">
    <ele>1669.9</ele>
    <time>2015-03-12T15:44:10Z</time>
   </trkpt>
   <trkpt lat="36.1486190" lon="-115.5241640">
    <ele>1670.1</ele>
    <time>2015-03-12T15:44:12Z</time>
   </trkpt>
   <trkpt lat="36.1484470" lon="-115.5240970">
    <ele>1670.2</ele>
    <time>2015-03-12T15:44:27Z</time>
   </trkpt>
   <trkpt lat="36.1484270" lon="-115.5240960">
    <ele>1670.5</ele>
    <time>2015-03-12T15:44:28Z</time>
   </trkpt>
   <trkpt lat="36.1482450" lon="-115.5240800">
    <ele>1672.4</ele>
    <time>2015-03-12T15:44:41Z</time>
   </trkpt>
   <trkpt lat="36.1481810" lon="-115.5240800">
    <ele>1672.8</ele>
    <time>2015-03-12T15:44:45Z</time>
   </trkpt>
   <trkpt lat="36.1481000" lon="-115.5240980">
    <ele>1674.0</ele>
    <time>2015-03-12T15:44:50Z</time>
   </trkpt>
   <trkpt lat="36.1479210" lon="-115.5241450">
    <ele>1677.4</ele>
    <time>2015-03-12T15:45:03Z</time>
   </trkpt>
   <trkpt lat="36.1478810" lon="-115.5241590">
    <ele>1678.3</ele>
    <time>2015-03-12T15:45:06Z</time>
   </trkpt>
   <trkpt lat="36.1477530" lon="-115.5241840">
    <ele>1678.8</ele>
    <time>2015-03-12T15:45:16Z</time>
   </trkpt>
   <trkpt lat="36.1475720" lon="-115.5242040">
    <ele>1678.2</ele>
    <time>2015-03-12T15:45:28Z</time>
   </trkpt>
   <trkpt lat="36.1474450" lon="-115.5242090">
    <ele>1680.4</ele>
    <time>2015-03-12T15:45:36Z</time>
   </trkpt>
   <trkpt lat="36.1472650" lon="-115.5242480">
    <ele>1682.2</ele>
    <time>2015-03-12T15:45:49Z</time>
   </trkpt>
   <trkpt lat="36.1470820" lon="-115.5243090">
    <ele>1684.4</ele>
    <time>2015-03-12T15:46:01Z</time>
   </trkpt>
   <trkpt lat="36.1469820" lon="-115.5243670">
    <ele>1688.8</ele>
    <time>2015-03-12T15:46:08Z</time>
   </trkpt>
   <trkpt lat="36.1468740" lon="-115.5243960">
    <ele>1692.2</ele>
    <time>2015-03-12T15:46:16Z</time>
   </trkpt>
   <trkpt lat="36.1466940" lon="-115.5244030">
    <ele>1693.2</ele>
    <time>2015-03-12T15:46:25Z</time>
   </trkpt>
   <trkpt lat="36.1464990" lon="-115.5243790">
    <ele>1694.0</ele>
    <time>2015-03-12T15:46:35Z</time>
   </trkpt>
   <trkpt lat="36.1463210" lon="-115.5242950">
    <ele>1693.8</ele>
    <time>2015-03-12T15:46:45Z</time>
   </trkpt>
   <trkpt lat="36.1461340" lon="-115.5243050">
    <ele>1695.8</ele>
    <time>2015-03-12T15:46:55Z</time>
   </trkpt>
   <trkpt lat="36.1459690" lon="-115.5243960">
    <ele>1699.4</ele>
    <time>2015-03-12T15:47:05Z</time>
   </trkpt>
   <trkpt lat="36.1458920" lon="-115.5244440">
    <ele>1701.1</ele>
    <time>2015-03-12T15:47:10Z</time>
   </trkpt>
   <trkpt lat="36.1457320" lon="-115.5245000">
    <ele>1702.9</ele>
    <time>2015-03-12T15:47:20Z</time>
   </trkpt>
   <trkpt lat="36.1455790" lon="-115.5246480">
    <ele>1705.9</ele>
    <time>2015-03-12T15:47:31Z</time>
   </trkpt>
   <trkpt lat="36.1454840" lon="-115.5247190">
    <ele>1707.0</ele>
    <time>2015-03-12T15:47:38Z</time>
   </trkpt>
   <trkpt lat="36.1454270" lon="-115.5247600">
    <ele>1707.3</ele>
    <time>2015-03-12T15:47:42Z</time>
   </trkpt>
   <trkpt lat="36.1454100" lon="-115.5247800">
    <ele>1707.6</ele>
    <time>2015-03-12T15:47:44Z</time>
   </trkpt>
   <trkpt lat="36.1453540" lon="-115.5248400">
    <ele>1708.3</ele>
    <time>2015-03-12T15:47:49Z</time>
   </trkpt>
   <trkpt lat="36.1452050" lon="-115.5249730">
    <ele>1709.3</ele>
    <time>2015-03-12T15:48:00Z</time>
   </trkpt>
   <trkpt lat="36.1450620" lon="-115.5251330">
    <ele>1709.5</ele>
    <time>2015-03-12T15:48:10Z</time>
   </trkpt>
   <trkpt lat="36.1449670" lon="-115.5253190">
    <ele>1710.1</ele>
    <time>2015-03-12T15:48:19Z</time>
   </trkpt>
   <trkpt lat="36.1449950" lon="-115.5255530">
    <ele>1713.9</ele>
    <time>2015-03-12T15:48:30Z</time>
   </trkpt>
   <trkpt lat="36.1449980" lon="-115.5255700">
    <ele>1714.1</ele>
    <time>2015-03-12T15:48:31Z</time>
   </trkpt>
   <trkpt lat="36.1450030" lon="-115.5257060">
    <ele>1715.1</ele>
    <time>2015-03-12T15:48:38Z</time>
   </trkpt>
   <trkpt lat="36.1449960" lon="-115.5259280">
    <ele>1716.0</ele>
    <time>2015-03-12T15:48:50Z</time>
   </trkpt>
   <trkpt lat="36.1449870" lon="-115.5259660">
    <ele>1716.1</ele>
    <time>2015-03-12T15:48:52Z</time>
   </trkpt>
   <trkpt lat="36.1448950" lon="-115.5261640">
    <ele>1718.7</ele>
    <time>2015-03-12T15:49:04Z</time>
   </trkpt>
   <trkpt lat="36.1448830" lon="-115.5261980">
    <ele>1719.1</ele>
    <time>2015-03-12T15:49:06Z</time>
   </trkpt>
   <trkpt lat="36.1448370" lon="-115.5263050">
    <ele>1720.8</ele>
    <time>2015-03-12T15:49:12Z</time>
   </trkpt>
   <trkpt lat="36.1447680" lon="-115.5265120">
    <ele>1723.5</ele>
    <time>2015-03-12T15:49:23Z</time>
   </trkpt>
   <trkpt lat="36.1446820" lon="-115.5267090">
    <ele>1725.2</ele>
    <time>2015-03-12T15:49:34Z</time>
   </trkpt>
   <trkpt lat="36.1445580" lon="-115.5268740">
    <ele>1728.2</ele>
    <time>2015-03-12T15:49:46Z</time>
   </trkpt>
   <trkpt lat="36.1444060" lon="-115.5270080">
    <ele>1729.4</ele>
    <time>2015-03-12T15:49:59Z</time>
   </trkpt>
   <trkpt lat="36.1444020" lon="-115.5270220">
    <ele>1729.6</ele>
    <time>2015-03-12T15:50:00Z</time>
   </trkpt>
   <trkpt lat="36.1443230" lon="-115.5272300">
    <ele>1731.1</ele>
    <time>2015-03-12T15:50:12Z</time>
   </trkpt>
   <trkpt lat="36.1442940" lon="-115.5273190">
    <ele>1732.8</ele>
    <time>2015-03-12T15:50:17Z</time>
   </trkpt>
   <trkpt lat="36.1442200" lon="-115.5275380">
    <ele>1735.9</ele>
    <time>2015-03-12T15:50:30Z</time>
   </trkpt>
   <trkpt lat="36.1441410" lon="-115.5276870">
    <ele>1737.6</ele>
    <time>2015-03-12T15:50:39Z</time>
   </trkpt>
   <trkpt lat="36.1440860" lon="-115.5277280">
    <ele>1737.8</ele>
    <time>2015-03-12T15:50:45Z</time>
   </trkpt>
   <trkpt lat="36.1440770" lon="-115.5277340">
    <ele>1737.9</ele>
    <time>2015-03-12T15:50:46Z</time>
   </trkpt>
   <trkpt lat="36.1440520" lon="-115.5277700">
    <ele>1738.3</ele>
    <time>2015-03-12T15:50:50Z</time>
   </trkpt>
   <trkpt lat="36.1439610" lon="-115.5279080">
    <ele>1739.7</ele>
    <time>2015-03-12T15:51:01Z</time>
   </trkpt>
   <trkpt lat="36.1438430" lon="-115.5278910">
    <ele>1740.7</ele>
    <time>2015-03-12T15:51:08Z</time>
   </trkpt>
   <trkpt lat="36.1436670" lon="-115.5279620">
    <ele>1744.6</ele>
    <time>2015-03-12T15:51:20Z</time>
   </trkpt>
   <trkpt lat="36.1434700" lon="-115.5280130">
    <ele>1746.9</ele>
    <time>2015-03-12T15:51:29Z</time>
   </trkpt>
   <trkpt lat="36.1433610" lon="-115.5280150">
    <ele>1748.6</ele>
    <time>2015-03-12T15:51:35Z</time>
   </trkpt>
   <trkpt lat="36.1431710" lon="-115.5279880">
    <ele>1750.5</ele>
    <time>2015-03-12T15:51:46Z</time>
   </trkpt>
   <trkpt lat="36.1429910" lon="-115.5279370">
    <ele>1752.2</ele>
    <time>2015-03-12T15:51:57Z</time>
   </trkpt>
   <trkpt lat="36.1428160" lon="-115.5278460">
    <ele>1754.2</ele>
    <time>2015-03-12T15:52:08Z</time>
   </trkpt>
   <trkpt lat="36.1426620" lon="-115.5277880">
    <ele>1754.7</ele>
    <time>2015-03-12T15:52:17Z</time>
   </trkpt>
   <trkpt lat="36.1425820" lon="-115.5277930">
    <ele>1755.7</ele>
    <time>2015-03-12T15:52:22Z</time>
   </trkpt>
   <trkpt lat="36.1423950" lon="-115.5278030">
    <ele>1757.2</ele>
    <time>2015-03-12T15:52:34Z</time>
   </trkpt>
   <trkpt lat="36.1422130" lon="-115.5277430">
    <ele>1758.0</ele>
    <time>2015-03-12T15:52:47Z</time>
   </trkpt>
   <trkpt lat="36.1420320" lon="-115.5277370">
    <ele>1759.8</ele>
    <time>2015-03-12T15:52:59Z</time>
   </trkpt>
   <trkpt lat="36.1418770" lon="-115.5278500">
    <ele>1764.5</ele>
    <time>2015-03-12T15:53:12Z</time>
   </trkpt>
   <trkpt lat="36.1417020" lon="-115.5279210">
    <ele>1768.5</ele>
    <time>2015-03-12T15:53:23Z</time>
   </trkpt>
   <trkpt lat="36.1416110" lon="-115.5281010">
    <ele>1768.9</ele>
    <time>2015-03-12T15:53:33Z</time>
   </trkpt>
   <trkpt lat="36.1415510" lon="-115.5282970">
    <ele>1772.6</ele>
    <time>2015-03-12T15:53:44Z</time>
   </trkpt>
   <trkpt lat="36.1415110" lon="-115.5284470">
    <ele>1775.3</ele>
    <time>2015-03-12T15:53:59Z</time>
   </trkpt>
   <trkpt lat="36.1416570" lon="-115.5285560">
    <ele>1782.0</ele>
    <time>2015-03-12T15:54:29Z</time>
   </trkpt>
   <trkpt lat="36.1416570" lon="-115.5285770">
    <ele>1782.7</ele>
    <time>2015-03-12T15:54:32Z</time>
   </trkpt>
   <trkpt lat="36.1416180" lon="-115.5286340">
    <ele>1782.1</ele>
    <time>2015-03-12T15:54:37Z</time>
   </trkpt>
   <trkpt lat="36.1415950" lon="-115.5286720">
    <ele>1782.0</ele>
    <time>2015-03-12T15:54:40Z</time>
   </trkpt>
   <trkpt lat="36.1415220" lon="-115.5288740">
    <ele>1783.5</ele>
    <time>2015-03-12T15:54:54Z</time>
   </trkpt>
   <trkpt lat="36.1415150" lon="-115.5289200">
    <ele>1784.8</ele>
    <time>2015-03-12T15:54:57Z</time>
   </trkpt>
   <trkpt lat="36.1414720" lon="-115.5291460">
    <ele>1789.3</ele>
    <time>2015-03-12T15:55:11Z</time>
   </trkpt>
   <trkpt lat="36.1414330" lon="-115.5293740">
    <ele>1793.4</ele>
    <time>2015-03-12T15:55:25Z</time>
   </trkpt>
   <trkpt lat="36.1413730" lon="-115.5295810">
    <ele>1796.5</ele>
    <time>2015-03-12T15:55:39Z</time>
   </trkpt>
   <trkpt lat="36.1413090" lon="-115.5297320">
    <ele>1799.2</ele>
    <time>2015-03-12T15:55:50Z</time>
   </trkpt>
   <trkpt lat="36.1412600" lon="-115.5295700">
    <ele>1796.9</ele>
    <time>2015-03-12T15:56:06Z</time>
   </trkpt>
   <trkpt lat="36.1412520" lon="-115.5295110">
    <ele>1794.8</ele>
    <time>2015-03-12T15:56:10Z</time>
   </trkpt>
   <trkpt lat="36.1411480" lon="-115.5293960">
    <ele>1797.4</ele>
    <time>2015-03-12T15:56:20Z</time>
   </trkpt>
   <trkpt lat="36.1410340" lon="-115.5294200">
    <ele>1801.0</ele>
    <time>2015-03-12T15:56:29Z</time>
   </trkpt>
   <trkpt lat="36.1409300" lon="-115.5294850">
    <ele>1802.6</ele>
    <time>2015-03-12T15:56:38Z</time>
   </trkpt>
   <trkpt lat="36.1408260" lon="-115.5295750">
    <ele>1803.4</ele>
    <time>2015-03-12T15:56:47Z</time>
   </trkpt>
   <trkpt lat="36.1408430" lon="-115.5296530">
    <ele>1804.3</ele>
    <time>2015-03-12T15:56:52Z</time>
   </trkpt>
   <trkpt lat="36.1410130" lon="-115.5297290">
    <ele>1804.4</ele>
    <time>2015-03-12T15:57:07Z</time>
   </trkpt>
   <trkpt lat="36.1410950" lon="-115.5298000">
    <ele>1803.5</ele>
    <time>2015-03-12T15:57:16Z</time>
   </trkpt>
   <trkpt lat="36.1410950" lon="-115.5298420">
    <ele>1803.6</ele>
    <time>2015-03-12T15:57:19Z</time>
   </trkpt>
   <trkpt lat="36.1410560" lon="-115.5299000">
    <ele>1804.9</ele>
    <time>2015-03-12T15:57:24Z</time>
   </trkpt>
   <trkpt lat="36.1410450" lon="-115.5299070">
    <ele>1805.2</ele>
    <time>2015-03-12T15:57:25Z</time>
   </trkpt>
   <trkpt lat="36.1409820" lon="-115.5299570">
    <ele>1806.9</ele>
    <time>2015-03-12T15:57:31Z</time>
   </trkpt>
   <trkpt lat="36.1408230" lon="-115.5300880">
    <ele>1809.3</ele>
    <time>2015-03-12T15:57:44Z</time>
   </trkpt>
   <trkpt lat="36.1407320" lon="-115.5301670">
    <ele>1811.3</ele>
    <time>2015-03-12T15:57:53Z</time>
   </trkpt>
   <trkpt lat="36.1406500" lon="-115.5301770">
    <ele>1812.9</ele>
    <time>2015-03-12T15:58:05Z</time>
   </trkpt>
   <trkpt lat="36.1405760" lon="-115.5302580">
    <ele>1815.6</ele>
    <time>2015-03-12T15:58:15Z</time>
   </trkpt>
   <trkpt lat="36.1405560" lon="-115.5302950">
    <ele>1816.9</ele>
    <time>2015-03-12T15:58:19Z</time>
   </trkpt>
   <trkpt lat="36.1405320" lon="-115.5303690">
    <ele>1819.2</ele>
    <time>2015-03-12T15:58:26Z</time>
   </trkpt>
   <trkpt lat="36.1404710" lon="-115.5305780">
    <ele>1822.2</ele>
    <time>2015-03-12T15:58:42Z</time>
   </trkpt>
   <trkpt lat="36.1404550" lon="-115.5306730">
    <ele>1822.9</ele>
    <time>2015-03-12T15:58:49Z</time>
   </trkpt>
   <trkpt lat="36.1404610" lon="-115.5307420">
    <ele>1823.6</ele>
    <time>2015-03-12T15:58:54Z</time>
   </trkpt>
   <trkpt lat="36.1404360" lon="-115.5308350">
    <ele>1824.8</ele>
    <time>2015-03-12T15:59:01Z</time>
   </trkpt>
   <trkpt lat="36.1403940" lon="-115.5309580">
    <ele>1827.8</ele>
    <time>2015-03-12T15:59:10Z</time>
   </trkpt>
   <trkpt lat="36.1402950" lon="-115.5311660">
    <ele>1830.2</ele>
    <time>2015-03-12T15:59:21Z</time>
   </trkpt>
   <trkpt lat="36.1401710" lon="-115.5313410">
    <ele>1831.4</ele>
    <time>2015-03-12T15:59:32Z</time>
   </trkpt>
   <trkpt lat="36.1400540" lon="-115.5315350">
    <ele>1834.4</ele>
    <time>2015-03-12T15:59:43Z</time>
   </trkpt>
   <trkpt lat="36.1399590" lon="-115.5317290">
    <ele>1835.2</ele>
    <time>2015-03-12T15:59:54Z</time>
   </trkpt>
   <trkpt lat="36.1399020" lon="-115.5319470">
    <ele>1838.2</ele>
    <time>2015-03-12T16:00:06Z</time>
   </trkpt>
   <trkpt lat="36.1398650" lon="-115.5320360">
    <ele>1838.9</ele>
    <time>2015-03-12T16:00:13Z</time>
   </trkpt>
   <trkpt lat="36.1398350" lon="-115.5320590">
    <ele>1838.9</ele>
    <time>2015-03-12T16:00:16Z</time>
   </trkpt>
   <trkpt lat="36.1397880" lon="-115.5320440">
    <ele>1838.6</ele>
    <time>2015-03-12T16:00:21Z</time>
   </trkpt>
   <trkpt lat="36.1397240" lon="-115.5319540">
    <ele>1838.8</ele>
    <time>2015-03-12T16:00:29Z</time>
   </trkpt>
   <trkpt lat="36.1395900" lon="-115.5317900">
    <ele>1840.8</ele>
    <time>2015-03-12T16:00:43Z</time>
   </trkpt>
   <trkpt lat="36.1394620" lon="-115.5316040">
    <ele>1840.6</ele>
    <time>2015-03-12T16:00:53Z</time>
   </trkpt>
   <trkpt lat="36.1394380" lon="-115.5315910">
    <ele>1840.9</ele>
    <time>2015-03-12T16:00:54Z</time>
   </trkpt>
   <trkpt lat="36.1392440" lon="-115.5315570">
    <ele>1843.1</ele>
    <time>2015-03-12T16:01:04Z</time>
   </trkpt>
   <trkpt lat="36.1392270" lon="-115.5315420">
    <ele>1842.6</ele>
    <time>2015-03-12T16:01:05Z</time>
   </trkpt>
   <trkpt lat="36.1391930" lon="-115.5314870">
    <ele>1842.2</ele>
    <time>2015-03-12T16:01:08Z</time>
   </trkpt>
   <trkpt lat="36.1391200" lon="-115.5312690">
    <ele>1844.2</ele>
    <time>2015-03-12T16:01:19Z</time>
   </trkpt>
   <trkpt lat="36.1389540" lon="-115.5311690">
    <ele>1845.3</ele>
    <time>2015-03-12T16:01:28Z</time>
   </trkpt>
   <trkpt lat="36.1387720" lon="-115.5312370">
    <ele>1848.2</ele>
    <time>2015-03-12T16:01:39Z</time>
   </trkpt>
   <trkpt lat="36.1386060" lon="-115.5313560">
    <ele>1850.7</ele>
    <time>2015-03-12T16:01:49Z</time>
   </trkpt>
   <trkpt lat="36.1384310" lon="-115.5313240">
    <ele>1852.9</ele>
    <time>2015-03-12T16:02:01Z</time>
   </trkpt>
   <trkpt lat="36.1382560" lon="-115.5313640">
    <ele>1856.1</ele>
    <time>2015-03-12T16:02:13Z</time>
   </trkpt>
   <trkpt lat="36.1380760" lon="-115.5313930">
    <ele>1857.2</ele>
    <time>2015-03-12T16:02:25Z</time>
   </trkpt>
   <trkpt lat="36.1379020" lon="-115.5313120">
    <ele>1858.1</ele>
    <time>2015-03-12T16:02:36Z</time>
   </trkpt>
   <trkpt lat="36.1377460" lon="-115.5314460">
    <ele>1861.9</ele>
    <time>2015-03-12T16:02:46Z</time>
   </trkpt>
   <trkpt lat="36.1375990" lon="-115.5316090">
    <ele>1864.8</ele>
    <time>2015-03-12T16:02:57Z</time>
   </trkpt>
   <trkpt lat="36.1374590" lon="-115.5317590">
    <ele>1866.2</ele>
    <time>2015-03-12T16:03:07Z</time>
   </trkpt>
   <trkpt lat="36.1373110" lon="-115.5319090">
    <ele>1865.2</ele>
    <time>2015-03-12T16:03:18Z</time>
   </trkpt>
   <trkpt lat="36.1372590" lon="-115.5319460">
    <ele>1865.0</ele>
    <time>2015-03-12T16:03:22Z</time>
   </trkpt>
   <trkpt lat="36.1371380" lon="-115.5321270">
    <ele>1868.1</ele>
    <time>2015-03-12T16:03:33Z</time>
   </trkpt>
   <trkpt lat="36.1370430" lon="-115.5323390">
    <ele>1870.1</ele>
    <time>2015-03-12T16:03:44Z</time>
   </trkpt>
   <trkpt lat="36.1368670" lon="-115.5324070">
    <ele>1872.5</ele>
    <time>2015-03-12T16:03:56Z</time>
   </trkpt>
   <trkpt lat="36.1368010" lon="-115.5324460">
    <ele>1874.0</ele>
    <time>2015-03-12T16:04:01Z</time>
   </trkpt>
   <trkpt lat="36.1367320" lon="-115.5324910">
    <ele>1875.4</ele>
    <time>2015-03-12T16:04:06Z</time>
   </trkpt>
   <trkpt lat="36.1367160" lon="-115.5324910">
    <ele>1875.5</ele>
    <time>2015-03-12T16:04:07Z</time>
   </trkpt>
   <trkpt lat="36.1366390" lon="-115.5323230">
    <ele>1874.5</ele>
    <time>2015-03-12T16:04:18Z</time>
   </trkpt>
   <trkpt lat="36.1366410" lon="-115.5322600">
    <ele>1873.8</ele>
    <time>2015-03-12T16:04:21Z</time>
   </trkpt>
   <trkpt lat="36.1366490" lon="-115.5322420">
    <ele>1873.4</ele>
    <time>2015-03-12T16:04:22Z</time>
   </trkpt>
   <trkpt lat="36.1366420" lon="-115.5320550">
    <ele>1873.1</ele>
    <time>2015-03-12T16:04:31Z</time>
   </trkpt>
   <trkpt lat="36.1366340" lon="-115.5320090">
    <ele>1873.4</ele>
    <time>2015-03-12T16:04:33Z</time>
   </trkpt>
   <trkpt lat="36.1366040" lon="-115.5318670">
    <ele>1873.7</ele>
    <time>2015-03-12T16:04:40Z</time>
   </trkpt>
   <trkpt lat="36.1364710" lon="-115.5316810">
    <ele>1878.9</ele>
    <time>2015-03-12T16:04:51Z</time>
   </trkpt>
   <trkpt lat="36.1363030" lon="-115.5316170">
    <ele>1882.3</ele>
    <time>2015-03-12T16:04:59Z</time>
   </trkpt>
   <trkpt lat="36.1362650" lon="-115.5316250">
    <ele>1882.9</ele>
    <time>2015-03-12T16:05:01Z</time>
   </trkpt>
   <trkpt lat="36.1361050" lon="-115.5317520">
    <ele>1885.8</ele>
    <time>2015-03-12T16:05:11Z</time>
   </trkpt>
   <trkpt lat="36.1359560" lon="-115.5318790">
    <ele>1887.5</ele>
    <time>2015-03-12T16:05:21Z</time>
   </trkpt>
   <trkpt lat="36.1358320" lon="-115.5319850">
    <ele>1889.0</ele>
    <time>2015-03-12T16:05:30Z</time>
   </trkpt>
   <trkpt lat="36.1356840" lon="-115.5321160">
    <ele>1894.1</ele>
    <time>2015-03-12T16:05:41Z</time>
   </trkpt>
   <trkpt lat="36.1355600" lon="-115.5323040">
    <ele>1896.1</ele>
    <time>2015-03-12T16:05:51Z</time>
   </trkpt>
   <trkpt lat="36.1354900" lon="-115.5325260">
    <ele>1895.4</ele>
    <time>2015-03-12T16:06:01Z</time>
   </trkpt>
   <trkpt lat="36.1353740" lon="-115.5327100">
    <ele>1897.9</ele>
    <time>2015-03-12T16:06:13Z</time>
   </trkpt>
   <trkpt lat="36.1352660" lon="-115.5326790">
    <ele>1897.7</ele>
    <time>2015-03-12T16:06:20Z</time>
   </trkpt>
   <trkpt lat="36.1350980" lon="-115.5326170">
    <ele>1898.5</ele>
    <time>2015-03-12T16:06:31Z</time>
   </trkpt>
   <trkpt lat="36.1350680" lon="-115.5326430">
    <ele>1899.3</ele>
    <time>2015-03-12T16:06:33Z</time>
   </trkpt>
   <trkpt lat="36.1348970" lon="-115.5327230">
    <ele>1903.0</ele>
    <time>2015-03-12T16:06:45Z</time>
   </trkpt>
   <trkpt lat="36.1348870" lon="-115.5327170">
    <ele>1903.2</ele>
    <time>2015-03-12T16:06:46Z</time>
   </trkpt>
   <trkpt lat="36.1348210" lon="-115.5326880">
    <ele>1904.2</ele>
    <time>2015-03-12T16:06:51Z</time>
   </trkpt>
   <trkpt lat="36.1346500" lon="-115.5325720">
    <ele>1905.9</ele>
    <time>2015-03-12T16:07:03Z</time>
   </trkpt>
   <trkpt lat="36.1346360" lon="-115.5325350">
    <ele>1906.0</ele>
    <time>2015-03-12T16:07:05Z</time>
   </trkpt>
   <trkpt lat="36.1346640" lon="-115.5323850">
    <ele>1904.6</ele>
    <time>2015-03-12T16:07:13Z</time>
   </trkpt>
   <trkpt lat="36.1346490" lon="-115.5321580">
    <ele>1906.9</ele>
    <time>2015-03-12T16:07:25Z</time>
   </trkpt>
   <trkpt lat="36.1345590" lon="-115.5320710">
    <ele>1909.0</ele>
    <time>2015-03-12T16:07:31Z</time>
   </trkpt>
   <trkpt lat="36.1343740" lon="-115.5319970">
    <ele>1911.9</ele>
    <time>2015-03-12T16:07:42Z</time>
   </trkpt>
   <trkpt lat="36.1341940" lon="-115.5320560">
    <ele>1914.8</ele>
    <time>2015-03-12T16:07:53Z</time>
   </trkpt>
   <trkpt lat="36.1341000" lon="-115.5321020">
    <ele>1917.1</ele>
    <time>2015-03-12T16:07:59Z</time>
   </trkpt>
   <trkpt lat="36.1340100" lon="-115.5321050">
    <ele>1918.0</ele>
    <time>2015-03-12T16:08:08Z</time>
   </trkpt>
   <trkpt lat="36.1339210" lon="-115.5321300">
    <ele>1919.7</ele>
    <time>2015-03-12T16:08:16Z</time>
   </trkpt>
   <trkpt lat="36.1338790" lon="-115.5321450">
    <ele>1920.2</ele>
    <time>2015-03-12T16:08:20Z</time>
   </trkpt>
   <trkpt lat="36.1337840" lon="-115.5321980">
    <ele>1921.7</ele>
    <time>2015-03-12T16:08:29Z</time>
   </trkpt>
   <trkpt lat="36.1336850" lon="-115.5320560">
    <ele>1923.1</ele>
    <time>2015-03-12T16:08:45Z</time>
   </trkpt>
   <trkpt lat="36.1337260" lon="-115.5318250">
    <ele>1926.0</ele>
    <time>2015-03-12T16:08:59Z</time>
   </trkpt>
   <trkpt lat="36.1337230" lon="-115.5318070">
    <ele>1926.4</ele>
    <time>2015-03-12T16:09:00Z</time>
   </trkpt>
   <trkpt lat="36.1336810" lon="-115.5317110">
    <ele>1927.6</ele>
    <time>2015-03-12T16:09:07Z</time>
   </trkpt>
   <trkpt lat="36.1335220" lon="-115.5316020">
    <ele>1929.0</ele>
    <time>2015-03-12T16:09:20Z</time>
   </trkpt>
   <trkpt lat="36.1333490" lon="-115.5315150">
    <ele>1929.2</ele>
    <time>2015-03-12T16:09:33Z</time>
   </trkpt>
   <trkpt lat="36.1331870" lon="-115.5316100">
    <ele>1932.1</ele>
    <time>2015-03-12T16:09:47Z</time>
   </trkpt>
   <trkpt lat="36.1330470" lon="-115.5317590">
    <ele>1933.4</ele>
    <time>2015-03-12T16:09:58Z</time>
   </trkpt>
   <trkpt lat="36.1329240" lon="-115.5319210">
    <ele>1935.4</ele>
    <time>2015-03-12T16:10:07Z</time>
   </trkpt>
   <trkpt lat="36.1328840" lon="-115.5319320">
    <ele>1935.3</ele>
    <time>2015-03-12T16:10:10Z</time>
   </trkpt>
   <trkpt lat="36.1328560" lon="-115.5319910">
    <ele>1936.8</ele>
    <time>2015-03-12T16:10:15Z</time>
   </trkpt>
   <trkpt lat="36.1328570" lon="-115.5321090">
    <ele>1939.1</ele>
    <time>2015-03-12T16:10:22Z</time>
   </trkpt>
   <trkpt lat="36.1328010" lon="-115.5322280">
    <ele>1941.3</ele>
    <time>2015-03-12T16:10:37Z</time>
   </trkpt>
   <trkpt lat="36.1327710" lon="-115.5322570">
    <ele>1942.1</ele>
    <time>2015-03-12T16:10:43Z</time>
   </trkpt>
   <trkpt lat="36.1327240" lon="-115.5324660">
    <ele>1947.5</ele>
    <time>2015-03-12T16:11:10Z</time>
   </trkpt>
   <trkpt lat="36.1325660" lon="-115.5324760">
    <ele>1948.8</ele>
    <time>2015-03-12T16:11:28Z</time>
   </trkpt>
   <trkpt lat="36.1324390" lon="-115.5325000">
    <ele>1949.3</ele>
    <time>2015-03-12T16:11:39Z</time>
   </trkpt>
   <trkpt lat="36.1323710" lon="-115.5326280">
    <ele>1952.4</ele>
    <time>2015-03-12T16:11:58Z</time>
   </trkpt>
   <trkpt lat="36.1323860" lon="-115.5328470">
    <ele>1960.2</ele>
    <time>2015-03-12T16:12:24Z</time>
   </trkpt>
   <trkpt lat="36.1323910" lon="-115.5329040">
    <ele>1962.4</ele>
    <time>2015-03-12T16:12:33Z</time>
   </trkpt>
   <trkpt lat="36.1322070" lon="-115.5329550">
    <ele>1963.4</ele>
    <time>2015-03-12T16:12:49Z</time>
   </trkpt>
   <trkpt lat="36.1320360" lon="-115.5330340">
    <ele>1962.2</ele>
    <time>2015-03-12T16:13:00Z</time>
   </trkpt>
   <trkpt lat="36.1318560" lon="-115.5330050">
    <ele>1960.6</ele>
    <time>2015-03-12T16:13:10Z</time>
   </trkpt>
   <trkpt lat="36.1316750" lon="-115.5330380">
    <ele>1965.0</ele>
    <time>2015-03-12T16:13:20Z</time>
   </trkpt>
   <trkpt lat="36.1314890" lon="-115.5330920">
    <ele>1967.9</ele>
    <time>2015-03-12T16:13:30Z</time>
   </trkpt>
   <trkpt lat="36.1313090" lon="-115.5331610">
    <ele>1967.6</ele>
    <time>2015-03-12T16:13:40Z</time>
   </trkpt>
   <trkpt lat="36.1311340" lon="-115.5332680">
    <ele>1969.5</ele>
    <time>2015-03-12T16:13:50Z</time>
   </trkpt>
   <trkpt lat="36.1311260" lon="-115.5332730">
    <ele>1969.6</ele>
    <time>2015-03-12T16:13:52Z</time>
   </trkpt>
   <trkpt lat="36.1310750" lon="-115.5332270">
    <ele>1969.1</ele>
    <time>2015-03-12T16:15:28Z</time>
   </trkpt>
   <trkpt lat="36.1310510" lon="-115.5332420">
    <ele>1969.4</ele>
    <time>2015-03-12T16:15:31Z</time>
   </trkpt>
   <trkpt lat="36.1309590" lon="-115.5331260">
    <ele>1970.9</ele>
    <time>2015-03-12T16:15:44Z</time>
   </trkpt>
   <trkpt lat="36.1308730" lon="-115.5329000">
    <ele>1973.3</ele>
    <time>2015-03-12T16:15:56Z</time>
   </trkpt>
   <trkpt lat="36.1307930" lon="-115.5326900">
    <ele>1977.4</ele>
    <time>2015-03-12T16:16:06Z</time>
   </trkpt>
   <trkpt lat="36.1307790" lon="-115.5325940">
    <ele>1979.6</ele>
    <time>2015-03-12T16:16:11Z</time>
   </trkpt>
   <trkpt lat="36.1307460" lon="-115.5323930">
    <ele>1984.9</ele>
    <time>2015-03-12T16:16:22Z</time>
   </trkpt>
   <trkpt lat="36.1307380" lon="-115.5323200">
    <ele>1987.2</ele>
    <time>2015-03-12T16:16:26Z</time>
   </trkpt>
   <trkpt lat="36.1306820" lon="-115.5321210">
    <ele>1990.5</ele>
    <time>2015-03-12T16:16:36Z</time>
   </trkpt>
   <trkpt lat="36.1307070" lon="-115.5318890">
    <ele>1993.2</ele>
    <time>2015-03-12T16:16:47Z</time>
   </trkpt>
   <trkpt lat="36.1307230" lon="-115.5318630">
    <ele>1993.3</ele>
    <time>2015-03-12T16:16:49Z</time>
   </trkpt>
   <trkpt lat="36.1307800" lon="-115.5317730">
    <ele>1993.7</ele>
    <time>2015-03-12T16:16:55Z</time>
   </trkpt>
   <trkpt lat="36.1309010" lon="-115.5316040">
    <ele>1994.4</ele>
    <time>2015-03-12T16:17:07Z</time>
   </trkpt>
   <trkpt lat="36.1310060" lon="-115.5314040">
    <ele>1993.8</ele>
    <time>2015-03-12T16:17:19Z</time>
   </trkpt>
   <trkpt lat="36.1310490" lon="-115.5311720">
    <ele>1993.9</ele>
    <time>2015-03-12T16:17:31Z</time>
   </trkpt>
   <trkpt lat="36.1310450" lon="-115.5311500">
    <ele>1993.8</ele>
    <time>2015-03-12T16:17:32Z</time>
   </trkpt>
   <trkpt lat="36.1309760" lon="-115.5309660">
    <ele>1994.4</ele>
    <time>2015-03-12T16:17:40Z</time>
   </trkpt>
   <trkpt lat="36.1308980" lon="-115.5307480">
    <ele>2001.3</ele>
    <time>2015-03-12T16:17:52Z</time>
   </trkpt>
   <trkpt lat="36.1308240" lon="-115.5305290">
    <ele>2003.5</ele>
    <time>2015-03-12T16:18:05Z</time>
   </trkpt>
   <trkpt lat="36.1306910" lon="-115.5303540">
    <ele>2005.1</ele>
    <time>2015-03-12T16:18:16Z</time>
   </trkpt>
   <trkpt lat="36.1306710" lon="-115.5303430">
    <ele>2005.1</ele>
    <time>2015-03-12T16:18:17Z</time>
   </trkpt>
   <trkpt lat="36.1306090" lon="-115.5302790">
    <ele>2005.4</ele>
    <time>2015-03-12T16:18:22Z</time>
   </trkpt>
   <trkpt lat="36.1305470" lon="-115.5300620">
    <ele>2006.7</ele>
    <time>2015-03-12T16:18:33Z</time>
   </trkpt>
   <trkpt lat="36.1305350" lon="-115.5298300">
    <ele>2007.4</ele>
    <time>2015-03-12T16:18:45Z</time>
   </trkpt>
   <trkpt lat="36.1305270" lon="-115.5297470">
    <ele>2007.3</ele>
    <time>2015-03-12T16:18:49Z</time>
   </trkpt>
   <trkpt lat="36.1306010" lon="-115.5296230">
    <ele>2009.2</ele>
    <time>2015-03-12T16:18:56Z</time>
   </trkpt>
   <trkpt lat="36.1306060" lon="-115.5295540">
    <ele>2009.5</ele>
    <time>2015-03-12T16:19:01Z</time>
   </trkpt>
   <trkpt lat="36.1306130" lon="-115.5294880">
    <ele>2010.4</ele>
    <time>2015-03-12T16:19:06Z</time>
   </trkpt>
   <trkpt lat="36.1305230" lon="-115.5293730">
    <ele>2010.9</ele>
    <time>2015-03-12T16:19:14Z</time>
   </trkpt>
   <trkpt lat="36.1304310" lon="-115.5293140">
    <ele>2010.8</ele>
    <time>2015-03-12T16:19:18Z</time>
   </trkpt>
   <trkpt lat="36.1303070" lon="-115.5292150">
    <ele>2010.9</ele>
    <time>2015-03-12T16:19:25Z</time>
   </trkpt>
   <trkpt lat="36.1302480" lon="-115.5291560">
    <ele>2010.6</ele>
    <time>2015-03-12T16:19:29Z</time>
   </trkpt>
   <trkpt lat="36.1300590" lon="-115.5291140">
    <ele>2010.1</ele>
    <time>2015-03-12T16:19:38Z</time>
   </trkpt>
   <trkpt lat="36.1298990" lon="-115.5289940">
    <ele>2011.0</ele>
    <time>2015-03-12T16:19:48Z</time>
   </trkpt>
   <trkpt lat="36.1298570" lon="-115.5288830">
    <ele>2012.1</ele>
    <time>2015-03-12T16:19:53Z</time>
   </trkpt>
   <trkpt lat="36.1298400" lon="-115.5287560">
    <ele>2012.9</ele>
    <time>2015-03-12T16:20:00Z</time>
   </trkpt>
   <trkpt lat="36.1298300" lon="-115.5287230">
    <ele>2012.6</ele>
    <time>2015-03-12T16:20:03Z</time>
   </trkpt>
   <trkpt lat="36.1298020" lon="-115.5286540">
    <ele>2011.6</ele>
    <time>2015-03-12T16:20:08Z</time>
   </trkpt>
   <trkpt lat="36.1298060" lon="-115.5286340">
    <ele>2011.7</ele>
    <time>2015-03-12T16:20:09Z</time>
   </trkpt>
   <trkpt lat="36.1298180" lon="-115.5285100">
    <ele>2011.1</ele>
    <time>2015-03-12T16:20:14Z</time>
   </trkpt>
   <trkpt lat="36.1298750" lon="-115.5284100">
    <ele>2011.7</ele>
    <time>2015-03-12T16:20:19Z</time>
   </trkpt>
   <trkpt lat="36.1300110" lon="-115.5282410">
    <ele>2013.1</ele>
    <time>2015-03-12T16:20:28Z</time>
   </trkpt>
   <trkpt lat="36.1300490" lon="-115.5281940">
    <ele>2013.0</ele>
    <time>2015-03-12T16:20:31Z</time>
   </trkpt>
   <trkpt lat="36.1301180" lon="-115.5281720">
    <ele>2015.2</ele>
    <time>2015-03-12T16:20:37Z</time>
   </trkpt>
   <trkpt lat="36.1302050" lon="-115.5280800">
    <ele>2015.9</ele>
    <time>2015-03-12T16:20:43Z</time>
   </trkpt>
   <trkpt lat="36.1302190" lon="-115.5280690">
    <ele>2016.1</ele>
    <time>2015-03-12T16:20:44Z</time>
   </trkpt>
   <trkpt lat="36.1302980" lon="-115.5280280">
    <ele>2017.6</ele>
    <time>2015-03-12T16:20:49Z</time>
   </trkpt>
   <trkpt lat="36.1303510" lon="-115.5279960">
    <ele>2018.1</ele>
    <time>2015-03-12T16:20:52Z</time>
   </trkpt>
   <trkpt lat="36.1303940" lon="-115.5279440">
    <ele>2017.7</ele>
    <time>2015-03-12T16:20:55Z</time>
   </trkpt>
   <trkpt lat="36.1304420" lon="-115.5278950">
    <ele>2018.0</ele>
    <time>2015-03-12T16:20:59Z</time>
   </trkpt>
   <trkpt lat="36.1304850" lon="-115.5278440">
    <ele>2018.2</ele>
    <time>2015-03-12T16:21:04Z</time>
   </trkpt>
   <trkpt lat="36.1305480" lon="-115.5278400">
    <ele>2019.5</ele>
    <time>2015-03-12T16:21:09Z</time>
   </trkpt>
   <trkpt lat="36.1305810" lon="-115.5278130">
    <ele>2019.9</ele>
    <time>2015-03-12T16:21:12Z</time>
   </trkpt>
   <trkpt lat="36.1306810" lon="-115.5277900">
    <ele>2021.7</ele>
    <time>2015-03-12T16:21:21Z</time>
   </trkpt>
   <trkpt lat="36.1307130" lon="-115.5277900">
    <ele>2022.4</ele>
    <time>2015-03-12T16:21:24Z</time>
   </trkpt>
   <trkpt lat="36.1307710" lon="-115.5277960">
    <ele>2023.8</ele>
    <time>2015-03-12T16:21:29Z</time>
   </trkpt>
   <trkpt lat="36.1309150" lon="-115.5278190">
    <ele>2025.0</ele>
    <time>2015-03-12T16:21:42Z</time>
   </trkpt>
   <trkpt lat="36.1310070" lon="-115.5278430">
    <ele>2025.1</ele>
    <time>2015-03-12T16:21:52Z</time>
   </trkpt>
   <trkpt lat="36.1310380" lon="-115.5277580">
    <ele>2028.1</ele>
    <time>2015-03-12T16:21:58Z</time>
   </trkpt>
   <trkpt lat="36.1311850" lon="-115.5276330">
    <ele>2032.2</ele>
    <time>2015-03-12T16:22:14Z</time>
   </trkpt>
   <trkpt lat="36.1312260" lon="-115.5276130">
    <ele>2032.7</ele>
    <time>2015-03-12T16:22:17Z</time>
   </trkpt>
   <trkpt lat="36.1312770" lon="-115.5275680">
    <ele>2033.3</ele>
    <time>2015-03-12T16:22:22Z</time>
   </trkpt>
   <trkpt lat="36.1313310" lon="-115.5274820">
    <ele>2034.5</ele>
    <time>2015-03-12T16:22:29Z</time>
   </trkpt>
   <trkpt lat="36.1313770" lon="-115.5274640">
    <ele>2034.7</ele>
    <time>2015-03-12T16:22:33Z</time>
   </trkpt>
   <trkpt lat="36.1314290" lon="-115.5273960">
    <ele>2036.1</ele>
    <time>2015-03-12T16:22:40Z</time>
   </trkpt>
   <trkpt lat="36.1314630" lon="-115.5272270">
    <ele>2039.9</ele>
    <time>2015-03-12T16:22:57Z</time>
   </trkpt>
   <trkpt lat="36.1315060" lon="-115.5272100">
    <ele>2040.7</ele>
    <time>2015-03-12T16:23:03Z</time>
   </trkpt>
   <trkpt lat="36.1316650" lon="-115.5271250">
    <ele>2044.1</ele>
    <time>2015-03-12T16:23:23Z</time>
   </trkpt>
   <trkpt lat="36.1317770" lon="-115.5269470">
    <ele>2050.5</ele>
    <time>2015-03-12T16:23:46Z</time>
   </trkpt>
   <trkpt lat="36.1318620" lon="-115.5268780">
    <ele>2052.2</ele>
    <time>2015-03-12T16:23:56Z</time>
   </trkpt>
   <trkpt lat="36.1319640" lon="-115.5268330">
    <ele>2051.5</ele>
    <time>2015-03-12T16:24:05Z</time>
   </trkpt>
   <trkpt lat="36.1319920" lon="-115.5267260">
    <ele>2054.3</ele>
    <time>2015-03-12T16:24:18Z</time>
   </trkpt>
   <trkpt lat="36.1321070" lon="-115.5265980">
    <ele>2058.4</ele>
    <time>2015-03-12T16:24:32Z</time>
   </trkpt>
   <trkpt lat="36.1322550" lon="-115.5264960">
    <ele>2060.2</ele>
    <time>2015-03-12T16:24:47Z</time>
   </trkpt>
   <trkpt lat="36.1323510" lon="-115.5264150">
    <ele>2061.9</ele>
    <time>2015-03-12T16:25:00Z</time>
   </trkpt>
   <trkpt lat="36.1324470" lon="-115.5263240">
    <ele>2066.1</ele>
    <time>2015-03-12T16:25:12Z</time>
   </trkpt>
   <trkpt lat="36.1325490" lon="-115.5262450">
    <ele>2070.6</ele>
    <time>2015-03-12T16:25:25Z</time>
   </trkpt>
   <trkpt lat="36.1327240" lon="-115.5262090">
    <ele>2072.6</ele>
    <time>2015-03-12T16:25:43Z</time>
   </trkpt>
   <trkpt lat="36.1327350" lon="-115.5262070">
    <ele>2072.7</ele>
    <time>2015-03-12T16:25:44Z</time>
   </trkpt>
   <trkpt lat="36.1327820" lon="-115.5261860">
    <ele>2073.3</ele>
    <time>2015-03-12T16:25:49Z</time>
   </trkpt>
   <trkpt lat="36.1328030" lon="-115.5261410">
    <ele>2074.7</ele>
    <time>2015-03-12T16:25:53Z</time>
   </trkpt>
   <trkpt lat="36.1328810" lon="-115.5259810">
    <ele>2079.3</ele>
    <time>2015-03-12T16:26:06Z</time>
   </trkpt>
   <trkpt lat="36.1329270" lon="-115.5259570">
    <ele>2080.1</ele>
    <time>2015-03-12T16:26:10Z</time>
   </trkpt>
   <trkpt lat="36.1329480" lon="-115.5259370">
    <ele>2080.7</ele>
    <time>2015-03-12T16:26:12Z</time>
   </trkpt>
   <trkpt lat="36.1330030" lon="-115.5257340">
    <ele>2082.8</ele>
    <time>2015-03-12T16:26:20Z</time>
   </trkpt>
   <trkpt lat="36.1329770" lon="-115.5256710">
    <ele>2082.8</ele>
    <time>2015-03-12T16:26:23Z</time>
   </trkpt>
   <trkpt lat="36.1329980" lon="-115.5255760">
    <ele>2082.4</ele>
    <time>2015-03-12T16:26:27Z</time>
   </trkpt>
   <trkpt lat="36.1329960" lon="-115.5255030">
    <ele>2082.8</ele>
    <time>2015-03-12T16:26:31Z</time>
   </trkpt>
   <trkpt lat="36.1330000" lon="-115.5253850">
    <ele>2085.9</ele>
    <time>2015-03-12T16:26:37Z</time>
   </trkpt>
   <trkpt lat="36.1330260" lon="-115.5253160">
    <ele>2088.3</ele>
    <time>2015-03-12T16:26:41Z</time>
   </trkpt>
   <trkpt lat="36.1330890" lon="-115.5251170">
    <ele>2092.5</ele>
    <time>2015-03-12T16:26:54Z</time>
   </trkpt>
   <trkpt lat="36.1330900" lon="-115.5250500">
    <ele>2093.1</ele>
    <time>2015-03-12T16:26:59Z</time>
   </trkpt>
   <trkpt lat="36.1330980" lon="-115.5250280">
    <ele>2093.3</ele>
    <time>2015-03-12T16:27:01Z</time>
   </trkpt>
   <trkpt lat="36.1331100" lon="-115.5250070">
    <ele>2093.2</ele>
    <time>2015-03-12T16:27:03Z</time>
   </trkpt>
   <trkpt lat="36.1331210" lon="-115.5248160">
    <ele>2093.3</ele>
    <time>2015-03-12T16:27:19Z</time>
   </trkpt>
   <trkpt lat="36.1331280" lon="-115.5247990">
    <ele>2093.3</ele>
    <time>2015-03-12T16:27:20Z</time>
   </trkpt>
   <trkpt lat="36.1331880" lon="-115.5247520">
    <ele>2093.1</ele>
    <time>2015-03-12T16:27:26Z</time>
   </trkpt>
   <trkpt lat="36.1332630" lon="-115.5245730">
    <ele>2091.9</ele>
    <time>2015-03-12T16:27:37Z</time>
   </trkpt>
   <trkpt lat="36.1332810" lon="-115.5245230">
    <ele>2092.1</ele>
    <time>2015-03-12T16:27:40Z</time>
   </trkpt>
   <trkpt lat="36.1333670" lon="-115.5243730">
    <ele>2092.7</ele>
    <time>2015-03-12T16:27:51Z</time>
   </trkpt>
   <trkpt lat="36.1333810" lon="-115.5242500">
    <ele>2097.9</ele>
    <time>2015-03-12T16:27:58Z</time>
   </trkpt>
   <trkpt lat="36.1334080" lon="-115.5241600">
    <ele>2100.3</ele>
    <time>2015-03-12T16:28:04Z</time>
   </trkpt>
   <trkpt lat="36.1334140" lon="-115.5241430">
    <ele>2100.6</ele>
    <time>2015-03-12T16:28:05Z</time>
   </trkpt>
   <trkpt lat="36.1334090" lon="-115.5240360">
    <ele>2102.1</ele>
    <time>2015-03-12T16:28:11Z</time>
   </trkpt>
   <trkpt lat="36.1333760" lon="-115.5239540">
    <ele>2102.9</ele>
    <time>2015-03-12T16:28:15Z</time>
   </trkpt>
   <trkpt lat="36.1333820" lon="-115.5238510">
    <ele>2103.2</ele>
    <time>2015-03-12T16:28:20Z</time>
   </trkpt>
   <trkpt lat="36.1333850" lon="-115.5238120">
    <ele>2103.5</ele>
    <time>2015-03-12T16:28:23Z</time>
   </trkpt>
   <trkpt lat="36.1333920" lon="-115.5237890">
    <ele>2103.7</ele>
    <time>2015-03-12T16:28:25Z</time>
   </trkpt>
   <trkpt lat="36.1334240" lon="-115.5236760">
    <ele>2106.8</ele>
    <time>2015-03-12T16:28:35Z</time>
   </trkpt>
   <trkpt lat="36.1334320" lon="-115.5236260">
    <ele>2108.5</ele>
    <time>2015-03-12T16:28:40Z</time>
   </trkpt>
   <trkpt lat="36.1335260" lon="-115.5234470">
    <ele>2111.7</ele>
    <time>2015-03-12T16:29:05Z</time>
   </trkpt>
   <trkpt lat="36.1335800" lon="-115.5233180">
    <ele>2114.2</ele>
    <time>2015-03-12T16:29:19Z</time>
   </trkpt>
   <trkpt lat="36.1336010" lon="-115.5232790">
    <ele>2114.8</ele>
    <time>2015-03-12T16:29:23Z</time>
   </trkpt>
   <trkpt lat="36.1337190" lon="-115.5231000">
    <ele>2119.8</ele>
    <time>2015-03-12T16:29:41Z</time>
   </trkpt>
   <trkpt lat="36.1338170" lon="-115.5229900">
    <ele>2120.4</ele>
    <time>2015-03-12T16:29:55Z</time>
   </trkpt>
   <trkpt lat="36.1338580" lon="-115.5229520">
    <ele>2120.5</ele>
    <time>2015-03-12T16:30:00Z</time>
   </trkpt>
   <trkpt lat="36.1339930" lon="-115.5228130">
    <ele>2125.4</ele>
    <time>2015-03-12T16:30:18Z</time>
   </trkpt>
   <trkpt lat="36.1340010" lon="-115.5228020">
    <ele>2125.9</ele>
    <time>2015-03-12T16:30:19Z</time>
   </trkpt>
   <trkpt lat="36.1340140" lon="-115.5227400">
    <ele>2129.4</ele>
    <time>2015-03-12T16:30:23Z</time>
   </trkpt>
   <trkpt lat="36.1340300" lon="-115.5227000">
    <ele>2130.7</ele>
    <time>2015-03-12T16:30:26Z</time>
   </trkpt>
   <trkpt lat="36.1341130" lon="-115.5225910">
    <ele>2133.1</ele>
    <time>2015-03-12T16:30:38Z</time>
   </trkpt>
   <trkpt lat="36.1341360" lon="-115.5225770">
    <ele>2132.9</ele>
    <time>2015-03-12T16:30:41Z</time>
   </trkpt>
   <trkpt lat="36.1341540" lon="-115.5223740">
    <ele>2133.2</ele>
    <time>2015-03-12T16:30:55Z</time>
   </trkpt>
   <trkpt lat="36.1341710" lon="-115.5222330">
    <ele>2136.3</ele>
    <time>2015-03-12T16:31:04Z</time>
   </trkpt>
   <trkpt lat="36.1342010" lon="-115.5221150">
    <ele>2140.6</ele>
    <time>2015-03-12T16:31:12Z</time>
   </trkpt>
   <trkpt lat="36.1341390" lon="-115.5220010">
    <ele>2141.3</ele>
    <time>2015-03-12T16:31:22Z</time>
   </trkpt>
   <trkpt lat="36.1341220" lon="-115.5219420">
    <ele>2141.9</ele>
    <time>2015-03-12T16:31:28Z</time>
   </trkpt>
   <trkpt lat="36.1340640" lon="-115.5217360">
    <ele>2144.6</ele>
    <time>2015-03-12T16:31:46Z</time>
   </trkpt>
   <trkpt lat="36.1340410" lon="-115.5216520">
    <ele>2146.4</ele>
    <time>2015-03-12T16:31:52Z</time>
   </trkpt>
   <trkpt lat="36.1341270" lon="-115.5216260">
    <ele>2150.4</ele>
    <time>2015-03-12T16:32:08Z</time>
   </trkpt>
   <trkpt lat="36.1342350" lon="-115.5216510">
    <ele>2152.5</ele>
    <time>2015-03-12T16:32:19Z</time>
   </trkpt>
   <trkpt lat="36.1341760" lon="-115.5215110">
    <ele>2154.9</ele>
    <time>2015-03-12T16:32:30Z</time>
   </trkpt>
   <trkpt lat="36.1341660" lon="-115.5214870">
    <ele>2155.2</ele>
    <time>2015-03-12T16:32:32Z</time>
   </trkpt>
   <trkpt lat="36.1341780" lon="-115.5213640">
    <ele>2158.6</ele>
    <time>2015-03-12T16:32:42Z</time>
   </trkpt>
   <trkpt lat="36.1341830" lon="-115.5213520">
    <ele>2159.1</ele>
    <time>2015-03-12T16:32:43Z</time>
   </trkpt>
   <trkpt lat="36.1341910" lon="-115.5212430">
    <ele>2162.1</ele>
    <time>2015-03-12T16:32:51Z</time>
   </trkpt>
   <trkpt lat="36.1341670" lon="-115.5211590">
    <ele>2163.7</ele>
    <time>2015-03-12T16:32:57Z</time>
   </trkpt>
   <trkpt lat="36.1341360" lon="-115.5210890">
    <ele>2164.3</ele>
    <time>2015-03-12T16:33:02Z</time>
   </trkpt>
   <trkpt lat="36.1341110" lon="-115.5210190">
    <ele>2164.7</ele>
    <time>2015-03-12T16:33:08Z</time>
   </trkpt>
   <trkpt lat="36.1341060" lon="-115.5210100">
    <ele>2164.6</ele>
    <time>2015-03-12T16:33:09Z</time>
   </trkpt>
   <trkpt lat="36.1340770" lon="-115.5209290">
    <ele>2164.8</ele>
    <time>2015-03-12T16:33:15Z</time>
   </trkpt>
   <trkpt lat="36.1339280" lon="-115.5208010">
    <ele>2162.6</ele>
    <time>2015-03-12T16:33:30Z</time>
   </trkpt>
   <trkpt lat="36.1338780" lon="-115.5207530">
    <ele>2164.1</ele>
    <time>2015-03-12T16:33:35Z</time>
   </trkpt>
   <trkpt lat="36.1338180" lon="-115.5207280">
    <ele>2164.6</ele>
    <time>2015-03-12T16:33:40Z</time>
   </trkpt>
   <trkpt lat="36.1336710" lon="-115.5207040">
    <ele>2166.0</ele>
    <time>2015-03-12T16:33:52Z</time>
   </trkpt>
   <trkpt lat="36.1337260" lon="-115.5206570">
    <ele>2167.8</ele>
    <time>2015-03-12T16:33:58Z</time>
   </trkpt>
   <trkpt lat="36.1339040" lon="-115.5205950">
    <ele>2172.4</ele>
    <time>2015-03-12T16:34:13Z</time>
   </trkpt>
   <trkpt lat="36.1340500" lon="-115.5205430">
    <ele>2176.8</ele>
    <time>2015-03-12T16:34:26Z</time>
   </trkpt>
   <trkpt lat="36.1340140" lon="-115.5204910">
    <ele>2178.9</ele>
    <time>2015-03-12T16:34:32Z</time>
   </trkpt>
   <trkpt lat="36.1338260" lon="-115.5204750">
    <ele>2177.7</ele>
    <time>2015-03-12T16:34:42Z</time>
   </trkpt>
   <trkpt lat="36.1336640" lon="-115.5203990">
    <ele>2182.0</ele>
    <time>2015-03-12T16:34:55Z</time>
   </trkpt>
   <trkpt lat="36.1335610" lon="-115.5203710">
    <ele>2185.0</ele>
    <time>2015-03-12T16:35:04Z</time>
   </trkpt>
   <trkpt lat="36.1334600" lon="-115.5204360">
    <ele>2185.3</ele>
    <time>2015-03-12T16:35:12Z</time>
   </trkpt>
   <trkpt lat="36.1334460" lon="-115.5204440">
    <ele>2185.2</ele>
    <time>2015-03-12T16:35:13Z</time>
   </trkpt>
   <trkpt lat="36.1333530" lon="-115.5204700">
    <ele>2185.6</ele>
    <time>2015-03-12T16:35:20Z</time>
   </trkpt>
   <trkpt lat="36.1333110" lon="-115.5204850">
    <ele>2185.4</ele>
    <time>2015-03-12T16:35:23Z</time>
   </trkpt>
   <trkpt lat="36.1331340" lon="-115.5204240">
    <ele>2187.4</ele>
    <time>2015-03-12T16:35:37Z</time>
   </trkpt>
   <trkpt lat="36.1330770" lon="-115.5204310">
    <ele>2187.0</ele>
    <time>2015-03-12T16:35:40Z</time>
   </trkpt>
   <trkpt lat="36.1329140" lon="-115.5203560">
    <ele>2188.1</ele>
    <time>2015-03-12T16:35:53Z</time>
   </trkpt>
   <trkpt lat="36.1328950" lon="-115.5203130">
    <ele>2188.2</ele>
    <time>2015-03-12T16:36:06Z</time>
   </trkpt>
   <trkpt lat="36.1328420" lon="-115.5203420">
    <ele>2186.4</ele>
    <time>2015-03-12T16:36:10Z</time>
   </trkpt>
   <trkpt lat="36.1328000" lon="-115.5203530">
    <ele>2185.4</ele>
    <time>2015-03-12T16:36:13Z</time>
   </trkpt>
   <trkpt lat="36.1327630" lon="-115.5203480">
    <ele>2184.8</ele>
    <time>2015-03-12T16:36:15Z</time>
   </trkpt>
   <trkpt lat="36.1326100" lon="-115.5204930">
    <ele>2183.9</ele>
    <time>2015-03-12T16:36:22Z</time>
   </trkpt>
   <trkpt lat="36.1325730" lon="-115.5205300">
    <ele>2183.4</ele>
    <time>2015-03-12T16:36:24Z</time>
   </trkpt>
   <trkpt lat="36.1324660" lon="-115.5205400">
    <ele>2181.5</ele>
    <time>2015-03-12T16:36:29Z</time>
   </trkpt>
   <trkpt lat="36.1323300" lon="-115.5206950">
    <ele>2176.8</ele>
    <time>2015-03-12T16:36:37Z</time>
   </trkpt>
   <trkpt lat="36.1321600" lon="-115.5208000">
    <ele>2172.3</ele>
    <time>2015-03-12T16:36:44Z</time>
   </trkpt>
   <trkpt lat="36.1320050" lon="-115.5209380">
    <ele>2168.8</ele>
    <time>2015-03-12T16:36:52Z</time>
   </trkpt>
   <trkpt lat="36.1318420" lon="-115.5210390">
    <ele>2168.5</ele>
    <time>2015-03-12T16:37:00Z</time>
   </trkpt>
   <trkpt lat="36.1316730" lon="-115.5211300">
    <ele>2172.0</ele>
    <time>2015-03-12T16:37:08Z</time>
   </trkpt>
   <trkpt lat="36.1315520" lon="-115.5211810">
    <ele>2173.5</ele>
    <time>2015-03-12T16:37:18Z</time>
   </trkpt>
   <trkpt lat="36.1314680" lon="-115.5212330">
    <ele>2174.5</ele>
    <time>2015-03-12T16:37:31Z</time>
   </trkpt>
   <trkpt lat="36.1313590" lon="-115.5212880">
    <ele>2175.3</ele>
    <time>2015-03-12T16:37:47Z</time>
   </trkpt>
   <trkpt lat="36.1311780" lon="-115.5212320">
    <ele>2175.0</ele>
    <time>2015-03-12T16:37:55Z</time>
   </trkpt>
   <trkpt lat="36.1311660" lon="-115.5212210">
    <ele>2174.7</ele>
    <time>2015-03-12T16:37:56Z</time>
   </trkpt>
   <trkpt lat="36.1310100" lon="-115.5211280">
    <ele>2173.8</ele>
    <time>2015-03-12T16:38:04Z</time>
   </trkpt>
   <trkpt lat="36.1308770" lon="-115.5210630">
    <ele>2172.2</ele>
    <time>2015-03-12T16:38:10Z</time>
   </trkpt>
   <trkpt lat="36.1307180" lon="-115.5209640">
    <ele>2165.3</ele>
    <time>2015-03-12T16:38:18Z</time>
   </trkpt>
   <trkpt lat="36.1306990" lon="-115.5209590">
    <ele>2164.8</ele>
    <time>2015-03-12T16:38:19Z</time>
   </trkpt>
   <trkpt lat="36.1306860" lon="-115.5209440">
    <ele>2164.1</ele>
    <time>2015-03-12T16:38:20Z</time>
   </trkpt>
   <trkpt lat="36.1306570" lon="-115.5209100">
    <ele>2162.8</ele>
    <time>2015-03-12T16:38:22Z</time>
   </trkpt>
   <trkpt lat="36.1305600" lon="-115.5209100">
    <ele>2161.7</ele>
    <time>2015-03-12T16:38:27Z</time>
   </trkpt>
   <trkpt lat="36.1304680" lon="-115.5209310">
    <ele>2159.8</ele>
    <time>2015-03-12T16:38:31Z</time>
   </trkpt>
   <trkpt lat="36.1303280" lon="-115.5208860">
    <ele>2159.8</ele>
    <time>2015-03-12T16:38:38Z</time>
   </trkpt>
   <trkpt lat="36.1301490" lon="-115.5208810">
    <ele>2162.5</ele>
    <time>2015-03-12T16:38:47Z</time>
   </trkpt>
   <trkpt lat="36.1299910" lon="-115.5208150">
    <ele>2163.0</ele>
    <time>2015-03-12T16:38:55Z</time>
   </trkpt>
   <trkpt lat="36.1299160" lon="-115.5207990">
    <ele>2164.2</ele>
    <time>2015-03-12T16:39:00Z</time>
   </trkpt>
   <trkpt lat="36.1299000" lon="-115.5207980">
    <ele>2164.4</ele>
    <time>2015-03-12T16:39:01Z</time>
   </trkpt>
   <trkpt lat="36.1298710" lon="-115.5207880">
    <ele>2164.7</ele>
    <time>2015-03-12T16:39:03Z</time>
   </trkpt>
   <trkpt lat="36.1297100" lon="-115.5206830">
    <ele>2164.9</ele>
    <time>2015-03-12T16:39:12Z</time>
   </trkpt>
   <trkpt lat="36.1296030" lon="-115.5206310">
    <ele>2165.8</ele>
    <time>2015-03-12T16:39:19Z</time>
   </trkpt>
   <trkpt lat="36.1295680" lon="-115.5206000">
    <ele>2166.7</ele>
    <time>2015-03-12T16:39:23Z</time>
   </trkpt>
   <trkpt lat="36.1295760" lon="-115.5205460">
    <ele>2165.7</ele>
    <time>2015-03-12T16:39:27Z</time>
   </trkpt>
   <trkpt lat="36.1295650" lon="-115.5205140">
    <ele>2165.8</ele>
    <time>2015-03-12T16:39:30Z</time>
   </trkpt>
   <trkpt lat="36.1295420" lon="-115.5204610">
    <ele>2166.1</ele>
    <time>2015-03-12T16:39:37Z</time>
   </trkpt>
   <trkpt lat="36.1294100" lon="-115.5203370">
    <ele>2172.4</ele>
    <time>2015-03-12T16:39:50Z</time>
   </trkpt>
   <trkpt lat="36.1294090" lon="-115.5201230">
    <ele>2171.2</ele>
    <time>2015-03-12T16:40:04Z</time>
   </trkpt>
   <trkpt lat="36.1294280" lon="-115.5199070">
    <ele>2166.5</ele>
    <time>2015-03-12T16:40:23Z</time>
   </trkpt>
   <trkpt lat="36.1294090" lon="-115.5199050">
    <ele>2167.8</ele>
    <time>2015-03-12T16:40:24Z</time>
   </trkpt>
   <trkpt lat="36.1293340" lon="-115.5198250">
    <ele>2168.6</ele>
    <time>2015-03-12T16:40:35Z</time>
   </trkpt>
   <trkpt lat="36.1292290" lon="-115.5197190">
    <ele>2165.8</ele>
    <time>2015-03-12T16:40:44Z</time>
   </trkpt>
   <trkpt lat="36.1290750" lon="-115.5195670">
    <ele>2164.6</ele>
    <time>2015-03-12T16:40:55Z</time>
   </trkpt>
   <trkpt lat="36.1289950" lon="-115.5193950">
    <ele>2162.5</ele>
    <time>2015-03-12T16:41:06Z</time>
   </trkpt>
   <trkpt lat="36.1289990" lon="-115.5193190">
    <ele>2159.7</ele>
    <time>2015-03-12T16:41:11Z</time>
   </trkpt>
   <trkpt lat="36.1289640" lon="-115.5192110">
    <ele>2157.4</ele>
    <time>2015-03-12T16:41:17Z</time>
   </trkpt>
   <trkpt lat="36.1289880" lon="-115.5189810">
    <ele>2151.1</ele>
    <time>2015-03-12T16:41:27Z</time>
   </trkpt>
   <trkpt lat="36.1289900" lon="-115.5189660">
    <ele>2150.8</ele>
    <time>2015-03-12T16:41:28Z</time>
   </trkpt>
   <trkpt lat="36.1289980" lon="-115.5189600">
    <ele>2150.4</ele>
    <time>2015-03-12T16:41:29Z</time>
   </trkpt>
   <trkpt lat="36.1290840" lon="-115.5187580">
    <ele>2144.7</ele>
    <time>2015-03-12T16:41:38Z</time>
   </trkpt>
   <trkpt lat="36.1290900" lon="-115.5187290">
    <ele>2144.5</ele>
    <time>2015-03-12T16:41:39Z</time>
   </trkpt>
   <trkpt lat="36.1291820" lon="-115.5185320">
    <ele>2141.7</ele>
    <time>2015-03-12T16:41:48Z</time>
   </trkpt>
   <trkpt lat="36.1292200" lon="-115.5183720">
    <ele>2139.5</ele>
    <time>2015-03-12T16:41:56Z</time>
   </trkpt>
   <trkpt lat="36.1293280" lon="-115.5181760">
    <ele>2133.4</ele>
    <time>2015-03-12T16:42:04Z</time>
   </trkpt>
   <trkpt lat="36.1293270" lon="-115.5181460">
    <ele>2133.6</ele>
    <time>2015-03-12T16:42:05Z</time>
   </trkpt>
   <trkpt lat="36.1293970" lon="-115.5179270">
    <ele>2130.9</ele>
    <time>2015-03-12T16:42:16Z</time>
   </trkpt>
   <trkpt lat="36.1293520" lon="-115.5178110">
    <ele>2131.1</ele>
    <time>2015-03-12T16:42:30Z</time>
   </trkpt>
   <trkpt lat="36.1292890" lon="-115.5177520">
    <ele>2131.0</ele>
    <time>2015-03-12T16:42:38Z</time>
   </trkpt>
   <trkpt lat="36.1291610" lon="-115.5177120">
    <ele>2128.1</ele>
    <time>2015-03-12T16:42:45Z</time>
   </trkpt>
   <trkpt lat="36.1291120" lon="-115.5175690">
    <ele>2121.3</ele>
    <time>2015-03-12T16:42:54Z</time>
   </trkpt>
   <trkpt lat="36.1290990" lon="-115.5175590">
    <ele>2120.5</ele>
    <time>2015-03-12T16:42:55Z</time>
   </trkpt>
   <trkpt lat="36.1290750" lon="-115.5173370">
    <ele>2111.6</ele>
    <time>2015-03-12T16:43:07Z</time>
   </trkpt>
   <trkpt lat="36.1290810" lon="-115.5173170">
    <ele>2110.9</ele>
    <time>2015-03-12T16:43:08Z</time>
   </trkpt>
   <trkpt lat="36.1290810" lon="-115.5172980">
    <ele>2110.1</ele>
    <time>2015-03-12T16:43:09Z</time>
   </trkpt>
   <trkpt lat="36.1291140" lon="-115.5171610">
    <ele>2105.1</ele>
    <time>2015-03-12T16:43:17Z</time>
   </trkpt>
   <trkpt lat="36.1291120" lon="-115.5171450">
    <ele>2104.5</ele>
    <time>2015-03-12T16:43:18Z</time>
   </trkpt>
   <trkpt lat="36.1291100" lon="-115.5169300">
    <ele>2090.6</ele>
    <time>2015-03-12T16:43:33Z</time>
   </trkpt>
   <trkpt lat="36.1290910" lon="-115.5168270">
    <ele>2084.1</ele>
    <time>2015-03-12T16:43:42Z</time>
   </trkpt>
   <trkpt lat="36.1290770" lon="-115.5168020">
    <ele>2082.7</ele>
    <time>2015-03-12T16:43:45Z</time>
   </trkpt>
   <trkpt lat="36.1290520" lon="-115.5167670">
    <ele>2081.3</ele>
    <time>2015-03-12T16:43:49Z</time>
   </trkpt>
   <trkpt lat="36.1290060" lon="-115.5166410">
    <ele>2080.4</ele>
    <time>2015-03-12T16:44:01Z</time>
   </trkpt>
   <trkpt lat="36.1290080" lon="-115.5165640">
    <ele>2081.2</ele>
    <time>2015-03-12T16:44:09Z</time>
   </trkpt>
   <trkpt lat="36.1290160" lon="-115.5164740">
    <ele>2081.5</ele>
    <time>2015-03-12T16:44:17Z</time>
   </trkpt>
   <trkpt lat="36.1289960" lon="-115.5164300">
    <ele>2083.1</ele>
    <time>2015-03-12T16:44:25Z</time>
   </trkpt>
   <trkpt lat="36.1289960" lon="-115.5163720">
    <ele>2083.6</ele>
    <time>2015-03-12T16:44:30Z</time>
   </trkpt>
   <trkpt lat="36.1290350" lon="-115.5161840">
    <ele>2085.3</ele>
    <time>2015-03-12T16:44:53Z</time>
   </trkpt>
   <trkpt lat="36.1290690" lon="-115.5160220">
    <ele>2085.2</ele>
    <time>2015-03-12T16:45:11Z</time>
   </trkpt>
   <trkpt lat="36.1290540" lon="-115.5158680">
    <ele>2084.8</ele>
    <time>2015-03-12T16:45:22Z</time>
   </trkpt>
   <trkpt lat="36.1290040" lon="-115.5157970">
    <ele>2086.2</ele>
    <time>2015-03-12T16:45:29Z</time>
   </trkpt>
   <trkpt lat="36.1289960" lon="-115.5157890">
    <ele>2086.5</ele>
    <time>2015-03-12T16:45:30Z</time>
   </trkpt>
   <trkpt lat="36.1289600" lon="-115.5157460">
    <ele>2088.1</ele>
    <time>2015-03-12T16:45:35Z</time>
   </trkpt>
   <trkpt lat="36.1289530" lon="-115.5157240">
    <ele>2088.2</ele>
    <time>2015-03-12T16:45:37Z</time>
   </trkpt>
   <trkpt lat="36.1289750" lon="-115.5155490">
    <ele>2088.3</ele>
    <time>2015-03-12T16:45:49Z</time>
   </trkpt>
   <trkpt lat="36.1289900" lon="-115.5155010">
    <ele>2088.9</ele>
    <time>2015-03-12T16:45:52Z</time>
   </trkpt>
   <trkpt lat="36.1290010" lon="-115.5154330">
    <ele>2090.7</ele>
    <time>2015-03-12T16:46:00Z</time>
   </trkpt>
   <trkpt lat="36.1290160" lon="-115.5153760">
    <ele>2091.8</ele>
    <time>2015-03-12T16:46:05Z</time>
   </trkpt>
   <trkpt lat="36.1290760" lon="-115.5151580">
    <ele>2092.9</ele>
    <time>2015-03-12T16:46:14Z</time>
   </trkpt>
   <trkpt lat="36.1290830" lon="-115.5151390">
    <ele>2092.9</ele>
    <time>2015-03-12T16:46:15Z</time>
   </trkpt>
   <trkpt lat="36.1291140" lon="-115.5151040">
    <ele>2092.4</ele>
    <time>2015-03-12T16:46:22Z</time>
   </trkpt>
   <trkpt lat="36.1291160" lon="-115.5151090">
    <ele>2092.4</ele>
    <time>2015-03-12T16:46:29Z</time>
   </trkpt>
   <trkpt lat="36.1291480" lon="-115.5150310">
    <ele>2091.5</ele>
    <time>2015-03-12T16:46:33Z</time>
   </trkpt>
   <trkpt lat="36.1291160" lon="-115.5149140">
    <ele>2089.9</ele>
    <time>2015-03-12T16:46:41Z</time>
   </trkpt>
   <trkpt lat="36.1289820" lon="-115.5147960">
    <ele>2082.7</ele>
    <time>2015-03-12T16:46:57Z</time>
   </trkpt>
   <trkpt lat="36.1289170" lon="-115.5147740">
    <ele>2081.5</ele>
    <time>2015-03-12T16:47:01Z</time>
   </trkpt>
   <trkpt lat="36.1289190" lon="-115.5146810">
    <ele>2078.4</ele>
    <time>2015-03-12T16:47:05Z</time>
   </trkpt>
   <trkpt lat="36.1289040" lon="-115.5145250">
    <ele>2074.0</ele>
    <time>2015-03-12T16:47:13Z</time>
   </trkpt>
   <trkpt lat="36.1289250" lon="-115.5143520">
    <ele>2069.5</ele>
    <time>2015-03-12T16:47:24Z</time>
   </trkpt>
   <trkpt lat="36.1289840" lon="-115.5141850">
    <ele>2062.9</ele>
    <time>2015-03-12T16:47:38Z</time>
   </trkpt>
   <trkpt lat="36.1289550" lon="-115.5141480">
    <ele>2062.2</ele>
    <time>2015-03-12T16:47:40Z</time>
   </trkpt>
   <trkpt lat="36.1288770" lon="-115.5139470">
    <ele>2058.0</ele>
    <time>2015-03-12T16:47:51Z</time>
   </trkpt>
   <trkpt lat="36.1288740" lon="-115.5138910">
    <ele>2056.2</ele>
    <time>2015-03-12T16:47:54Z</time>
   </trkpt>
   <trkpt lat="36.1290210" lon="-115.5137750">
    <ele>2051.9</ele>
    <time>2015-03-12T16:48:04Z</time>
   </trkpt>
   <trkpt lat="36.1291390" lon="-115.5136280">
    <ele>2052.8</ele>
    <time>2015-03-12T16:48:14Z</time>
   </trkpt>
   <trkpt lat="36.1291600" lon="-115.5136140">
    <ele>2053.1</ele>
    <time>2015-03-12T16:48:15Z</time>
   </trkpt>
   <trkpt lat="36.1293270" lon="-115.5134890">
    <ele>2049.4</ele>
    <time>2015-03-12T16:48:23Z</time>
   </trkpt>
   <trkpt lat="36.1293970" lon="-115.5133790">
    <ele>2042.5</ele>
    <time>2015-03-12T16:48:30Z</time>
   </trkpt>
   <trkpt lat="36.1294310" lon="-115.5133150">
    <ele>2042.5</ele>
    <time>2015-03-12T16:48:34Z</time>
   </trkpt>
   <trkpt lat="36.1294740" lon="-115.5132410">
    <ele>2040.5</ele>
    <time>2015-03-12T16:48:40Z</time>
   </trkpt>
   <trkpt lat="36.1295500" lon="-115.5131030">
    <ele>2034.8</ele>
    <time>2015-03-12T16:48:48Z</time>
   </trkpt>
   <trkpt lat="36.1295290" lon="-115.5129870">
    <ele>2036.2</ele>
    <time>2015-03-12T16:48:52Z</time>
   </trkpt>
   <trkpt lat="36.1295210" lon="-115.5127750">
    <ele>2037.5</ele>
    <time>2015-03-12T16:49:00Z</time>
   </trkpt>
   <trkpt lat="36.1295230" lon="-115.5125480">
    <ele>2036.5</ele>
    <time>2015-03-12T16:49:10Z</time>
   </trkpt>
   <trkpt lat="36.1295550" lon="-115.5124450">
    <ele>2035.1</ele>
    <time>2015-03-12T16:49:15Z</time>
   </trkpt>
   <trkpt lat="36.1296440" lon="-115.5122520">
    <ele>2031.7</ele>
    <time>2015-03-12T16:49:24Z</time>
   </trkpt>
   <trkpt lat="36.1296420" lon="-115.5122320">
    <ele>2031.5</ele>
    <time>2015-03-12T16:49:25Z</time>
   </trkpt>
   <trkpt lat="36.1297060" lon="-115.5120380">
    <ele>2028.1</ele>
    <time>2015-03-12T16:49:34Z</time>
   </trkpt>
   <trkpt lat="36.1297000" lon="-115.5117980">
    <ele>2029.8</ele>
    <time>2015-03-12T16:49:42Z</time>
   </trkpt>
   <trkpt lat="36.1297190" lon="-115.5115780">
    <ele>2031.7</ele>
    <time>2015-03-12T16:49:51Z</time>
   </trkpt>
   <trkpt lat="36.1297290" lon="-115.5115320">
    <ele>2031.7</ele>
    <time>2015-03-12T16:49:53Z</time>
   </trkpt>
   <trkpt lat="36.1297730" lon="-115.5114310">
    <ele>2029.5</ele>
    <time>2015-03-12T16:49:58Z</time>
   </trkpt>
   <trkpt lat="36.1297740" lon="-115.5113500">
    <ele>2026.5</ele>
    <time>2015-03-12T16:50:03Z</time>
   </trkpt>
   <trkpt lat="36.1298600" lon="-115.5112540">
    <ele>2020.6</ele>
    <time>2015-03-12T16:50:20Z</time>
   </trkpt>
   <trkpt lat="36.1298320" lon="-115.5112140">
    <ele>2021.1</ele>
    <time>2015-03-12T16:50:35Z</time>
   </trkpt>
   <trkpt lat="36.1298300" lon="-115.5110880">
    <ele>2019.8</ele>
    <time>2015-03-12T16:50:39Z</time>
   </trkpt>
   <trkpt lat="36.1298260" lon="-115.5110020">
    <ele>2017.7</ele>
    <time>2015-03-12T16:50:43Z</time>
   </trkpt>
   <trkpt lat="36.1298290" lon="-115.5109670">
    <ele>2016.5</ele>
    <time>2015-03-12T16:50:45Z</time>
   </trkpt>
   <trkpt lat="36.1298370" lon="-115.5108750">
    <ele>2012.7</ele>
    <time>2015-03-12T16:50:50Z</time>
   </trkpt>
   <trkpt lat="36.1298430" lon="-115.5108510">
    <ele>2012.0</ele>
    <time>2015-03-12T16:50:52Z</time>
   </trkpt>
   <trkpt lat="36.1298660" lon="-115.5107060">
    <ele>2009.9</ele>
    <time>2015-03-12T16:51:03Z</time>
   </trkpt>
   <trkpt lat="36.1298740" lon="-115.5106540">
    <ele>2009.6</ele>
    <time>2015-03-12T16:51:05Z</time>
   </trkpt>
   <trkpt lat="36.1298930" lon="-115.5105490">
    <ele>2008.7</ele>
    <time>2015-03-12T16:51:09Z</time>
   </trkpt>
   <trkpt lat="36.1299370" lon="-115.5105200">
    <ele>2008.3</ele>
    <time>2015-03-12T16:51:12Z</time>
   </trkpt>
   <trkpt lat="36.1299670" lon="-115.5104880">
    <ele>2007.9</ele>
    <time>2015-03-12T16:51:16Z</time>
   </trkpt>
   <trkpt lat="36.1300150" lon="-115.5104460">
    <ele>2007.2</ele>
    <time>2015-03-12T16:51:19Z</time>
   </trkpt>
   <trkpt lat="36.1301360" lon="-115.5102580">
    <ele>2005.6</ele>
    <time>2015-03-12T16:51:27Z</time>
   </trkpt>
   <trkpt lat="36.1302390" lon="-115.5101090">
    <ele>2005.7</ele>
    <time>2015-03-12T16:51:35Z</time>
   </trkpt>
   <trkpt lat="36.1302510" lon="-115.5100930">
    <ele>2005.8</ele>
    <time>2015-03-12T16:51:36Z</time>
   </trkpt>
   <trkpt lat="36.1303310" lon="-115.5099440">
    <ele>2009.1</ele>
    <time>2015-03-12T16:51:43Z</time>
   </trkpt>
   <trkpt lat="36.1303910" lon="-115.5098910">
    <ele>2006.2</ele>
    <time>2015-03-12T16:51:48Z</time>
   </trkpt>
   <trkpt lat="36.1303920" lon="-115.5098090">
    <ele>2006.4</ele>
    <time>2015-03-12T16:51:53Z</time>
   </trkpt>
   <trkpt lat="36.1303920" lon="-115.5097610">
    <ele>2006.3</ele>
    <time>2015-03-12T16:51:57Z</time>
   </trkpt>
   <trkpt lat="36.1304340" lon="-115.5098360">
    <ele>2003.7</ele>
    <time>2015-03-12T16:52:07Z</time>
   </trkpt>
   <trkpt lat="36.1305070" lon="-115.5099120">
    <ele>1999.8</ele>
    <time>2015-03-12T16:52:12Z</time>
   </trkpt>
   <trkpt lat="36.1306770" lon="-115.5098780">
    <ele>1996.0</ele>
    <time>2015-03-12T16:52:23Z</time>
   </trkpt>
   <trkpt lat="36.1307160" lon="-115.5098460">
    <ele>1995.2</ele>
    <time>2015-03-12T16:52:26Z</time>
   </trkpt>
   <trkpt lat="36.1307130" lon="-115.5097930">
    <ele>1995.4</ele>
    <time>2015-03-12T16:52:31Z</time>
   </trkpt>
   <trkpt lat="36.1307140" lon="-115.5097830">
    <ele>1995.4</ele>
    <time>2015-03-12T16:52:32Z</time>
   </trkpt>
   <trkpt lat="36.1307200" lon="-115.5096290">
    <ele>1995.5</ele>
    <time>2015-03-12T16:52:43Z</time>
   </trkpt>
   <trkpt lat="36.1307170" lon="-115.5096120">
    <ele>1995.5</ele>
    <time>2015-03-12T16:52:44Z</time>
   </trkpt>
   <trkpt lat="36.1307080" lon="-115.5095190">
    <ele>1994.9</ele>
    <time>2015-03-12T16:52:51Z</time>
   </trkpt>
   <trkpt lat="36.1306690" lon="-115.5094210">
    <ele>1993.8</ele>
    <time>2015-03-12T16:52:58Z</time>
   </trkpt>
   <trkpt lat="36.1307990" lon="-115.5092790">
    <ele>1988.3</ele>
    <time>2015-03-12T16:53:17Z</time>
   </trkpt>
   <trkpt lat="36.1308050" lon="-115.5092610">
    <ele>1988.0</ele>
    <time>2015-03-12T16:53:18Z</time>
   </trkpt>
   <trkpt lat="36.1307910" lon="-115.5091550">
    <ele>1982.2</ele>
    <time>2015-03-12T16:53:23Z</time>
   </trkpt>
   <trkpt lat="36.1307800" lon="-115.5090970">
    <ele>1979.2</ele>
    <time>2015-03-12T16:53:27Z</time>
   </trkpt>
   <trkpt lat="36.1307830" lon="-115.5089740">
    <ele>1974.8</ele>
    <time>2015-03-12T16:53:42Z</time>
   </trkpt>
   <trkpt lat="36.1308370" lon="-115.5087850">
    <ele>1966.4</ele>
    <time>2015-03-12T16:53:58Z</time>
   </trkpt>
   <trkpt lat="36.1309120" lon="-115.5087840">
    <ele>1960.1</ele>
    <time>2015-03-12T16:54:08Z</time>
   </trkpt>
   <trkpt lat="36.1309180" lon="-115.5087430">
    <ele>1957.4</ele>
    <time>2015-03-12T16:54:13Z</time>
   </trkpt>
   <trkpt lat="36.1309210" lon="-115.5087370">
    <ele>1956.9</ele>
    <time>2015-03-12T16:54:16Z</time>
   </trkpt>
   <trkpt lat="36.1308860" lon="-115.5087050">
    <ele>1962.5</ele>
    <time>2015-03-12T16:54:46Z</time>
   </trkpt>
   <trkpt lat="36.1308510" lon="-115.5085790">
    <ele>1961.0</ele>
    <time>2015-03-12T16:55:06Z</time>
   </trkpt>
   <trkpt lat="36.1308380" lon="-115.5085450">
    <ele>1959.6</ele>
    <time>2015-03-12T16:55:14Z</time>
   </trkpt>
   <trkpt lat="36.1308220" lon="-115.5083840">
    <ele>1954.2</ele>
    <time>2015-03-12T16:55:56Z</time>
   </trkpt>
   <trkpt lat="36.1308410" lon="-115.5083420">
    <ele>1952.2</ele>
    <time>2015-03-12T16:56:59Z</time>
   </trkpt>
   <trkpt lat="36.1308120" lon="-115.5082260">
    <ele>1947.2</ele>
    <time>2015-03-12T16:57:11Z</time>
   </trkpt>
   <trkpt lat="36.1307940" lon="-115.5081740">
    <ele>1945.0</ele>
    <time>2015-03-12T16:57:19Z</time>
   </trkpt>
   <trkpt lat="36.1307570" lon="-115.5079520">
    <ele>1934.9</ele>
    <time>2015-03-12T16:57:32Z</time>
   </trkpt>
   <trkpt lat="36.1307470" lon="-115.5079440">
    <ele>1934.6</ele>
    <time>2015-03-12T16:57:33Z</time>
   </trkpt>
   <trkpt lat="36.1307650" lon="-115.5078720">
    <ele>1931.2</ele>
    <time>2015-03-12T16:57:45Z</time>
   </trkpt>
   <trkpt lat="36.1307920" lon="-115.5076660">
    <ele>1923.1</ele>
    <time>2015-03-12T16:58:02Z</time>
   </trkpt>
   <trkpt lat="36.1308030" lon="-115.5076650">
    <ele>1922.7</ele>
    <time>2015-03-12T16:58:03Z</time>
   </trkpt>
   <trkpt lat="36.1308070" lon="-115.5075750">
    <ele>1921.5</ele>
    <time>2015-03-12T16:58:13Z</time>
   </trkpt>
   <trkpt lat="36.1309270" lon="-115.5074090">
    <ele>1917.3</ele>
    <time>2015-03-12T16:58:27Z</time>
   </trkpt>
   <trkpt lat="36.1309640" lon="-115.5072870">
    <ele>1914.8</ele>
    <time>2015-03-12T16:58:34Z</time>
   </trkpt>
   <trkpt lat="36.1310280" lon="-115.5071580">
    <ele>1915.8</ele>
    <time>2015-03-12T16:58:43Z</time>
   </trkpt>
   <trkpt lat="36.1310460" lon="-115.5071100">
    <ele>1916.1</ele>
    <time>2015-03-12T16:58:47Z</time>
   </trkpt>
   <trkpt lat="36.1310500" lon="-115.5070980">
    <ele>1916.2</ele>
    <time>2015-03-12T16:58:48Z</time>
   </trkpt>
   <trkpt lat="36.1310860" lon="-115.5070260">
    <ele>1917.2</ele>
    <time>2015-03-12T16:58:54Z</time>
   </trkpt>
   <trkpt lat="36.1311030" lon="-115.5069970">
    <ele>1917.6</ele>
    <time>2015-03-12T16:58:57Z</time>
   </trkpt>
   <trkpt lat="36.1311320" lon="-115.5069630">
    <ele>1918.5</ele>
    <time>2015-03-12T16:59:01Z</time>
   </trkpt>
   <trkpt lat="36.1311600" lon="-115.5068910">
    <ele>1918.9</ele>
    <time>2015-03-12T16:59:06Z</time>
   </trkpt>
   <trkpt lat="36.1312750" lon="-115.5067200">
    <ele>1921.2</ele>
    <time>2015-03-12T16:59:20Z</time>
   </trkpt>
   <trkpt lat="36.1312750" lon="-115.5066580">
    <ele>1920.7</ele>
    <time>2015-03-12T16:59:24Z</time>
   </trkpt>
   <trkpt lat="36.1312630" lon="-115.5066250">
    <ele>1920.1</ele>
    <time>2015-03-12T16:59:26Z</time>
   </trkpt>
   <trkpt lat="36.1312930" lon="-115.5065490">
    <ele>1920.3</ele>
    <time>2015-03-12T16:59:33Z</time>
   </trkpt>
   <trkpt lat="36.1313700" lon="-115.5064150">
    <ele>1921.4</ele>
    <time>2015-03-12T16:59:41Z</time>
   </trkpt>
   <trkpt lat="36.1314180" lon="-115.5063000">
    <ele>1922.2</ele>
    <time>2015-03-12T16:59:48Z</time>
   </trkpt>
   <trkpt lat="36.1314440" lon="-115.5062650">
    <ele>1922.9</ele>
    <time>2015-03-12T16:59:51Z</time>
   </trkpt>
   <trkpt lat="36.1315770" lon="-115.5061020">
    <ele>1928.9</ele>
    <time>2015-03-12T17:00:07Z</time>
   </trkpt>
   <trkpt lat="36.1316770" lon="-115.5059870">
    <ele>1932.2</ele>
    <time>2015-03-12T17:00:21Z</time>
   </trkpt>
   <trkpt lat="36.1317270" lon="-115.5059040">
    <ele>1932.5</ele>
    <time>2015-03-12T17:00:28Z</time>
   </trkpt>
   <trkpt lat="36.1318170" lon="-115.5058000">
    <ele>1933.1</ele>
    <time>2015-03-12T17:00:40Z</time>
   </trkpt>
   <trkpt lat="36.1318720" lon="-115.5057870">
    <ele>1933.8</ele>
    <time>2015-03-12T17:00:46Z</time>
   </trkpt>
   <trkpt lat="36.1318900" lon="-115.5057660">
    <ele>1934.1</ele>
    <time>2015-03-12T17:00:49Z</time>
   </trkpt>
   <trkpt lat="36.1319000" lon="-115.5057210">
    <ele>1934.4</ele>
    <time>2015-03-12T17:00:53Z</time>
   </trkpt>
   <trkpt lat="36.1319020" lon="-115.5057190">
    <ele>1934.5</ele>
    <time>2015-03-12T17:00:54Z</time>
   </trkpt>
   <trkpt lat="36.1320010" lon="-115.5056770">
    <ele>1939.3</ele>
    <time>2015-03-12T17:01:06Z</time>
   </trkpt>
   <trkpt lat="36.1320300" lon="-115.5056720">
    <ele>1940.7</ele>
    <time>2015-03-12T17:01:10Z</time>
   </trkpt>
   <trkpt lat="36.1321420" lon="-115.5056440">
    <ele>1946.9</ele>
    <time>2015-03-12T17:01:27Z</time>
   </trkpt>
   <trkpt lat="36.1322470" lon="-115.5055020">
    <ele>1957.4</ele>
    <time>2015-03-12T17:01:58Z</time>
   </trkpt>
   <trkpt lat="36.1323320" lon="-115.5053250">
    <ele>1970.2</ele>
    <time>2015-03-12T17:02:39Z</time>
   </trkpt>
   <trkpt lat="36.1323450" lon="-115.5052690">
    <ele>1973.6</ele>
    <time>2015-03-12T17:02:56Z</time>
   </trkpt>
   <trkpt lat="36.1324270" lon="-115.5050950">
    <ele>1988.6</ele>
    <time>2015-03-12T17:03:47Z</time>
   </trkpt>
   <trkpt lat="36.1324260" lon="-115.5050740">
    <ele>1990.7</ele>
    <time>2015-03-12T17:03:52Z</time>
   </trkpt>
   <trkpt lat="36.1324110" lon="-115.5050780">
    <ele>1989.8</ele>
    <time>2015-03-12T17:03:54Z</time>
   </trkpt>
   <trkpt lat="36.1323830" lon="-115.5050840">
    <ele>1988.2</ele>
    <time>2015-03-12T17:03:59Z</time>
   </trkpt>
   <trkpt lat="36.1323850" lon="-115.5049480">
    <ele>2003.0</ele>
    <time>2015-03-12T17:04:43Z</time>
   </trkpt>
   <trkpt lat="36.1324030" lon="-115.5049690">
    <ele>2001.7</ele>
    <time>2015-03-12T17:05:18Z</time>
   </trkpt>
   <trkpt lat="36.1324660" lon="-115.5049430">
    <ele>2008.0</ele>
    <time>2015-03-12T17:05:25Z</time>
   </trkpt>
   <trkpt lat="36.1325580" lon="-115.5047580">
    <ele>2031.7</ele>
    <time>2015-03-12T17:06:05Z</time>
   </trkpt>
   <trkpt lat="36.1325850" lon="-115.5047300">
    <ele>2032.8</ele>
    <time>2015-03-12T17:06:11Z</time>
   </trkpt>
   <trkpt lat="36.1325670" lon="-115.5047110">
    <ele>2033.5</ele>
    <time>2015-03-12T17:06:14Z</time>
   </trkpt>
   <trkpt lat="36.1326150" lon="-115.5045810">
    <ele>2037.2</ele>
    <time>2015-03-12T17:06:34Z</time>
   </trkpt>
   <trkpt lat="36.1326790" lon="-115.5044850">
    <ele>2038.4</ele>
    <time>2015-03-12T17:06:44Z</time>
   </trkpt>
   <trkpt lat="36.1326690" lon="-115.5044280">
    <ele>2039.3</ele>
    <time>2015-03-12T17:06:51Z</time>
   </trkpt>
   <trkpt lat="36.1326810" lon="-115.5042080">
    <ele>2043.1</ele>
    <time>2015-03-12T17:07:15Z</time>
   </trkpt>
   <trkpt lat="36.1325820" lon="-115.5043110">
    <ele>2043.6</ele>
    <time>2015-03-12T17:07:45Z</time>
   </trkpt>
   <trkpt lat="36.1325320" lon="-115.5043300">
    <ele>2044.1</ele>
    <time>2015-03-12T17:07:59Z</time>
   </trkpt>
   <trkpt lat="36.1325870" lon="-115.5041960">
    <ele>2047.4</ele>
    <time>2015-03-12T17:08:19Z</time>
   </trkpt>
   <trkpt lat="36.1326170" lon="-115.5041490">
    <ele>2047.4</ele>
    <time>2015-03-12T17:08:25Z</time>
   </trkpt>
   <trkpt lat="36.1326920" lon="-115.5040240">
    <ele>2048.1</ele>
    <time>2015-03-12T17:08:38Z</time>
   </trkpt>
   <trkpt lat="36.1327260" lon="-115.5039550">
    <ele>2049.1</ele>
    <time>2015-03-12T17:08:47Z</time>
   </trkpt>
   <trkpt lat="36.1327320" lon="-115.5039380">
    <ele>2049.4</ele>
    <time>2015-03-12T17:09:11Z</time>
   </trkpt>
   <trkpt lat="36.1328000" lon="-115.5039000">
    <ele>2049.8</ele>
    <time>2015-03-12T17:09:18Z</time>
   </trkpt>
   <trkpt lat="36.1327980" lon="-115.5038480">
    <ele>2051.0</ele>
    <time>2015-03-12T17:09:24Z</time>
   </trkpt>
   <trkpt lat="36.1328260" lon="-115.5037850">
    <ele>2051.7</ele>
    <time>2015-03-12T17:09:33Z</time>
   </trkpt>
   <trkpt lat="36.1328370" lon="-115.5036960">
    <ele>2051.9</ele>
    <time>2015-03-12T17:10:02Z</time>
   </trkpt>
   <trkpt lat="36.1328210" lon="-115.5036510">
    <ele>2051.8</ele>
    <time>2015-03-12T17:10:07Z</time>
   </trkpt>
   <trkpt lat="36.1328270" lon="-115.5035070">
    <ele>2052.2</ele>
    <time>2015-03-12T17:10:16Z</time>
   </trkpt>
   <trkpt lat="36.1327600" lon="-115.5034090">
    <ele>2051.9</ele>
    <time>2015-03-12T17:10:29Z</time>
   </trkpt>
   <trkpt lat="36.1325850" lon="-115.5033300">
    <ele>2049.9</ele>
    <time>2015-03-12T17:10:38Z</time>
   </trkpt>
   <trkpt lat="36.1325130" lon="-115.5033360">
    <ele>2049.5</ele>
    <time>2015-03-12T17:10:41Z</time>
   </trkpt>
   <trkpt lat="36.1323980" lon="-115.5032950">
    <ele>2048.0</ele>
    <time>2015-03-12T17:10:48Z</time>
   </trkpt>
   <trkpt lat="36.1323260" lon="-115.5032290">
    <ele>2046.6</ele>
    <time>2015-03-12T17:11:01Z</time>
   </trkpt>
   <trkpt lat="36.1321890" lon="-115.5032040">
    <ele>2045.9</ele>
    <time>2015-03-12T17:11:16Z</time>
   </trkpt>
   <trkpt lat="36.1321720" lon="-115.5031750">
    <ele>2045.8</ele>
    <time>2015-03-12T17:11:19Z</time>
   </trkpt>
   <trkpt lat="36.1320810" lon="-115.5031430">
    <ele>2045.6</ele>
    <time>2015-03-12T17:11:27Z</time>
   </trkpt>
   <trkpt lat="36.1320710" lon="-115.5030780">
    <ele>2046.2</ele>
    <time>2015-03-12T17:11:31Z</time>
   </trkpt>
   <trkpt lat="36.1319960" lon="-115.5029370">
    <ele>2049.4</ele>
    <time>2015-03-12T17:11:41Z</time>
   </trkpt>
   <trkpt lat="36.1320020" lon="-115.5027670">
    <ele>2055.8</ele>
    <time>2015-03-12T17:12:16Z</time>
   </trkpt>
   <trkpt lat="36.1320050" lon="-115.5027400">
    <ele>2057.0</ele>
    <time>2015-03-12T17:12:20Z</time>
   </trkpt>
   <trkpt lat="36.1320400" lon="-115.5026610">
    <ele>2059.4</ele>
    <time>2015-03-12T17:12:58Z</time>
   </trkpt>
   <trkpt lat="36.1321500" lon="-115.5024820">
    <ele>2063.7</ele>
    <time>2015-03-12T17:13:19Z</time>
   </trkpt>
   <trkpt lat="36.1322210" lon="-115.5022850">
    <ele>2072.9</ele>
    <time>2015-03-12T17:13:40Z</time>
   </trkpt>
   <trkpt lat="36.1322130" lon="-115.5020730">
    <ele>2086.9</ele>
    <time>2015-03-12T17:14:18Z</time>
   </trkpt>
   <trkpt lat="36.1322160" lon="-115.5020140">
    <ele>2090.5</ele>
    <time>2015-03-12T17:14:29Z</time>
   </trkpt>
   <trkpt lat="36.1322660" lon="-115.5018320">
    <ele>2102.8</ele>
    <time>2015-03-12T17:14:56Z</time>
   </trkpt>
   <trkpt lat="36.1322970" lon="-115.5017600">
    <ele>2106.2</ele>
    <time>2015-03-12T17:15:08Z</time>
   </trkpt>
   <trkpt lat="36.1323110" lon="-115.5016770">
    <ele>2110.2</ele>
    <time>2015-03-12T17:15:39Z</time>
   </trkpt>
   <trkpt lat="36.1323640" lon="-115.5016050">
    <ele>2111.0</ele>
    <time>2015-03-12T17:15:49Z</time>
   </trkpt>
   <trkpt lat="36.1323660" lon="-115.5015750">
    <ele>2112.0</ele>
    <time>2015-03-12T17:15:55Z</time>
   </trkpt>
   <trkpt lat="36.1322630" lon="-115.5014000">
    <ele>2119.3</ele>
    <time>2015-03-12T17:16:22Z</time>
   </trkpt>
   <trkpt lat="36.1321180" lon="-115.5013960">
    <ele>2124.6</ele>
    <time>2015-03-12T17:16:53Z</time>
   </trkpt>
   <trkpt lat="36.1320650" lon="-115.5013780">
    <ele>2125.3</ele>
    <time>2015-03-12T17:16:58Z</time>
   </trkpt>
   <trkpt lat="36.1319790" lon="-115.5014010">
    <ele>2125.4</ele>
    <time>2015-03-12T17:17:07Z</time>
   </trkpt>
   <trkpt lat="36.1319190" lon="-115.5014870">
    <ele>2125.9</ele>
    <time>2015-03-12T17:17:15Z</time>
   </trkpt>
   <trkpt lat="36.1318680" lon="-115.5015930">
    <ele>2126.4</ele>
    <time>2015-03-12T17:17:21Z</time>
   </trkpt>
   <trkpt lat="36.1318500" lon="-115.5016220">
    <ele>2125.9</ele>
    <time>2015-03-12T17:17:24Z</time>
   </trkpt>
   <trkpt lat="36.1318080" lon="-115.5016720">
    <ele>2123.3</ele>
    <time>2015-03-12T17:21:37Z</time>
   </trkpt>
   <trkpt lat="36.1317890" lon="-115.5016650">
    <ele>2121.8</ele>
    <time>2015-03-12T17:23:45Z</time>
   </trkpt>
   <trkpt lat="36.1317820" lon="-115.5016700">
    <ele>2121.2</ele>
    <time>2015-03-12T17:26:29Z</time>
   </trkpt>
   <trkpt lat="36.1318880" lon="-115.5015050">
    <ele>2125.1</ele>
    <time>2015-03-12T17:26:49Z</time>
   </trkpt>
   <trkpt lat="36.1318950" lon="-115.5014930">
    <ele>2125.1</ele>
    <time>2015-03-12T17:26:50Z</time>
   </trkpt>
   <trkpt lat="36.1319600" lon="-115.5014570">
    <ele>2126.7</ele>
    <time>2015-03-12T17:26:59Z</time>
   </trkpt>
   <trkpt lat="36.1321400" lon="-115.5014410">
    <ele>2124.1</ele>
    <time>2015-03-12T17:27:14Z</time>
   </trkpt>
   <trkpt lat="36.1322200" lon="-115.5014830">
    <ele>2119.6</ele>
    <time>2015-03-12T17:27:26Z</time>
   </trkpt>
   <trkpt lat="36.1323270" lon="-115.5015360">
    <ele>2114.7</ele>
    <time>2015-03-12T17:27:35Z</time>
   </trkpt>
   <trkpt lat="36.1323410" lon="-115.5015530">
    <ele>2113.7</ele>
    <time>2015-03-12T17:27:37Z</time>
   </trkpt>
   <trkpt lat="36.1323740" lon="-115.5016420">
    <ele>2108.6</ele>
    <time>2015-03-12T17:27:55Z</time>
   </trkpt>
   <trkpt lat="36.1323510" lon="-115.5017030">
    <ele>2106.6</ele>
    <time>2015-03-12T17:28:08Z</time>
   </trkpt>
   <trkpt lat="36.1323000" lon="-115.5018540">
    <ele>2099.0</ele>
    <time>2015-03-12T17:28:39Z</time>
   </trkpt>
   <trkpt lat="36.1322330" lon="-115.5019920">
    <ele>2091.3</ele>
    <time>2015-03-12T17:28:51Z</time>
   </trkpt>
   <trkpt lat="36.1322280" lon="-115.5021180">
    <ele>2083.5</ele>
    <time>2015-03-12T17:29:00Z</time>
   </trkpt>
   <trkpt lat="36.1322030" lon="-115.5022530">
    <ele>2076.0</ele>
    <time>2015-03-12T17:29:11Z</time>
   </trkpt>
   <trkpt lat="36.1321670" lon="-115.5023370">
    <ele>2072.2</ele>
    <time>2015-03-12T17:29:20Z</time>
   </trkpt>
   <trkpt lat="36.1321610" lon="-115.5023570">
    <ele>2071.2</ele>
    <time>2015-03-12T17:29:23Z</time>
   </trkpt>
   <trkpt lat="36.1321470" lon="-115.5024170">
    <ele>2068.1</ele>
    <time>2015-03-12T17:29:31Z</time>
   </trkpt>
   <trkpt lat="36.1320830" lon="-115.5025810">
    <ele>2061.5</ele>
    <time>2015-03-12T17:29:49Z</time>
   </trkpt>
   <trkpt lat="36.1320860" lon="-115.5026150">
    <ele>2059.3</ele>
    <time>2015-03-12T17:29:53Z</time>
   </trkpt>
   <trkpt lat="36.1320550" lon="-115.5026550">
    <ele>2058.9</ele>
    <time>2015-03-12T17:29:57Z</time>
   </trkpt>
   <trkpt lat="36.1320150" lon="-115.5027280">
    <ele>2057.1</ele>
    <time>2015-03-12T17:30:04Z</time>
   </trkpt>
   <trkpt lat="36.1319830" lon="-115.5029350">
    <ele>2049.7</ele>
    <time>2015-03-12T17:30:37Z</time>
   </trkpt>
   <trkpt lat="36.1320940" lon="-115.5031090">
    <ele>2045.9</ele>
    <time>2015-03-12T17:30:56Z</time>
   </trkpt>
   <trkpt lat="36.1320990" lon="-115.5031240">
    <ele>2045.8</ele>
    <time>2015-03-12T17:30:57Z</time>
   </trkpt>
   <trkpt lat="36.1320980" lon="-115.5031910">
    <ele>2045.4</ele>
    <time>2015-03-12T17:31:06Z</time>
   </trkpt>
   <trkpt lat="36.1321270" lon="-115.5032180">
    <ele>2045.5</ele>
    <time>2015-03-12T17:31:12Z</time>
   </trkpt>
   <trkpt lat="36.1321780" lon="-115.5032290">
    <ele>2045.9</ele>
    <time>2015-03-12T17:31:21Z</time>
   </trkpt>
   <trkpt lat="36.1322200" lon="-115.5032340">
    <ele>2046.1</ele>
    <time>2015-03-12T17:31:26Z</time>
   </trkpt>
   <trkpt lat="36.1324000" lon="-115.5032880">
    <ele>2047.9</ele>
    <time>2015-03-12T17:31:47Z</time>
   </trkpt>
   <trkpt lat="36.1325380" lon="-115.5032580">
    <ele>2048.2</ele>
    <time>2015-03-12T17:31:57Z</time>
   </trkpt>
   <trkpt lat="36.1327130" lon="-115.5031850">
    <ele>2048.4</ele>
    <time>2015-03-12T17:32:06Z</time>
   </trkpt>
   <trkpt lat="36.1327700" lon="-115.5031620">
    <ele>2048.4</ele>
    <time>2015-03-12T17:32:09Z</time>
   </trkpt>
   <trkpt lat="36.1328000" lon="-115.5031570">
    <ele>2048.6</ele>
    <time>2015-03-12T17:32:11Z</time>
   </trkpt>
   <trkpt lat="36.1329850" lon="-115.5030920">
    <ele>2048.9</ele>
    <time>2015-03-12T17:32:23Z</time>
   </trkpt>
   <trkpt lat="36.1330020" lon="-115.5030820">
    <ele>2048.9</ele>
    <time>2015-03-12T17:32:24Z</time>
   </trkpt>
   <trkpt lat="36.1331460" lon="-115.5031030">
    <ele>2049.5</ele>
    <time>2015-03-12T17:32:38Z</time>
   </trkpt>
   <trkpt lat="36.1331580" lon="-115.5031120">
    <ele>2049.6</ele>
    <time>2015-03-12T17:32:39Z</time>
   </trkpt>
   <trkpt lat="36.1332210" lon="-115.5031810">
    <ele>2050.2</ele>
    <time>2015-03-12T17:32:45Z</time>
   </trkpt>
   <trkpt lat="36.1332540" lon="-115.5032170">
    <ele>2050.4</ele>
    <time>2015-03-12T17:32:48Z</time>
   </trkpt>
   <trkpt lat="36.1332970" lon="-115.5032200">
    <ele>2050.7</ele>
    <time>2015-03-12T17:32:53Z</time>
   </trkpt>
   <trkpt lat="36.1333050" lon="-115.5032050">
    <ele>2050.8</ele>
    <time>2015-03-12T17:32:55Z</time>
   </trkpt>
   <trkpt lat="36.1333360" lon="-115.5031490">
    <ele>2051.0</ele>
    <time>2015-03-12T17:32:59Z</time>
   </trkpt>
   <trkpt lat="36.1333270" lon="-115.5031820">
    <ele>2051.0</ele>
    <time>2015-03-12T17:33:10Z</time>
   </trkpt>
   <trkpt lat="36.1332880" lon="-115.5032270">
    <ele>2050.6</ele>
    <time>2015-03-12T17:33:14Z</time>
   </trkpt>
   <trkpt lat="36.1333200" lon="-115.5031870">
    <ele>2051.0</ele>
    <time>2015-03-12T17:33:36Z</time>
   </trkpt>
   <trkpt lat="36.1334460" lon="-115.5030420">
    <ele>2051.4</ele>
    <time>2015-03-12T17:33:48Z</time>
   </trkpt>
   <trkpt lat="36.1334650" lon="-115.5030410">
    <ele>2051.5</ele>
    <time>2015-03-12T17:33:49Z</time>
   </trkpt>
   <trkpt lat="36.1335300" lon="-115.5030240">
    <ele>2051.8</ele>
    <time>2015-03-12T17:33:54Z</time>
   </trkpt>
   <trkpt lat="36.1335450" lon="-115.5030580">
    <ele>2051.6</ele>
    <time>2015-03-12T17:33:58Z</time>
   </trkpt>
   <trkpt lat="36.1336130" lon="-115.5031270">
    <ele>2050.8</ele>
    <time>2015-03-12T17:34:09Z</time>
   </trkpt>
   <trkpt lat="36.1335790" lon="-115.5031350">
    <ele>2050.3</ele>
    <time>2015-03-12T17:34:19Z</time>
   </trkpt>
   <trkpt lat="36.1335220" lon="-115.5031170">
    <ele>2050.9</ele>
    <time>2015-03-12T17:34:26Z</time>
   </trkpt>
   <trkpt lat="36.1334390" lon="-115.5030850">
    <ele>2051.4</ele>
    <time>2015-03-12T17:34:46Z</time>
   </trkpt>
   <trkpt lat="36.1333250" lon="-115.5031780">
    <ele>2051.0</ele>
    <time>2015-03-12T17:35:02Z</time>
   </trkpt>
   <trkpt lat="36.1333100" lon="-115.5032150">
    <ele>2050.7</ele>
    <time>2015-03-12T17:35:07Z</time>
   </trkpt>
   <trkpt lat="36.1332710" lon="-115.5032490">
    <ele>2050.3</ele>
    <time>2015-03-12T17:35:11Z</time>
   </trkpt>
   <trkpt lat="36.1332680" lon="-115.5032000">
    <ele>2050.7</ele>
    <time>2015-03-12T17:36:04Z</time>
   </trkpt>
   <trkpt lat="36.1332420" lon="-115.5031340">
    <ele>2050.3</ele>
    <time>2015-03-12T17:36:09Z</time>
   </trkpt>
   <trkpt lat="36.1331040" lon="-115.5030100">
    <ele>2048.4</ele>
    <time>2015-03-12T17:36:29Z</time>
   </trkpt>
   <trkpt lat="36.1330880" lon="-115.5030220">
    <ele>2048.5</ele>
    <time>2015-03-12T17:36:30Z</time>
   </trkpt>
   <trkpt lat="36.1330300" lon="-115.5030810">
    <ele>2049.0</ele>
    <time>2015-03-12T17:36:36Z</time>
   </trkpt>
   <trkpt lat="36.1329020" lon="-115.5032400">
    <ele>2050.5</ele>
    <time>2015-03-12T17:36:48Z</time>
   </trkpt>
   <trkpt lat="36.1327890" lon="-115.5034040">
    <ele>2051.9</ele>
    <time>2015-03-12T17:36:59Z</time>
   </trkpt>
   <trkpt lat="36.1327810" lon="-115.5035230">
    <ele>2052.2</ele>
    <time>2015-03-12T17:37:19Z</time>
   </trkpt>
   <trkpt lat="36.1327940" lon="-115.5035060">
    <ele>2052.2</ele>
    <time>2015-03-12T17:37:21Z</time>
   </trkpt>
   <trkpt lat="36.1327920" lon="-115.5035270">
    <ele>2052.2</ele>
    <time>2015-03-12T17:37:25Z</time>
   </trkpt>
   <trkpt lat="36.1328030" lon="-115.5037400">
    <ele>2051.8</ele>
    <time>2015-03-12T17:37:39Z</time>
   </trkpt>
   <trkpt lat="36.1327650" lon="-115.5038610">
    <ele>2050.6</ele>
    <time>2015-03-12T17:37:59Z</time>
   </trkpt>
   <trkpt lat="36.1327650" lon="-115.5038830">
    <ele>2050.2</ele>
    <time>2015-03-12T17:38:05Z</time>
   </trkpt>
   <trkpt lat="36.1327250" lon="-115.5039200">
    <ele>2049.9</ele>
    <time>2015-03-12T17:38:10Z</time>
   </trkpt>
   <trkpt lat="36.1327070" lon="-115.5039860">
    <ele>2048.7</ele>
    <time>2015-03-12T17:38:37Z</time>
   </trkpt>
   <trkpt lat="36.1326620" lon="-115.5040450">
    <ele>2048.4</ele>
    <time>2015-03-12T17:38:49Z</time>
   </trkpt>
   <trkpt lat="36.1326140" lon="-115.5041230">
    <ele>2048.4</ele>
    <time>2015-03-12T17:38:55Z</time>
   </trkpt>
   <trkpt lat="36.1325090" lon="-115.5042810">
    <ele>2046.5</ele>
    <time>2015-03-12T17:39:10Z</time>
   </trkpt>
   <trkpt lat="36.1324940" lon="-115.5043710">
    <ele>2042.9</ele>
    <time>2015-03-12T17:39:16Z</time>
   </trkpt>
   <trkpt lat="36.1325010" lon="-115.5045420">
    <ele>2037.6</ele>
    <time>2015-03-12T17:39:27Z</time>
   </trkpt>
   <trkpt lat="36.1325100" lon="-115.5046070">
    <ele>2036.0</ele>
    <time>2015-03-12T17:39:31Z</time>
   </trkpt>
   <trkpt lat="36.1325750" lon="-115.5046170">
    <ele>2036.2</ele>
    <time>2015-03-12T17:39:43Z</time>
   </trkpt>
   <trkpt lat="36.1325840" lon="-115.5046780">
    <ele>2034.9</ele>
    <time>2015-03-12T17:39:53Z</time>
   </trkpt>
   <trkpt lat="36.1325750" lon="-115.5048380">
    <ele>2023.5</ele>
    <time>2015-03-12T17:40:06Z</time>
   </trkpt>
   <trkpt lat="36.1325240" lon="-115.5049890">
    <ele>2001.2</ele>
    <time>2015-03-12T17:40:20Z</time>
   </trkpt>
   <trkpt lat="36.1324790" lon="-115.5050280">
    <ele>1996.5</ele>
    <time>2015-03-12T17:40:40Z</time>
   </trkpt>
   <trkpt lat="36.1323530" lon="-115.5051240">
    <ele>1983.5</ele>
    <time>2015-03-12T17:41:21Z</time>
   </trkpt>
   <trkpt lat="36.1323320" lon="-115.5052220">
    <ele>1975.8</ele>
    <time>2015-03-12T17:41:43Z</time>
   </trkpt>
   <trkpt lat="36.1323130" lon="-115.5053640">
    <ele>1967.3</ele>
    <time>2015-03-12T17:42:23Z</time>
   </trkpt>
   <trkpt lat="36.1323050" lon="-115.5054260">
    <ele>1963.4</ele>
    <time>2015-03-12T17:42:34Z</time>
   </trkpt>
   <trkpt lat="36.1321800" lon="-115.5055490">
    <ele>1952.6</ele>
    <time>2015-03-12T17:43:00Z</time>
   </trkpt>
   <trkpt lat="36.1321570" lon="-115.5055340">
    <ele>1951.9</ele>
    <time>2015-03-12T17:43:05Z</time>
   </trkpt>
   <trkpt lat="36.1320860" lon="-115.5055430">
    <ele>1947.3</ele>
    <time>2015-03-12T17:43:12Z</time>
   </trkpt>
   <trkpt lat="36.1320970" lon="-115.5056070">
    <ele>1945.9</ele>
    <time>2015-03-12T17:43:19Z</time>
   </trkpt>
   <trkpt lat="36.1320830" lon="-115.5056030">
    <ele>1945.3</ele>
    <time>2015-03-12T17:43:21Z</time>
   </trkpt>
   <trkpt lat="36.1319690" lon="-115.5056390">
    <ele>1937.9</ele>
    <time>2015-03-12T17:43:30Z</time>
   </trkpt>
   <trkpt lat="36.1319250" lon="-115.5056950">
    <ele>1935.6</ele>
    <time>2015-03-12T17:43:37Z</time>
   </trkpt>
   <trkpt lat="36.1318350" lon="-115.5057720">
    <ele>1933.0</ele>
    <time>2015-03-12T17:44:43Z</time>
   </trkpt>
   <trkpt lat="36.1317710" lon="-115.5058700">
    <ele>1932.7</ele>
    <time>2015-03-12T17:44:50Z</time>
   </trkpt>
   <trkpt lat="36.1317630" lon="-115.5058870">
    <ele>1932.7</ele>
    <time>2015-03-12T17:44:51Z</time>
   </trkpt>
   <trkpt lat="36.1316330" lon="-115.5060440">
    <ele>1931.9</ele>
    <time>2015-03-12T17:45:03Z</time>
   </trkpt>
   <trkpt lat="36.1316240" lon="-115.5060640">
    <ele>1932.5</ele>
    <time>2015-03-12T17:45:04Z</time>
   </trkpt>
   <trkpt lat="36.1314990" lon="-115.5062300">
    <ele>1925.1</ele>
    <time>2015-03-12T17:45:15Z</time>
   </trkpt>
   <trkpt lat="36.1314770" lon="-115.5062300">
    <ele>1924.1</ele>
    <time>2015-03-12T17:45:19Z</time>
   </trkpt>
   <trkpt lat="36.1314620" lon="-115.5062380">
    <ele>1923.5</ele>
    <time>2015-03-12T17:45:22Z</time>
   </trkpt>
   <trkpt lat="36.1314430" lon="-115.5062850">
    <ele>1923.0</ele>
    <time>2015-03-12T17:45:25Z</time>
   </trkpt>
   <trkpt lat="36.1314290" lon="-115.5063360">
    <ele>1922.9</ele>
    <time>2015-03-12T17:45:29Z</time>
   </trkpt>
   <trkpt lat="36.1313730" lon="-115.5063820">
    <ele>1921.3</ele>
    <time>2015-03-12T17:45:34Z</time>
   </trkpt>
   <trkpt lat="36.1312440" lon="-115.5065500">
    <ele>1918.7</ele>
    <time>2015-03-12T17:45:45Z</time>
   </trkpt>
   <trkpt lat="36.1312150" lon="-115.5065820">
    <ele>1917.9</ele>
    <time>2015-03-12T17:45:48Z</time>
   </trkpt>
   <trkpt lat="36.1311370" lon="-115.5067900">
    <ele>1917.1</ele>
    <time>2015-03-12T17:46:02Z</time>
   </trkpt>
   <trkpt lat="36.1310530" lon="-115.5069710">
    <ele>1915.3</ele>
    <time>2015-03-12T17:46:11Z</time>
   </trkpt>
   <trkpt lat="36.1310510" lon="-115.5069890">
    <ele>1915.3</ele>
    <time>2015-03-12T17:46:12Z</time>
   </trkpt>
   <trkpt lat="36.1310780" lon="-115.5072040">
    <ele>1918.6</ele>
    <time>2015-03-12T17:46:25Z</time>
   </trkpt>
   <trkpt lat="36.1309710" lon="-115.5073810">
    <ele>1917.0</ele>
    <time>2015-03-12T17:46:37Z</time>
   </trkpt>
   <trkpt lat="36.1309220" lon="-115.5074250">
    <ele>1917.6</ele>
    <time>2015-03-12T17:46:41Z</time>
   </trkpt>
   <trkpt lat="36.1308960" lon="-115.5074490">
    <ele>1918.3</ele>
    <time>2015-03-12T17:46:44Z</time>
   </trkpt>
   <trkpt lat="36.1308490" lon="-115.5075260">
    <ele>1920.1</ele>
    <time>2015-03-12T17:46:53Z</time>
   </trkpt>
   <trkpt lat="36.1308440" lon="-115.5075350">
    <ele>1920.3</ele>
    <time>2015-03-12T17:46:54Z</time>
   </trkpt>
   <trkpt lat="36.1308300" lon="-115.5075530">
    <ele>1920.8</ele>
    <time>2015-03-12T17:46:57Z</time>
   </trkpt>
   <trkpt lat="36.1307520" lon="-115.5075920">
    <ele>1922.2</ele>
    <time>2015-03-12T17:47:05Z</time>
   </trkpt>
   <trkpt lat="36.1307400" lon="-115.5076190">
    <ele>1922.6</ele>
    <time>2015-03-12T17:47:10Z</time>
   </trkpt>
   <trkpt lat="36.1307250" lon="-115.5076460">
    <ele>1923.1</ele>
    <time>2015-03-12T17:47:14Z</time>
   </trkpt>
   <trkpt lat="36.1307180" lon="-115.5078160">
    <ele>1929.0</ele>
    <time>2015-03-12T17:47:31Z</time>
   </trkpt>
   <trkpt lat="36.1307440" lon="-115.5078510">
    <ele>1930.4</ele>
    <time>2015-03-12T17:47:35Z</time>
   </trkpt>
   <trkpt lat="36.1307280" lon="-115.5079400">
    <ele>1934.6</ele>
    <time>2015-03-12T17:47:43Z</time>
   </trkpt>
   <trkpt lat="36.1307320" lon="-115.5080230">
    <ele>1938.5</ele>
    <time>2015-03-12T17:48:02Z</time>
   </trkpt>
   <trkpt lat="36.1307760" lon="-115.5081820">
    <ele>1945.9</ele>
    <time>2015-03-12T17:48:16Z</time>
   </trkpt>
   <trkpt lat="36.1307800" lon="-115.5082090">
    <ele>1947.2</ele>
    <time>2015-03-12T17:48:20Z</time>
   </trkpt>
   <trkpt lat="36.1307660" lon="-115.5082660">
    <ele>1950.1</ele>
    <time>2015-03-12T17:48:36Z</time>
   </trkpt>
   <trkpt lat="36.1307740" lon="-115.5083180">
    <ele>1952.3</ele>
    <time>2015-03-12T17:48:49Z</time>
   </trkpt>
   <trkpt lat="36.1308210" lon="-115.5084630">
    <ele>1956.4</ele>
    <time>2015-03-12T17:49:26Z</time>
   </trkpt>
   <trkpt lat="36.1308090" lon="-115.5085210">
    <ele>1958.9</ele>
    <time>2015-03-12T17:49:52Z</time>
   </trkpt>
   <trkpt lat="36.1308030" lon="-115.5085290">
    <ele>1959.3</ele>
    <time>2015-03-12T17:50:09Z</time>
   </trkpt>
   <trkpt lat="36.1308400" lon="-115.5087200">
    <ele>1964.5</ele>
    <time>2015-03-12T17:50:43Z</time>
   </trkpt>
   <trkpt lat="36.1308340" lon="-115.5087930">
    <ele>1966.8</ele>
    <time>2015-03-12T17:50:52Z</time>
   </trkpt>
   <trkpt lat="36.1307890" lon="-115.5088630">
    <ele>1970.4</ele>
    <time>2015-03-12T17:51:09Z</time>
   </trkpt>
   <trkpt lat="36.1308360" lon="-115.5090030">
    <ele>1977.1</ele>
    <time>2015-03-12T17:52:08Z</time>
   </trkpt>
   <trkpt lat="36.1308080" lon="-115.5090690">
    <ele>1979.7</ele>
    <time>2015-03-12T17:52:17Z</time>
   </trkpt>
   <trkpt lat="36.1308100" lon="-115.5091320">
    <ele>1982.9</ele>
    <time>2015-03-12T17:52:22Z</time>
   </trkpt>
   <trkpt lat="36.1307080" lon="-115.5093070">
    <ele>1988.2</ele>
    <time>2015-03-12T17:52:46Z</time>
   </trkpt>
   <trkpt lat="36.1306090" lon="-115.5094650">
    <ele>1995.1</ele>
    <time>2015-03-12T17:53:13Z</time>
   </trkpt>
   <trkpt lat="36.1306140" lon="-115.5094970">
    <ele>1995.6</ele>
    <time>2015-03-12T17:53:16Z</time>
   </trkpt>
   <trkpt lat="36.1306410" lon="-115.5096740">
    <ele>1997.1</ele>
    <time>2015-03-12T17:53:29Z</time>
   </trkpt>
   <trkpt lat="36.1306490" lon="-115.5097200">
    <ele>1997.0</ele>
    <time>2015-03-12T17:53:32Z</time>
   </trkpt>
   <trkpt lat="36.1305560" lon="-115.5098840">
    <ele>1998.7</ele>
    <time>2015-03-12T17:53:46Z</time>
   </trkpt>
   <trkpt lat="36.1305000" lon="-115.5099480">
    <ele>2000.2</ele>
    <time>2015-03-12T17:53:51Z</time>
   </trkpt>
   <trkpt lat="36.1304930" lon="-115.5099690">
    <ele>2000.5</ele>
    <time>2015-03-12T17:53:52Z</time>
   </trkpt>
   <trkpt lat="36.1304330" lon="-115.5101720">
    <ele>2001.0</ele>
    <time>2015-03-12T17:54:18Z</time>
   </trkpt>
   <trkpt lat="36.1304230" lon="-115.5101820">
    <ele>2001.0</ele>
    <time>2015-03-12T17:54:19Z</time>
   </trkpt>
   <trkpt lat="36.1303580" lon="-115.5102760">
    <ele>2001.3</ele>
    <time>2015-03-12T17:54:27Z</time>
   </trkpt>
   <trkpt lat="36.1302680" lon="-115.5103880">
    <ele>2002.9</ele>
    <time>2015-03-12T17:54:37Z</time>
   </trkpt>
   <trkpt lat="36.1302320" lon="-115.5103610">
    <ele>2003.5</ele>
    <time>2015-03-12T17:54:41Z</time>
   </trkpt>
   <trkpt lat="36.1302080" lon="-115.5103560">
    <ele>2004.0</ele>
    <time>2015-03-12T17:54:43Z</time>
   </trkpt>
   <trkpt lat="36.1301610" lon="-115.5103610">
    <ele>2004.9</ele>
    <time>2015-03-12T17:54:47Z</time>
   </trkpt>
   <trkpt lat="36.1301210" lon="-115.5103760">
    <ele>2005.6</ele>
    <time>2015-03-12T17:54:51Z</time>
   </trkpt>
   <trkpt lat="36.1299570" lon="-115.5104540">
    <ele>2007.7</ele>
    <time>2015-03-12T17:55:04Z</time>
   </trkpt>
   <trkpt lat="36.1299220" lon="-115.5105400">
    <ele>2008.5</ele>
    <time>2015-03-12T17:55:08Z</time>
   </trkpt>
   <trkpt lat="36.1298850" lon="-115.5105820">
    <ele>2009.1</ele>
    <time>2015-03-12T17:55:11Z</time>
   </trkpt>
   <trkpt lat="36.1298460" lon="-115.5105680">
    <ele>2009.2</ele>
    <time>2015-03-12T17:55:14Z</time>
   </trkpt>
   <trkpt lat="36.1298130" lon="-115.5105720">
    <ele>2009.4</ele>
    <time>2015-03-12T17:55:19Z</time>
   </trkpt>
   <trkpt lat="36.1298150" lon="-115.5106130">
    <ele>2010.0</ele>
    <time>2015-03-12T17:55:22Z</time>
   </trkpt>
   <trkpt lat="36.1297950" lon="-115.5107320">
    <ele>2011.3</ele>
    <time>2015-03-12T17:55:32Z</time>
   </trkpt>
   <trkpt lat="36.1297950" lon="-115.5107680">
    <ele>2011.5</ele>
    <time>2015-03-12T17:55:36Z</time>
   </trkpt>
   <trkpt lat="36.1297870" lon="-115.5109530">
    <ele>2018.0</ele>
    <time>2015-03-12T17:56:02Z</time>
   </trkpt>
   <trkpt lat="36.1298080" lon="-115.5110100">
    <ele>2018.8</ele>
    <time>2015-03-12T17:56:09Z</time>
   </trkpt>
   <trkpt lat="36.1297980" lon="-115.5110430">
    <ele>2020.0</ele>
    <time>2015-03-12T17:56:13Z</time>
   </trkpt>
   <trkpt lat="36.1298020" lon="-115.5111040">
    <ele>2020.9</ele>
    <time>2015-03-12T17:56:19Z</time>
   </trkpt>
   <trkpt lat="36.1298150" lon="-115.5111920">
    <ele>2021.4</ele>
    <time>2015-03-12T17:56:26Z</time>
   </trkpt>
   <trkpt lat="36.1298000" lon="-115.5112910">
    <ele>2023.7</ele>
    <time>2015-03-12T17:56:41Z</time>
   </trkpt>
   <trkpt lat="36.1297350" lon="-115.5112900">
    <ele>2024.5</ele>
    <time>2015-03-12T17:56:51Z</time>
   </trkpt>
   <trkpt lat="36.1297660" lon="-115.5115070">
    <ele>2031.3</ele>
    <time>2015-03-12T17:57:08Z</time>
   </trkpt>
   <trkpt lat="36.1297600" lon="-115.5115200">
    <ele>2031.5</ele>
    <time>2015-03-12T17:57:09Z</time>
   </trkpt>
   <trkpt lat="36.1297170" lon="-115.5116300">
    <ele>2031.6</ele>
    <time>2015-03-12T17:57:17Z</time>
   </trkpt>
   <trkpt lat="36.1296710" lon="-115.5118540">
    <ele>2028.9</ele>
    <time>2015-03-12T17:57:27Z</time>
   </trkpt>
   <trkpt lat="36.1296600" lon="-115.5120880">
    <ele>2029.4</ele>
    <time>2015-03-12T17:57:36Z</time>
   </trkpt>
   <trkpt lat="36.1296580" lon="-115.5121090">
    <ele>2029.7</ele>
    <time>2015-03-12T17:57:37Z</time>
   </trkpt>
   <trkpt lat="36.1296470" lon="-115.5121860">
    <ele>2030.8</ele>
    <time>2015-03-12T17:57:42Z</time>
   </trkpt>
   <trkpt lat="36.1296400" lon="-115.5121910">
    <ele>2031.0</ele>
    <time>2015-03-12T17:57:43Z</time>
   </trkpt>
   <trkpt lat="36.1296030" lon="-115.5122320">
    <ele>2032.1</ele>
    <time>2015-03-12T17:57:48Z</time>
   </trkpt>
   <trkpt lat="36.1295930" lon="-115.5122550">
    <ele>2032.6</ele>
    <time>2015-03-12T17:57:50Z</time>
   </trkpt>
   <trkpt lat="36.1295270" lon="-115.5124550">
    <ele>2035.4</ele>
    <time>2015-03-12T17:58:11Z</time>
   </trkpt>
   <trkpt lat="36.1295240" lon="-115.5124680">
    <ele>2035.6</ele>
    <time>2015-03-12T17:58:12Z</time>
   </trkpt>
   <trkpt lat="36.1295340" lon="-115.5125390">
    <ele>2036.2</ele>
    <time>2015-03-12T17:58:16Z</time>
   </trkpt>
   <trkpt lat="36.1295130" lon="-115.5126510">
    <ele>2037.9</ele>
    <time>2015-03-12T17:58:21Z</time>
   </trkpt>
   <trkpt lat="36.1295210" lon="-115.5128360">
    <ele>2037.3</ele>
    <time>2015-03-12T17:58:35Z</time>
   </trkpt>
   <trkpt lat="36.1295350" lon="-115.5129980">
    <ele>2035.7</ele>
    <time>2015-03-12T17:58:44Z</time>
   </trkpt>
   <trkpt lat="36.1294790" lon="-115.5132080">
    <ele>2040.2</ele>
    <time>2015-03-12T17:58:55Z</time>
   </trkpt>
   <trkpt lat="36.1294640" lon="-115.5132360">
    <ele>2041.2</ele>
    <time>2015-03-12T17:58:58Z</time>
   </trkpt>
   <trkpt lat="36.1293200" lon="-115.5133710">
    <ele>2049.3</ele>
    <time>2015-03-12T17:59:21Z</time>
   </trkpt>
   <trkpt lat="36.1292160" lon="-115.5135470">
    <ele>2052.9</ele>
    <time>2015-03-12T17:59:39Z</time>
   </trkpt>
   <trkpt lat="36.1291010" lon="-115.5137190">
    <ele>2052.6</ele>
    <time>2015-03-12T17:59:58Z</time>
   </trkpt>
   <trkpt lat="36.1290920" lon="-115.5137380">
    <ele>2052.5</ele>
    <time>2015-03-12T18:00:00Z</time>
   </trkpt>
   <trkpt lat="36.1290740" lon="-115.5137960">
    <ele>2053.3</ele>
    <time>2015-03-12T18:00:06Z</time>
   </trkpt>
   <trkpt lat="36.1290550" lon="-115.5139440">
    <ele>2057.2</ele>
    <time>2015-03-12T18:00:22Z</time>
   </trkpt>
   <trkpt lat="36.1290340" lon="-115.5139610">
    <ele>2057.5</ele>
    <time>2015-03-12T18:00:25Z</time>
   </trkpt>
   <trkpt lat="36.1290520" lon="-115.5141730">
    <ele>2062.0</ele>
    <time>2015-03-12T18:00:52Z</time>
   </trkpt>
   <trkpt lat="36.1289470" lon="-115.5143430">
    <ele>2068.8</ele>
    <time>2015-03-12T18:01:20Z</time>
   </trkpt>
   <trkpt lat="36.1289330" lon="-115.5145470">
    <ele>2073.4</ele>
    <time>2015-03-12T18:01:52Z</time>
   </trkpt>
   <trkpt lat="36.1289160" lon="-115.5147640">
    <ele>2081.2</ele>
    <time>2015-03-12T18:02:19Z</time>
   </trkpt>
   <trkpt lat="36.1290500" lon="-115.5148700">
    <ele>2086.9</ele>
    <time>2015-03-12T18:02:41Z</time>
   </trkpt>
   <trkpt lat="36.1290920" lon="-115.5149850">
    <ele>2091.4</ele>
    <time>2015-03-12T18:02:54Z</time>
   </trkpt>
   <trkpt lat="36.1290240" lon="-115.5151410">
    <ele>2093.6</ele>
    <time>2015-03-12T18:03:15Z</time>
   </trkpt>
   <trkpt lat="36.1290120" lon="-115.5151660">
    <ele>2093.8</ele>
    <time>2015-03-12T18:03:16Z</time>
   </trkpt>
   <trkpt lat="36.1289610" lon="-115.5153530">
    <ele>2093.6</ele>
    <time>2015-03-12T18:03:24Z</time>
   </trkpt>
   <trkpt lat="36.1289370" lon="-115.5155850">
    <ele>2088.8</ele>
    <time>2015-03-12T18:03:34Z</time>
   </trkpt>
   <trkpt lat="36.1289620" lon="-115.5157200">
    <ele>2087.7</ele>
    <time>2015-03-12T18:03:42Z</time>
   </trkpt>
   <trkpt lat="36.1290510" lon="-115.5159380">
    <ele>2086.2</ele>
    <time>2015-03-12T18:03:53Z</time>
   </trkpt>
   <trkpt lat="36.1290700" lon="-115.5159980">
    <ele>2085.3</ele>
    <time>2015-03-12T18:03:56Z</time>
   </trkpt>
   <trkpt lat="36.1291340" lon="-115.5160990">
    <ele>2081.2</ele>
    <time>2015-03-12T18:04:03Z</time>
   </trkpt>
   <trkpt lat="36.1291390" lon="-115.5162000">
    <ele>2081.2</ele>
    <time>2015-03-12T18:04:07Z</time>
   </trkpt>
   <trkpt lat="36.1292070" lon="-115.5164120">
    <ele>2075.5</ele>
    <time>2015-03-12T18:04:15Z</time>
   </trkpt>
   <trkpt lat="36.1292050" lon="-115.5164360">
    <ele>2075.1</ele>
    <time>2015-03-12T18:04:16Z</time>
   </trkpt>
   <trkpt lat="36.1291890" lon="-115.5165000">
    <ele>2075.5</ele>
    <time>2015-03-12T18:04:20Z</time>
   </trkpt>
   <trkpt lat="36.1291150" lon="-115.5165670">
    <ele>2078.0</ele>
    <time>2015-03-12T18:04:30Z</time>
   </trkpt>
   <trkpt lat="36.1291030" lon="-115.5165810">
    <ele>2078.3</ele>
    <time>2015-03-12T18:04:33Z</time>
   </trkpt>
   <trkpt lat="36.1290820" lon="-115.5166800">
    <ele>2079.3</ele>
    <time>2015-03-12T18:04:50Z</time>
   </trkpt>
   <trkpt lat="36.1290950" lon="-115.5167270">
    <ele>2080.1</ele>
    <time>2015-03-12T18:05:00Z</time>
   </trkpt>
   <trkpt lat="36.1290710" lon="-115.5168440">
    <ele>2085.0</ele>
    <time>2015-03-12T18:05:27Z</time>
   </trkpt>
   <trkpt lat="36.1290740" lon="-115.5168590">
    <ele>2085.9</ele>
    <time>2015-03-12T18:05:30Z</time>
   </trkpt>
   <trkpt lat="36.1291090" lon="-115.5169500">
    <ele>2092.2</ele>
    <time>2015-03-12T18:05:49Z</time>
   </trkpt>
   <trkpt lat="36.1290920" lon="-115.5171490">
    <ele>2104.1</ele>
    <time>2015-03-12T18:06:24Z</time>
   </trkpt>
   <trkpt lat="36.1290600" lon="-115.5173360">
    <ele>2111.3</ele>
    <time>2015-03-12T18:06:51Z</time>
   </trkpt>
   <trkpt lat="36.1290740" lon="-115.5174830">
    <ele>2117.1</ele>
    <time>2015-03-12T18:07:11Z</time>
   </trkpt>
   <trkpt lat="36.1291260" lon="-115.5175620">
    <ele>2121.5</ele>
    <time>2015-03-12T18:07:27Z</time>
   </trkpt>
   <trkpt lat="36.1291620" lon="-115.5177040">
    <ele>2127.8</ele>
    <time>2015-03-12T18:07:48Z</time>
   </trkpt>
   <trkpt lat="36.1293070" lon="-115.5178220">
    <ele>2132.7</ele>
    <time>2015-03-12T18:08:17Z</time>
   </trkpt>
   <trkpt lat="36.1293460" lon="-115.5178700">
    <ele>2132.0</ele>
    <time>2015-03-12T18:08:24Z</time>
   </trkpt>
   <trkpt lat="36.1293120" lon="-115.5180700">
    <ele>2134.5</ele>
    <time>2015-03-12T18:08:45Z</time>
   </trkpt>
   <trkpt lat="36.1292970" lon="-115.5181230">
    <ele>2135.1</ele>
    <time>2015-03-12T18:08:52Z</time>
   </trkpt>
   <trkpt lat="36.1292990" lon="-115.5182190">
    <ele>2134.6</ele>
    <time>2015-03-12T18:08:59Z</time>
   </trkpt>
   <trkpt lat="36.1291710" lon="-115.5183580">
    <ele>2141.6</ele>
    <time>2015-03-12T18:09:14Z</time>
   </trkpt>
   <trkpt lat="36.1291720" lon="-115.5184190">
    <ele>2142.0</ele>
    <time>2015-03-12T18:09:18Z</time>
   </trkpt>
   <trkpt lat="36.1291320" lon="-115.5185690">
    <ele>2143.7</ele>
    <time>2015-03-12T18:09:29Z</time>
   </trkpt>
   <trkpt lat="36.1290480" lon="-115.5187750">
    <ele>2146.2</ele>
    <time>2015-03-12T18:09:45Z</time>
   </trkpt>
   <trkpt lat="36.1290530" lon="-115.5187940">
    <ele>2146.2</ele>
    <time>2015-03-12T18:09:46Z</time>
   </trkpt>
   <trkpt lat="36.1290070" lon="-115.5189510">
    <ele>2150.0</ele>
    <time>2015-03-12T18:10:03Z</time>
   </trkpt>
   <trkpt lat="36.1289700" lon="-115.5191480">
    <ele>2155.3</ele>
    <time>2015-03-12T18:10:33Z</time>
   </trkpt>
   <trkpt lat="36.1289910" lon="-115.5193590">
    <ele>2161.4</ele>
    <time>2015-03-12T18:10:57Z</time>
   </trkpt>
   <trkpt lat="36.1290410" lon="-115.5195650">
    <ele>2167.1</ele>
    <time>2015-03-12T18:11:20Z</time>
   </trkpt>
   <trkpt lat="36.1291900" lon="-115.5197120">
    <ele>2167.1</ele>
    <time>2015-03-12T18:11:31Z</time>
   </trkpt>
   <trkpt lat="36.1292030" lon="-115.5197300">
    <ele>2167.8</ele>
    <time>2015-03-12T18:11:32Z</time>
   </trkpt>
   <trkpt lat="36.1293270" lon="-115.5198230">
    <ele>2168.8</ele>
    <time>2015-03-12T18:11:41Z</time>
   </trkpt>
   <trkpt lat="36.1294250" lon="-115.5199680">
    <ele>2168.0</ele>
    <time>2015-03-12T18:11:59Z</time>
   </trkpt>
   <trkpt lat="36.1294180" lon="-115.5199780">
    <ele>2168.7</ele>
    <time>2015-03-12T18:12:01Z</time>
   </trkpt>
   <trkpt lat="36.1329500" lon="-115.5203720">
    <ele>2188.1</ele>
    <time>2015-03-12T18:17:37Z</time>
   </trkpt>
   <trkpt lat="36.1329930" lon="-115.5203710">
    <ele>2188.5</ele>
    <time>2015-03-12T18:17:41Z</time>
   </trkpt>
   <trkpt lat="36.1331700" lon="-115.5204050">
    <ele>2188.1</ele>
    <time>2015-03-12T18:17:49Z</time>
   </trkpt>
   <trkpt lat="36.1332240" lon="-115.5204300">
    <ele>2187.4</ele>
    <time>2015-03-12T18:17:51Z</time>
   </trkpt>
   <trkpt lat="36.1334110" lon="-115.5204380">
    <ele>2186.1</ele>
    <time>2015-03-12T18:17:58Z</time>
   </trkpt>
   <trkpt lat="36.1335670" lon="-115.5203910">
    <ele>2184.1</ele>
    <time>2015-03-12T18:18:04Z</time>
   </trkpt>
   <trkpt lat="36.1336330" lon="-115.5204160">
    <ele>2181.7</ele>
    <time>2015-03-12T18:18:08Z</time>
   </trkpt>
   <trkpt lat="36.1338290" lon="-115.5204920">
    <ele>2176.8</ele>
    <time>2015-03-12T18:18:15Z</time>
   </trkpt>
   <trkpt lat="36.1340100" lon="-115.5205090">
    <ele>2178.2</ele>
    <time>2015-03-12T18:18:21Z</time>
   </trkpt>
   <trkpt lat="36.1340680" lon="-115.5205380">
    <ele>2176.8</ele>
    <time>2015-03-12T18:18:25Z</time>
   </trkpt>
   <trkpt lat="36.1339250" lon="-115.5206090">
    <ele>2172.0</ele>
    <time>2015-03-12T18:18:31Z</time>
   </trkpt>
   <trkpt lat="36.1337270" lon="-115.5206870">
    <ele>2166.4</ele>
    <time>2015-03-12T18:18:38Z</time>
   </trkpt>
   <trkpt lat="36.1336600" lon="-115.5207320">
    <ele>2164.8</ele>
    <time>2015-03-12T18:18:41Z</time>
   </trkpt>
   <trkpt lat="36.1337350" lon="-115.5207460">
    <ele>2163.7</ele>
    <time>2015-03-12T18:18:45Z</time>
   </trkpt>
   <trkpt lat="36.1339310" lon="-115.5208200">
    <ele>2161.8</ele>
    <time>2015-03-12T18:18:52Z</time>
   </trkpt>
   <trkpt lat="36.1340680" lon="-115.5209780">
    <ele>2162.9</ele>
    <time>2015-03-12T18:18:59Z</time>
   </trkpt>
   <trkpt lat="36.1341470" lon="-115.5212210">
    <ele>2161.3</ele>
    <time>2015-03-12T18:19:06Z</time>
   </trkpt>
   <trkpt lat="36.1341530" lon="-115.5214520">
    <ele>2155.6</ele>
    <time>2015-03-12T18:19:12Z</time>
   </trkpt>
   <trkpt lat="36.1342210" lon="-115.5216620">
    <ele>2152.0</ele>
    <time>2015-03-12T18:19:18Z</time>
   </trkpt>
   <trkpt lat="36.1342220" lon="-115.5216760">
    <ele>2151.6</ele>
    <time>2015-03-12T18:19:19Z</time>
   </trkpt>
   <trkpt lat="36.1341310" lon="-115.5216230">
    <ele>2150.6</ele>
    <time>2015-03-12T18:19:23Z</time>
   </trkpt>
   <trkpt lat="36.1340360" lon="-115.5215580">
    <ele>2149.1</ele>
    <time>2015-03-12T18:19:27Z</time>
   </trkpt>
   <trkpt lat="36.1340350" lon="-115.5216760">
    <ele>2145.4</ele>
    <time>2015-03-12T18:19:32Z</time>
   </trkpt>
   <trkpt lat="36.1340860" lon="-115.5218910">
    <ele>2141.4</ele>
    <time>2015-03-12T18:19:39Z</time>
   </trkpt>
   <trkpt lat="36.1341280" lon="-115.5219680">
    <ele>2141.6</ele>
    <time>2015-03-12T18:19:42Z</time>
   </trkpt>
   <trkpt lat="36.1342050" lon="-115.5221590">
    <ele>2139.5</ele>
    <time>2015-03-12T18:19:49Z</time>
   </trkpt>
   <trkpt lat="36.1341970" lon="-115.5221950">
    <ele>2138.1</ele>
    <time>2015-03-12T18:19:50Z</time>
   </trkpt>
   <trkpt lat="36.1341510" lon="-115.5224120">
    <ele>2133.1</ele>
    <time>2015-03-12T18:19:56Z</time>
   </trkpt>
   <trkpt lat="36.1341250" lon="-115.5225190">
    <ele>2133.4</ele>
    <time>2015-03-12T18:19:59Z</time>
   </trkpt>
   <trkpt lat="36.1340520" lon="-115.5226850">
    <ele>2131.0</ele>
    <time>2015-03-12T18:20:06Z</time>
   </trkpt>
   <trkpt lat="36.1339700" lon="-115.5228540">
    <ele>2123.4</ele>
    <time>2015-03-12T18:20:11Z</time>
   </trkpt>
   <trkpt lat="36.1338300" lon="-115.5229900">
    <ele>2120.1</ele>
    <time>2015-03-12T18:20:17Z</time>
   </trkpt>
   <trkpt lat="36.1336790" lon="-115.5231150">
    <ele>2120.4</ele>
    <time>2015-03-12T18:20:23Z</time>
   </trkpt>
   <trkpt lat="36.1336570" lon="-115.5231380">
    <ele>2120.0</ele>
    <time>2015-03-12T18:20:24Z</time>
   </trkpt>
   <trkpt lat="36.1335430" lon="-115.5233390">
    <ele>2114.0</ele>
    <time>2015-03-12T18:20:31Z</time>
   </trkpt>
   <trkpt lat="36.1335410" lon="-115.5233730">
    <ele>2113.1</ele>
    <time>2015-03-12T18:20:32Z</time>
   </trkpt>
   <trkpt lat="36.1334780" lon="-115.5235470">
    <ele>2111.7</ele>
    <time>2015-03-12T18:20:43Z</time>
   </trkpt>
   <trkpt lat="36.1334030" lon="-115.5236500">
    <ele>2106.9</ele>
    <time>2015-03-12T18:20:50Z</time>
   </trkpt>
   <trkpt lat="36.1333620" lon="-115.5238770">
    <ele>2102.6</ele>
    <time>2015-03-12T18:20:59Z</time>
   </trkpt>
   <trkpt lat="36.1333770" lon="-115.5240960">
    <ele>2102.5</ele>
    <time>2015-03-12T18:21:08Z</time>
   </trkpt>
   <trkpt lat="36.1333420" lon="-115.5243210">
    <ele>2095.4</ele>
    <time>2015-03-12T18:21:17Z</time>
   </trkpt>
   <trkpt lat="36.1333170" lon="-115.5243870">
    <ele>2093.9</ele>
    <time>2015-03-12T18:21:19Z</time>
   </trkpt>
   <trkpt lat="36.1332420" lon="-115.5244880">
    <ele>2093.3</ele>
    <time>2015-03-12T18:21:23Z</time>
   </trkpt>
   <trkpt lat="36.1331910" lon="-115.5247170">
    <ele>2093.5</ele>
    <time>2015-03-12T18:21:30Z</time>
   </trkpt>
   <trkpt lat="36.1331230" lon="-115.5247750">
    <ele>2093.6</ele>
    <time>2015-03-12T18:21:34Z</time>
   </trkpt>
   <trkpt lat="36.1330890" lon="-115.5248160">
    <ele>2093.4</ele>
    <time>2015-03-12T18:21:36Z</time>
   </trkpt>
   <trkpt lat="36.1330710" lon="-115.5248950">
    <ele>2092.9</ele>
    <time>2015-03-12T18:21:39Z</time>
   </trkpt>
   <trkpt lat="36.1331080" lon="-115.5249560">
    <ele>2093.3</ele>
    <time>2015-03-12T18:21:43Z</time>
   </trkpt>
   <trkpt lat="36.1330300" lon="-115.5250620">
    <ele>2092.0</ele>
    <time>2015-03-12T18:21:49Z</time>
   </trkpt>
   <trkpt lat="36.1330140" lon="-115.5251230">
    <ele>2091.5</ele>
    <time>2015-03-12T18:21:51Z</time>
   </trkpt>
   <trkpt lat="36.1329390" lon="-115.5253160">
    <ele>2087.3</ele>
    <time>2015-03-12T18:21:58Z</time>
   </trkpt>
   <trkpt lat="36.1329330" lon="-115.5255400">
    <ele>2083.1</ele>
    <time>2015-03-12T18:22:05Z</time>
   </trkpt>
   <trkpt lat="36.1329650" lon="-115.5257650">
    <ele>2083.0</ele>
    <time>2015-03-12T18:22:11Z</time>
   </trkpt>
   <trkpt lat="36.1329070" lon="-115.5259280">
    <ele>2080.6</ele>
    <time>2015-03-12T18:22:16Z</time>
   </trkpt>
   <trkpt lat="36.1328840" lon="-115.5259480">
    <ele>2080.0</ele>
    <time>2015-03-12T18:22:17Z</time>
   </trkpt>
   <trkpt lat="36.1327720" lon="-115.5261320">
    <ele>2074.8</ele>
    <time>2015-03-12T18:22:23Z</time>
   </trkpt>
   <trkpt lat="36.1327600" lon="-115.5261620">
    <ele>2074.0</ele>
    <time>2015-03-12T18:22:24Z</time>
   </trkpt>
   <trkpt lat="36.1325760" lon="-115.5262080">
    <ele>2071.7</ele>
    <time>2015-03-12T18:22:31Z</time>
   </trkpt>
   <trkpt lat="36.1324530" lon="-115.5262730">
    <ele>2068.3</ele>
    <time>2015-03-12T18:22:36Z</time>
   </trkpt>
   <trkpt lat="36.1323350" lon="-115.5263970">
    <ele>2062.7</ele>
    <time>2015-03-12T18:22:42Z</time>
   </trkpt>
   <trkpt lat="36.1321700" lon="-115.5265120">
    <ele>2061.4</ele>
    <time>2015-03-12T18:22:49Z</time>
   </trkpt>
   <trkpt lat="36.1320390" lon="-115.5266320">
    <ele>2057.6</ele>
    <time>2015-03-12T18:22:55Z</time>
   </trkpt>
   <trkpt lat="36.1319910" lon="-115.5267720">
    <ele>2052.7</ele>
    <time>2015-03-12T18:23:02Z</time>
   </trkpt>
   <trkpt lat="36.1319150" lon="-115.5268400">
    <ele>2052.5</ele>
    <time>2015-03-12T18:23:06Z</time>
   </trkpt>
   <trkpt lat="36.1318450" lon="-115.5268670">
    <ele>2052.5</ele>
    <time>2015-03-12T18:23:09Z</time>
   </trkpt>
   <trkpt lat="36.1316900" lon="-115.5270240">
    <ele>2047.6</ele>
    <time>2015-03-12T18:23:18Z</time>
   </trkpt>
   <trkpt lat="36.1316720" lon="-115.5270400">
    <ele>2047.0</ele>
    <time>2015-03-12T18:23:19Z</time>
   </trkpt>
   <trkpt lat="36.1316380" lon="-115.5271230">
    <ele>2044.0</ele>
    <time>2015-03-12T18:23:23Z</time>
   </trkpt>
   <trkpt lat="36.1314700" lon="-115.5271950">
    <ele>2040.5</ele>
    <time>2015-03-12T18:23:33Z</time>
   </trkpt>
   <trkpt lat="36.1314340" lon="-115.5272190">
    <ele>2039.7</ele>
    <time>2015-03-12T18:23:35Z</time>
   </trkpt>
   <trkpt lat="36.1314240" lon="-115.5272390">
    <ele>2039.2</ele>
    <time>2015-03-12T18:23:36Z</time>
   </trkpt>
   <trkpt lat="36.1313710" lon="-115.5274490">
    <ele>2034.9</ele>
    <time>2015-03-12T18:23:44Z</time>
   </trkpt>
   <trkpt lat="36.1312070" lon="-115.5276070">
    <ele>2032.6</ele>
    <time>2015-03-12T18:23:50Z</time>
   </trkpt>
   <trkpt lat="36.1310580" lon="-115.5277310">
    <ele>2029.3</ele>
    <time>2015-03-12T18:23:56Z</time>
   </trkpt>
   <trkpt lat="36.1309230" lon="-115.5278060">
    <ele>2025.3</ele>
    <time>2015-03-12T18:24:03Z</time>
   </trkpt>
   <trkpt lat="36.1307650" lon="-115.5277810">
    <ele>2023.7</ele>
    <time>2015-03-12T18:24:09Z</time>
   </trkpt>
   <trkpt lat="36.1306180" lon="-115.5277420">
    <ele>2020.6</ele>
    <time>2015-03-12T18:24:14Z</time>
   </trkpt>
   <trkpt lat="36.1304490" lon="-115.5278280">
    <ele>2017.0</ele>
    <time>2015-03-12T18:24:20Z</time>
   </trkpt>
   <trkpt lat="36.1304070" lon="-115.5278810">
    <ele>2016.8</ele>
    <time>2015-03-12T18:24:22Z</time>
   </trkpt>
   <trkpt lat="36.1302410" lon="-115.5280080">
    <ele>2015.2</ele>
    <time>2015-03-12T18:24:28Z</time>
   </trkpt>
   <trkpt lat="36.1300690" lon="-115.5281410">
    <ele>2012.5</ele>
    <time>2015-03-12T18:24:35Z</time>
   </trkpt>
   <trkpt lat="36.1299070" lon="-115.5283050">
    <ele>2010.8</ele>
    <time>2015-03-12T18:24:41Z</time>
   </trkpt>
   <trkpt lat="36.1298000" lon="-115.5284910">
    <ele>2010.1</ele>
    <time>2015-03-12T18:24:47Z</time>
   </trkpt>
   <trkpt lat="36.1297960" lon="-115.5285240">
    <ele>2010.4</ele>
    <time>2015-03-12T18:24:48Z</time>
   </trkpt>
   <trkpt lat="36.1297780" lon="-115.5286350">
    <ele>2010.4</ele>
    <time>2015-03-12T18:24:52Z</time>
   </trkpt>
   <trkpt lat="36.1298010" lon="-115.5287760">
    <ele>2011.1</ele>
    <time>2015-03-12T18:24:59Z</time>
   </trkpt>
   <trkpt lat="36.1298180" lon="-115.5288290">
    <ele>2011.3</ele>
    <time>2015-03-12T18:25:01Z</time>
   </trkpt>
   <trkpt lat="36.1299080" lon="-115.5290440">
    <ele>2009.9</ele>
    <time>2015-03-12T18:25:08Z</time>
   </trkpt>
   <trkpt lat="36.1300210" lon="-115.5291520">
    <ele>2008.8</ele>
    <time>2015-03-12T18:25:13Z</time>
   </trkpt>
   <trkpt lat="36.1301540" lon="-115.5291720">
    <ele>2009.1</ele>
    <time>2015-03-12T18:25:18Z</time>
   </trkpt>
   <trkpt lat="36.1302480" lon="-115.5291980">
    <ele>2009.8</ele>
    <time>2015-03-12T18:25:22Z</time>
   </trkpt>
   <trkpt lat="36.1304220" lon="-115.5293050">
    <ele>2010.8</ele>
    <time>2015-03-12T18:25:30Z</time>
   </trkpt>
   <trkpt lat="36.1305520" lon="-115.5294780">
    <ele>2009.5</ele>
    <time>2015-03-12T18:25:37Z</time>
   </trkpt>
   <trkpt lat="36.1305580" lon="-115.5295070">
    <ele>2009.2</ele>
    <time>2015-03-12T18:25:38Z</time>
   </trkpt>
   <trkpt lat="36.1304780" lon="-115.5296950">
    <ele>2005.8</ele>
    <time>2015-03-12T18:25:44Z</time>
   </trkpt>
   <trkpt lat="36.1304390" lon="-115.5298570">
    <ele>2004.7</ele>
    <time>2015-03-12T18:25:49Z</time>
   </trkpt>
   <trkpt lat="36.1304750" lon="-115.5300970">
    <ele>2004.7</ele>
    <time>2015-03-12T18:25:56Z</time>
   </trkpt>
   <trkpt lat="36.1305570" lon="-115.5303260">
    <ele>2004.2</ele>
    <time>2015-03-12T18:26:03Z</time>
   </trkpt>
   <trkpt lat="36.1306500" lon="-115.5304350">
    <ele>2003.1</ele>
    <time>2015-03-12T18:26:07Z</time>
   </trkpt>
   <trkpt lat="36.1307560" lon="-115.5306210">
    <ele>2001.1</ele>
    <time>2015-03-12T18:26:13Z</time>
   </trkpt>
   <trkpt lat="36.1308050" lon="-115.5307390">
    <ele>2001.1</ele>
    <time>2015-03-12T18:26:16Z</time>
   </trkpt>
   <trkpt lat="36.1309010" lon="-115.5309400">
    <ele>1997.7</ele>
    <time>2015-03-12T18:26:22Z</time>
   </trkpt>
   <trkpt lat="36.1309660" lon="-115.5311750">
    <ele>1994.8</ele>
    <time>2015-03-12T18:26:28Z</time>
   </trkpt>
   <trkpt lat="36.1309670" lon="-115.5312070">
    <ele>1994.8</ele>
    <time>2015-03-12T18:26:29Z</time>
   </trkpt>
   <trkpt lat="36.1309330" lon="-115.5313660">
    <ele>1994.3</ele>
    <time>2015-03-12T18:26:34Z</time>
   </trkpt>
   <trkpt lat="36.1308390" lon="-115.5315600">
    <ele>1993.0</ele>
    <time>2015-03-12T18:26:40Z</time>
   </trkpt>
   <trkpt lat="36.1307140" lon="-115.5317430">
    <ele>1991.6</ele>
    <time>2015-03-12T18:26:46Z</time>
   </trkpt>
   <trkpt lat="36.1306150" lon="-115.5318950">
    <ele>1989.8</ele>
    <time>2015-03-12T18:26:51Z</time>
   </trkpt>
   <trkpt lat="36.1305910" lon="-115.5321240">
    <ele>1986.6</ele>
    <time>2015-03-12T18:26:57Z</time>
   </trkpt>
   <trkpt lat="36.1306630" lon="-115.5323630">
    <ele>1984.3</ele>
    <time>2015-03-12T18:27:03Z</time>
   </trkpt>
   <trkpt lat="36.1306730" lon="-115.5323980">
    <ele>1983.7</ele>
    <time>2015-03-12T18:27:04Z</time>
   </trkpt>
   <trkpt lat="36.1307450" lon="-115.5326290">
    <ele>1978.7</ele>
    <time>2015-03-12T18:27:10Z</time>
   </trkpt>
   <trkpt lat="36.1307590" lon="-115.5326650">
    <ele>1978.0</ele>
    <time>2015-03-12T18:27:11Z</time>
   </trkpt>
   <trkpt lat="36.1308210" lon="-115.5328760">
    <ele>1973.7</ele>
    <time>2015-03-12T18:27:18Z</time>
   </trkpt>
   <trkpt lat="36.1309020" lon="-115.5331030">
    <ele>1971.3</ele>
    <time>2015-03-12T18:27:25Z</time>
   </trkpt>
   <trkpt lat="36.1309170" lon="-115.5331210">
    <ele>1971.1</ele>
    <time>2015-03-12T18:27:26Z</time>
   </trkpt>
   <trkpt lat="36.1310780" lon="-115.5332430">
    <ele>1969.2</ele>
    <time>2015-03-12T18:27:33Z</time>
   </trkpt>
   <trkpt lat="36.1311760" lon="-115.5333020">
    <ele>1971.0</ele>
    <time>2015-03-12T18:27:40Z</time>
   </trkpt>
   <trkpt lat="36.1313330" lon="-115.5331850">
    <ele>1969.4</ele>
    <time>2015-03-12T18:27:48Z</time>
   </trkpt>
   <trkpt lat="36.1315100" lon="-115.5331190">
    <ele>1970.0</ele>
    <time>2015-03-12T18:27:56Z</time>
   </trkpt>
   <trkpt lat="36.1316910" lon="-115.5330750">
    <ele>1968.0</ele>
    <time>2015-03-12T18:28:03Z</time>
   </trkpt>
   <trkpt lat="36.1318860" lon="-115.5330340">
    <ele>1961.8</ele>
    <time>2015-03-12T18:28:10Z</time>
   </trkpt>
   <trkpt lat="36.1321150" lon="-115.5329900">
    <ele>1962.5</ele>
    <time>2015-03-12T18:28:18Z</time>
   </trkpt>
   <trkpt lat="36.1322650" lon="-115.5329160">
    <ele>1962.7</ele>
    <time>2015-03-12T18:28:25Z</time>
   </trkpt>
   <trkpt lat="36.1323600" lon="-115.5327150">
    <ele>1955.2</ele>
    <time>2015-03-12T18:28:36Z</time>
   </trkpt>
   <trkpt lat="36.1323850" lon="-115.5326200">
    <ele>1952.2</ele>
    <time>2015-03-12T18:28:39Z</time>
   </trkpt>
   <trkpt lat="36.1324070" lon="-115.5325700">
    <ele>1950.9</ele>
    <time>2015-03-12T18:28:41Z</time>
   </trkpt>
   <trkpt lat="36.1325020" lon="-115.5324670">
    <ele>1948.6</ele>
    <time>2015-03-12T18:28:48Z</time>
   </trkpt>
   <trkpt lat="36.1325710" lon="-115.5324600">
    <ele>1948.4</ele>
    <time>2015-03-12T18:28:51Z</time>
   </trkpt>
   <trkpt lat="36.1325930" lon="-115.5323950">
    <ele>1946.7</ele>
    <time>2015-03-12T18:28:55Z</time>
   </trkpt>
   <trkpt lat="36.1326710" lon="-115.5323250">
    <ele>1944.6</ele>
    <time>2015-03-12T18:29:00Z</time>
   </trkpt>
   <trkpt lat="36.1327150" lon="-115.5322470">
    <ele>1942.5</ele>
    <time>2015-03-12T18:29:04Z</time>
   </trkpt>
   <trkpt lat="36.1327670" lon="-115.5320960">
    <ele>1939.4</ele>
    <time>2015-03-12T18:29:10Z</time>
   </trkpt>
   <trkpt lat="36.1327820" lon="-115.5320370">
    <ele>1938.0</ele>
    <time>2015-03-12T18:29:14Z</time>
   </trkpt>
   <trkpt lat="36.1329280" lon="-115.5318970">
    <ele>1934.9</ele>
    <time>2015-03-12T18:29:22Z</time>
   </trkpt>
   <trkpt lat="36.1330490" lon="-115.5317330">
    <ele>1932.8</ele>
    <time>2015-03-12T18:29:28Z</time>
   </trkpt>
   <trkpt lat="36.1330640" lon="-115.5317040">
    <ele>1932.4</ele>
    <time>2015-03-12T18:29:29Z</time>
   </trkpt>
   <trkpt lat="36.1331950" lon="-115.5315520">
    <ele>1930.9</ele>
    <time>2015-03-12T18:29:36Z</time>
   </trkpt>
   <trkpt lat="36.1333850" lon="-115.5314930">
    <ele>1928.3</ele>
    <time>2015-03-12T18:29:44Z</time>
   </trkpt>
   <trkpt lat="36.1335630" lon="-115.5316110">
    <ele>1928.3</ele>
    <time>2015-03-12T18:29:51Z</time>
   </trkpt>
   <trkpt lat="36.1337130" lon="-115.5317540">
    <ele>1926.7</ele>
    <time>2015-03-12T18:29:58Z</time>
   </trkpt>
   <trkpt lat="36.1337190" lon="-115.5317870">
    <ele>1926.5</ele>
    <time>2015-03-12T18:29:59Z</time>
   </trkpt>
   <trkpt lat="36.1336720" lon="-115.5320190">
    <ele>1924.6</ele>
    <time>2015-03-12T18:30:05Z</time>
   </trkpt>
   <trkpt lat="36.1337130" lon="-115.5322380">
    <ele>1924.3</ele>
    <time>2015-03-12T18:30:11Z</time>
   </trkpt>
   <trkpt lat="36.1338850" lon="-115.5321790">
    <ele>1921.2</ele>
    <time>2015-03-12T18:30:17Z</time>
   </trkpt>
   <trkpt lat="36.1339720" lon="-115.5321650">
    <ele>1920.6</ele>
    <time>2015-03-12T18:30:20Z</time>
   </trkpt>
   <trkpt lat="36.1341520" lon="-115.5321530">
    <ele>1918.4</ele>
    <time>2015-03-12T18:30:26Z</time>
   </trkpt>
   <trkpt lat="36.1341800" lon="-115.5321340">
    <ele>1917.5</ele>
    <time>2015-03-12T18:30:27Z</time>
   </trkpt>
   <trkpt lat="36.1343690" lon="-115.5320370">
    <ele>1912.8</ele>
    <time>2015-03-12T18:30:34Z</time>
   </trkpt>
   <trkpt lat="36.1345550" lon="-115.5320960">
    <ele>1909.6</ele>
    <time>2015-03-12T18:30:40Z</time>
   </trkpt>
   <trkpt lat="36.1346600" lon="-115.5322910">
    <ele>1905.8</ele>
    <time>2015-03-12T18:30:46Z</time>
   </trkpt>
   <trkpt lat="36.1346600" lon="-115.5323260">
    <ele>1905.4</ele>
    <time>2015-03-12T18:30:47Z</time>
   </trkpt>
   <trkpt lat="36.1346270" lon="-115.5325670">
    <ele>1906.6</ele>
    <time>2015-03-12T18:30:54Z</time>
   </trkpt>
   <trkpt lat="36.1346390" lon="-115.5325970">
    <ele>1906.5</ele>
    <time>2015-03-12T18:30:55Z</time>
   </trkpt>
   <trkpt lat="36.1347220" lon="-115.5326700">
    <ele>1905.6</ele>
    <time>2015-03-12T18:30:59Z</time>
   </trkpt>
   <trkpt lat="36.1349000" lon="-115.5327580">
    <ele>1903.6</ele>
    <time>2015-03-12T18:31:07Z</time>
   </trkpt>
   <trkpt lat="36.1350000" lon="-115.5327490">
    <ele>1901.9</ele>
    <time>2015-03-12T18:31:11Z</time>
   </trkpt>
   <trkpt lat="36.1351020" lon="-115.5326500">
    <ele>1899.2</ele>
    <time>2015-03-12T18:31:16Z</time>
   </trkpt>
   <trkpt lat="36.1352730" lon="-115.5326900">
    <ele>1897.9</ele>
    <time>2015-03-12T18:31:23Z</time>
   </trkpt>
   <trkpt lat="36.1353620" lon="-115.5327120">
    <ele>1897.9</ele>
    <time>2015-03-12T18:31:26Z</time>
   </trkpt>
   <trkpt lat="36.1354860" lon="-115.5325200">
    <ele>1895.2</ele>
    <time>2015-03-12T18:31:32Z</time>
   </trkpt>
   <trkpt lat="36.1355360" lon="-115.5323620">
    <ele>1895.8</ele>
    <time>2015-03-12T18:31:36Z</time>
   </trkpt>
   <trkpt lat="36.1356200" lon="-115.5321700">
    <ele>1895.2</ele>
    <time>2015-03-12T18:31:42Z</time>
   </trkpt>
   <trkpt lat="36.1357780" lon="-115.5320280">
    <ele>1890.2</ele>
    <time>2015-03-12T18:31:48Z</time>
   </trkpt>
   <trkpt lat="36.1359350" lon="-115.5319020">
    <ele>1887.9</ele>
    <time>2015-03-12T18:31:54Z</time>
   </trkpt>
   <trkpt lat="36.1360930" lon="-115.5317700">
    <ele>1886.2</ele>
    <time>2015-03-12T18:32:00Z</time>
   </trkpt>
   <trkpt lat="36.1362670" lon="-115.5316590">
    <ele>1883.6</ele>
    <time>2015-03-12T18:32:06Z</time>
   </trkpt>
   <trkpt lat="36.1364460" lon="-115.5317030">
    <ele>1880.4</ele>
    <time>2015-03-12T18:32:12Z</time>
   </trkpt>
   <trkpt lat="36.1365700" lon="-115.5319050">
    <ele>1876.2</ele>
    <time>2015-03-12T18:32:19Z</time>
   </trkpt>
   <trkpt lat="36.1366240" lon="-115.5321250">
    <ele>1874.3</ele>
    <time>2015-03-12T18:32:25Z</time>
   </trkpt>
   <trkpt lat="36.1366120" lon="-115.5323700">
    <ele>1876.0</ele>
    <time>2015-03-12T18:32:31Z</time>
   </trkpt>
   <trkpt lat="36.1366250" lon="-115.5324090">
    <ele>1876.0</ele>
    <time>2015-03-12T18:32:32Z</time>
   </trkpt>
   <trkpt lat="36.1367850" lon="-115.5324800">
    <ele>1874.8</ele>
    <time>2015-03-12T18:32:38Z</time>
   </trkpt>
   <trkpt lat="36.1369540" lon="-115.5323810">
    <ele>1870.9</ele>
    <time>2015-03-12T18:32:44Z</time>
   </trkpt>
   <trkpt lat="36.1369820" lon="-115.5323720">
    <ele>1870.4</ele>
    <time>2015-03-12T18:32:45Z</time>
   </trkpt>
   <trkpt lat="36.1371170" lon="-115.5322260">
    <ele>1869.4</ele>
    <time>2015-03-12T18:32:51Z</time>
   </trkpt>
   <trkpt lat="36.1372020" lon="-115.5320190">
    <ele>1866.3</ele>
    <time>2015-03-12T18:32:57Z</time>
   </trkpt>
   <trkpt lat="36.1373520" lon="-115.5318770">
    <ele>1865.6</ele>
    <time>2015-03-12T18:33:03Z</time>
   </trkpt>
   <trkpt lat="36.1375110" lon="-115.5317180">
    <ele>1866.2</ele>
    <time>2015-03-12T18:33:09Z</time>
   </trkpt>
   <trkpt lat="36.1376600" lon="-115.5315460">
    <ele>1864.0</ele>
    <time>2015-03-12T18:33:15Z</time>
   </trkpt>
   <trkpt lat="36.1378090" lon="-115.5313700">
    <ele>1859.9</ele>
    <time>2015-03-12T18:33:21Z</time>
   </trkpt>
   <trkpt lat="36.1380110" lon="-115.5313520">
    <ele>1857.2</ele>
    <time>2015-03-12T18:33:27Z</time>
   </trkpt>
   <trkpt lat="36.1381430" lon="-115.5313990">
    <ele>1857.3</ele>
    <time>2015-03-12T18:33:31Z</time>
   </trkpt>
   <trkpt lat="36.1383260" lon="-115.5313160">
    <ele>1854.1</ele>
    <time>2015-03-12T18:33:37Z</time>
   </trkpt>
   <trkpt lat="36.1385150" lon="-115.5313470">
    <ele>1851.3</ele>
    <time>2015-03-12T18:33:43Z</time>
   </trkpt>
   <trkpt lat="36.1387130" lon="-115.5312940">
    <ele>1849.7</ele>
    <time>2015-03-12T18:33:49Z</time>
   </trkpt>
   <trkpt lat="36.1389010" lon="-115.5312010">
    <ele>1846.7</ele>
    <time>2015-03-12T18:33:56Z</time>
   </trkpt>
   <trkpt lat="36.1390910" lon="-115.5312820">
    <ele>1845.2</ele>
    <time>2015-03-12T18:34:02Z</time>
   </trkpt>
   <trkpt lat="36.1391750" lon="-115.5315080">
    <ele>1843.5</ele>
    <time>2015-03-12T18:34:08Z</time>
   </trkpt>
   <trkpt lat="36.1391980" lon="-115.5315400">
    <ele>1843.3</ele>
    <time>2015-03-12T18:34:09Z</time>
   </trkpt>
   <trkpt lat="36.1393570" lon="-115.5315870">
    <ele>1842.7</ele>
    <time>2015-03-12T18:34:14Z</time>
   </trkpt>
   <trkpt lat="36.1395270" lon="-115.5316990">
    <ele>1841.4</ele>
    <time>2015-03-12T18:34:20Z</time>
   </trkpt>
   <trkpt lat="36.1396610" lon="-115.5318520">
    <ele>1839.5</ele>
    <time>2015-03-12T18:34:26Z</time>
   </trkpt>
   <trkpt lat="36.1397990" lon="-115.5319990">
    <ele>1838.5</ele>
    <time>2015-03-12T18:34:32Z</time>
   </trkpt>
   <trkpt lat="36.1398290" lon="-115.5320170">
    <ele>1838.6</ele>
    <time>2015-03-12T18:34:33Z</time>
   </trkpt>
   <trkpt lat="36.1399660" lon="-115.5318760">
    <ele>1838.0</ele>
    <time>2015-03-12T18:34:39Z</time>
   </trkpt>
   <trkpt lat="36.1399780" lon="-115.5318400">
    <ele>1837.9</ele>
    <time>2015-03-12T18:34:40Z</time>
   </trkpt>
   <trkpt lat="36.1400560" lon="-115.5316240">
    <ele>1836.7</ele>
    <time>2015-03-12T18:34:46Z</time>
   </trkpt>
   <trkpt lat="36.1401570" lon="-115.5314280">
    <ele>1833.7</ele>
    <time>2015-03-12T18:34:52Z</time>
   </trkpt>
   <trkpt lat="36.1402750" lon="-115.5312460">
    <ele>1831.5</ele>
    <time>2015-03-12T18:34:58Z</time>
   </trkpt>
   <trkpt lat="36.1403820" lon="-115.5310650">
    <ele>1830.6</ele>
    <time>2015-03-12T18:35:04Z</time>
   </trkpt>
   <trkpt lat="36.1404870" lon="-115.5309160">
    <ele>1826.9</ele>
    <time>2015-03-12T18:35:10Z</time>
   </trkpt>
   <trkpt lat="36.1405840" lon="-115.5310010">
    <ele>1827.8</ele>
    <time>2015-03-12T18:35:15Z</time>
   </trkpt>
   <trkpt lat="36.1406100" lon="-115.5310280">
    <ele>1827.9</ele>
    <time>2015-03-12T18:35:16Z</time>
   </trkpt>
   <trkpt lat="36.1407270" lon="-115.5310240">
    <ele>1826.3</ele>
    <time>2015-03-12T18:35:20Z</time>
   </trkpt>
   <trkpt lat="36.1409190" lon="-115.5309600">
    <ele>1823.8</ele>
    <time>2015-03-12T18:35:27Z</time>
   </trkpt>
   <trkpt lat="36.1409430" lon="-115.5309400">
    <ele>1823.4</ele>
    <time>2015-03-12T18:35:28Z</time>
   </trkpt>
   <trkpt lat="36.1408480" lon="-115.5307950">
    <ele>1821.7</ele>
    <time>2015-03-12T18:35:34Z</time>
   </trkpt>
   <trkpt lat="36.1407510" lon="-115.5306580">
    <ele>1819.4</ele>
    <time>2015-03-12T18:35:41Z</time>
   </trkpt>
   <trkpt lat="36.1409160" lon="-115.5305450">
    <ele>1816.2</ele>
    <time>2015-03-12T18:35:47Z</time>
   </trkpt>
   <trkpt lat="36.1410600" lon="-115.5304180">
    <ele>1811.8</ele>
    <time>2015-03-12T18:35:53Z</time>
   </trkpt>
   <trkpt lat="36.1409430" lon="-115.5302380">
    <ele>1811.8</ele>
    <time>2015-03-12T18:35:59Z</time>
   </trkpt>
   <trkpt lat="36.1407740" lon="-115.5301210">
    <ele>1809.9</ele>
    <time>2015-03-12T18:36:05Z</time>
   </trkpt>
   <trkpt lat="36.1409070" lon="-115.5299610">
    <ele>1807.5</ele>
    <time>2015-03-12T18:36:11Z</time>
   </trkpt>
   <trkpt lat="36.1409360" lon="-115.5299420">
    <ele>1807.1</ele>
    <time>2015-03-12T18:36:12Z</time>
   </trkpt>
   <trkpt lat="36.1411010" lon="-115.5298320">
    <ele>1803.4</ele>
    <time>2015-03-12T18:36:18Z</time>
   </trkpt>
   <trkpt lat="36.1411070" lon="-115.5297980">
    <ele>1803.2</ele>
    <time>2015-03-12T18:36:19Z</time>
   </trkpt>
   <trkpt lat="36.1409650" lon="-115.5296620">
    <ele>1804.3</ele>
    <time>2015-03-12T18:36:26Z</time>
   </trkpt>
   <trkpt lat="36.1409330" lon="-115.5296610">
    <ele>1804.3</ele>
    <time>2015-03-12T18:36:27Z</time>
   </trkpt>
   <trkpt lat="36.1408110" lon="-115.5295720">
    <ele>1803.3</ele>
    <time>2015-03-12T18:36:32Z</time>
   </trkpt>
   <trkpt lat="36.1409260" lon="-115.5294140">
    <ele>1801.7</ele>
    <time>2015-03-12T18:36:38Z</time>
   </trkpt>
   <trkpt lat="36.1409560" lon="-115.5293960">
    <ele>1801.5</ele>
    <time>2015-03-12T18:36:39Z</time>
   </trkpt>
   <trkpt lat="36.1411270" lon="-115.5293300">
    <ele>1797.0</ele>
    <time>2015-03-12T18:36:45Z</time>
   </trkpt>
   <trkpt lat="36.1411500" lon="-115.5293360">
    <ele>1796.3</ele>
    <time>2015-03-12T18:36:46Z</time>
   </trkpt>
   <trkpt lat="36.1411780" lon="-115.5293600">
    <ele>1795.4</ele>
    <time>2015-03-12T18:36:48Z</time>
   </trkpt>
   <trkpt lat="36.1412050" lon="-115.5295840">
    <ele>1799.3</ele>
    <time>2015-03-12T18:36:54Z</time>
   </trkpt>
   <trkpt lat="36.1413180" lon="-115.5297400">
    <ele>1799.1</ele>
    <time>2015-03-12T18:37:00Z</time>
   </trkpt>
   <trkpt lat="36.1414000" lon="-115.5296190">
    <ele>1797.7</ele>
    <time>2015-03-12T18:37:04Z</time>
   </trkpt>
   <trkpt lat="36.1414730" lon="-115.5294030">
    <ele>1795.5</ele>
    <time>2015-03-12T18:37:10Z</time>
   </trkpt>
   <trkpt lat="36.1415450" lon="-115.5291720">
    <ele>1794.2</ele>
    <time>2015-03-12T18:37:17Z</time>
   </trkpt>
   <trkpt lat="36.1416120" lon="-115.5289310">
    <ele>1792.4</ele>
    <time>2015-03-12T18:37:24Z</time>
   </trkpt>
   <trkpt lat="36.1416650" lon="-115.5287060">
    <ele>1787.9</ele>
    <time>2015-03-12T18:37:31Z</time>
   </trkpt>
   <trkpt lat="36.1417570" lon="-115.5285110">
    <ele>1785.5</ele>
    <time>2015-03-12T18:37:38Z</time>
   </trkpt>
   <trkpt lat="36.1418770" lon="-115.5283410">
    <ele>1784.7</ele>
    <time>2015-03-12T18:37:45Z</time>
   </trkpt>
   <trkpt lat="36.1420280" lon="-115.5281890">
    <ele>1778.5</ele>
    <time>2015-03-12T18:37:53Z</time>
   </trkpt>
   <trkpt lat="36.1421150" lon="-115.5281650">
    <ele>1776.3</ele>
    <time>2015-03-12T18:37:57Z</time>
   </trkpt>
   <trkpt lat="36.1422700" lon="-115.5281400">
    <ele>1772.9</ele>
    <time>2015-03-12T18:38:03Z</time>
   </trkpt>
   <trkpt lat="36.1421830" lon="-115.5280260">
    <ele>1769.1</ele>
    <time>2015-03-12T18:38:08Z</time>
   </trkpt>
   <trkpt lat="36.1419990" lon="-115.5280200">
    <ele>1771.5</ele>
    <time>2015-03-12T18:38:13Z</time>
   </trkpt>
   <trkpt lat="36.1417990" lon="-115.5280640">
    <ele>1771.8</ele>
    <time>2015-03-12T18:38:19Z</time>
   </trkpt>
   <trkpt lat="36.1416280" lon="-115.5281100">
    <ele>1769.2</ele>
    <time>2015-03-12T18:38:25Z</time>
   </trkpt>
   <trkpt lat="36.1416730" lon="-115.5279090">
    <ele>1768.7</ele>
    <time>2015-03-12T18:38:32Z</time>
   </trkpt>
   <trkpt lat="36.1417360" lon="-115.5278740">
    <ele>1768.3</ele>
    <time>2015-03-12T18:38:34Z</time>
   </trkpt>
   <trkpt lat="36.1419300" lon="-115.5278140">
    <ele>1762.0</ele>
    <time>2015-03-12T18:38:40Z</time>
   </trkpt>
   <trkpt lat="36.1421090" lon="-115.5277650">
    <ele>1758.7</ele>
    <time>2015-03-12T18:38:46Z</time>
   </trkpt>
   <trkpt lat="36.1422940" lon="-115.5278090">
    <ele>1757.7</ele>
    <time>2015-03-12T18:38:54Z</time>
   </trkpt>
   <trkpt lat="36.1424870" lon="-115.5278420">
    <ele>1757.1</ele>
    <time>2015-03-12T18:39:02Z</time>
   </trkpt>
   <trkpt lat="36.1426850" lon="-115.5278160">
    <ele>1755.1</ele>
    <time>2015-03-12T18:39:09Z</time>
   </trkpt>
   <trkpt lat="36.1428460" lon="-115.5279120">
    <ele>1755.7</ele>
    <time>2015-03-12T18:39:16Z</time>
   </trkpt>
   <trkpt lat="36.1430400" lon="-115.5280080">
    <ele>1753.1</ele>
    <time>2015-03-12T18:39:23Z</time>
   </trkpt>
   <trkpt lat="36.1432480" lon="-115.5280480">
    <ele>1751.0</ele>
    <time>2015-03-12T18:39:29Z</time>
   </trkpt>
   <trkpt lat="36.1434550" lon="-115.5280500">
    <ele>1747.9</ele>
    <time>2015-03-12T18:39:35Z</time>
   </trkpt>
   <trkpt lat="36.1436570" lon="-115.5279620">
    <ele>1744.7</ele>
    <time>2015-03-12T18:39:41Z</time>
   </trkpt>
   <trkpt lat="36.1438620" lon="-115.5279060">
    <ele>1740.6</ele>
    <time>2015-03-12T18:39:47Z</time>
   </trkpt>
   <trkpt lat="36.1440340" lon="-115.5278040">
    <ele>1738.7</ele>
    <time>2015-03-12T18:39:53Z</time>
   </trkpt>
   <trkpt lat="36.1442100" lon="-115.5276670">
    <ele>1737.8</ele>
    <time>2015-03-12T18:40:00Z</time>
   </trkpt>
   <trkpt lat="36.1443180" lon="-115.5274710">
    <ele>1737.4</ele>
    <time>2015-03-12T18:40:06Z</time>
   </trkpt>
   <trkpt lat="36.1444110" lon="-115.5272520">
    <ele>1735.2</ele>
    <time>2015-03-12T18:40:12Z</time>
   </trkpt>
   <trkpt lat="36.1444690" lon="-115.5270170">
    <ele>1731.5</ele>
    <time>2015-03-12T18:40:19Z</time>
   </trkpt>
   <trkpt lat="36.1446100" lon="-115.5268600">
    <ele>1728.5</ele>
    <time>2015-03-12T18:40:25Z</time>
   </trkpt>
   <trkpt lat="36.1447160" lon="-115.5266540">
    <ele>1724.5</ele>
    <time>2015-03-12T18:40:31Z</time>
   </trkpt>
   <trkpt lat="36.1448170" lon="-115.5264520">
    <ele>1723.6</ele>
    <time>2015-03-12T18:40:37Z</time>
   </trkpt>
   <trkpt lat="36.1449040" lon="-115.5262520">
    <ele>1720.4</ele>
    <time>2015-03-12T18:40:43Z</time>
   </trkpt>
   <trkpt lat="36.1449920" lon="-115.5260170">
    <ele>1717.4</ele>
    <time>2015-03-12T18:40:50Z</time>
   </trkpt>
   <trkpt lat="36.1450540" lon="-115.5257990">
    <ele>1717.6</ele>
    <time>2015-03-12T18:40:56Z</time>
   </trkpt>
   <trkpt lat="36.1450210" lon="-115.5255620">
    <ele>1715.1</ele>
    <time>2015-03-12T18:41:02Z</time>
   </trkpt>
   <trkpt lat="36.1450000" lon="-115.5253180">
    <ele>1711.1</ele>
    <time>2015-03-12T18:41:08Z</time>
   </trkpt>
   <trkpt lat="36.1450940" lon="-115.5251190">
    <ele>1710.0</ele>
    <time>2015-03-12T18:41:14Z</time>
   </trkpt>
   <trkpt lat="36.1452300" lon="-115.5249660">
    <ele>1709.5</ele>
    <time>2015-03-12T18:41:20Z</time>
   </trkpt>
   <trkpt lat="36.1453770" lon="-115.5248310">
    <ele>1708.5</ele>
    <time>2015-03-12T18:41:26Z</time>
   </trkpt>
   <trkpt lat="36.1455130" lon="-115.5246840">
    <ele>1706.3</ele>
    <time>2015-03-12T18:41:32Z</time>
   </trkpt>
   <trkpt lat="36.1456580" lon="-115.5245420">
    <ele>1703.8</ele>
    <time>2015-03-12T18:41:38Z</time>
   </trkpt>
   <trkpt lat="36.1458220" lon="-115.5244180">
    <ele>1701.0</ele>
    <time>2015-03-12T18:41:44Z</time>
   </trkpt>
   <trkpt lat="36.1460030" lon="-115.5243390">
    <ele>1697.9</ele>
    <time>2015-03-12T18:41:50Z</time>
   </trkpt>
   <trkpt lat="36.1461830" lon="-115.5242990">
    <ele>1695.3</ele>
    <time>2015-03-12T18:41:56Z</time>
   </trkpt>
   <trkpt lat="36.1463690" lon="-115.5243500">
    <ele>1694.6</ele>
    <time>2015-03-12T18:42:02Z</time>
   </trkpt>
   <trkpt lat="36.1465700" lon="-115.5244140">
    <ele>1694.4</ele>
    <time>2015-03-12T18:42:09Z</time>
   </trkpt>
   <trkpt lat="36.1467800" lon="-115.5244210">
    <ele>1693.5</ele>
    <time>2015-03-12T18:42:15Z</time>
   </trkpt>
   <trkpt lat="36.1469580" lon="-115.5243470">
    <ele>1688.1</ele>
    <time>2015-03-12T18:42:20Z</time>
   </trkpt>
   <trkpt lat="36.1471430" lon="-115.5242830">
    <ele>1683.3</ele>
    <time>2015-03-12T18:42:25Z</time>
   </trkpt>
   <trkpt lat="36.1473320" lon="-115.5242590">
    <ele>1682.5</ele>
    <time>2015-03-12T18:42:31Z</time>
   </trkpt>
   <trkpt lat="36.1475290" lon="-115.5242470">
    <ele>1679.2</ele>
    <time>2015-03-12T18:42:37Z</time>
   </trkpt>
   <trkpt lat="36.1477170" lon="-115.5242230">
    <ele>1679.5</ele>
    <time>2015-03-12T18:42:43Z</time>
   </trkpt>
   <trkpt lat="36.1479120" lon="-115.5241710">
    <ele>1678.8</ele>
    <time>2015-03-12T18:42:49Z</time>
   </trkpt>
   <trkpt lat="36.1481100" lon="-115.5241250">
    <ele>1675.0</ele>
    <time>2015-03-12T18:42:55Z</time>
   </trkpt>
   <trkpt lat="36.1482970" lon="-115.5241000">
    <ele>1672.5</ele>
    <time>2015-03-12T18:43:01Z</time>
   </trkpt>
   <trkpt lat="36.1485010" lon="-115.5241210">
    <ele>1670.1</ele>
    <time>2015-03-12T18:43:07Z</time>
   </trkpt>
   <trkpt lat="36.1486990" lon="-115.5241550">
    <ele>1668.9</ele>
    <time>2015-03-12T18:43:13Z</time>
   </trkpt>
   <trkpt lat="36.1487220" lon="-115.5241370">
    <ele>1668.3</ele>
    <time>2015-03-12T18:43:14Z</time>
   </trkpt>
   <trkpt lat="36.1488330" lon="-115.5239180">
    <ele>1663.5</ele>
    <time>2015-03-12T18:43:21Z</time>
   </trkpt>
   <trkpt lat="36.1489940" lon="-115.5238820">
    <ele>1661.2</ele>
    <time>2015-03-12T18:43:26Z</time>
   </trkpt>
   <trkpt lat="36.1491620" lon="-115.5240060">
    <ele>1659.7</ele>
    <time>2015-03-12T18:43:32Z</time>
   </trkpt>
   <trkpt lat="36.1492120" lon="-115.5240280">
    <ele>1658.9</ele>
    <time>2015-03-12T18:43:34Z</time>
   </trkpt>
   <trkpt lat="36.1493870" lon="-115.5239290">
    <ele>1657.1</ele>
    <time>2015-03-12T18:43:41Z</time>
   </trkpt>
   <trkpt lat="36.1494120" lon="-115.5238980">
    <ele>1656.8</ele>
    <time>2015-03-12T18:43:42Z</time>
   </trkpt>
   <trkpt lat="36.1495880" lon="-115.5238680">
    <ele>1654.0</ele>
    <time>2015-03-12T18:43:48Z</time>
   </trkpt>
   <trkpt lat="36.1496360" lon="-115.5238750">
    <ele>1652.9</ele>
    <time>2015-03-12T18:43:50Z</time>
   </trkpt>
   <trkpt lat="36.1498180" lon="-115.5238350">
    <ele>1650.2</ele>
    <time>2015-03-12T18:43:57Z</time>
   </trkpt>
   <trkpt lat="36.1500090" lon="-115.5238680">
    <ele>1648.7</ele>
    <time>2015-03-12T18:44:05Z</time>
   </trkpt>
   <trkpt lat="36.1501910" lon="-115.5238650">
    <ele>1648.7</ele>
    <time>2015-03-12T18:44:12Z</time>
   </trkpt>
   <trkpt lat="36.1503710" lon="-115.5238140">
    <ele>1648.3</ele>
    <time>2015-03-12T18:44:18Z</time>
   </trkpt>
   <trkpt lat="36.1505320" lon="-115.5237110">
    <ele>1645.7</ele>
    <time>2015-03-12T18:44:24Z</time>
   </trkpt>
   <trkpt lat="36.1507200" lon="-115.5236150">
    <ele>1641.8</ele>
    <time>2015-03-12T18:44:31Z</time>
   </trkpt>
   <trkpt lat="36.1508920" lon="-115.5235360">
    <ele>1638.7</ele>
    <time>2015-03-12T18:44:38Z</time>
   </trkpt>
   <trkpt lat="36.1510670" lon="-115.5234480">
    <ele>1637.4</ele>
    <time>2015-03-12T18:44:45Z</time>
   </trkpt>
   <trkpt lat="36.1512670" lon="-115.5233680">
    <ele>1637.3</ele>
    <time>2015-03-12T18:44:52Z</time>
   </trkpt>
   <trkpt lat="36.1514750" lon="-115.5233410">
    <ele>1635.1</ele>
    <time>2015-03-12T18:45:00Z</time>
   </trkpt>
   <trkpt lat="36.1516620" lon="-115.5232300">
    <ele>1633.3</ele>
    <time>2015-03-12T18:45:07Z</time>
   </trkpt>
   <trkpt lat="36.1518610" lon="-115.5231470">
    <ele>1633.3</ele>
    <time>2015-03-12T18:45:14Z</time>
   </trkpt>
   <trkpt lat="36.1520570" lon="-115.5231230">
    <ele>1634.1</ele>
    <time>2015-03-12T18:45:20Z</time>
   </trkpt>
   <trkpt lat="36.1522610" lon="-115.5230890">
    <ele>1631.3</ele>
    <time>2015-03-12T18:45:26Z</time>
   </trkpt>
   <trkpt lat="36.1524570" lon="-115.5229870">
    <ele>1628.5</ele>
    <time>2015-03-12T18:45:32Z</time>
   </trkpt>
   <trkpt lat="36.1526540" lon="-115.5229200">
    <ele>1627.2</ele>
    <time>2015-03-12T18:45:38Z</time>
   </trkpt>
   <trkpt lat="36.1528520" lon="-115.5228750">
    <ele>1625.9</ele>
    <time>2015-03-12T18:45:44Z</time>
   </trkpt>
   <trkpt lat="36.1530480" lon="-115.5228300">
    <ele>1623.9</ele>
    <time>2015-03-12T18:45:50Z</time>
   </trkpt>
   <trkpt lat="36.1532240" lon="-115.5227600">
    <ele>1622.6</ele>
    <time>2015-03-12T18:45:56Z</time>
   </trkpt>
   <trkpt lat="36.1534000" lon="-115.5226740">
    <ele>1621.6</ele>
    <time>2015-03-12T18:46:02Z</time>
   </trkpt>
   <trkpt lat="36.1535810" lon="-115.5225910">
    <ele>1620.2</ele>
    <time>2015-03-12T18:46:08Z</time>
   </trkpt>
   <trkpt lat="36.1537750" lon="-115.5225190">
    <ele>1618.6</ele>
    <time>2015-03-12T18:46:14Z</time>
   </trkpt>
   <trkpt lat="36.1539800" lon="-115.5225070">
    <ele>1618.0</ele>
    <time>2015-03-12T18:46:21Z</time>
   </trkpt>
   <trkpt lat="36.1540070" lon="-115.5224890">
    <ele>1617.9</ele>
    <time>2015-03-12T18:46:22Z</time>
   </trkpt>
   <trkpt lat="36.1541370" lon="-115.5223350">
    <ele>1617.4</ele>
    <time>2015-03-12T18:46:28Z</time>
   </trkpt>
   <trkpt lat="36.1543050" lon="-115.5221810">
    <ele>1616.7</ele>
    <time>2015-03-12T18:46:35Z</time>
   </trkpt>
   <trkpt lat="36.1544540" lon="-115.5220260">
    <ele>1616.8</ele>
    <time>2015-03-12T18:46:42Z</time>
   </trkpt>
   <trkpt lat="36.1545900" lon="-115.5218670">
    <ele>1617.8</ele>
    <time>2015-03-12T18:46:49Z</time>
   </trkpt>
   <trkpt lat="36.1546200" lon="-115.5216380">
    <ele>1617.1</ele>
    <time>2015-03-12T18:46:56Z</time>
   </trkpt>
   <trkpt lat="36.1545950" lon="-115.5214130">
    <ele>1618.2</ele>
    <time>2015-03-12T18:47:04Z</time>
   </trkpt>
   <trkpt lat="36.1547040" lon="-115.5212350">
    <ele>1622.8</ele>
    <time>2015-03-12T18:47:12Z</time>
   </trkpt>
   <trkpt lat="36.1548390" lon="-115.5210860">
    <ele>1626.1</ele>
    <time>2015-03-12T18:47:21Z</time>
   </trkpt>
   <trkpt lat="36.1549700" lon="-115.5209250">
    <ele>1626.1</ele>
    <time>2015-03-12T18:47:30Z</time>
   </trkpt>
   <trkpt lat="36.1551200" lon="-115.5207670">
    <ele>1623.4</ele>
    <time>2015-03-12T18:47:40Z</time>
   </trkpt>
   <trkpt lat="36.1552760" lon="-115.5206530">
    <ele>1619.8</ele>
    <time>2015-03-12T18:47:47Z</time>
   </trkpt>
   <trkpt lat="36.1554150" lon="-115.5205070">
    <ele>1614.5</ele>
    <time>2015-03-12T18:47:54Z</time>
   </trkpt>
   <trkpt lat="36.1556000" lon="-115.5204720">
    <ele>1618.7</ele>
    <time>2015-03-12T18:48:01Z</time>
   </trkpt>
   <trkpt lat="36.1557780" lon="-115.5204350">
    <ele>1620.0</ele>
    <time>2015-03-12T18:48:07Z</time>
   </trkpt>
   <trkpt lat="36.1559580" lon="-115.5203680">
    <ele>1617.0</ele>
    <time>2015-03-12T18:48:13Z</time>
   </trkpt>
   <trkpt lat="36.1561190" lon="-115.5202560">
    <ele>1614.4</ele>
    <time>2015-03-12T18:48:19Z</time>
   </trkpt>
   <trkpt lat="36.1562990" lon="-115.5201440">
    <ele>1613.1</ele>
    <time>2015-03-12T18:48:26Z</time>
   </trkpt>
   <trkpt lat="36.1564970" lon="-115.5201200">
    <ele>1613.4</ele>
    <time>2015-03-12T18:48:33Z</time>
   </trkpt>
   <trkpt lat="36.1566830" lon="-115.5201220">
    <ele>1610.6</ele>
    <time>2015-03-12T18:48:40Z</time>
   </trkpt>
   <trkpt lat="36.1567070" lon="-115.5201370">
    <ele>1610.2</ele>
    <time>2015-03-12T18:48:41Z</time>
   </trkpt>
   <trkpt lat="36.1567860" lon="-115.5202760">
    <ele>1609.3</ele>
    <time>2015-03-12T18:48:46Z</time>
   </trkpt>
   <trkpt lat="36.1568360" lon="-115.5205100">
    <ele>1609.3</ele>
    <time>2015-03-12T18:48:53Z</time>
   </trkpt>
   <trkpt lat="36.1569150" lon="-115.5206000">
    <ele>1608.6</ele>
    <time>2015-03-12T18:48:58Z</time>
   </trkpt>
   <trkpt lat="36.1570540" lon="-115.5205180">
    <ele>1604.8</ele>
    <time>2015-03-12T18:49:05Z</time>
   </trkpt>
   <trkpt lat="36.1571930" lon="-115.5203490">
    <ele>1599.9</ele>
    <time>2015-03-12T18:49:12Z</time>
   </trkpt>
   <trkpt lat="36.1572960" lon="-115.5203070">
    <ele>1598.1</ele>
    <time>2015-03-12T18:49:16Z</time>
   </trkpt>
   <trkpt lat="36.1574850" lon="-115.5203240">
    <ele>1596.8</ele>
    <time>2015-03-12T18:49:24Z</time>
   </trkpt>
   <trkpt lat="36.1576540" lon="-115.5204430">
    <ele>1595.3</ele>
    <time>2015-03-12T18:49:32Z</time>
   </trkpt>
   <trkpt lat="36.1578330" lon="-115.5204980">
    <ele>1592.3</ele>
    <time>2015-03-12T18:49:40Z</time>
   </trkpt>
   <trkpt lat="36.1580300" lon="-115.5204800">
    <ele>1588.7</ele>
    <time>2015-03-12T18:49:49Z</time>
   </trkpt>
   <trkpt lat="36.1582000" lon="-115.5204000">
    <ele>1585.3</ele>
    <time>2015-03-12T18:49:56Z</time>
   </trkpt>
   <trkpt lat="36.1583370" lon="-115.5202440">
    <ele>1580.4</ele>
    <time>2015-03-12T18:50:02Z</time>
   </trkpt>
   <trkpt lat="36.1584860" lon="-115.5200830">
    <ele>1577.4</ele>
    <time>2015-03-12T18:50:08Z</time>
   </trkpt>
   <trkpt lat="36.1585110" lon="-115.5200750">
    <ele>1577.1</ele>
    <time>2015-03-12T18:50:09Z</time>
   </trkpt>
   <trkpt lat="36.1586600" lon="-115.5199330">
    <ele>1574.4</ele>
    <time>2015-03-12T18:50:16Z</time>
   </trkpt>
   <trkpt lat="36.1587880" lon="-115.5198360">
    <ele>1571.2</ele>
    <time>2015-03-12T18:50:25Z</time>
   </trkpt>
   <trkpt lat="36.1588040" lon="-115.5198250">
    <ele>1570.7</ele>
    <time>2015-03-12T18:50:26Z</time>
   </trkpt>
   <trkpt lat="36.1589320" lon="-115.5196890">
    <ele>1565.5</ele>
    <time>2015-03-12T18:50:33Z</time>
   </trkpt>
   <trkpt lat="36.1589810" lon="-115.5197140">
    <ele>1563.7</ele>
    <time>2015-03-12T18:50:35Z</time>
   </trkpt>
   <trkpt lat="36.1590880" lon="-115.5198870">
    <ele>1562.0</ele>
    <time>2015-03-12T18:50:42Z</time>
   </trkpt>
   <trkpt lat="36.1591320" lon="-115.5200320">
    <ele>1565.4</ele>
    <time>2015-03-12T18:50:47Z</time>
   </trkpt>
   <trkpt lat="36.1592830" lon="-115.5199830">
    <ele>1566.6</ele>
    <time>2015-03-12T18:50:56Z</time>
   </trkpt>
   <trkpt lat="36.1593740" lon="-115.5198030">
    <ele>1566.4</ele>
    <time>2015-03-12T18:51:03Z</time>
   </trkpt>
   <trkpt lat="36.1594630" lon="-115.5196070">
    <ele>1563.8</ele>
    <time>2015-03-12T18:51:10Z</time>
   </trkpt>
   <trkpt lat="36.1595390" lon="-115.5193920">
    <ele>1561.8</ele>
    <time>2015-03-12T18:51:17Z</time>
   </trkpt>
   <trkpt lat="36.1596080" lon="-115.5192140">
    <ele>1562.5</ele>
    <time>2015-03-12T18:51:23Z</time>
   </trkpt>
   <trkpt lat="36.1596790" lon="-115.5190050">
    <ele>1562.1</ele>
    <time>2015-03-12T18:51:30Z</time>
   </trkpt>
   <trkpt lat="36.1597960" lon="-115.5188340">
    <ele>1559.7</ele>
    <time>2015-03-12T18:51:37Z</time>
   </trkpt>
   <trkpt lat="36.1599230" lon="-115.5186570">
    <ele>1561.9</ele>
    <time>2015-03-12T18:51:44Z</time>
   </trkpt>
   <trkpt lat="36.1599810" lon="-115.5184440">
    <ele>1560.4</ele>
    <time>2015-03-12T18:51:51Z</time>
   </trkpt>
   <trkpt lat="36.1601120" lon="-115.5182740">
    <ele>1558.7</ele>
    <time>2015-03-12T18:51:59Z</time>
   </trkpt>
   <trkpt lat="36.1602060" lon="-115.5180840">
    <ele>1557.2</ele>
    <time>2015-03-12T18:52:06Z</time>
   </trkpt>
   <trkpt lat="36.1602280" lon="-115.5178460">
    <ele>1555.5</ele>
    <time>2015-03-12T18:52:13Z</time>
   </trkpt>
   <trkpt lat="36.1602400" lon="-115.5178170">
    <ele>1555.3</ele>
    <time>2015-03-12T18:52:14Z</time>
   </trkpt>
   <trkpt lat="36.1603620" lon="-115.5176270">
    <ele>1553.7</ele>
    <time>2015-03-12T18:52:20Z</time>
   </trkpt>
   <trkpt lat="36.1604770" lon="-115.5174340">
    <ele>1552.2</ele>
    <time>2015-03-12T18:52:26Z</time>
   </trkpt>
   <trkpt lat="36.1605840" lon="-115.5172300">
    <ele>1550.5</ele>
    <time>2015-03-12T18:52:33Z</time>
   </trkpt>
   <trkpt lat="36.1607570" lon="-115.5171190">
    <ele>1543.1</ele>
    <time>2015-03-12T18:52:40Z</time>
   </trkpt>
   <trkpt lat="36.1609400" lon="-115.5170350">
    <ele>1545.5</ele>
    <time>2015-03-12T18:52:47Z</time>
   </trkpt>
   <trkpt lat="36.1611180" lon="-115.5169210">
    <ele>1548.8</ele>
    <time>2015-03-12T18:52:56Z</time>
   </trkpt>
   <trkpt lat="36.1613010" lon="-115.5168420">
    <ele>1543.2</ele>
    <time>2015-03-12T18:53:04Z</time>
   </trkpt>
   <trkpt lat="36.1614950" lon="-115.5168610">
    <ele>1543.3</ele>
    <time>2015-03-12T18:53:12Z</time>
   </trkpt>
   <trkpt lat="36.1616730" lon="-115.5168120">
    <ele>1545.0</ele>
    <time>2015-03-12T18:53:21Z</time>
   </trkpt>
   <trkpt lat="36.1618580" lon="-115.5167330">
    <ele>1543.9</ele>
    <time>2015-03-12T18:53:29Z</time>
   </trkpt>
   <trkpt lat="36.1620040" lon="-115.5165870">
    <ele>1544.6</ele>
    <time>2015-03-12T18:53:36Z</time>
   </trkpt>
   <trkpt lat="36.1621310" lon="-115.5164160">
    <ele>1545.5</ele>
    <time>2015-03-12T18:53:43Z</time>
   </trkpt>
   <trkpt lat="36.1622630" lon="-115.5162330">
    <ele>1545.5</ele>
    <time>2015-03-12T18:53:50Z</time>
   </trkpt>
   <trkpt lat="36.1624190" lon="-115.5160870">
    <ele>1543.9</ele>
    <time>2015-03-12T18:53:57Z</time>
   </trkpt>
   <trkpt lat="36.1625640" lon="-115.5159480">
    <ele>1543.5</ele>
    <time>2015-03-12T18:54:04Z</time>
   </trkpt>
   <trkpt lat="36.1626960" lon="-115.5157700">
    <ele>1545.9</ele>
    <time>2015-03-12T18:54:11Z</time>
   </trkpt>
   <trkpt lat="36.1628390" lon="-115.5155930">
    <ele>1547.3</ele>
    <time>2015-03-12T18:54:18Z</time>
   </trkpt>
   <trkpt lat="36.1629420" lon="-115.5153930">
    <ele>1548.4</ele>
    <time>2015-03-12T18:54:26Z</time>
   </trkpt>
   <trkpt lat="36.1630440" lon="-115.5151950">
    <ele>1548.9</ele>
    <time>2015-03-12T18:54:34Z</time>
   </trkpt>
   <trkpt lat="36.1631740" lon="-115.5150040">
    <ele>1549.2</ele>
    <time>2015-03-12T18:54:44Z</time>
   </trkpt>
   <trkpt lat="36.1633180" lon="-115.5148350">
    <ele>1548.2</ele>
    <time>2015-03-12T18:54:53Z</time>
   </trkpt>
   <trkpt lat="36.1634520" lon="-115.5146790">
    <ele>1546.4</ele>
    <time>2015-03-12T18:55:00Z</time>
   </trkpt>
   <trkpt lat="36.1636100" lon="-115.5145100">
    <ele>1544.3</ele>
    <time>2015-03-12T18:55:07Z</time>
   </trkpt>
   <trkpt lat="36.1637880" lon="-115.5143690">
    <ele>1542.0</ele>
    <time>2015-03-12T18:55:14Z</time>
   </trkpt>
   <trkpt lat="36.1639420" lon="-115.5142500">
    <ele>1540.1</ele>
    <time>2015-03-12T18:55:20Z</time>
   </trkpt>
   <trkpt lat="36.1640860" lon="-115.5141160">
    <ele>1539.1</ele>
    <time>2015-03-12T18:55:26Z</time>
   </trkpt>
   <trkpt lat="36.1642180" lon="-115.5139460">
    <ele>1540.7</ele>
    <time>2015-03-12T18:55:32Z</time>
   </trkpt>
   <trkpt lat="36.1643350" lon="-115.5137540">
    <ele>1540.4</ele>
    <time>2015-03-12T18:55:38Z</time>
   </trkpt>
   <trkpt lat="36.1644090" lon="-115.5135530">
    <ele>1536.1</ele>
    <time>2015-03-12T18:55:44Z</time>
   </trkpt>
   <trkpt lat="36.1645140" lon="-115.5133360">
    <ele>1532.0</ele>
    <time>2015-03-12T18:55:51Z</time>
   </trkpt>
   <trkpt lat="36.1646520" lon="-115.5131690">
    <ele>1530.8</ele>
    <time>2015-03-12T18:55:58Z</time>
   </trkpt>
   <trkpt lat="36.1647740" lon="-115.5129790">
    <ele>1529.4</ele>
    <time>2015-03-12T18:56:05Z</time>
   </trkpt>
   <trkpt lat="36.1649170" lon="-115.5127950">
    <ele>1524.2</ele>
    <time>2015-03-12T18:56:12Z</time>
   </trkpt>
   <trkpt lat="36.1651040" lon="-115.5127370">
    <ele>1520.1</ele>
    <time>2015-03-12T18:56:19Z</time>
   </trkpt>
   <trkpt lat="36.1652860" lon="-115.5127370">
    <ele>1524.6</ele>
    <time>2015-03-12T18:56:26Z</time>
   </trkpt>
   <trkpt lat="36.1653090" lon="-115.5127100">
    <ele>1525.1</ele>
    <time>2015-03-12T18:56:27Z</time>
   </trkpt>
   <trkpt lat="36.1654140" lon="-115.5124940">
    <ele>1524.3</ele>
    <time>2015-03-12T18:56:34Z</time>
   </trkpt>
   <trkpt lat="36.1655290" lon="-115.5122920">
    <ele>1522.8</ele>
    <time>2015-03-12T18:56:41Z</time>
   </trkpt>
   <trkpt lat="36.1656340" lon="-115.5121020">
    <ele>1521.0</ele>
    <time>2015-03-12T18:56:47Z</time>
   </trkpt>
   <trkpt lat="36.1656750" lon="-115.5119970">
    <ele>1519.9</ele>
    <time>2015-03-12T18:56:50Z</time>
   </trkpt>
   <trkpt lat="36.1657810" lon="-115.5118000">
    <ele>1519.6</ele>
    <time>2015-03-12T18:56:56Z</time>
   </trkpt>
   <trkpt lat="36.1658860" lon="-115.5115990">
    <ele>1517.5</ele>
    <time>2015-03-12T18:57:02Z</time>
   </trkpt>
   <trkpt lat="36.1660240" lon="-115.5114450">
    <ele>1512.8</ele>
    <time>2015-03-12T18:57:08Z</time>
   </trkpt>
   <trkpt lat="36.1662130" lon="-115.5113410">
    <ele>1510.5</ele>
    <time>2015-03-12T18:57:15Z</time>
   </trkpt>
   <trkpt lat="36.1664010" lon="-115.5112810">
    <ele>1509.1</ele>
    <time>2015-03-12T18:57:22Z</time>
   </trkpt>
   <trkpt lat="36.1665780" lon="-115.5112040">
    <ele>1506.4</ele>
    <time>2015-03-12T18:57:28Z</time>
   </trkpt>
   <trkpt lat="36.1667720" lon="-115.5111730">
    <ele>1506.2</ele>
    <time>2015-03-12T18:57:35Z</time>
   </trkpt>
   <trkpt lat="36.1668750" lon="-115.5111970">
    <ele>1507.3</ele>
    <time>2015-03-12T18:57:39Z</time>
   </trkpt>
   <trkpt lat="36.1669510" lon="-115.5110130">
    <ele>1509.8</ele>
    <time>2015-03-12T18:57:45Z</time>
   </trkpt>
   <trkpt lat="36.1668800" lon="-115.5108100">
    <ele>1508.0</ele>
    <time>2015-03-12T18:57:51Z</time>
   </trkpt>
   <trkpt lat="36.1668640" lon="-115.5107760">
    <ele>1507.6</ele>
    <time>2015-03-12T18:57:52Z</time>
   </trkpt>
   <trkpt lat="36.1668120" lon="-115.5106570">
    <ele>1506.6</ele>
    <time>2015-03-12T18:57:56Z</time>
   </trkpt>
   <trkpt lat="36.1667850" lon="-115.5104880">
    <ele>1507.1</ele>
    <time>2015-03-12T18:58:01Z</time>
   </trkpt>
   <trkpt lat="36.1666960" lon="-115.5102540">
    <ele>1501.3</ele>
    <time>2015-03-12T18:58:08Z</time>
   </trkpt>
   <trkpt lat="36.1666180" lon="-115.5100490">
    <ele>1499.1</ele>
    <time>2015-03-12T18:58:14Z</time>
   </trkpt>
   <trkpt lat="36.1665870" lon="-115.5099920">
    <ele>1498.3</ele>
    <time>2015-03-12T18:58:16Z</time>
   </trkpt>
   <trkpt lat="36.1665930" lon="-115.5097690">
    <ele>1498.2</ele>
    <time>2015-03-12T18:58:22Z</time>
   </trkpt>
   <trkpt lat="36.1666030" lon="-115.5097360">
    <ele>1498.2</ele>
    <time>2015-03-12T18:58:23Z</time>
   </trkpt>
   <trkpt lat="36.1666730" lon="-115.5095170">
    <ele>1496.4</ele>
    <time>2015-03-12T18:58:30Z</time>
   </trkpt>
   <trkpt lat="36.1667500" lon="-115.5092830">
    <ele>1493.3</ele>
    <time>2015-03-12T18:58:37Z</time>
   </trkpt>
   <trkpt lat="36.1667790" lon="-115.5090610">
    <ele>1490.2</ele>
    <time>2015-03-12T18:58:43Z</time>
   </trkpt>
   <trkpt lat="36.1667820" lon="-115.5088130">
    <ele>1485.8</ele>
    <time>2015-03-12T18:58:50Z</time>
   </trkpt>
   <trkpt lat="36.1667520" lon="-115.5085890">
    <ele>1482.8</ele>
    <time>2015-03-12T18:58:56Z</time>
   </trkpt>
   <trkpt lat="36.1666530" lon="-115.5083660">
    <ele>1480.1</ele>
    <time>2015-03-12T18:59:03Z</time>
   </trkpt>
   <trkpt lat="36.1665370" lon="-115.5081700">
    <ele>1477.0</ele>
    <time>2015-03-12T18:59:09Z</time>
   </trkpt>
   <trkpt lat="36.1664070" lon="-115.5079650">
    <ele>1473.8</ele>
    <time>2015-03-12T18:59:15Z</time>
   </trkpt>
   <trkpt lat="36.1662830" lon="-115.5078560">
    <ele>1472.1</ele>
    <time>2015-03-12T18:59:19Z</time>
   </trkpt>
   <trkpt lat="36.1661460" lon="-115.5078570">
    <ele>1471.6</ele>
    <time>2015-03-12T18:59:23Z</time>
   </trkpt>
   <trkpt lat="36.1659340" lon="-115.5078280">
    <ele>1469.9</ele>
    <time>2015-03-12T18:59:29Z</time>
   </trkpt>
   <trkpt lat="36.1657440" lon="-115.5077420">
    <ele>1465.6</ele>
    <time>2015-03-12T18:59:36Z</time>
   </trkpt>
   <trkpt lat="36.1655980" lon="-115.5075830">
    <ele>1462.4</ele>
    <time>2015-03-12T18:59:43Z</time>
   </trkpt>
   <trkpt lat="36.1654640" lon="-115.5074110">
    <ele>1460.1</ele>
    <time>2015-03-12T18:59:49Z</time>
   </trkpt>
   <trkpt lat="36.1653270" lon="-115.5072260">
    <ele>1456.0</ele>
    <time>2015-03-12T18:59:55Z</time>
   </trkpt>
   <trkpt lat="36.1651540" lon="-115.5070720">
    <ele>1451.9</ele>
    <time>2015-03-12T19:00:01Z</time>
   </trkpt>
   <trkpt lat="36.1649770" lon="-115.5069440">
    <ele>1449.1</ele>
    <time>2015-03-12T19:00:07Z</time>
   </trkpt>
   <trkpt lat="36.1648170" lon="-115.5067950">
    <ele>1446.4</ele>
    <time>2015-03-12T19:00:13Z</time>
   </trkpt>
   <trkpt lat="36.1647980" lon="-115.5067660">
    <ele>1446.4</ele>
    <time>2015-03-12T19:00:14Z</time>
   </trkpt>
   <trkpt lat="36.1646630" lon="-115.5065870">
    <ele>1445.6</ele>
    <time>2015-03-12T19:00:20Z</time>
   </trkpt>
   <trkpt lat="36.1646310" lon="-115.5065190">
    <ele>1445.8</ele>
    <time>2015-03-12T19:00:22Z</time>
   </trkpt>
   <trkpt lat="36.1645370" lon="-115.5063090">
    <ele>1446.9</ele>
    <time>2015-03-12T19:00:30Z</time>
   </trkpt>
   <trkpt lat="36.1643750" lon="-115.5061550">
    <ele>1446.1</ele>
    <time>2015-03-12T19:00:38Z</time>
   </trkpt>
   <trkpt lat="36.1642270" lon="-115.5059700">
    <ele>1445.9</ele>
    <time>2015-03-12T19:00:45Z</time>
   </trkpt>
   <trkpt lat="36.1641060" lon="-115.5058000">
    <ele>1445.4</ele>
    <time>2015-03-12T19:00:51Z</time>
   </trkpt>
   <trkpt lat="36.1640240" lon="-115.5055950">
    <ele>1445.0</ele>
    <time>2015-03-12T19:00:57Z</time>
   </trkpt>
   <trkpt lat="36.1639630" lon="-115.5053750">
    <ele>1444.6</ele>
    <time>2015-03-12T19:01:03Z</time>
   </trkpt>
   <trkpt lat="36.1639310" lon="-115.5051310">
    <ele>1443.5</ele>
    <time>2015-03-12T19:01:09Z</time>
   </trkpt>
   <trkpt lat="36.1638250" lon="-115.5049190">
    <ele>1440.0</ele>
    <time>2015-03-12T19:01:15Z</time>
   </trkpt>
   <trkpt lat="36.1637290" lon="-115.5046930">
    <ele>1438.2</ele>
    <time>2015-03-12T19:01:21Z</time>
   </trkpt>
   <trkpt lat="36.1636650" lon="-115.5044770">
    <ele>1437.5</ele>
    <time>2015-03-12T19:01:27Z</time>
   </trkpt>
   <trkpt lat="36.1635930" lon="-115.5042600">
    <ele>1434.4</ele>
    <time>2015-03-12T19:01:33Z</time>
   </trkpt>
   <trkpt lat="36.1635970" lon="-115.5042200">
    <ele>1434.1</ele>
    <time>2015-03-12T19:01:34Z</time>
   </trkpt>
   <trkpt lat="36.1636310" lon="-115.5040710">
    <ele>1432.5</ele>
    <time>2015-03-12T19:01:38Z</time>
   </trkpt>
   <trkpt lat="36.1636740" lon="-115.5038350">
    <ele>1432.2</ele>
    <time>2015-03-12T19:01:44Z</time>
   </trkpt>
   <trkpt lat="36.1637140" lon="-115.5036100">
    <ele>1434.2</ele>
    <time>2015-03-12T19:01:50Z</time>
   </trkpt>
   <trkpt lat="36.1637310" lon="-115.5033700">
    <ele>1438.0</ele>
    <time>2015-03-12T19:01:56Z</time>
   </trkpt>
   <trkpt lat="36.1637620" lon="-115.5031380">
    <ele>1438.7</ele>
    <time>2015-03-12T19:02:02Z</time>
   </trkpt>
   <trkpt lat="36.1637710" lon="-115.5028840">
    <ele>1436.8</ele>
    <time>2015-03-12T19:02:09Z</time>
   </trkpt>
   <trkpt lat="36.1637610" lon="-115.5028470">
    <ele>1435.8</ele>
    <time>2015-03-12T19:02:10Z</time>
   </trkpt>
   <trkpt lat="36.1636410" lon="-115.5026620">
    <ele>1430.1</ele>
    <time>2015-03-12T19:02:16Z</time>
   </trkpt>
   <trkpt lat="36.1634940" lon="-115.5024810">
    <ele>1428.9</ele>
    <time>2015-03-12T19:02:22Z</time>
   </trkpt>
   <trkpt lat="36.1633830" lon="-115.5022850">
    <ele>1428.5</ele>
    <time>2015-03-12T19:02:28Z</time>
   </trkpt>
   <trkpt lat="36.1632450" lon="-115.5020830">
    <ele>1427.0</ele>
    <time>2015-03-12T19:02:34Z</time>
   </trkpt>
   <trkpt lat="36.1631400" lon="-115.5018770">
    <ele>1426.3</ele>
    <time>2015-03-12T19:02:40Z</time>
   </trkpt>
   <trkpt lat="36.1629970" lon="-115.5016990">
    <ele>1425.1</ele>
    <time>2015-03-12T19:02:46Z</time>
   </trkpt>
   <trkpt lat="36.1628320" lon="-115.5015260">
    <ele>1422.9</ele>
    <time>2015-03-12T19:02:52Z</time>
   </trkpt>
   <trkpt lat="36.1626920" lon="-115.5013760">
    <ele>1420.1</ele>
    <time>2015-03-12T19:02:58Z</time>
   </trkpt>
   <trkpt lat="36.1625630" lon="-115.5011930">
    <ele>1415.5</ele>
    <time>2015-03-12T19:03:04Z</time>
   </trkpt>
   <trkpt lat="36.1624430" lon="-115.5010060">
    <ele>1411.7</ele>
    <time>2015-03-12T19:03:10Z</time>
   </trkpt>
   <trkpt lat="36.1623440" lon="-115.5008140">
    <ele>1409.5</ele>
    <time>2015-03-12T19:03:16Z</time>
   </trkpt>
   <trkpt lat="36.1623250" lon="-115.5005820">
    <ele>1406.3</ele>
    <time>2015-03-12T19:03:22Z</time>
   </trkpt>
   <trkpt lat="36.1622800" lon="-115.5003680">
    <ele>1401.4</ele>
    <time>2015-03-12T19:03:28Z</time>
   </trkpt>
   <trkpt lat="36.1622590" lon="-115.5003390">
    <ele>1400.8</ele>
    <time>2015-03-12T19:03:29Z</time>
   </trkpt>
   <trkpt lat="36.1621190" lon="-115.5001900">
    <ele>1400.4</ele>
    <time>2015-03-12T19:03:34Z</time>
   </trkpt>
   <trkpt lat="36.1619580" lon="-115.5000560">
    <ele>1400.3</ele>
    <time>2015-03-12T19:03:40Z</time>
   </trkpt>
   <trkpt lat="36.1617910" lon="-115.4999210">
    <ele>1400.0</ele>
    <time>2015-03-12T19:03:46Z</time>
   </trkpt>
   <trkpt lat="36.1616530" lon="-115.4997400">
    <ele>1399.4</ele>
    <time>2015-03-12T19:03:52Z</time>
   </trkpt>
   <trkpt lat="36.1616150" lon="-115.4994960">
    <ele>1400.0</ele>
    <time>2015-03-12T19:03:58Z</time>
   </trkpt>
   <trkpt lat="36.1616000" lon="-115.4992550">
    <ele>1400.5</ele>
    <time>2015-03-12T19:04:04Z</time>
   </trkpt>
   <trkpt lat="36.1615140" lon="-115.4990570">
    <ele>1400.5</ele>
    <time>2015-03-12T19:04:09Z</time>
   </trkpt>
   <trkpt lat="36.1613620" lon="-115.4988830">
    <ele>1399.1</ele>
    <time>2015-03-12T19:04:15Z</time>
   </trkpt>
   <trkpt lat="36.1611700" lon="-115.4987560">
    <ele>1396.7</ele>
    <time>2015-03-12T19:04:21Z</time>
   </trkpt>
   <trkpt lat="36.1610260" lon="-115.4986180">
    <ele>1394.0</ele>
    <time>2015-03-12T19:04:26Z</time>
   </trkpt>
   <trkpt lat="36.1609580" lon="-115.4985590">
    <ele>1392.7</ele>
    <time>2015-03-12T19:04:29Z</time>
   </trkpt>
  </trkseg>
 </trk>
</gpx>
