<?xml version="1.0" encoding="UTF-8"?>
<gpx xmlns:xsi="http://www.w3.org/2001/XMLSchema-instance" xsi:schemaLocation="http://www.topografix.com/GPX/1/1 http://www.topografix.com/GPX/1/1/gpx.xsd" creator="StravaGPX" version="1.1" xmlns="http://www.topografix.com/GPX/1/1">
 <trk>
  <name>Out with a bang (full send Casner) </name>
  <type>running</type>
  <trkseg>
   <trkpt lat="34.8935330" lon="-111.7314760">
    <ele>1358.1</ele>
   </trkpt>
   <trkpt lat="34.8935030" lon="-111.7313390">
    <ele>1358.7</ele>
   </trkpt>
   <trkpt lat="34.8935040" lon="-111.7313300">
    <ele>1358.7</ele>
   </trkpt>
   <trkpt lat="34.8934950" lon="-111.7313070">
    <ele>1358.8</ele>
   </trkpt>
   <trkpt lat="34.8934920" lon="-111.7312800">
    <ele>1359.0</ele>
   </trkpt>
   <trkpt lat="34.8935000" lon="-111.7312570">
    <ele>1359.1</ele>
   </trkpt>
   <trkpt lat="34.8935080" lon="-111.7312350">
    <ele>1359.3</ele>
   </trkpt>
   <trkpt lat="34.8935200" lon="-111.7312050">
    <ele>1359.5</ele>
   </trkpt>
   <trkpt lat="34.8935320" lon="-111.7311700">
    <ele>1359.7</ele>
   </trkpt>
   <trkpt lat="34.8935400" lon="-111.7311330">
    <ele>1360.0</ele>
   </trkpt>
   <trkpt lat="34.8935500" lon="-111.7311000">
    <ele>1360.3</ele>
   </trkpt>
   <trkpt lat="34.8935610" lon="-111.7310760">
    <ele>1360.5</ele>
   </trkpt>
   <trkpt lat="34.8935780" lon="-111.7310600">
    <ele>1360.7</ele>
   </trkpt>
   <trkpt lat="34.8935950" lon="-111.7310420">
    <ele>1360.9</ele>
   </trkpt>
   <trkpt lat="34.8936110" lon="-111.7310160">
    <ele>1361.2</ele>
   </trkpt>
   <trkpt lat="34.8936280" lon="-111.7309830">
    <ele>1361.5</ele>
   </trkpt>
   <trkpt lat="34.8936420" lon="-111.7309500">
    <ele>1361.8</ele>
   </trkpt>
   <trkpt lat="34.8936540" lon="-111.7309220">
    <ele>1362.0</ele>
   </trkpt>
   <trkpt lat="34.8936590" lon="-111.7308970">
    <ele>1362.2</ele>
   </trkpt>
   <trkpt lat="34.8936680" lon="-111.7308670">
    <ele>1362.5</ele>
   </trkpt>
   <trkpt lat="34.8936700" lon="-111.7308300">
    <ele>1362.8</ele>
   </trkpt>
   <trkpt lat="34.8936690" lon="-111.7307880">
    <ele>1363.1</ele>
   </trkpt>
   <trkpt lat="34.8936650" lon="-111.7307530">
    <ele>1363.3</ele>
   </trkpt>
   <trkpt lat="34.8936690" lon="-111.7307200">
    <ele>1363.5</ele>
   </trkpt>
   <trkpt lat="34.8936720" lon="-111.7306920">
    <ele>1363.7</ele>
   </trkpt>
   <trkpt lat="34.8936710" lon="-111.7306670">
    <ele>1363.9</ele>
   </trkpt>
   <trkpt lat="34.8936670" lon="-111.7306380">
    <ele>1364.1</ele>
   </trkpt>
   <trkpt lat="34.8936670" lon="-111.7306090">
    <ele>1364.3</ele>
   </trkpt>
   <trkpt lat="34.8936650" lon="-111.7305810">
    <ele>1364.5</ele>
   </trkpt>
   <trkpt lat="34.8936630" lon="-111.7305550">
    <ele>1364.7</ele>
   </trkpt>
   <trkpt lat="34.8936630" lon="-111.7305300">
    <ele>1364.8</ele>
   </trkpt>
   <trkpt lat="34.8936720" lon="-111.7305090">
    <ele>1365.0</ele>
   </trkpt>
   <trkpt lat="34.8936810" lon="-111.7304910">
    <ele>1365.1</ele>
   </trkpt>
   <trkpt lat="34.8936860" lon="-111.7304770">
    <ele>1365.2</ele>
   </trkpt>
   <trkpt lat="34.8936970" lon="-111.7304620">
    <ele>1365.3</ele>
   </trkpt>
   <trkpt lat="34.8937120" lon="-111.7304420">
    <ele>1365.5</ele>
   </trkpt>
   <trkpt lat="34.8937390" lon="-111.7304170">
    <ele>1365.8</ele>
   </trkpt>
   <trkpt lat="34.8937600" lon="-111.7303940">
    <ele>1366.0</ele>
   </trkpt>
   <trkpt lat="34.8937910" lon="-111.7303730">
    <ele>1366.2</ele>
   </trkpt>
   <trkpt lat="34.8938190" lon="-111.7303580">
    <ele>1366.4</ele>
   </trkpt>
   <trkpt lat="34.8938530" lon="-111.7303480">
    <ele>1366.7</ele>
   </trkpt>
   <trkpt lat="34.8938880" lon="-111.7303390">
    <ele>1367.0</ele>
   </trkpt>
   <trkpt lat="34.8939190" lon="-111.7303360">
    <ele>1367.2</ele>
   </trkpt>
   <trkpt lat="34.8939540" lon="-111.7303320">
    <ele>1367.6</ele>
   </trkpt>
   <trkpt lat="34.8939810" lon="-111.7303130">
    <ele>1367.9</ele>
   </trkpt>
   <trkpt lat="34.8940040" lon="-111.7302850">
    <ele>1368.2</ele>
   </trkpt>
   <trkpt lat="34.8940140" lon="-111.7302510">
    <ele>1368.5</ele>
   </trkpt>
   <trkpt lat="34.8940200" lon="-111.7302170">
    <ele>1368.9</ele>
   </trkpt>
   <trkpt lat="34.8940240" lon="-111.7301850">
    <ele>1369.2</ele>
   </trkpt>
   <trkpt lat="34.8940250" lon="-111.7301530">
    <ele>1369.5</ele>
   </trkpt>
   <trkpt lat="34.8940350" lon="-111.7301270">
    <ele>1369.7</ele>
   </trkpt>
   <trkpt lat="34.8940540" lon="-111.7301070">
    <ele>1370.0</ele>
   </trkpt>
   <trkpt lat="34.8940690" lon="-111.7300930">
    <ele>1370.2</ele>
   </trkpt>
   <trkpt lat="34.8940830" lon="-111.7300750">
    <ele>1370.4</ele>
   </trkpt>
   <trkpt lat="34.8940980" lon="-111.7300580">
    <ele>1370.6</ele>
   </trkpt>
   <trkpt lat="34.8941110" lon="-111.7300350">
    <ele>1370.9</ele>
   </trkpt>
   <trkpt lat="34.8941170" lon="-111.7300080">
    <ele>1371.1</ele>
   </trkpt>
   <trkpt lat="34.8941220" lon="-111.7299780">
    <ele>1371.4</ele>
   </trkpt>
   <trkpt lat="34.8941220" lon="-111.7299480">
    <ele>1371.7</ele>
   </trkpt>
   <trkpt lat="34.8941150" lon="-111.7299240">
    <ele>1371.9</ele>
   </trkpt>
   <trkpt lat="34.8941020" lon="-111.7299030">
    <ele>1372.1</ele>
   </trkpt>
   <trkpt lat="34.8940880" lon="-111.7298800">
    <ele>1372.3</ele>
   </trkpt>
   <trkpt lat="34.8940660" lon="-111.7298440">
    <ele>1372.7</ele>
   </trkpt>
   <trkpt lat="34.8940470" lon="-111.7298010">
    <ele>1373.1</ele>
   </trkpt>
   <trkpt lat="34.8940320" lon="-111.7297580">
    <ele>1373.5</ele>
   </trkpt>
   <trkpt lat="34.8940160" lon="-111.7297220">
    <ele>1373.8</ele>
   </trkpt>
   <trkpt lat="34.8940020" lon="-111.7296870">
    <ele>1374.2</ele>
   </trkpt>
   <trkpt lat="34.8939920" lon="-111.7296480">
    <ele>1374.5</ele>
   </trkpt>
   <trkpt lat="34.8939840" lon="-111.7296050">
    <ele>1374.9</ele>
   </trkpt>
   <trkpt lat="34.8939760" lon="-111.7295660">
    <ele>1375.3</ele>
   </trkpt>
   <trkpt lat="34.8939690" lon="-111.7295280">
    <ele>1375.7</ele>
   </trkpt>
   <trkpt lat="34.8939570" lon="-111.7294860">
    <ele>1376.1</ele>
   </trkpt>
   <trkpt lat="34.8939400" lon="-111.7294490">
    <ele>1376.5</ele>
   </trkpt>
   <trkpt lat="34.8939220" lon="-111.7294170">
    <ele>1376.8</ele>
   </trkpt>
   <trkpt lat="34.8939060" lon="-111.7293860">
    <ele>1377.1</ele>
   </trkpt>
   <trkpt lat="34.8938960" lon="-111.7293500">
    <ele>1377.4</ele>
   </trkpt>
   <trkpt lat="34.8938820" lon="-111.7293160">
    <ele>1377.7</ele>
   </trkpt>
   <trkpt lat="34.8938640" lon="-111.7292830">
    <ele>1378.0</ele>
   </trkpt>
   <trkpt lat="34.8938470" lon="-111.7292520">
    <ele>1378.2</ele>
   </trkpt>
   <trkpt lat="34.8938370" lon="-111.7292220">
    <ele>1378.4</ele>
   </trkpt>
   <trkpt lat="34.8938220" lon="-111.7291920">
    <ele>1378.6</ele>
   </trkpt>
   <trkpt lat="34.8938100" lon="-111.7291590">
    <ele>1378.9</ele>
   </trkpt>
   <trkpt lat="34.8937970" lon="-111.7291250">
    <ele>1379.1</ele>
   </trkpt>
   <trkpt lat="34.8937830" lon="-111.7290910">
    <ele>1379.4</ele>
   </trkpt>
   <trkpt lat="34.8937750" lon="-111.7290540">
    <ele>1379.6</ele>
   </trkpt>
   <trkpt lat="34.8937710" lon="-111.7290140">
    <ele>1379.9</ele>
   </trkpt>
   <trkpt lat="34.8937590" lon="-111.7289750">
    <ele>1380.2</ele>
   </trkpt>
   <trkpt lat="34.8937340" lon="-111.7289380">
    <ele>1380.6</ele>
   </trkpt>
   <trkpt lat="34.8937110" lon="-111.7289060">
    <ele>1381.0</ele>
   </trkpt>
   <trkpt lat="34.8936910" lon="-111.7288740">
    <ele>1381.3</ele>
   </trkpt>
   <trkpt lat="34.8936760" lon="-111.7288470">
    <ele>1381.6</ele>
   </trkpt>
   <trkpt lat="34.8936700" lon="-111.7288200">
    <ele>1381.9</ele>
   </trkpt>
   <trkpt lat="34.8936600" lon="-111.7287920">
    <ele>1382.2</ele>
   </trkpt>
   <trkpt lat="34.8936540" lon="-111.7287600">
    <ele>1382.5</ele>
   </trkpt>
   <trkpt lat="34.8936500" lon="-111.7287320">
    <ele>1382.8</ele>
   </trkpt>
   <trkpt lat="34.8936440" lon="-111.7287030">
    <ele>1383.1</ele>
   </trkpt>
   <trkpt lat="34.8936370" lon="-111.7286810">
    <ele>1383.4</ele>
   </trkpt>
   <trkpt lat="34.8936330" lon="-111.7286640">
    <ele>1383.6</ele>
   </trkpt>
   <trkpt lat="34.8936260" lon="-111.7286470">
    <ele>1383.8</ele>
   </trkpt>
   <trkpt lat="34.8936170" lon="-111.7286280">
    <ele>1384.1</ele>
   </trkpt>
   <trkpt lat="34.8936080" lon="-111.7286060">
    <ele>1384.3</ele>
   </trkpt>
   <trkpt lat="34.8936000" lon="-111.7285790">
    <ele>1384.7</ele>
   </trkpt>
   <trkpt lat="34.8935920" lon="-111.7285570">
    <ele>1385.0</ele>
   </trkpt>
   <trkpt lat="34.8935830" lon="-111.7285340">
    <ele>1385.3</ele>
   </trkpt>
   <trkpt lat="34.8935680" lon="-111.7285130">
    <ele>1385.6</ele>
   </trkpt>
   <trkpt lat="34.8935530" lon="-111.7284960">
    <ele>1385.9</ele>
   </trkpt>
   <trkpt lat="34.8935340" lon="-111.7284760">
    <ele>1386.3</ele>
   </trkpt>
   <trkpt lat="34.8935150" lon="-111.7284500">
    <ele>1386.7</ele>
   </trkpt>
   <trkpt lat="34.8934970" lon="-111.7284190">
    <ele>1387.2</ele>
   </trkpt>
   <trkpt lat="34.8934810" lon="-111.7283910">
    <ele>1387.6</ele>
   </trkpt>
   <trkpt lat="34.8934700" lon="-111.7283630">
    <ele>1387.9</ele>
   </trkpt>
   <trkpt lat="34.8934630" lon="-111.7283380">
    <ele>1388.2</ele>
   </trkpt>
   <trkpt lat="34.8934590" lon="-111.7283130">
    <ele>1388.5</ele>
   </trkpt>
   <trkpt lat="34.8934590" lon="-111.7282850">
    <ele>1388.9</ele>
   </trkpt>
   <trkpt lat="34.8934510" lon="-111.7282600">
    <ele>1389.2</ele>
   </trkpt>
   <trkpt lat="34.8934440" lon="-111.7282310">
    <ele>1389.5</ele>
   </trkpt>
   <trkpt lat="34.8934360" lon="-111.7281950">
    <ele>1389.9</ele>
   </trkpt>
   <trkpt lat="34.8934300" lon="-111.7281600">
    <ele>1390.3</ele>
   </trkpt>
   <trkpt lat="34.8934320" lon="-111.7281220">
    <ele>1390.8</ele>
   </trkpt>
   <trkpt lat="34.8934330" lon="-111.7280810">
    <ele>1391.3</ele>
   </trkpt>
   <trkpt lat="34.8934320" lon="-111.7280410">
    <ele>1391.7</ele>
   </trkpt>
   <trkpt lat="34.8934340" lon="-111.7280000">
    <ele>1392.2</ele>
   </trkpt>
   <trkpt lat="34.8934380" lon="-111.7279670">
    <ele>1392.6</ele>
   </trkpt>
   <trkpt lat="34.8934380" lon="-111.7279390">
    <ele>1392.9</ele>
   </trkpt>
   <trkpt lat="34.8934390" lon="-111.7279090">
    <ele>1393.3</ele>
   </trkpt>
   <trkpt lat="34.8934350" lon="-111.7278750">
    <ele>1393.7</ele>
   </trkpt>
   <trkpt lat="34.8934260" lon="-111.7278390">
    <ele>1394.2</ele>
   </trkpt>
   <trkpt lat="34.8934220" lon="-111.7278070">
    <ele>1394.6</ele>
   </trkpt>
   <trkpt lat="34.8934190" lon="-111.7277720">
    <ele>1395.1</ele>
   </trkpt>
   <trkpt lat="34.8934170" lon="-111.7277400">
    <ele>1395.5</ele>
   </trkpt>
   <trkpt lat="34.8934060" lon="-111.7277160">
    <ele>1395.9</ele>
   </trkpt>
   <trkpt lat="34.8934020" lon="-111.7276850">
    <ele>1396.3</ele>
   </trkpt>
   <trkpt lat="34.8934030" lon="-111.7276490">
    <ele>1396.7</ele>
   </trkpt>
   <trkpt lat="34.8934020" lon="-111.7276120">
    <ele>1397.2</ele>
   </trkpt>
   <trkpt lat="34.8934030" lon="-111.7275780">
    <ele>1397.7</ele>
   </trkpt>
   <trkpt lat="34.8934010" lon="-111.7275450">
    <ele>1398.1</ele>
   </trkpt>
   <trkpt lat="34.8933970" lon="-111.7275130">
    <ele>1398.5</ele>
   </trkpt>
   <trkpt lat="34.8933880" lon="-111.7274830">
    <ele>1398.9</ele>
   </trkpt>
   <trkpt lat="34.8933830" lon="-111.7274490">
    <ele>1399.3</ele>
   </trkpt>
   <trkpt lat="34.8933780" lon="-111.7274150">
    <ele>1399.8</ele>
   </trkpt>
   <trkpt lat="34.8933760" lon="-111.7273820">
    <ele>1400.2</ele>
   </trkpt>
   <trkpt lat="34.8933760" lon="-111.7273480">
    <ele>1400.6</ele>
   </trkpt>
   <trkpt lat="34.8933830" lon="-111.7273190">
    <ele>1400.9</ele>
   </trkpt>
   <trkpt lat="34.8933910" lon="-111.7272960">
    <ele>1401.2</ele>
   </trkpt>
   <trkpt lat="34.8934000" lon="-111.7272710">
    <ele>1401.5</ele>
   </trkpt>
   <trkpt lat="34.8934070" lon="-111.7272450">
    <ele>1401.8</ele>
   </trkpt>
   <trkpt lat="34.8934050" lon="-111.7272170">
    <ele>1402.1</ele>
   </trkpt>
   <trkpt lat="34.8934040" lon="-111.7271890">
    <ele>1402.4</ele>
   </trkpt>
   <trkpt lat="34.8934010" lon="-111.7271620">
    <ele>1402.6</ele>
   </trkpt>
   <trkpt lat="34.8933980" lon="-111.7271330">
    <ele>1402.9</ele>
   </trkpt>
   <trkpt lat="34.8933940" lon="-111.7271050">
    <ele>1403.1</ele>
   </trkpt>
   <trkpt lat="34.8933890" lon="-111.7270760">
    <ele>1403.4</ele>
   </trkpt>
   <trkpt lat="34.8933860" lon="-111.7270440">
    <ele>1403.7</ele>
   </trkpt>
   <trkpt lat="34.8933770" lon="-111.7270140">
    <ele>1404.0</ele>
   </trkpt>
   <trkpt lat="34.8933680" lon="-111.7269830">
    <ele>1404.3</ele>
   </trkpt>
   <trkpt lat="34.8933590" lon="-111.7269510">
    <ele>1404.6</ele>
   </trkpt>
   <trkpt lat="34.8933480" lon="-111.7269180">
    <ele>1404.9</ele>
   </trkpt>
   <trkpt lat="34.8933370" lon="-111.7268880">
    <ele>1405.2</ele>
   </trkpt>
   <trkpt lat="34.8933220" lon="-111.7268550">
    <ele>1405.5</ele>
   </trkpt>
   <trkpt lat="34.8933050" lon="-111.7268200">
    <ele>1405.8</ele>
   </trkpt>
   <trkpt lat="34.8932850" lon="-111.7267890">
    <ele>1406.2</ele>
   </trkpt>
   <trkpt lat="34.8932670" lon="-111.7267600">
    <ele>1406.5</ele>
   </trkpt>
   <trkpt lat="34.8932510" lon="-111.7267320">
    <ele>1406.8</ele>
   </trkpt>
   <trkpt lat="34.8932380" lon="-111.7267010">
    <ele>1407.2</ele>
   </trkpt>
   <trkpt lat="34.8932300" lon="-111.7266710">
    <ele>1407.5</ele>
   </trkpt>
   <trkpt lat="34.8932270" lon="-111.7266400">
    <ele>1407.9</ele>
   </trkpt>
   <trkpt lat="34.8932240" lon="-111.7266100">
    <ele>1408.2</ele>
   </trkpt>
   <trkpt lat="34.8932160" lon="-111.7265800">
    <ele>1408.6</ele>
   </trkpt>
   <trkpt lat="34.8932080" lon="-111.7265520">
    <ele>1409.0</ele>
   </trkpt>
   <trkpt lat="34.8931970" lon="-111.7265280">
    <ele>1409.3</ele>
   </trkpt>
   <trkpt lat="34.8931880" lon="-111.7265070">
    <ele>1409.6</ele>
   </trkpt>
   <trkpt lat="34.8931800" lon="-111.7264910">
    <ele>1409.9</ele>
   </trkpt>
   <trkpt lat="34.8931740" lon="-111.7264690">
    <ele>1410.2</ele>
   </trkpt>
   <trkpt lat="34.8931730" lon="-111.7264490">
    <ele>1410.4</ele>
   </trkpt>
   <trkpt lat="34.8931720" lon="-111.7264300">
    <ele>1410.7</ele>
   </trkpt>
   <trkpt lat="34.8931620" lon="-111.7264100">
    <ele>1411.0</ele>
   </trkpt>
   <trkpt lat="34.8931500" lon="-111.7263920">
    <ele>1411.3</ele>
   </trkpt>
   <trkpt lat="34.8931380" lon="-111.7263760">
    <ele>1411.6</ele>
   </trkpt>
   <trkpt lat="34.8931350" lon="-111.7263600">
    <ele>1411.8</ele>
   </trkpt>
   <trkpt lat="34.8931360" lon="-111.7263430">
    <ele>1412.0</ele>
   </trkpt>
   <trkpt lat="34.8931330" lon="-111.7263200">
    <ele>1412.4</ele>
   </trkpt>
   <trkpt lat="34.8931320" lon="-111.7262980">
    <ele>1412.7</ele>
   </trkpt>
   <trkpt lat="34.8931310" lon="-111.7262730">
    <ele>1413.0</ele>
   </trkpt>
   <trkpt lat="34.8931270" lon="-111.7262490">
    <ele>1413.4</ele>
   </trkpt>
   <trkpt lat="34.8931300" lon="-111.7262230">
    <ele>1413.7</ele>
   </trkpt>
   <trkpt lat="34.8931350" lon="-111.7261960">
    <ele>1414.1</ele>
   </trkpt>
   <trkpt lat="34.8931400" lon="-111.7261690">
    <ele>1414.5</ele>
   </trkpt>
   <trkpt lat="34.8931440" lon="-111.7261400">
    <ele>1414.9</ele>
   </trkpt>
   <trkpt lat="34.8931470" lon="-111.7261150">
    <ele>1415.3</ele>
   </trkpt>
   <trkpt lat="34.8931560" lon="-111.7260910">
    <ele>1415.7</ele>
   </trkpt>
   <trkpt lat="34.8931640" lon="-111.7260660">
    <ele>1416.1</ele>
   </trkpt>
   <trkpt lat="34.8931720" lon="-111.7260440">
    <ele>1416.4</ele>
   </trkpt>
   <trkpt lat="34.8931830" lon="-111.7260300">
    <ele>1416.7</ele>
   </trkpt>
   <trkpt lat="34.8931980" lon="-111.7260080">
    <ele>1417.1</ele>
   </trkpt>
   <trkpt lat="34.8932140" lon="-111.7259820">
    <ele>1417.5</ele>
   </trkpt>
   <trkpt lat="34.8932240" lon="-111.7259580">
    <ele>1417.9</ele>
   </trkpt>
   <trkpt lat="34.8932390" lon="-111.7259340">
    <ele>1418.3</ele>
   </trkpt>
   <trkpt lat="34.8932520" lon="-111.7259130">
    <ele>1418.6</ele>
   </trkpt>
   <trkpt lat="34.8932630" lon="-111.7258930">
    <ele>1418.9</ele>
   </trkpt>
   <trkpt lat="34.8932720" lon="-111.7258720">
    <ele>1419.3</ele>
   </trkpt>
   <trkpt lat="34.8932860" lon="-111.7258440">
    <ele>1419.7</ele>
   </trkpt>
   <trkpt lat="34.8932950" lon="-111.7258160">
    <ele>1420.0</ele>
   </trkpt>
   <trkpt lat="34.8933050" lon="-111.7257940">
    <ele>1420.3</ele>
   </trkpt>
   <trkpt lat="34.8933060" lon="-111.7257730">
    <ele>1420.6</ele>
   </trkpt>
   <trkpt lat="34.8933050" lon="-111.7257510">
    <ele>1420.9</ele>
   </trkpt>
   <trkpt lat="34.8933040" lon="-111.7257290">
    <ele>1421.1</ele>
   </trkpt>
   <trkpt lat="34.8933030" lon="-111.7257000">
    <ele>1421.5</ele>
   </trkpt>
   <trkpt lat="34.8933050" lon="-111.7256680">
    <ele>1421.9</ele>
   </trkpt>
   <trkpt lat="34.8933060" lon="-111.7256390">
    <ele>1422.2</ele>
   </trkpt>
   <trkpt lat="34.8933110" lon="-111.7256110">
    <ele>1422.5</ele>
   </trkpt>
   <trkpt lat="34.8933190" lon="-111.7255850">
    <ele>1422.9</ele>
   </trkpt>
   <trkpt lat="34.8933240" lon="-111.7255590">
    <ele>1423.2</ele>
   </trkpt>
   <trkpt lat="34.8933290" lon="-111.7255310">
    <ele>1423.5</ele>
   </trkpt>
   <trkpt lat="34.8933390" lon="-111.7255000">
    <ele>1423.9</ele>
   </trkpt>
   <trkpt lat="34.8933540" lon="-111.7254620">
    <ele>1424.4</ele>
   </trkpt>
   <trkpt lat="34.8933730" lon="-111.7254240">
    <ele>1425.0</ele>
   </trkpt>
   <trkpt lat="34.8933910" lon="-111.7253930">
    <ele>1425.4</ele>
   </trkpt>
   <trkpt lat="34.8934060" lon="-111.7253620">
    <ele>1425.8</ele>
   </trkpt>
   <trkpt lat="34.8934170" lon="-111.7253280">
    <ele>1426.3</ele>
   </trkpt>
   <trkpt lat="34.8934300" lon="-111.7252920">
    <ele>1426.7</ele>
   </trkpt>
   <trkpt lat="34.8934440" lon="-111.7252580">
    <ele>1427.2</ele>
   </trkpt>
   <trkpt lat="34.8934590" lon="-111.7252270">
    <ele>1427.6</ele>
   </trkpt>
   <trkpt lat="34.8934730" lon="-111.7251910">
    <ele>1428.0</ele>
   </trkpt>
   <trkpt lat="34.8934870" lon="-111.7251560">
    <ele>1428.4</ele>
   </trkpt>
   <trkpt lat="34.8934960" lon="-111.7251170">
    <ele>1428.9</ele>
   </trkpt>
   <trkpt lat="34.8935020" lon="-111.7250820">
    <ele>1429.3</ele>
   </trkpt>
   <trkpt lat="34.8935150" lon="-111.7250520">
    <ele>1429.6</ele>
   </trkpt>
   <trkpt lat="34.8935250" lon="-111.7250230">
    <ele>1430.0</ele>
   </trkpt>
   <trkpt lat="34.8935270" lon="-111.7249920">
    <ele>1430.3</ele>
   </trkpt>
   <trkpt lat="34.8935210" lon="-111.7249590">
    <ele>1430.7</ele>
   </trkpt>
   <trkpt lat="34.8935030" lon="-111.7249270">
    <ele>1431.2</ele>
   </trkpt>
   <trkpt lat="34.8934730" lon="-111.7248950">
    <ele>1431.8</ele>
   </trkpt>
   <trkpt lat="34.8934480" lon="-111.7248670">
    <ele>1432.4</ele>
   </trkpt>
   <trkpt lat="34.8934260" lon="-111.7248430">
    <ele>1432.9</ele>
   </trkpt>
   <trkpt lat="34.8934070" lon="-111.7248230">
    <ele>1433.3</ele>
   </trkpt>
   <trkpt lat="34.8933880" lon="-111.7248050">
    <ele>1433.8</ele>
   </trkpt>
   <trkpt lat="34.8933700" lon="-111.7247890">
    <ele>1434.2</ele>
   </trkpt>
   <trkpt lat="34.8933550" lon="-111.7247690">
    <ele>1434.6</ele>
   </trkpt>
   <trkpt lat="34.8933410" lon="-111.7247460">
    <ele>1435.1</ele>
   </trkpt>
   <trkpt lat="34.8933290" lon="-111.7247220">
    <ele>1435.5</ele>
   </trkpt>
   <trkpt lat="34.8933150" lon="-111.7247010">
    <ele>1436.0</ele>
   </trkpt>
   <trkpt lat="34.8932960" lon="-111.7246860">
    <ele>1436.4</ele>
   </trkpt>
   <trkpt lat="34.8932730" lon="-111.7246720">
    <ele>1436.9</ele>
   </trkpt>
   <trkpt lat="34.8932540" lon="-111.7246520">
    <ele>1437.4</ele>
   </trkpt>
   <trkpt lat="34.8932370" lon="-111.7246300">
    <ele>1437.9</ele>
   </trkpt>
   <trkpt lat="34.8932200" lon="-111.7246090">
    <ele>1438.4</ele>
   </trkpt>
   <trkpt lat="34.8932080" lon="-111.7245890">
    <ele>1438.8</ele>
   </trkpt>
   <trkpt lat="34.8931960" lon="-111.7245670">
    <ele>1439.2</ele>
   </trkpt>
   <trkpt lat="34.8931920" lon="-111.7245470">
    <ele>1439.6</ele>
   </trkpt>
   <trkpt lat="34.8931940" lon="-111.7245260">
    <ele>1439.9</ele>
   </trkpt>
   <trkpt lat="34.8932000" lon="-111.7245060">
    <ele>1440.2</ele>
   </trkpt>
   <trkpt lat="34.8932080" lon="-111.7244900">
    <ele>1440.5</ele>
   </trkpt>
   <trkpt lat="34.8932220" lon="-111.7244740">
    <ele>1440.8</ele>
   </trkpt>
   <trkpt lat="34.8932370" lon="-111.7244590">
    <ele>1441.2</ele>
   </trkpt>
   <trkpt lat="34.8932510" lon="-111.7244430">
    <ele>1441.5</ele>
   </trkpt>
   <trkpt lat="34.8932590" lon="-111.7244210">
    <ele>1441.9</ele>
   </trkpt>
   <trkpt lat="34.8932610" lon="-111.7243980">
    <ele>1442.2</ele>
   </trkpt>
   <trkpt lat="34.8932620" lon="-111.7243750">
    <ele>1442.5</ele>
   </trkpt>
   <trkpt lat="34.8932550" lon="-111.7243520">
    <ele>1442.9</ele>
   </trkpt>
   <trkpt lat="34.8932530" lon="-111.7243350">
    <ele>1443.1</ele>
   </trkpt>
   <trkpt lat="34.8932540" lon="-111.7243190">
    <ele>1443.3</ele>
   </trkpt>
   <trkpt lat="34.8932550" lon="-111.7242990">
    <ele>1443.5</ele>
   </trkpt>
   <trkpt lat="34.8932590" lon="-111.7242770">
    <ele>1443.8</ele>
   </trkpt>
   <trkpt lat="34.8932610" lon="-111.7242530">
    <ele>1444.1</ele>
   </trkpt>
   <trkpt lat="34.8932660" lon="-111.7242270">
    <ele>1444.4</ele>
   </trkpt>
   <trkpt lat="34.8932690" lon="-111.7242030">
    <ele>1444.7</ele>
   </trkpt>
   <trkpt lat="34.8932730" lon="-111.7241790">
    <ele>1445.0</ele>
   </trkpt>
   <trkpt lat="34.8932750" lon="-111.7241530">
    <ele>1445.3</ele>
   </trkpt>
   <trkpt lat="34.8932770" lon="-111.7241300">
    <ele>1445.6</ele>
   </trkpt>
   <trkpt lat="34.8932800" lon="-111.7241050">
    <ele>1445.9</ele>
   </trkpt>
   <trkpt lat="34.8932850" lon="-111.7240820">
    <ele>1446.2</ele>
   </trkpt>
   <trkpt lat="34.8932910" lon="-111.7240570">
    <ele>1446.5</ele>
   </trkpt>
   <trkpt lat="34.8932930" lon="-111.7240300">
    <ele>1446.8</ele>
   </trkpt>
   <trkpt lat="34.8932930" lon="-111.7240040">
    <ele>1447.1</ele>
   </trkpt>
   <trkpt lat="34.8932950" lon="-111.7239810">
    <ele>1447.4</ele>
   </trkpt>
   <trkpt lat="34.8933010" lon="-111.7239590">
    <ele>1447.7</ele>
   </trkpt>
   <trkpt lat="34.8933060" lon="-111.7239310">
    <ele>1448.0</ele>
   </trkpt>
   <trkpt lat="34.8933110" lon="-111.7239010">
    <ele>1448.4</ele>
   </trkpt>
   <trkpt lat="34.8933150" lon="-111.7238710">
    <ele>1448.8</ele>
   </trkpt>
   <trkpt lat="34.8933160" lon="-111.7238400">
    <ele>1449.1</ele>
   </trkpt>
   <trkpt lat="34.8933160" lon="-111.7238120">
    <ele>1449.5</ele>
   </trkpt>
   <trkpt lat="34.8933140" lon="-111.7237830">
    <ele>1449.8</ele>
   </trkpt>
   <trkpt lat="34.8933120" lon="-111.7237580">
    <ele>1450.1</ele>
   </trkpt>
   <trkpt lat="34.8933110" lon="-111.7237330">
    <ele>1450.4</ele>
   </trkpt>
   <trkpt lat="34.8933110" lon="-111.7237050">
    <ele>1450.8</ele>
   </trkpt>
   <trkpt lat="34.8933160" lon="-111.7236820">
    <ele>1451.1</ele>
   </trkpt>
   <trkpt lat="34.8933190" lon="-111.7236580">
    <ele>1451.3</ele>
   </trkpt>
   <trkpt lat="34.8933140" lon="-111.7236330">
    <ele>1451.6</ele>
   </trkpt>
   <trkpt lat="34.8933080" lon="-111.7236080">
    <ele>1451.9</ele>
   </trkpt>
   <trkpt lat="34.8933000" lon="-111.7235840">
    <ele>1452.3</ele>
   </trkpt>
   <trkpt lat="34.8933000" lon="-111.7235630">
    <ele>1452.5</ele>
   </trkpt>
   <trkpt lat="34.8932970" lon="-111.7235410">
    <ele>1452.7</ele>
   </trkpt>
   <trkpt lat="34.8932900" lon="-111.7235200">
    <ele>1453.0</ele>
   </trkpt>
   <trkpt lat="34.8932870" lon="-111.7234970">
    <ele>1453.2</ele>
   </trkpt>
   <trkpt lat="34.8932840" lon="-111.7234750">
    <ele>1453.5</ele>
   </trkpt>
   <trkpt lat="34.8932810" lon="-111.7234550">
    <ele>1453.7</ele>
   </trkpt>
   <trkpt lat="34.8932750" lon="-111.7234340">
    <ele>1453.9</ele>
   </trkpt>
   <trkpt lat="34.8932670" lon="-111.7234100">
    <ele>1454.1</ele>
   </trkpt>
   <trkpt lat="34.8932590" lon="-111.7233860">
    <ele>1454.4</ele>
   </trkpt>
   <trkpt lat="34.8932490" lon="-111.7233610">
    <ele>1454.7</ele>
   </trkpt>
   <trkpt lat="34.8932400" lon="-111.7233320">
    <ele>1455.0</ele>
   </trkpt>
   <trkpt lat="34.8932350" lon="-111.7233010">
    <ele>1455.3</ele>
   </trkpt>
   <trkpt lat="34.8932310" lon="-111.7232680">
    <ele>1455.7</ele>
   </trkpt>
   <trkpt lat="34.8932260" lon="-111.7232390">
    <ele>1456.0</ele>
   </trkpt>
   <trkpt lat="34.8932220" lon="-111.7232080">
    <ele>1456.4</ele>
   </trkpt>
   <trkpt lat="34.8932210" lon="-111.7231800">
    <ele>1456.7</ele>
   </trkpt>
   <trkpt lat="34.8932220" lon="-111.7231510">
    <ele>1457.0</ele>
   </trkpt>
   <trkpt lat="34.8932210" lon="-111.7231210">
    <ele>1457.4</ele>
   </trkpt>
   <trkpt lat="34.8932170" lon="-111.7230920">
    <ele>1457.7</ele>
   </trkpt>
   <trkpt lat="34.8932080" lon="-111.7230600">
    <ele>1458.1</ele>
   </trkpt>
   <trkpt lat="34.8932030" lon="-111.7230290">
    <ele>1458.4</ele>
   </trkpt>
   <trkpt lat="34.8931980" lon="-111.7229970">
    <ele>1458.8</ele>
   </trkpt>
   <trkpt lat="34.8931950" lon="-111.7229660">
    <ele>1459.1</ele>
   </trkpt>
   <trkpt lat="34.8931950" lon="-111.7229370">
    <ele>1459.5</ele>
   </trkpt>
   <trkpt lat="34.8931900" lon="-111.7229060">
    <ele>1459.8</ele>
   </trkpt>
   <trkpt lat="34.8931820" lon="-111.7228760">
    <ele>1460.2</ele>
   </trkpt>
   <trkpt lat="34.8931720" lon="-111.7228440">
    <ele>1460.5</ele>
   </trkpt>
   <trkpt lat="34.8931650" lon="-111.7228140">
    <ele>1460.9</ele>
   </trkpt>
   <trkpt lat="34.8931610" lon="-111.7227820">
    <ele>1461.3</ele>
   </trkpt>
   <trkpt lat="34.8931540" lon="-111.7227520">
    <ele>1461.6</ele>
   </trkpt>
   <trkpt lat="34.8931460" lon="-111.7227220">
    <ele>1462.0</ele>
   </trkpt>
   <trkpt lat="34.8931340" lon="-111.7226940">
    <ele>1462.3</ele>
   </trkpt>
   <trkpt lat="34.8931230" lon="-111.7226660">
    <ele>1462.7</ele>
   </trkpt>
   <trkpt lat="34.8931100" lon="-111.7226370">
    <ele>1463.1</ele>
   </trkpt>
   <trkpt lat="34.8930980" lon="-111.7226080">
    <ele>1463.5</ele>
   </trkpt>
   <trkpt lat="34.8930890" lon="-111.7225770">
    <ele>1463.8</ele>
   </trkpt>
   <trkpt lat="34.8930770" lon="-111.7225440">
    <ele>1464.3</ele>
   </trkpt>
   <trkpt lat="34.8930700" lon="-111.7225130">
    <ele>1464.7</ele>
   </trkpt>
   <trkpt lat="34.8930650" lon="-111.7224820">
    <ele>1465.1</ele>
   </trkpt>
   <trkpt lat="34.8930570" lon="-111.7224530">
    <ele>1465.5</ele>
   </trkpt>
   <trkpt lat="34.8930520" lon="-111.7224220">
    <ele>1466.0</ele>
   </trkpt>
   <trkpt lat="34.8930520" lon="-111.7223920">
    <ele>1466.4</ele>
   </trkpt>
   <trkpt lat="34.8930470" lon="-111.7223650">
    <ele>1466.8</ele>
   </trkpt>
   <trkpt lat="34.8930450" lon="-111.7223370">
    <ele>1467.2</ele>
   </trkpt>
   <trkpt lat="34.8930480" lon="-111.7223080">
    <ele>1467.7</ele>
   </trkpt>
   <trkpt lat="34.8930490" lon="-111.7222770">
    <ele>1468.2</ele>
   </trkpt>
   <trkpt lat="34.8930500" lon="-111.7222500">
    <ele>1468.6</ele>
   </trkpt>
   <trkpt lat="34.8930490" lon="-111.7222230">
    <ele>1469.1</ele>
   </trkpt>
   <trkpt lat="34.8930430" lon="-111.7221960">
    <ele>1469.5</ele>
   </trkpt>
   <trkpt lat="34.8930420" lon="-111.7221720">
    <ele>1469.9</ele>
   </trkpt>
   <trkpt lat="34.8930390" lon="-111.7221470">
    <ele>1470.3</ele>
   </trkpt>
   <trkpt lat="34.8930330" lon="-111.7221230">
    <ele>1470.8</ele>
   </trkpt>
   <trkpt lat="34.8930260" lon="-111.7220990">
    <ele>1471.2</ele>
   </trkpt>
   <trkpt lat="34.8930220" lon="-111.7220790">
    <ele>1471.5</ele>
   </trkpt>
   <trkpt lat="34.8930230" lon="-111.7220600">
    <ele>1471.9</ele>
   </trkpt>
   <trkpt lat="34.8930250" lon="-111.7220380">
    <ele>1472.2</ele>
   </trkpt>
   <trkpt lat="34.8930240" lon="-111.7220160">
    <ele>1472.6</ele>
   </trkpt>
   <trkpt lat="34.8930200" lon="-111.7219920">
    <ele>1473.0</ele>
   </trkpt>
   <trkpt lat="34.8930150" lon="-111.7219690">
    <ele>1473.4</ele>
   </trkpt>
   <trkpt lat="34.8930090" lon="-111.7219460">
    <ele>1473.8</ele>
   </trkpt>
   <trkpt lat="34.8929970" lon="-111.7219220">
    <ele>1474.2</ele>
   </trkpt>
   <trkpt lat="34.8929880" lon="-111.7219000">
    <ele>1474.6</ele>
   </trkpt>
   <trkpt lat="34.8929800" lon="-111.7218790">
    <ele>1475.0</ele>
   </trkpt>
   <trkpt lat="34.8929740" lon="-111.7218550">
    <ele>1475.4</ele>
   </trkpt>
   <trkpt lat="34.8929720" lon="-111.7218330">
    <ele>1475.7</ele>
   </trkpt>
   <trkpt lat="34.8929750" lon="-111.7218090">
    <ele>1476.1</ele>
   </trkpt>
   <trkpt lat="34.8929720" lon="-111.7217850">
    <ele>1476.4</ele>
   </trkpt>
   <trkpt lat="34.8929700" lon="-111.7217620">
    <ele>1476.7</ele>
   </trkpt>
   <trkpt lat="34.8929700" lon="-111.7217380">
    <ele>1477.0</ele>
   </trkpt>
   <trkpt lat="34.8929680" lon="-111.7217150">
    <ele>1477.3</ele>
   </trkpt>
   <trkpt lat="34.8929640" lon="-111.7216930">
    <ele>1477.5</ele>
   </trkpt>
   <trkpt lat="34.8929620" lon="-111.7216690">
    <ele>1477.8</ele>
   </trkpt>
   <trkpt lat="34.8929630" lon="-111.7216450">
    <ele>1478.0</ele>
   </trkpt>
   <trkpt lat="34.8929590" lon="-111.7216210">
    <ele>1478.2</ele>
   </trkpt>
   <trkpt lat="34.8929530" lon="-111.7215960">
    <ele>1478.4</ele>
   </trkpt>
   <trkpt lat="34.8929470" lon="-111.7215730">
    <ele>1478.6</ele>
   </trkpt>
   <trkpt lat="34.8929390" lon="-111.7215490">
    <ele>1478.7</ele>
   </trkpt>
   <trkpt lat="34.8929350" lon="-111.7215220">
    <ele>1478.9</ele>
   </trkpt>
   <trkpt lat="34.8929330" lon="-111.7214990">
    <ele>1479.1</ele>
   </trkpt>
   <trkpt lat="34.8929250" lon="-111.7214730">
    <ele>1479.3</ele>
   </trkpt>
   <trkpt lat="34.8929120" lon="-111.7214530">
    <ele>1479.5</ele>
   </trkpt>
   <trkpt lat="34.8929010" lon="-111.7214300">
    <ele>1479.7</ele>
   </trkpt>
   <trkpt lat="34.8928920" lon="-111.7214060">
    <ele>1480.0</ele>
   </trkpt>
   <trkpt lat="34.8928860" lon="-111.7213820">
    <ele>1480.2</ele>
   </trkpt>
   <trkpt lat="34.8928830" lon="-111.7213530">
    <ele>1480.4</ele>
   </trkpt>
   <trkpt lat="34.8928850" lon="-111.7213270">
    <ele>1480.7</ele>
   </trkpt>
   <trkpt lat="34.8928920" lon="-111.7213000">
    <ele>1481.0</ele>
   </trkpt>
   <trkpt lat="34.8928940" lon="-111.7212700">
    <ele>1481.3</ele>
   </trkpt>
   <trkpt lat="34.8928960" lon="-111.7212340">
    <ele>1481.8</ele>
   </trkpt>
   <trkpt lat="34.8928910" lon="-111.7211910">
    <ele>1482.4</ele>
   </trkpt>
   <trkpt lat="34.8928820" lon="-111.7211540">
    <ele>1482.9</ele>
   </trkpt>
   <trkpt lat="34.8928710" lon="-111.7211250">
    <ele>1483.4</ele>
   </trkpt>
   <trkpt lat="34.8928620" lon="-111.7211030">
    <ele>1483.8</ele>
   </trkpt>
   <trkpt lat="34.8928570" lon="-111.7210810">
    <ele>1484.1</ele>
   </trkpt>
   <trkpt lat="34.8928490" lon="-111.7210610">
    <ele>1484.5</ele>
   </trkpt>
   <trkpt lat="34.8928390" lon="-111.7210400">
    <ele>1484.9</ele>
   </trkpt>
   <trkpt lat="34.8928250" lon="-111.7210190">
    <ele>1485.3</ele>
   </trkpt>
   <trkpt lat="34.8928060" lon="-111.7210010">
    <ele>1485.7</ele>
   </trkpt>
   <trkpt lat="34.8927890" lon="-111.7209850">
    <ele>1486.2</ele>
   </trkpt>
   <trkpt lat="34.8927740" lon="-111.7209680">
    <ele>1486.5</ele>
   </trkpt>
   <trkpt lat="34.8927610" lon="-111.7209520">
    <ele>1486.9</ele>
   </trkpt>
   <trkpt lat="34.8927490" lon="-111.7209360">
    <ele>1487.2</ele>
   </trkpt>
   <trkpt lat="34.8927370" lon="-111.7209180">
    <ele>1487.5</ele>
   </trkpt>
   <trkpt lat="34.8927260" lon="-111.7209010">
    <ele>1487.9</ele>
   </trkpt>
   <trkpt lat="34.8927170" lon="-111.7208810">
    <ele>1488.2</ele>
   </trkpt>
   <trkpt lat="34.8927070" lon="-111.7208630">
    <ele>1488.5</ele>
   </trkpt>
   <trkpt lat="34.8926990" lon="-111.7208450">
    <ele>1488.8</ele>
   </trkpt>
   <trkpt lat="34.8926860" lon="-111.7208260">
    <ele>1489.1</ele>
   </trkpt>
   <trkpt lat="34.8926730" lon="-111.7208050">
    <ele>1489.5</ele>
   </trkpt>
   <trkpt lat="34.8926630" lon="-111.7207830">
    <ele>1489.8</ele>
   </trkpt>
   <trkpt lat="34.8926510" lon="-111.7207600">
    <ele>1490.1</ele>
   </trkpt>
   <trkpt lat="34.8926390" lon="-111.7207380">
    <ele>1490.4</ele>
   </trkpt>
   <trkpt lat="34.8926280" lon="-111.7207160">
    <ele>1490.7</ele>
   </trkpt>
   <trkpt lat="34.8926190" lon="-111.7206930">
    <ele>1491.0</ele>
   </trkpt>
   <trkpt lat="34.8926140" lon="-111.7206690">
    <ele>1491.3</ele>
   </trkpt>
   <trkpt lat="34.8926070" lon="-111.7206460">
    <ele>1491.5</ele>
   </trkpt>
   <trkpt lat="34.8925980" lon="-111.7206260">
    <ele>1491.7</ele>
   </trkpt>
   <trkpt lat="34.8925830" lon="-111.7206040">
    <ele>1492.0</ele>
   </trkpt>
   <trkpt lat="34.8925710" lon="-111.7205810">
    <ele>1492.2</ele>
   </trkpt>
   <trkpt lat="34.8925620" lon="-111.7205580">
    <ele>1492.4</ele>
   </trkpt>
   <trkpt lat="34.8925520" lon="-111.7205320">
    <ele>1492.7</ele>
   </trkpt>
   <trkpt lat="34.8925430" lon="-111.7205090">
    <ele>1492.9</ele>
   </trkpt>
   <trkpt lat="34.8925330" lon="-111.7204820">
    <ele>1493.1</ele>
   </trkpt>
   <trkpt lat="34.8925250" lon="-111.7204510">
    <ele>1493.3</ele>
   </trkpt>
   <trkpt lat="34.8925180" lon="-111.7204250">
    <ele>1493.5</ele>
   </trkpt>
   <trkpt lat="34.8925070" lon="-111.7204000">
    <ele>1493.6</ele>
   </trkpt>
   <trkpt lat="34.8925000" lon="-111.7203790">
    <ele>1493.7</ele>
   </trkpt>
   <trkpt lat="34.8924870" lon="-111.7203600">
    <ele>1493.9</ele>
   </trkpt>
   <trkpt lat="34.8924700" lon="-111.7203370">
    <ele>1494.0</ele>
   </trkpt>
   <trkpt lat="34.8924560" lon="-111.7203100">
    <ele>1494.1</ele>
   </trkpt>
   <trkpt lat="34.8924390" lon="-111.7202790">
    <ele>1494.3</ele>
   </trkpt>
   <trkpt lat="34.8924230" lon="-111.7202450">
    <ele>1494.4</ele>
   </trkpt>
   <trkpt lat="34.8924070" lon="-111.7202110">
    <ele>1494.6</ele>
   </trkpt>
   <trkpt lat="34.8923820" lon="-111.7201830">
    <ele>1494.8</ele>
   </trkpt>
   <trkpt lat="34.8923590" lon="-111.7201580">
    <ele>1494.9</ele>
   </trkpt>
   <trkpt lat="34.8923380" lon="-111.7201270">
    <ele>1495.1</ele>
   </trkpt>
   <trkpt lat="34.8923180" lon="-111.7200960">
    <ele>1495.3</ele>
   </trkpt>
   <trkpt lat="34.8923000" lon="-111.7200650">
    <ele>1495.6</ele>
   </trkpt>
   <trkpt lat="34.8922820" lon="-111.7200360">
    <ele>1495.8</ele>
   </trkpt>
   <trkpt lat="34.8922670" lon="-111.7200140">
    <ele>1496.0</ele>
   </trkpt>
   <trkpt lat="34.8922500" lon="-111.7199900">
    <ele>1496.3</ele>
   </trkpt>
   <trkpt lat="34.8922380" lon="-111.7199660">
    <ele>1496.5</ele>
   </trkpt>
   <trkpt lat="34.8922280" lon="-111.7199350">
    <ele>1496.8</ele>
   </trkpt>
   <trkpt lat="34.8922160" lon="-111.7199050">
    <ele>1497.1</ele>
   </trkpt>
   <trkpt lat="34.8922020" lon="-111.7198770">
    <ele>1497.4</ele>
   </trkpt>
   <trkpt lat="34.8921870" lon="-111.7198510">
    <ele>1497.7</ele>
   </trkpt>
   <trkpt lat="34.8921750" lon="-111.7198280">
    <ele>1498.0</ele>
   </trkpt>
   <trkpt lat="34.8921580" lon="-111.7198050">
    <ele>1498.3</ele>
   </trkpt>
   <trkpt lat="34.8921410" lon="-111.7197820">
    <ele>1498.7</ele>
   </trkpt>
   <trkpt lat="34.8921230" lon="-111.7197600">
    <ele>1499.0</ele>
   </trkpt>
   <trkpt lat="34.8921100" lon="-111.7197380">
    <ele>1499.3</ele>
   </trkpt>
   <trkpt lat="34.8920940" lon="-111.7197170">
    <ele>1499.7</ele>
   </trkpt>
   <trkpt lat="34.8920780" lon="-111.7196930">
    <ele>1500.0</ele>
   </trkpt>
   <trkpt lat="34.8920670" lon="-111.7196700">
    <ele>1500.3</ele>
   </trkpt>
   <trkpt lat="34.8920570" lon="-111.7196430">
    <ele>1500.7</ele>
   </trkpt>
   <trkpt lat="34.8920490" lon="-111.7196170">
    <ele>1501.0</ele>
   </trkpt>
   <trkpt lat="34.8920410" lon="-111.7195910">
    <ele>1501.3</ele>
   </trkpt>
   <trkpt lat="34.8920310" lon="-111.7195680">
    <ele>1501.6</ele>
   </trkpt>
   <trkpt lat="34.8920230" lon="-111.7195460">
    <ele>1501.9</ele>
   </trkpt>
   <trkpt lat="34.8920170" lon="-111.7195220">
    <ele>1502.1</ele>
   </trkpt>
   <trkpt lat="34.8920080" lon="-111.7194960">
    <ele>1502.4</ele>
   </trkpt>
   <trkpt lat="34.8920000" lon="-111.7194690">
    <ele>1502.7</ele>
   </trkpt>
   <trkpt lat="34.8919910" lon="-111.7194420">
    <ele>1502.9</ele>
   </trkpt>
   <trkpt lat="34.8919840" lon="-111.7194150">
    <ele>1503.2</ele>
   </trkpt>
   <trkpt lat="34.8919740" lon="-111.7193900">
    <ele>1503.4</ele>
   </trkpt>
   <trkpt lat="34.8919670" lon="-111.7193650">
    <ele>1503.6</ele>
   </trkpt>
   <trkpt lat="34.8919650" lon="-111.7193400">
    <ele>1503.8</ele>
   </trkpt>
   <trkpt lat="34.8919560" lon="-111.7193130">
    <ele>1504.1</ele>
   </trkpt>
   <trkpt lat="34.8919520" lon="-111.7192820">
    <ele>1504.3</ele>
   </trkpt>
   <trkpt lat="34.8919430" lon="-111.7192550">
    <ele>1504.5</ele>
   </trkpt>
   <trkpt lat="34.8919340" lon="-111.7192220">
    <ele>1504.8</ele>
   </trkpt>
   <trkpt lat="34.8919280" lon="-111.7191880">
    <ele>1505.1</ele>
   </trkpt>
   <trkpt lat="34.8919270" lon="-111.7191510">
    <ele>1505.4</ele>
   </trkpt>
   <trkpt lat="34.8919320" lon="-111.7191140">
    <ele>1505.7</ele>
   </trkpt>
   <trkpt lat="34.8919350" lon="-111.7190820">
    <ele>1506.0</ele>
   </trkpt>
   <trkpt lat="34.8919390" lon="-111.7190510">
    <ele>1506.3</ele>
   </trkpt>
   <trkpt lat="34.8919460" lon="-111.7190230">
    <ele>1506.6</ele>
   </trkpt>
   <trkpt lat="34.8919590" lon="-111.7189950">
    <ele>1506.9</ele>
   </trkpt>
   <trkpt lat="34.8919720" lon="-111.7189740">
    <ele>1507.2</ele>
   </trkpt>
   <trkpt lat="34.8919820" lon="-111.7189510">
    <ele>1507.4</ele>
   </trkpt>
   <trkpt lat="34.8919900" lon="-111.7189240">
    <ele>1507.8</ele>
   </trkpt>
   <trkpt lat="34.8919950" lon="-111.7188970">
    <ele>1508.1</ele>
   </trkpt>
   <trkpt lat="34.8920000" lon="-111.7188700">
    <ele>1508.4</ele>
   </trkpt>
   <trkpt lat="34.8920060" lon="-111.7188440">
    <ele>1508.8</ele>
   </trkpt>
   <trkpt lat="34.8920140" lon="-111.7188180">
    <ele>1509.2</ele>
   </trkpt>
   <trkpt lat="34.8920210" lon="-111.7187910">
    <ele>1509.6</ele>
   </trkpt>
   <trkpt lat="34.8920280" lon="-111.7187680">
    <ele>1509.9</ele>
   </trkpt>
   <trkpt lat="34.8920340" lon="-111.7187410">
    <ele>1510.3</ele>
   </trkpt>
   <trkpt lat="34.8920330" lon="-111.7187130">
    <ele>1510.6</ele>
   </trkpt>
   <trkpt lat="34.8920330" lon="-111.7186840">
    <ele>1511.0</ele>
   </trkpt>
   <trkpt lat="34.8920370" lon="-111.7186540">
    <ele>1511.4</ele>
   </trkpt>
   <trkpt lat="34.8920410" lon="-111.7186300">
    <ele>1511.7</ele>
   </trkpt>
   <trkpt lat="34.8920430" lon="-111.7186060">
    <ele>1512.0</ele>
   </trkpt>
   <trkpt lat="34.8920460" lon="-111.7185790">
    <ele>1512.3</ele>
   </trkpt>
   <trkpt lat="34.8920480" lon="-111.7185510">
    <ele>1512.7</ele>
   </trkpt>
   <trkpt lat="34.8920470" lon="-111.7185210">
    <ele>1513.0</ele>
   </trkpt>
   <trkpt lat="34.8920500" lon="-111.7184950">
    <ele>1513.3</ele>
   </trkpt>
   <trkpt lat="34.8920550" lon="-111.7184720">
    <ele>1513.6</ele>
   </trkpt>
   <trkpt lat="34.8920590" lon="-111.7184470">
    <ele>1513.9</ele>
   </trkpt>
   <trkpt lat="34.8920640" lon="-111.7184240">
    <ele>1514.2</ele>
   </trkpt>
   <trkpt lat="34.8920690" lon="-111.7183990">
    <ele>1514.4</ele>
   </trkpt>
   <trkpt lat="34.8920720" lon="-111.7183770">
    <ele>1514.7</ele>
   </trkpt>
   <trkpt lat="34.8920780" lon="-111.7183510">
    <ele>1515.0</ele>
   </trkpt>
   <trkpt lat="34.8920810" lon="-111.7183250">
    <ele>1515.3</ele>
   </trkpt>
   <trkpt lat="34.8920880" lon="-111.7183050">
    <ele>1515.5</ele>
   </trkpt>
   <trkpt lat="34.8920970" lon="-111.7182810">
    <ele>1515.8</ele>
   </trkpt>
   <trkpt lat="34.8921030" lon="-111.7182540">
    <ele>1516.0</ele>
   </trkpt>
   <trkpt lat="34.8921070" lon="-111.7182290">
    <ele>1516.3</ele>
   </trkpt>
   <trkpt lat="34.8921060" lon="-111.7182010">
    <ele>1516.6</ele>
   </trkpt>
   <trkpt lat="34.8921060" lon="-111.7181750">
    <ele>1516.8</ele>
   </trkpt>
   <trkpt lat="34.8921090" lon="-111.7181480">
    <ele>1517.1</ele>
   </trkpt>
   <trkpt lat="34.8921130" lon="-111.7181210">
    <ele>1517.4</ele>
   </trkpt>
   <trkpt lat="34.8921160" lon="-111.7180930">
    <ele>1517.7</ele>
   </trkpt>
   <trkpt lat="34.8921210" lon="-111.7180640">
    <ele>1518.0</ele>
   </trkpt>
   <trkpt lat="34.8921290" lon="-111.7180380">
    <ele>1518.3</ele>
   </trkpt>
   <trkpt lat="34.8921370" lon="-111.7180110">
    <ele>1518.6</ele>
   </trkpt>
   <trkpt lat="34.8921460" lon="-111.7179860">
    <ele>1518.8</ele>
   </trkpt>
   <trkpt lat="34.8921530" lon="-111.7179580">
    <ele>1519.1</ele>
   </trkpt>
   <trkpt lat="34.8921610" lon="-111.7179280">
    <ele>1519.5</ele>
   </trkpt>
   <trkpt lat="34.8921710" lon="-111.7179000">
    <ele>1519.8</ele>
   </trkpt>
   <trkpt lat="34.8921780" lon="-111.7178740">
    <ele>1520.1</ele>
   </trkpt>
   <trkpt lat="34.8921860" lon="-111.7178540">
    <ele>1520.3</ele>
   </trkpt>
   <trkpt lat="34.8921950" lon="-111.7178320">
    <ele>1520.6</ele>
   </trkpt>
   <trkpt lat="34.8921990" lon="-111.7178090">
    <ele>1520.8</ele>
   </trkpt>
   <trkpt lat="34.8922040" lon="-111.7177850">
    <ele>1521.1</ele>
   </trkpt>
   <trkpt lat="34.8922050" lon="-111.7177590">
    <ele>1521.3</ele>
   </trkpt>
   <trkpt lat="34.8922110" lon="-111.7177340">
    <ele>1521.6</ele>
   </trkpt>
   <trkpt lat="34.8922220" lon="-111.7177110">
    <ele>1521.9</ele>
   </trkpt>
   <trkpt lat="34.8922300" lon="-111.7176860">
    <ele>1522.1</ele>
   </trkpt>
   <trkpt lat="34.8922380" lon="-111.7176600">
    <ele>1522.4</ele>
   </trkpt>
   <trkpt lat="34.8922440" lon="-111.7176320">
    <ele>1522.6</ele>
   </trkpt>
   <trkpt lat="34.8922510" lon="-111.7176060">
    <ele>1522.9</ele>
   </trkpt>
   <trkpt lat="34.8922590" lon="-111.7175800">
    <ele>1523.1</ele>
   </trkpt>
   <trkpt lat="34.8922660" lon="-111.7175540">
    <ele>1523.3</ele>
   </trkpt>
   <trkpt lat="34.8922730" lon="-111.7175270">
    <ele>1523.5</ele>
   </trkpt>
   <trkpt lat="34.8922750" lon="-111.7174950">
    <ele>1523.7</ele>
   </trkpt>
   <trkpt lat="34.8922800" lon="-111.7174620">
    <ele>1523.9</ele>
   </trkpt>
   <trkpt lat="34.8922900" lon="-111.7174310">
    <ele>1524.0</ele>
   </trkpt>
   <trkpt lat="34.8923020" lon="-111.7174000">
    <ele>1524.2</ele>
   </trkpt>
   <trkpt lat="34.8923090" lon="-111.7173670">
    <ele>1524.4</ele>
   </trkpt>
   <trkpt lat="34.8923150" lon="-111.7173290">
    <ele>1524.6</ele>
   </trkpt>
   <trkpt lat="34.8923250" lon="-111.7172940">
    <ele>1524.8</ele>
   </trkpt>
   <trkpt lat="34.8923410" lon="-111.7172610">
    <ele>1525.0</ele>
   </trkpt>
   <trkpt lat="34.8923580" lon="-111.7172300">
    <ele>1525.2</ele>
   </trkpt>
   <trkpt lat="34.8923750" lon="-111.7171980">
    <ele>1525.5</ele>
   </trkpt>
   <trkpt lat="34.8923910" lon="-111.7171700">
    <ele>1525.7</ele>
   </trkpt>
   <trkpt lat="34.8924080" lon="-111.7171430">
    <ele>1526.0</ele>
   </trkpt>
   <trkpt lat="34.8924260" lon="-111.7171120">
    <ele>1526.3</ele>
   </trkpt>
   <trkpt lat="34.8924410" lon="-111.7170820">
    <ele>1526.6</ele>
   </trkpt>
   <trkpt lat="34.8924490" lon="-111.7170500">
    <ele>1526.8</ele>
   </trkpt>
   <trkpt lat="34.8924540" lon="-111.7170170">
    <ele>1527.1</ele>
   </trkpt>
   <trkpt lat="34.8924590" lon="-111.7169840">
    <ele>1527.4</ele>
   </trkpt>
   <trkpt lat="34.8924670" lon="-111.7169530">
    <ele>1527.7</ele>
   </trkpt>
   <trkpt lat="34.8924680" lon="-111.7169200">
    <ele>1527.9</ele>
   </trkpt>
   <trkpt lat="34.8924710" lon="-111.7168880">
    <ele>1528.2</ele>
   </trkpt>
   <trkpt lat="34.8924690" lon="-111.7168530">
    <ele>1528.5</ele>
   </trkpt>
   <trkpt lat="34.8924570" lon="-111.7168190">
    <ele>1528.7</ele>
   </trkpt>
   <trkpt lat="34.8924370" lon="-111.7167880">
    <ele>1529.0</ele>
   </trkpt>
   <trkpt lat="34.8924190" lon="-111.7167600">
    <ele>1529.3</ele>
   </trkpt>
   <trkpt lat="34.8924010" lon="-111.7167290">
    <ele>1529.5</ele>
   </trkpt>
   <trkpt lat="34.8923850" lon="-111.7166980">
    <ele>1529.8</ele>
   </trkpt>
   <trkpt lat="34.8923770" lon="-111.7166630">
    <ele>1530.0</ele>
   </trkpt>
   <trkpt lat="34.8923720" lon="-111.7166260">
    <ele>1530.3</ele>
   </trkpt>
   <trkpt lat="34.8923700" lon="-111.7165930">
    <ele>1530.5</ele>
   </trkpt>
   <trkpt lat="34.8923700" lon="-111.7165590">
    <ele>1530.7</ele>
   </trkpt>
   <trkpt lat="34.8923670" lon="-111.7165250">
    <ele>1531.0</ele>
   </trkpt>
   <trkpt lat="34.8923610" lon="-111.7164910">
    <ele>1531.3</ele>
   </trkpt>
   <trkpt lat="34.8923580" lon="-111.7164580">
    <ele>1531.6</ele>
   </trkpt>
   <trkpt lat="34.8923610" lon="-111.7164290">
    <ele>1531.8</ele>
   </trkpt>
   <trkpt lat="34.8923660" lon="-111.7163990">
    <ele>1532.1</ele>
   </trkpt>
   <trkpt lat="34.8923680" lon="-111.7163680">
    <ele>1532.3</ele>
   </trkpt>
   <trkpt lat="34.8923620" lon="-111.7163360">
    <ele>1532.6</ele>
   </trkpt>
   <trkpt lat="34.8923570" lon="-111.7163020">
    <ele>1532.9</ele>
   </trkpt>
   <trkpt lat="34.8923570" lon="-111.7162680">
    <ele>1533.3</ele>
   </trkpt>
   <trkpt lat="34.8923620" lon="-111.7162360">
    <ele>1533.5</ele>
   </trkpt>
   <trkpt lat="34.8923680" lon="-111.7162040">
    <ele>1533.8</ele>
   </trkpt>
   <trkpt lat="34.8923730" lon="-111.7161760">
    <ele>1534.1</ele>
   </trkpt>
   <trkpt lat="34.8923750" lon="-111.7161450">
    <ele>1534.4</ele>
   </trkpt>
   <trkpt lat="34.8923790" lon="-111.7161110">
    <ele>1534.7</ele>
   </trkpt>
   <trkpt lat="34.8923880" lon="-111.7160770">
    <ele>1535.0</ele>
   </trkpt>
   <trkpt lat="34.8923920" lon="-111.7160430">
    <ele>1535.4</ele>
   </trkpt>
   <trkpt lat="34.8923950" lon="-111.7160110">
    <ele>1535.7</ele>
   </trkpt>
   <trkpt lat="34.8923950" lon="-111.7159770">
    <ele>1536.0</ele>
   </trkpt>
   <trkpt lat="34.8923990" lon="-111.7159450">
    <ele>1536.4</ele>
   </trkpt>
   <trkpt lat="34.8924040" lon="-111.7159150">
    <ele>1536.7</ele>
   </trkpt>
   <trkpt lat="34.8924080" lon="-111.7158890">
    <ele>1536.9</ele>
   </trkpt>
   <trkpt lat="34.8924120" lon="-111.7158610">
    <ele>1537.2</ele>
   </trkpt>
   <trkpt lat="34.8924170" lon="-111.7158300">
    <ele>1537.5</ele>
   </trkpt>
   <trkpt lat="34.8924190" lon="-111.7158000">
    <ele>1537.8</ele>
   </trkpt>
   <trkpt lat="34.8924300" lon="-111.7157760">
    <ele>1538.1</ele>
   </trkpt>
   <trkpt lat="34.8924410" lon="-111.7157530">
    <ele>1538.4</ele>
   </trkpt>
   <trkpt lat="34.8924520" lon="-111.7157240">
    <ele>1538.7</ele>
   </trkpt>
   <trkpt lat="34.8924600" lon="-111.7156950">
    <ele>1539.0</ele>
   </trkpt>
   <trkpt lat="34.8924670" lon="-111.7156650">
    <ele>1539.3</ele>
   </trkpt>
   <trkpt lat="34.8924740" lon="-111.7156340">
    <ele>1539.7</ele>
   </trkpt>
   <trkpt lat="34.8924800" lon="-111.7155980">
    <ele>1540.0</ele>
   </trkpt>
   <trkpt lat="34.8924860" lon="-111.7155680">
    <ele>1540.4</ele>
   </trkpt>
   <trkpt lat="34.8924910" lon="-111.7155390">
    <ele>1540.7</ele>
   </trkpt>
   <trkpt lat="34.8924920" lon="-111.7155100">
    <ele>1541.0</ele>
   </trkpt>
   <trkpt lat="34.8924960" lon="-111.7154790">
    <ele>1541.3</ele>
   </trkpt>
   <trkpt lat="34.8924980" lon="-111.7154440">
    <ele>1541.7</ele>
   </trkpt>
   <trkpt lat="34.8924920" lon="-111.7154110">
    <ele>1542.0</ele>
   </trkpt>
   <trkpt lat="34.8924870" lon="-111.7153810">
    <ele>1542.3</ele>
   </trkpt>
   <trkpt lat="34.8924820" lon="-111.7153550">
    <ele>1542.6</ele>
   </trkpt>
   <trkpt lat="34.8924810" lon="-111.7153250">
    <ele>1542.9</ele>
   </trkpt>
   <trkpt lat="34.8924770" lon="-111.7152930">
    <ele>1543.3</ele>
   </trkpt>
   <trkpt lat="34.8924740" lon="-111.7152630">
    <ele>1543.6</ele>
   </trkpt>
   <trkpt lat="34.8924730" lon="-111.7152320">
    <ele>1543.9</ele>
   </trkpt>
   <trkpt lat="34.8924750" lon="-111.7152050">
    <ele>1544.2</ele>
   </trkpt>
   <trkpt lat="34.8924780" lon="-111.7151760">
    <ele>1544.5</ele>
   </trkpt>
   <trkpt lat="34.8924800" lon="-111.7151450">
    <ele>1544.8</ele>
   </trkpt>
   <trkpt lat="34.8924800" lon="-111.7151160">
    <ele>1545.2</ele>
   </trkpt>
   <trkpt lat="34.8924770" lon="-111.7150830">
    <ele>1545.5</ele>
   </trkpt>
   <trkpt lat="34.8924800" lon="-111.7150520">
    <ele>1545.9</ele>
   </trkpt>
   <trkpt lat="34.8924870" lon="-111.7150230">
    <ele>1546.2</ele>
   </trkpt>
   <trkpt lat="34.8924930" lon="-111.7149950">
    <ele>1546.5</ele>
   </trkpt>
   <trkpt lat="34.8924990" lon="-111.7149700">
    <ele>1546.8</ele>
   </trkpt>
   <trkpt lat="34.8925020" lon="-111.7149420">
    <ele>1547.1</ele>
   </trkpt>
   <trkpt lat="34.8925090" lon="-111.7149150">
    <ele>1547.3</ele>
   </trkpt>
   <trkpt lat="34.8925200" lon="-111.7148870">
    <ele>1547.6</ele>
   </trkpt>
   <trkpt lat="34.8925260" lon="-111.7148580">
    <ele>1547.9</ele>
   </trkpt>
   <trkpt lat="34.8925320" lon="-111.7148290">
    <ele>1548.2</ele>
   </trkpt>
   <trkpt lat="34.8925370" lon="-111.7147980">
    <ele>1548.5</ele>
   </trkpt>
   <trkpt lat="34.8925440" lon="-111.7147710">
    <ele>1548.8</ele>
   </trkpt>
   <trkpt lat="34.8925520" lon="-111.7147420">
    <ele>1549.1</ele>
   </trkpt>
   <trkpt lat="34.8925560" lon="-111.7147100">
    <ele>1549.4</ele>
   </trkpt>
   <trkpt lat="34.8925550" lon="-111.7146780">
    <ele>1549.7</ele>
   </trkpt>
   <trkpt lat="34.8925470" lon="-111.7146440">
    <ele>1550.1</ele>
   </trkpt>
   <trkpt lat="34.8925400" lon="-111.7146150">
    <ele>1550.4</ele>
   </trkpt>
   <trkpt lat="34.8925400" lon="-111.7145830">
    <ele>1550.8</ele>
   </trkpt>
   <trkpt lat="34.8925420" lon="-111.7145570">
    <ele>1551.1</ele>
   </trkpt>
   <trkpt lat="34.8925420" lon="-111.7145310">
    <ele>1551.4</ele>
   </trkpt>
   <trkpt lat="34.8925400" lon="-111.7145020">
    <ele>1551.7</ele>
   </trkpt>
   <trkpt lat="34.8925420" lon="-111.7144760">
    <ele>1552.1</ele>
   </trkpt>
   <trkpt lat="34.8925410" lon="-111.7144500">
    <ele>1552.4</ele>
   </trkpt>
   <trkpt lat="34.8925420" lon="-111.7144210">
    <ele>1552.7</ele>
   </trkpt>
   <trkpt lat="34.8925440" lon="-111.7143920">
    <ele>1553.1</ele>
   </trkpt>
   <trkpt lat="34.8925450" lon="-111.7143630">
    <ele>1553.5</ele>
   </trkpt>
   <trkpt lat="34.8925490" lon="-111.7143380">
    <ele>1553.8</ele>
   </trkpt>
   <trkpt lat="34.8925530" lon="-111.7143110">
    <ele>1554.2</ele>
   </trkpt>
   <trkpt lat="34.8925590" lon="-111.7142860">
    <ele>1554.6</ele>
   </trkpt>
   <trkpt lat="34.8925630" lon="-111.7142620">
    <ele>1554.9</ele>
   </trkpt>
   <trkpt lat="34.8925620" lon="-111.7142370">
    <ele>1555.3</ele>
   </trkpt>
   <trkpt lat="34.8925570" lon="-111.7142130">
    <ele>1555.6</ele>
   </trkpt>
   <trkpt lat="34.8925520" lon="-111.7141850">
    <ele>1556.0</ele>
   </trkpt>
   <trkpt lat="34.8925500" lon="-111.7141580">
    <ele>1556.4</ele>
   </trkpt>
   <trkpt lat="34.8925470" lon="-111.7141330">
    <ele>1556.8</ele>
   </trkpt>
   <trkpt lat="34.8925370" lon="-111.7141080">
    <ele>1557.2</ele>
   </trkpt>
   <trkpt lat="34.8925230" lon="-111.7140840">
    <ele>1557.6</ele>
   </trkpt>
   <trkpt lat="34.8925120" lon="-111.7140570">
    <ele>1558.0</ele>
   </trkpt>
   <trkpt lat="34.8925050" lon="-111.7140330">
    <ele>1558.4</ele>
   </trkpt>
   <trkpt lat="34.8925000" lon="-111.7140080">
    <ele>1558.7</ele>
   </trkpt>
   <trkpt lat="34.8924960" lon="-111.7139850">
    <ele>1559.1</ele>
   </trkpt>
   <trkpt lat="34.8924850" lon="-111.7139600">
    <ele>1559.5</ele>
   </trkpt>
   <trkpt lat="34.8924760" lon="-111.7139350">
    <ele>1559.8</ele>
   </trkpt>
   <trkpt lat="34.8924720" lon="-111.7139160">
    <ele>1560.1</ele>
   </trkpt>
   <trkpt lat="34.8924660" lon="-111.7138940">
    <ele>1560.5</ele>
   </trkpt>
   <trkpt lat="34.8924570" lon="-111.7138720">
    <ele>1560.8</ele>
   </trkpt>
   <trkpt lat="34.8924500" lon="-111.7138500">
    <ele>1561.1</ele>
   </trkpt>
   <trkpt lat="34.8924450" lon="-111.7138240">
    <ele>1561.5</ele>
   </trkpt>
   <trkpt lat="34.8924370" lon="-111.7138010">
    <ele>1561.8</ele>
   </trkpt>
   <trkpt lat="34.8924300" lon="-111.7137800">
    <ele>1562.1</ele>
   </trkpt>
   <trkpt lat="34.8924210" lon="-111.7137560">
    <ele>1562.4</ele>
   </trkpt>
   <trkpt lat="34.8924180" lon="-111.7137290">
    <ele>1562.8</ele>
   </trkpt>
   <trkpt lat="34.8924120" lon="-111.7137040">
    <ele>1563.1</ele>
   </trkpt>
   <trkpt lat="34.8924120" lon="-111.7136780">
    <ele>1563.4</ele>
   </trkpt>
   <trkpt lat="34.8924130" lon="-111.7136520">
    <ele>1563.6</ele>
   </trkpt>
   <trkpt lat="34.8924160" lon="-111.7136270">
    <ele>1563.9</ele>
   </trkpt>
   <trkpt lat="34.8924250" lon="-111.7136070">
    <ele>1564.1</ele>
   </trkpt>
   <trkpt lat="34.8924360" lon="-111.7135880">
    <ele>1564.3</ele>
   </trkpt>
   <trkpt lat="34.8924450" lon="-111.7135630">
    <ele>1564.6</ele>
   </trkpt>
   <trkpt lat="34.8924500" lon="-111.7135420">
    <ele>1564.7</ele>
   </trkpt>
   <trkpt lat="34.8924650" lon="-111.7135230">
    <ele>1564.9</ele>
   </trkpt>
   <trkpt lat="34.8924790" lon="-111.7135060">
    <ele>1565.1</ele>
   </trkpt>
   <trkpt lat="34.8924940" lon="-111.7134880">
    <ele>1565.3</ele>
   </trkpt>
   <trkpt lat="34.8925110" lon="-111.7134680">
    <ele>1565.5</ele>
   </trkpt>
   <trkpt lat="34.8925260" lon="-111.7134460">
    <ele>1565.8</ele>
   </trkpt>
   <trkpt lat="34.8925380" lon="-111.7134200">
    <ele>1566.0</ele>
   </trkpt>
   <trkpt lat="34.8925500" lon="-111.7133960">
    <ele>1566.2</ele>
   </trkpt>
   <trkpt lat="34.8925640" lon="-111.7133760">
    <ele>1566.5</ele>
   </trkpt>
   <trkpt lat="34.8925750" lon="-111.7133480">
    <ele>1566.8</ele>
   </trkpt>
   <trkpt lat="34.8925890" lon="-111.7133200">
    <ele>1567.2</ele>
   </trkpt>
   <trkpt lat="34.8926040" lon="-111.7132970">
    <ele>1567.7</ele>
   </trkpt>
   <trkpt lat="34.8926220" lon="-111.7132740">
    <ele>1568.2</ele>
   </trkpt>
   <trkpt lat="34.8926380" lon="-111.7132550">
    <ele>1568.7</ele>
   </trkpt>
   <trkpt lat="34.8926570" lon="-111.7132380">
    <ele>1569.2</ele>
   </trkpt>
   <trkpt lat="34.8926740" lon="-111.7132190">
    <ele>1569.8</ele>
   </trkpt>
   <trkpt lat="34.8926920" lon="-111.7132020">
    <ele>1570.4</ele>
   </trkpt>
   <trkpt lat="34.8927080" lon="-111.7131840">
    <ele>1571.0</ele>
   </trkpt>
   <trkpt lat="34.8927210" lon="-111.7131650">
    <ele>1571.5</ele>
   </trkpt>
   <trkpt lat="34.8927300" lon="-111.7131420">
    <ele>1572.1</ele>
   </trkpt>
   <trkpt lat="34.8927430" lon="-111.7131220">
    <ele>1572.6</ele>
   </trkpt>
   <trkpt lat="34.8927580" lon="-111.7131020">
    <ele>1573.2</ele>
   </trkpt>
   <trkpt lat="34.8927670" lon="-111.7130790">
    <ele>1573.7</ele>
   </trkpt>
   <trkpt lat="34.8927750" lon="-111.7130570">
    <ele>1574.1</ele>
   </trkpt>
   <trkpt lat="34.8927840" lon="-111.7130320">
    <ele>1574.6</ele>
   </trkpt>
   <trkpt lat="34.8927970" lon="-111.7130100">
    <ele>1575.0</ele>
   </trkpt>
   <trkpt lat="34.8928130" lon="-111.7129920">
    <ele>1575.5</ele>
   </trkpt>
   <trkpt lat="34.8928330" lon="-111.7129760">
    <ele>1575.9</ele>
   </trkpt>
   <trkpt lat="34.8928500" lon="-111.7129620">
    <ele>1576.3</ele>
   </trkpt>
   <trkpt lat="34.8928650" lon="-111.7129410">
    <ele>1576.7</ele>
   </trkpt>
   <trkpt lat="34.8928820" lon="-111.7129200">
    <ele>1577.1</ele>
   </trkpt>
   <trkpt lat="34.8928990" lon="-111.7129040">
    <ele>1577.5</ele>
   </trkpt>
   <trkpt lat="34.8929160" lon="-111.7128860">
    <ele>1577.9</ele>
   </trkpt>
   <trkpt lat="34.8929340" lon="-111.7128700">
    <ele>1578.3</ele>
   </trkpt>
   <trkpt lat="34.8929560" lon="-111.7128530">
    <ele>1578.7</ele>
   </trkpt>
   <trkpt lat="34.8929750" lon="-111.7128350">
    <ele>1579.2</ele>
   </trkpt>
   <trkpt lat="34.8929850" lon="-111.7128120">
    <ele>1579.6</ele>
   </trkpt>
   <trkpt lat="34.8929980" lon="-111.7127870">
    <ele>1580.0</ele>
   </trkpt>
   <trkpt lat="34.8930120" lon="-111.7127600">
    <ele>1580.6</ele>
   </trkpt>
   <trkpt lat="34.8930250" lon="-111.7127320">
    <ele>1581.1</ele>
   </trkpt>
   <trkpt lat="34.8930290" lon="-111.7127030">
    <ele>1581.6</ele>
   </trkpt>
   <trkpt lat="34.8930280" lon="-111.7126720">
    <ele>1582.1</ele>
   </trkpt>
   <trkpt lat="34.8930240" lon="-111.7126410">
    <ele>1582.6</ele>
   </trkpt>
   <trkpt lat="34.8930240" lon="-111.7126160">
    <ele>1583.0</ele>
   </trkpt>
   <trkpt lat="34.8930210" lon="-111.7125910">
    <ele>1583.4</ele>
   </trkpt>
   <trkpt lat="34.8930250" lon="-111.7125690">
    <ele>1583.8</ele>
   </trkpt>
   <trkpt lat="34.8930340" lon="-111.7125490">
    <ele>1584.2</ele>
   </trkpt>
   <trkpt lat="34.8930460" lon="-111.7125310">
    <ele>1584.6</ele>
   </trkpt>
   <trkpt lat="34.8930600" lon="-111.7125190">
    <ele>1584.9</ele>
   </trkpt>
   <trkpt lat="34.8930750" lon="-111.7125070">
    <ele>1585.3</ele>
   </trkpt>
   <trkpt lat="34.8930870" lon="-111.7124900">
    <ele>1585.7</ele>
   </trkpt>
   <trkpt lat="34.8930970" lon="-111.7124670">
    <ele>1586.2</ele>
   </trkpt>
   <trkpt lat="34.8931070" lon="-111.7124440">
    <ele>1586.6</ele>
   </trkpt>
   <trkpt lat="34.8931160" lon="-111.7124210">
    <ele>1587.1</ele>
   </trkpt>
   <trkpt lat="34.8931270" lon="-111.7124000">
    <ele>1587.5</ele>
   </trkpt>
   <trkpt lat="34.8931380" lon="-111.7123830">
    <ele>1587.9</ele>
   </trkpt>
   <trkpt lat="34.8931500" lon="-111.7123650">
    <ele>1588.4</ele>
   </trkpt>
   <trkpt lat="34.8931610" lon="-111.7123480">
    <ele>1588.8</ele>
   </trkpt>
   <trkpt lat="34.8931720" lon="-111.7123340">
    <ele>1589.2</ele>
   </trkpt>
   <trkpt lat="34.8931870" lon="-111.7123160">
    <ele>1589.7</ele>
   </trkpt>
   <trkpt lat="34.8932000" lon="-111.7122970">
    <ele>1590.2</ele>
   </trkpt>
   <trkpt lat="34.8932120" lon="-111.7122840">
    <ele>1590.6</ele>
   </trkpt>
   <trkpt lat="34.8932270" lon="-111.7122710">
    <ele>1591.1</ele>
   </trkpt>
   <trkpt lat="34.8932380" lon="-111.7122570">
    <ele>1591.5</ele>
   </trkpt>
   <trkpt lat="34.8932480" lon="-111.7122430">
    <ele>1592.0</ele>
   </trkpt>
   <trkpt lat="34.8932600" lon="-111.7122320">
    <ele>1592.4</ele>
   </trkpt>
   <trkpt lat="34.8932740" lon="-111.7122210">
    <ele>1592.9</ele>
   </trkpt>
   <trkpt lat="34.8932840" lon="-111.7122140">
    <ele>1593.2</ele>
   </trkpt>
   <trkpt lat="34.8932970" lon="-111.7122050">
    <ele>1593.7</ele>
   </trkpt>
   <trkpt lat="34.8933100" lon="-111.7121980">
    <ele>1594.1</ele>
   </trkpt>
   <trkpt lat="34.8933230" lon="-111.7121910">
    <ele>1594.6</ele>
   </trkpt>
   <trkpt lat="34.8933340" lon="-111.7121810">
    <ele>1595.0</ele>
   </trkpt>
   <trkpt lat="34.8933380" lon="-111.7121670">
    <ele>1595.4</ele>
   </trkpt>
   <trkpt lat="34.8933460" lon="-111.7121570">
    <ele>1595.7</ele>
   </trkpt>
   <trkpt lat="34.8933550" lon="-111.7121430">
    <ele>1596.2</ele>
   </trkpt>
   <trkpt lat="34.8933660" lon="-111.7121310">
    <ele>1596.6</ele>
   </trkpt>
   <trkpt lat="34.8933750" lon="-111.7121230">
    <ele>1597.0</ele>
   </trkpt>
   <trkpt lat="34.8933850" lon="-111.7121130">
    <ele>1597.4</ele>
   </trkpt>
   <trkpt lat="34.8933960" lon="-111.7121010">
    <ele>1597.8</ele>
   </trkpt>
   <trkpt lat="34.8934080" lon="-111.7120920">
    <ele>1598.3</ele>
   </trkpt>
   <trkpt lat="34.8934180" lon="-111.7120810">
    <ele>1598.7</ele>
   </trkpt>
   <trkpt lat="34.8934260" lon="-111.7120690">
    <ele>1599.1</ele>
   </trkpt>
   <trkpt lat="34.8934370" lon="-111.7120600">
    <ele>1599.6</ele>
   </trkpt>
   <trkpt lat="34.8934470" lon="-111.7120460">
    <ele>1600.0</ele>
   </trkpt>
   <trkpt lat="34.8934590" lon="-111.7120280">
    <ele>1600.7</ele>
   </trkpt>
   <trkpt lat="34.8934700" lon="-111.7120120">
    <ele>1601.2</ele>
   </trkpt>
   <trkpt lat="34.8934810" lon="-111.7119980">
    <ele>1601.7</ele>
   </trkpt>
   <trkpt lat="34.8934940" lon="-111.7119850">
    <ele>1602.2</ele>
   </trkpt>
   <trkpt lat="34.8935050" lon="-111.7119740">
    <ele>1602.7</ele>
   </trkpt>
   <trkpt lat="34.8935170" lon="-111.7119660">
    <ele>1603.1</ele>
   </trkpt>
   <trkpt lat="34.8935290" lon="-111.7119580">
    <ele>1603.6</ele>
   </trkpt>
   <trkpt lat="34.8935390" lon="-111.7119480">
    <ele>1604.0</ele>
   </trkpt>
   <trkpt lat="34.8935510" lon="-111.7119370">
    <ele>1604.4</ele>
   </trkpt>
   <trkpt lat="34.8935630" lon="-111.7119240">
    <ele>1604.9</ele>
   </trkpt>
   <trkpt lat="34.8935730" lon="-111.7119110">
    <ele>1605.4</ele>
   </trkpt>
   <trkpt lat="34.8935820" lon="-111.7119010">
    <ele>1605.7</ele>
   </trkpt>
   <trkpt lat="34.8935930" lon="-111.7118950">
    <ele>1606.0</ele>
   </trkpt>
   <trkpt lat="34.8936040" lon="-111.7118880">
    <ele>1606.4</ele>
   </trkpt>
   <trkpt lat="34.8936130" lon="-111.7118810">
    <ele>1606.6</ele>
   </trkpt>
   <trkpt lat="34.8936220" lon="-111.7118720">
    <ele>1606.9</ele>
   </trkpt>
   <trkpt lat="34.8936320" lon="-111.7118590">
    <ele>1607.3</ele>
   </trkpt>
   <trkpt lat="34.8936420" lon="-111.7118470">
    <ele>1607.6</ele>
   </trkpt>
   <trkpt lat="34.8936540" lon="-111.7118410">
    <ele>1607.9</ele>
   </trkpt>
   <trkpt lat="34.8936660" lon="-111.7118310">
    <ele>1608.2</ele>
   </trkpt>
   <trkpt lat="34.8936770" lon="-111.7118180">
    <ele>1608.5</ele>
   </trkpt>
   <trkpt lat="34.8936900" lon="-111.7118100">
    <ele>1608.8</ele>
   </trkpt>
   <trkpt lat="34.8937000" lon="-111.7118030">
    <ele>1609.0</ele>
   </trkpt>
   <trkpt lat="34.8937130" lon="-111.7117950">
    <ele>1609.3</ele>
   </trkpt>
   <trkpt lat="34.8937250" lon="-111.7117850">
    <ele>1610.4</ele>
   </trkpt>
   <trkpt lat="34.8937390" lon="-111.7117780">
    <ele>1610.8</ele>
   </trkpt>
   <trkpt lat="34.8937490" lon="-111.7117700">
    <ele>1611.0</ele>
   </trkpt>
   <trkpt lat="34.8937600" lon="-111.7117630">
    <ele>1611.3</ele>
   </trkpt>
   <trkpt lat="34.8937720" lon="-111.7117570">
    <ele>1611.6</ele>
   </trkpt>
   <trkpt lat="34.8937840" lon="-111.7117460">
    <ele>1612.0</ele>
   </trkpt>
   <trkpt lat="34.8937940" lon="-111.7117380">
    <ele>1612.3</ele>
   </trkpt>
   <trkpt lat="34.8938050" lon="-111.7117330">
    <ele>1612.6</ele>
   </trkpt>
   <trkpt lat="34.8938170" lon="-111.7117300">
    <ele>1612.9</ele>
   </trkpt>
   <trkpt lat="34.8938310" lon="-111.7117270">
    <ele>1613.3</ele>
   </trkpt>
   <trkpt lat="34.8938430" lon="-111.7117230">
    <ele>1613.6</ele>
   </trkpt>
   <trkpt lat="34.8938530" lon="-111.7117160">
    <ele>1613.9</ele>
   </trkpt>
   <trkpt lat="34.8938640" lon="-111.7117030">
    <ele>1614.3</ele>
   </trkpt>
   <trkpt lat="34.8938730" lon="-111.7116930">
    <ele>1614.6</ele>
   </trkpt>
   <trkpt lat="34.8938790" lon="-111.7116830">
    <ele>1614.9</ele>
   </trkpt>
   <trkpt lat="34.8938880" lon="-111.7116670">
    <ele>1615.3</ele>
   </trkpt>
   <trkpt lat="34.8938900" lon="-111.7116410">
    <ele>1615.9</ele>
   </trkpt>
   <trkpt lat="34.8938870" lon="-111.7116090">
    <ele>1616.6</ele>
   </trkpt>
   <trkpt lat="34.8938820" lon="-111.7115770">
    <ele>1617.3</ele>
   </trkpt>
   <trkpt lat="34.8938780" lon="-111.7115490">
    <ele>1617.9</ele>
   </trkpt>
   <trkpt lat="34.8938720" lon="-111.7115240">
    <ele>1618.6</ele>
   </trkpt>
   <trkpt lat="34.8938730" lon="-111.7114990">
    <ele>1619.1</ele>
   </trkpt>
   <trkpt lat="34.8938810" lon="-111.7114780">
    <ele>1619.7</ele>
   </trkpt>
   <trkpt lat="34.8938900" lon="-111.7114570">
    <ele>1620.3</ele>
   </trkpt>
   <trkpt lat="34.8938970" lon="-111.7114340">
    <ele>1620.8</ele>
   </trkpt>
   <trkpt lat="34.8939070" lon="-111.7114160">
    <ele>1621.4</ele>
   </trkpt>
   <trkpt lat="34.8939210" lon="-111.7114010">
    <ele>1621.9</ele>
   </trkpt>
   <trkpt lat="34.8939330" lon="-111.7113900">
    <ele>1622.4</ele>
   </trkpt>
   <trkpt lat="34.8939460" lon="-111.7113860">
    <ele>1622.7</ele>
   </trkpt>
   <trkpt lat="34.8939580" lon="-111.7113770">
    <ele>1623.2</ele>
   </trkpt>
   <trkpt lat="34.8939720" lon="-111.7113650">
    <ele>1623.7</ele>
   </trkpt>
   <trkpt lat="34.8939870" lon="-111.7113580">
    <ele>1624.1</ele>
   </trkpt>
   <trkpt lat="34.8939970" lon="-111.7113470">
    <ele>1624.5</ele>
   </trkpt>
   <trkpt lat="34.8940080" lon="-111.7113350">
    <ele>1625.0</ele>
   </trkpt>
   <trkpt lat="34.8940200" lon="-111.7113210">
    <ele>1625.5</ele>
   </trkpt>
   <trkpt lat="34.8940320" lon="-111.7113070">
    <ele>1626.0</ele>
   </trkpt>
   <trkpt lat="34.8940450" lon="-111.7112980">
    <ele>1626.4</ele>
   </trkpt>
   <trkpt lat="34.8940570" lon="-111.7112890">
    <ele>1626.8</ele>
   </trkpt>
   <trkpt lat="34.8940700" lon="-111.7112820">
    <ele>1627.2</ele>
   </trkpt>
   <trkpt lat="34.8940790" lon="-111.7112730">
    <ele>1627.5</ele>
   </trkpt>
   <trkpt lat="34.8940910" lon="-111.7112640">
    <ele>1627.9</ele>
   </trkpt>
   <trkpt lat="34.8941030" lon="-111.7112530">
    <ele>1628.3</ele>
   </trkpt>
   <trkpt lat="34.8941120" lon="-111.7112420">
    <ele>1628.7</ele>
   </trkpt>
   <trkpt lat="34.8941210" lon="-111.7112310">
    <ele>1629.0</ele>
   </trkpt>
   <trkpt lat="34.8941340" lon="-111.7112240">
    <ele>1629.4</ele>
   </trkpt>
   <trkpt lat="34.8941450" lon="-111.7112170">
    <ele>1629.7</ele>
   </trkpt>
   <trkpt lat="34.8941560" lon="-111.7112100">
    <ele>1630.1</ele>
   </trkpt>
   <trkpt lat="34.8941700" lon="-111.7112020">
    <ele>1630.5</ele>
   </trkpt>
   <trkpt lat="34.8941840" lon="-111.7111890">
    <ele>1631.0</ele>
   </trkpt>
   <trkpt lat="34.8941970" lon="-111.7111770">
    <ele>1631.4</ele>
   </trkpt>
   <trkpt lat="34.8942060" lon="-111.7111650">
    <ele>1631.8</ele>
   </trkpt>
   <trkpt lat="34.8942120" lon="-111.7111460">
    <ele>1632.2</ele>
   </trkpt>
   <trkpt lat="34.8942200" lon="-111.7111290">
    <ele>1632.7</ele>
   </trkpt>
   <trkpt lat="34.8942310" lon="-111.7111130">
    <ele>1633.1</ele>
   </trkpt>
   <trkpt lat="34.8942450" lon="-111.7110980">
    <ele>1633.7</ele>
   </trkpt>
   <trkpt lat="34.8942600" lon="-111.7110830">
    <ele>1634.3</ele>
   </trkpt>
   <trkpt lat="34.8942730" lon="-111.7110690">
    <ele>1634.8</ele>
   </trkpt>
   <trkpt lat="34.8942840" lon="-111.7110520">
    <ele>1635.3</ele>
   </trkpt>
   <trkpt lat="34.8942940" lon="-111.7110370">
    <ele>1635.8</ele>
   </trkpt>
   <trkpt lat="34.8943040" lon="-111.7110240">
    <ele>1636.2</ele>
   </trkpt>
   <trkpt lat="34.8943150" lon="-111.7110120">
    <ele>1636.7</ele>
   </trkpt>
   <trkpt lat="34.8943320" lon="-111.7110020">
    <ele>1637.2</ele>
   </trkpt>
   <trkpt lat="34.8943470" lon="-111.7109910">
    <ele>1637.8</ele>
   </trkpt>
   <trkpt lat="34.8943590" lon="-111.7109810">
    <ele>1638.2</ele>
   </trkpt>
   <trkpt lat="34.8943720" lon="-111.7109720">
    <ele>1638.7</ele>
   </trkpt>
   <trkpt lat="34.8943840" lon="-111.7109640">
    <ele>1639.1</ele>
   </trkpt>
   <trkpt lat="34.8943950" lon="-111.7109600">
    <ele>1639.5</ele>
   </trkpt>
   <trkpt lat="34.8944070" lon="-111.7109560">
    <ele>1639.9</ele>
   </trkpt>
   <trkpt lat="34.8944210" lon="-111.7109520">
    <ele>1640.3</ele>
   </trkpt>
   <trkpt lat="34.8944330" lon="-111.7109480">
    <ele>1640.7</ele>
   </trkpt>
   <trkpt lat="34.8944470" lon="-111.7109410">
    <ele>1641.2</ele>
   </trkpt>
   <trkpt lat="34.8944560" lon="-111.7109280">
    <ele>1641.6</ele>
   </trkpt>
   <trkpt lat="34.8944660" lon="-111.7109190">
    <ele>1642.0</ele>
   </trkpt>
   <trkpt lat="34.8944760" lon="-111.7109130">
    <ele>1642.3</ele>
   </trkpt>
   <trkpt lat="34.8944860" lon="-111.7109020">
    <ele>1642.7</ele>
   </trkpt>
   <trkpt lat="34.8944950" lon="-111.7108870">
    <ele>1643.1</ele>
   </trkpt>
   <trkpt lat="34.8945060" lon="-111.7108780">
    <ele>1643.5</ele>
   </trkpt>
   <trkpt lat="34.8945160" lon="-111.7108690">
    <ele>1643.8</ele>
   </trkpt>
   <trkpt lat="34.8945290" lon="-111.7108580">
    <ele>1644.3</ele>
   </trkpt>
   <trkpt lat="34.8945340" lon="-111.7108430">
    <ele>1644.6</ele>
   </trkpt>
   <trkpt lat="34.8945400" lon="-111.7108340">
    <ele>1644.9</ele>
   </trkpt>
   <trkpt lat="34.8945480" lon="-111.7108230">
    <ele>1645.2</ele>
   </trkpt>
   <trkpt lat="34.8945570" lon="-111.7108130">
    <ele>1645.6</ele>
   </trkpt>
   <trkpt lat="34.8945650" lon="-111.7108030">
    <ele>1645.9</ele>
   </trkpt>
   <trkpt lat="34.8945720" lon="-111.7107890">
    <ele>1646.2</ele>
   </trkpt>
   <trkpt lat="34.8945830" lon="-111.7107780">
    <ele>1646.6</ele>
   </trkpt>
   <trkpt lat="34.8945960" lon="-111.7107720">
    <ele>1646.9</ele>
   </trkpt>
   <trkpt lat="34.8946100" lon="-111.7107660">
    <ele>1647.3</ele>
   </trkpt>
   <trkpt lat="34.8946230" lon="-111.7107600">
    <ele>1647.7</ele>
   </trkpt>
   <trkpt lat="34.8946350" lon="-111.7107550">
    <ele>1648.0</ele>
   </trkpt>
   <trkpt lat="34.8946480" lon="-111.7107470">
    <ele>1648.4</ele>
   </trkpt>
   <trkpt lat="34.8946610" lon="-111.7107360">
    <ele>1648.8</ele>
   </trkpt>
   <trkpt lat="34.8946720" lon="-111.7107250">
    <ele>1649.1</ele>
   </trkpt>
   <trkpt lat="34.8946850" lon="-111.7107140">
    <ele>1649.5</ele>
   </trkpt>
   <trkpt lat="34.8946980" lon="-111.7107040">
    <ele>1649.9</ele>
   </trkpt>
   <trkpt lat="34.8947080" lon="-111.7106970">
    <ele>1650.2</ele>
   </trkpt>
   <trkpt lat="34.8947200" lon="-111.7106880">
    <ele>1650.5</ele>
   </trkpt>
   <trkpt lat="34.8947350" lon="-111.7106780">
    <ele>1651.0</ele>
   </trkpt>
   <trkpt lat="34.8947470" lon="-111.7106680">
    <ele>1651.3</ele>
   </trkpt>
   <trkpt lat="34.8947600" lon="-111.7106610">
    <ele>1651.7</ele>
   </trkpt>
   <trkpt lat="34.8947730" lon="-111.7106520">
    <ele>1652.0</ele>
   </trkpt>
   <trkpt lat="34.8947840" lon="-111.7106440">
    <ele>1652.3</ele>
   </trkpt>
   <trkpt lat="34.8947940" lon="-111.7106340">
    <ele>1652.6</ele>
   </trkpt>
   <trkpt lat="34.8948060" lon="-111.7106200">
    <ele>1653.0</ele>
   </trkpt>
   <trkpt lat="34.8948170" lon="-111.7106050">
    <ele>1653.4</ele>
   </trkpt>
   <trkpt lat="34.8948280" lon="-111.7105930">
    <ele>1653.7</ele>
   </trkpt>
   <trkpt lat="34.8948380" lon="-111.7105790">
    <ele>1654.1</ele>
   </trkpt>
   <trkpt lat="34.8948470" lon="-111.7105650">
    <ele>1654.4</ele>
   </trkpt>
   <trkpt lat="34.8948580" lon="-111.7105520">
    <ele>1654.8</ele>
   </trkpt>
   <trkpt lat="34.8948710" lon="-111.7105390">
    <ele>1655.1</ele>
   </trkpt>
   <trkpt lat="34.8948840" lon="-111.7105270">
    <ele>1655.5</ele>
   </trkpt>
   <trkpt lat="34.8948980" lon="-111.7105180">
    <ele>1655.9</ele>
   </trkpt>
   <trkpt lat="34.8949040" lon="-111.7105060">
    <ele>1656.1</ele>
   </trkpt>
   <trkpt lat="34.8949170" lon="-111.7104960">
    <ele>1656.5</ele>
   </trkpt>
   <trkpt lat="34.8949330" lon="-111.7104860">
    <ele>1656.9</ele>
   </trkpt>
   <trkpt lat="34.8949450" lon="-111.7104730">
    <ele>1657.3</ele>
   </trkpt>
   <trkpt lat="34.8949550" lon="-111.7104580">
    <ele>1657.7</ele>
   </trkpt>
   <trkpt lat="34.8949650" lon="-111.7104450">
    <ele>1658.0</ele>
   </trkpt>
   <trkpt lat="34.8949720" lon="-111.7104300">
    <ele>1658.4</ele>
   </trkpt>
   <trkpt lat="34.8949820" lon="-111.7104170">
    <ele>1658.7</ele>
   </trkpt>
   <trkpt lat="34.8949930" lon="-111.7104080">
    <ele>1659.0</ele>
   </trkpt>
   <trkpt lat="34.8950050" lon="-111.7104020">
    <ele>1659.3</ele>
   </trkpt>
   <trkpt lat="34.8950170" lon="-111.7103910">
    <ele>1659.7</ele>
   </trkpt>
   <trkpt lat="34.8950310" lon="-111.7103800">
    <ele>1660.2</ele>
   </trkpt>
   <trkpt lat="34.8950420" lon="-111.7103720">
    <ele>1660.5</ele>
   </trkpt>
   <trkpt lat="34.8950550" lon="-111.7103660">
    <ele>1660.8</ele>
   </trkpt>
   <trkpt lat="34.8950670" lon="-111.7103570">
    <ele>1661.2</ele>
   </trkpt>
   <trkpt lat="34.8950810" lon="-111.7103500">
    <ele>1661.6</ele>
   </trkpt>
   <trkpt lat="34.8950940" lon="-111.7103460">
    <ele>1661.9</ele>
   </trkpt>
   <trkpt lat="34.8951100" lon="-111.7103440">
    <ele>1662.4</ele>
   </trkpt>
   <trkpt lat="34.8951250" lon="-111.7103430">
    <ele>1662.8</ele>
   </trkpt>
   <trkpt lat="34.8951370" lon="-111.7103380">
    <ele>1663.1</ele>
   </trkpt>
   <trkpt lat="34.8951480" lon="-111.7103290">
    <ele>1663.4</ele>
   </trkpt>
   <trkpt lat="34.8951610" lon="-111.7103160">
    <ele>1663.9</ele>
   </trkpt>
   <trkpt lat="34.8951750" lon="-111.7103010">
    <ele>1664.4</ele>
   </trkpt>
   <trkpt lat="34.8951890" lon="-111.7102810">
    <ele>1665.0</ele>
   </trkpt>
   <trkpt lat="34.8952010" lon="-111.7102610">
    <ele>1665.5</ele>
   </trkpt>
   <trkpt lat="34.8952120" lon="-111.7102420">
    <ele>1666.0</ele>
   </trkpt>
   <trkpt lat="34.8952220" lon="-111.7102240">
    <ele>1666.5</ele>
   </trkpt>
   <trkpt lat="34.8952330" lon="-111.7102100">
    <ele>1667.0</ele>
   </trkpt>
   <trkpt lat="34.8952470" lon="-111.7102030">
    <ele>1667.4</ele>
   </trkpt>
   <trkpt lat="34.8952580" lon="-111.7101940">
    <ele>1667.7</ele>
   </trkpt>
   <trkpt lat="34.8952710" lon="-111.7101830">
    <ele>1668.2</ele>
   </trkpt>
   <trkpt lat="34.8952840" lon="-111.7101700">
    <ele>1668.6</ele>
   </trkpt>
   <trkpt lat="34.8952970" lon="-111.7101600">
    <ele>1669.1</ele>
   </trkpt>
   <trkpt lat="34.8953070" lon="-111.7101490">
    <ele>1669.4</ele>
   </trkpt>
   <trkpt lat="34.8953140" lon="-111.7101410">
    <ele>1669.7</ele>
   </trkpt>
   <trkpt lat="34.8953230" lon="-111.7101290">
    <ele>1670.0</ele>
   </trkpt>
   <trkpt lat="34.8953280" lon="-111.7101170">
    <ele>1670.3</ele>
   </trkpt>
   <trkpt lat="34.8953310" lon="-111.7101080">
    <ele>1670.5</ele>
   </trkpt>
   <trkpt lat="34.8953410" lon="-111.7101060">
    <ele>1670.8</ele>
   </trkpt>
   <trkpt lat="34.8953500" lon="-111.7101000">
    <ele>1671.1</ele>
   </trkpt>
   <trkpt lat="34.8953560" lon="-111.7100950">
    <ele>1671.2</ele>
   </trkpt>
   <trkpt lat="34.8953640" lon="-111.7100860">
    <ele>1671.5</ele>
   </trkpt>
   <trkpt lat="34.8953740" lon="-111.7100730">
    <ele>1671.9</ele>
   </trkpt>
   <trkpt lat="34.8953810" lon="-111.7100580">
    <ele>1672.2</ele>
   </trkpt>
   <trkpt lat="34.8953940" lon="-111.7100460">
    <ele>1672.6</ele>
   </trkpt>
   <trkpt lat="34.8954090" lon="-111.7100350">
    <ele>1673.0</ele>
   </trkpt>
   <trkpt lat="34.8954220" lon="-111.7100210">
    <ele>1673.4</ele>
   </trkpt>
   <trkpt lat="34.8954320" lon="-111.7100110">
    <ele>1673.8</ele>
   </trkpt>
   <trkpt lat="34.8954440" lon="-111.7100010">
    <ele>1674.1</ele>
   </trkpt>
   <trkpt lat="34.8954550" lon="-111.7099960">
    <ele>1674.4</ele>
   </trkpt>
   <trkpt lat="34.8954650" lon="-111.7099880">
    <ele>1674.7</ele>
   </trkpt>
   <trkpt lat="34.8954720" lon="-111.7099770">
    <ele>1675.0</ele>
   </trkpt>
   <trkpt lat="34.8954820" lon="-111.7099630">
    <ele>1675.4</ele>
   </trkpt>
   <trkpt lat="34.8954900" lon="-111.7099530">
    <ele>1675.6</ele>
   </trkpt>
   <trkpt lat="34.8955010" lon="-111.7099420">
    <ele>1676.0</ele>
   </trkpt>
   <trkpt lat="34.8955150" lon="-111.7099290">
    <ele>1676.5</ele>
   </trkpt>
   <trkpt lat="34.8955290" lon="-111.7099160">
    <ele>1676.9</ele>
   </trkpt>
   <trkpt lat="34.8955380" lon="-111.7098990">
    <ele>1677.4</ele>
   </trkpt>
   <trkpt lat="34.8955480" lon="-111.7098820">
    <ele>1677.8</ele>
   </trkpt>
   <trkpt lat="34.8955570" lon="-111.7098700">
    <ele>1678.2</ele>
   </trkpt>
   <trkpt lat="34.8955640" lon="-111.7098640">
    <ele>1678.4</ele>
   </trkpt>
   <trkpt lat="34.8955710" lon="-111.7098590">
    <ele>1678.7</ele>
   </trkpt>
   <trkpt lat="34.8955780" lon="-111.7098570">
    <ele>1678.9</ele>
   </trkpt>
   <trkpt lat="34.8955840" lon="-111.7098600">
    <ele>1679.0</ele>
   </trkpt>
   <trkpt lat="34.8955930" lon="-111.7098620">
    <ele>1679.3</ele>
   </trkpt>
   <trkpt lat="34.8956030" lon="-111.7098580">
    <ele>1679.6</ele>
   </trkpt>
   <trkpt lat="34.8956140" lon="-111.7098550">
    <ele>1679.9</ele>
   </trkpt>
   <trkpt lat="34.8956240" lon="-111.7098470">
    <ele>1680.2</ele>
   </trkpt>
   <trkpt lat="34.8956330" lon="-111.7098340">
    <ele>1680.6</ele>
   </trkpt>
   <trkpt lat="34.8956530" lon="-111.7098270">
    <ele>1681.2</ele>
   </trkpt>
   <trkpt lat="34.8956670" lon="-111.7098220">
    <ele>1681.6</ele>
   </trkpt>
   <trkpt lat="34.8956790" lon="-111.7098170">
    <ele>1681.9</ele>
   </trkpt>
   <trkpt lat="34.8956930" lon="-111.7098200">
    <ele>1682.3</ele>
   </trkpt>
   <trkpt lat="34.8957080" lon="-111.7098220">
    <ele>1682.8</ele>
   </trkpt>
   <trkpt lat="34.8957230" lon="-111.7098230">
    <ele>1683.2</ele>
   </trkpt>
   <trkpt lat="34.8957360" lon="-111.7098230">
    <ele>1683.5</ele>
   </trkpt>
   <trkpt lat="34.8957510" lon="-111.7098250">
    <ele>1683.9</ele>
   </trkpt>
   <trkpt lat="34.8957630" lon="-111.7098290">
    <ele>1684.3</ele>
   </trkpt>
   <trkpt lat="34.8957730" lon="-111.7098290">
    <ele>1684.6</ele>
   </trkpt>
   <trkpt lat="34.8957930" lon="-111.7098260">
    <ele>1685.1</ele>
   </trkpt>
   <trkpt lat="34.8958110" lon="-111.7098220">
    <ele>1685.7</ele>
   </trkpt>
   <trkpt lat="34.8958230" lon="-111.7098170">
    <ele>1686.0</ele>
   </trkpt>
   <trkpt lat="34.8958370" lon="-111.7098190">
    <ele>1686.4</ele>
   </trkpt>
   <trkpt lat="34.8958540" lon="-111.7098180">
    <ele>1686.9</ele>
   </trkpt>
   <trkpt lat="34.8958700" lon="-111.7098140">
    <ele>1687.4</ele>
   </trkpt>
   <trkpt lat="34.8958840" lon="-111.7098100">
    <ele>1687.8</ele>
   </trkpt>
   <trkpt lat="34.8959000" lon="-111.7098060">
    <ele>1688.2</ele>
   </trkpt>
   <trkpt lat="34.8959100" lon="-111.7097920">
    <ele>1688.7</ele>
   </trkpt>
   <trkpt lat="34.8959240" lon="-111.7097790">
    <ele>1689.1</ele>
   </trkpt>
   <trkpt lat="34.8959330" lon="-111.7097640">
    <ele>1689.6</ele>
   </trkpt>
   <trkpt lat="34.8959390" lon="-111.7097450">
    <ele>1690.0</ele>
   </trkpt>
   <trkpt lat="34.8959430" lon="-111.7097240">
    <ele>1690.5</ele>
   </trkpt>
   <trkpt lat="34.8959430" lon="-111.7097020">
    <ele>1691.0</ele>
   </trkpt>
   <trkpt lat="34.8959460" lon="-111.7096800">
    <ele>1691.5</ele>
   </trkpt>
   <trkpt lat="34.8959540" lon="-111.7096590">
    <ele>1692.0</ele>
   </trkpt>
   <trkpt lat="34.8959630" lon="-111.7096430">
    <ele>1692.4</ele>
   </trkpt>
   <trkpt lat="34.8959680" lon="-111.7096220">
    <ele>1692.9</ele>
   </trkpt>
   <trkpt lat="34.8959760" lon="-111.7096030">
    <ele>1693.3</ele>
   </trkpt>
   <trkpt lat="34.8959860" lon="-111.7095860">
    <ele>1693.8</ele>
   </trkpt>
   <trkpt lat="34.8959950" lon="-111.7095710">
    <ele>1694.2</ele>
   </trkpt>
   <trkpt lat="34.8960050" lon="-111.7095560">
    <ele>1694.6</ele>
   </trkpt>
   <trkpt lat="34.8960130" lon="-111.7095430">
    <ele>1694.9</ele>
   </trkpt>
   <trkpt lat="34.8960220" lon="-111.7095310">
    <ele>1695.2</ele>
   </trkpt>
   <trkpt lat="34.8960340" lon="-111.7095170">
    <ele>1695.7</ele>
   </trkpt>
   <trkpt lat="34.8960430" lon="-111.7095050">
    <ele>1696.0</ele>
   </trkpt>
   <trkpt lat="34.8960530" lon="-111.7094950">
    <ele>1696.3</ele>
   </trkpt>
   <trkpt lat="34.8960680" lon="-111.7094850">
    <ele>1696.7</ele>
   </trkpt>
   <trkpt lat="34.8960840" lon="-111.7094770">
    <ele>1697.2</ele>
   </trkpt>
   <trkpt lat="34.8961010" lon="-111.7094670">
    <ele>1697.6</ele>
   </trkpt>
   <trkpt lat="34.8961100" lon="-111.7094520">
    <ele>1698.0</ele>
   </trkpt>
   <trkpt lat="34.8961220" lon="-111.7094340">
    <ele>1698.5</ele>
   </trkpt>
   <trkpt lat="34.8961350" lon="-111.7094190">
    <ele>1698.9</ele>
   </trkpt>
   <trkpt lat="34.8961450" lon="-111.7094070">
    <ele>1699.3</ele>
   </trkpt>
   <trkpt lat="34.8961540" lon="-111.7093920">
    <ele>1699.6</ele>
   </trkpt>
   <trkpt lat="34.8961640" lon="-111.7093760">
    <ele>1700.0</ele>
   </trkpt>
   <trkpt lat="34.8961740" lon="-111.7093610">
    <ele>1700.4</ele>
   </trkpt>
   <trkpt lat="34.8961870" lon="-111.7093500">
    <ele>1700.8</ele>
   </trkpt>
   <trkpt lat="34.8961970" lon="-111.7093360">
    <ele>1701.2</ele>
   </trkpt>
   <trkpt lat="34.8962050" lon="-111.7093180">
    <ele>1701.7</ele>
   </trkpt>
   <trkpt lat="34.8962110" lon="-111.7093010">
    <ele>1702.1</ele>
   </trkpt>
   <trkpt lat="34.8962150" lon="-111.7092840">
    <ele>1702.4</ele>
   </trkpt>
   <trkpt lat="34.8962170" lon="-111.7092640">
    <ele>1702.9</ele>
   </trkpt>
   <trkpt lat="34.8962220" lon="-111.7092450">
    <ele>1703.3</ele>
   </trkpt>
   <trkpt lat="34.8962280" lon="-111.7092290">
    <ele>1703.7</ele>
   </trkpt>
   <trkpt lat="34.8962350" lon="-111.7092150">
    <ele>1704.0</ele>
   </trkpt>
   <trkpt lat="34.8962430" lon="-111.7091970">
    <ele>1704.5</ele>
   </trkpt>
   <trkpt lat="34.8962530" lon="-111.7091830">
    <ele>1704.9</ele>
   </trkpt>
   <trkpt lat="34.8962600" lon="-111.7091690">
    <ele>1705.2</ele>
   </trkpt>
   <trkpt lat="34.8962670" lon="-111.7091530">
    <ele>1705.6</ele>
   </trkpt>
   <trkpt lat="34.8962740" lon="-111.7091420">
    <ele>1705.9</ele>
   </trkpt>
   <trkpt lat="34.8962810" lon="-111.7091280">
    <ele>1706.3</ele>
   </trkpt>
   <trkpt lat="34.8962800" lon="-111.7091150">
    <ele>1706.6</ele>
   </trkpt>
   <trkpt lat="34.8962830" lon="-111.7091000">
    <ele>1706.9</ele>
   </trkpt>
   <trkpt lat="34.8962900" lon="-111.7090850">
    <ele>1707.3</ele>
   </trkpt>
   <trkpt lat="34.8962990" lon="-111.7090700">
    <ele>1707.7</ele>
   </trkpt>
   <trkpt lat="34.8963040" lon="-111.7090550">
    <ele>1708.0</ele>
   </trkpt>
   <trkpt lat="34.8963070" lon="-111.7090400">
    <ele>1708.4</ele>
   </trkpt>
   <trkpt lat="34.8963080" lon="-111.7090230">
    <ele>1708.7</ele>
   </trkpt>
   <trkpt lat="34.8963100" lon="-111.7090040">
    <ele>1709.2</ele>
   </trkpt>
   <trkpt lat="34.8963160" lon="-111.7089880">
    <ele>1709.6</ele>
   </trkpt>
   <trkpt lat="34.8963220" lon="-111.7089720">
    <ele>1709.9</ele>
   </trkpt>
   <trkpt lat="34.8963280" lon="-111.7089610">
    <ele>1710.2</ele>
   </trkpt>
   <trkpt lat="34.8963360" lon="-111.7089470">
    <ele>1710.6</ele>
   </trkpt>
   <trkpt lat="34.8963410" lon="-111.7089310">
    <ele>1711.0</ele>
   </trkpt>
   <trkpt lat="34.8963430" lon="-111.7089180">
    <ele>1711.3</ele>
   </trkpt>
   <trkpt lat="34.8963470" lon="-111.7089020">
    <ele>1711.7</ele>
   </trkpt>
   <trkpt lat="34.8963470" lon="-111.7088850">
    <ele>1712.2</ele>
   </trkpt>
   <trkpt lat="34.8963480" lon="-111.7088690">
    <ele>1712.6</ele>
   </trkpt>
   <trkpt lat="34.8963490" lon="-111.7088540">
    <ele>1712.9</ele>
   </trkpt>
   <trkpt lat="34.8963480" lon="-111.7088360">
    <ele>1713.4</ele>
   </trkpt>
   <trkpt lat="34.8963480" lon="-111.7088210">
    <ele>1713.7</ele>
   </trkpt>
   <trkpt lat="34.8963470" lon="-111.7088060">
    <ele>1714.1</ele>
   </trkpt>
   <trkpt lat="34.8963500" lon="-111.7087960">
    <ele>1714.4</ele>
   </trkpt>
   <trkpt lat="34.8963560" lon="-111.7087890">
    <ele>1714.6</ele>
   </trkpt>
   <trkpt lat="34.8963580" lon="-111.7087830">
    <ele>1714.8</ele>
   </trkpt>
   <trkpt lat="34.8963590" lon="-111.7087700">
    <ele>1715.2</ele>
   </trkpt>
   <trkpt lat="34.8963590" lon="-111.7087530">
    <ele>1715.6</ele>
   </trkpt>
   <trkpt lat="34.8963610" lon="-111.7087400">
    <ele>1715.9</ele>
   </trkpt>
   <trkpt lat="34.8963640" lon="-111.7087280">
    <ele>1716.3</ele>
   </trkpt>
   <trkpt lat="34.8963610" lon="-111.7087090">
    <ele>1716.8</ele>
   </trkpt>
   <trkpt lat="34.8963600" lon="-111.7086920">
    <ele>1717.3</ele>
   </trkpt>
   <trkpt lat="34.8963640" lon="-111.7086780">
    <ele>1717.7</ele>
   </trkpt>
   <trkpt lat="34.8963680" lon="-111.7086640">
    <ele>1718.1</ele>
   </trkpt>
   <trkpt lat="34.8963700" lon="-111.7086520">
    <ele>1718.4</ele>
   </trkpt>
   <trkpt lat="34.8963710" lon="-111.7086380">
    <ele>1718.8</ele>
   </trkpt>
   <trkpt lat="34.8963790" lon="-111.7086280">
    <ele>1719.1</ele>
   </trkpt>
   <trkpt lat="34.8963790" lon="-111.7086130">
    <ele>1719.5</ele>
   </trkpt>
   <trkpt lat="34.8963800" lon="-111.7086030">
    <ele>1719.8</ele>
   </trkpt>
   <trkpt lat="34.8963870" lon="-111.7085940">
    <ele>1720.2</ele>
   </trkpt>
   <trkpt lat="34.8963930" lon="-111.7085860">
    <ele>1720.4</ele>
   </trkpt>
   <trkpt lat="34.8963990" lon="-111.7085740">
    <ele>1720.8</ele>
   </trkpt>
   <trkpt lat="34.8964050" lon="-111.7085630">
    <ele>1721.2</ele>
   </trkpt>
   <trkpt lat="34.8964090" lon="-111.7085550">
    <ele>1721.4</ele>
   </trkpt>
   <trkpt lat="34.8964260" lon="-111.7085420">
    <ele>1722.1</ele>
   </trkpt>
   <trkpt lat="34.8964330" lon="-111.7085320">
    <ele>1722.4</ele>
   </trkpt>
   <trkpt lat="34.8964420" lon="-111.7085210">
    <ele>1722.8</ele>
   </trkpt>
   <trkpt lat="34.8964500" lon="-111.7085090">
    <ele>1723.2</ele>
   </trkpt>
   <trkpt lat="34.8964560" lon="-111.7084990">
    <ele>1723.6</ele>
   </trkpt>
   <trkpt lat="34.8964600" lon="-111.7084840">
    <ele>1724.0</ele>
   </trkpt>
   <trkpt lat="34.8964640" lon="-111.7084640">
    <ele>1724.5</ele>
   </trkpt>
   <trkpt lat="34.8964660" lon="-111.7084500">
    <ele>1724.9</ele>
   </trkpt>
   <trkpt lat="34.8964660" lon="-111.7084310">
    <ele>1725.4</ele>
   </trkpt>
   <trkpt lat="34.8964650" lon="-111.7084090">
    <ele>1725.9</ele>
   </trkpt>
   <trkpt lat="34.8964640" lon="-111.7083870">
    <ele>1726.4</ele>
   </trkpt>
   <trkpt lat="34.8964610" lon="-111.7083690">
    <ele>1726.8</ele>
   </trkpt>
   <trkpt lat="34.8964600" lon="-111.7083490">
    <ele>1727.2</ele>
   </trkpt>
   <trkpt lat="34.8964610" lon="-111.7083330">
    <ele>1727.6</ele>
   </trkpt>
   <trkpt lat="34.8964650" lon="-111.7083180">
    <ele>1727.9</ele>
   </trkpt>
   <trkpt lat="34.8964660" lon="-111.7083020">
    <ele>1728.3</ele>
   </trkpt>
   <trkpt lat="34.8964680" lon="-111.7082850">
    <ele>1728.6</ele>
   </trkpt>
   <trkpt lat="34.8964690" lon="-111.7082670">
    <ele>1729.0</ele>
   </trkpt>
   <trkpt lat="34.8964710" lon="-111.7082490">
    <ele>1729.3</ele>
   </trkpt>
   <trkpt lat="34.8964680" lon="-111.7082280">
    <ele>1729.8</ele>
   </trkpt>
   <trkpt lat="34.8964680" lon="-111.7082120">
    <ele>1730.1</ele>
   </trkpt>
   <trkpt lat="34.8964640" lon="-111.7081980">
    <ele>1730.3</ele>
   </trkpt>
   <trkpt lat="34.8964540" lon="-111.7081820">
    <ele>1730.7</ele>
   </trkpt>
   <trkpt lat="34.8964450" lon="-111.7081640">
    <ele>1731.1</ele>
   </trkpt>
   <trkpt lat="34.8964380" lon="-111.7081410">
    <ele>1731.7</ele>
   </trkpt>
   <trkpt lat="34.8964290" lon="-111.7081150">
    <ele>1732.2</ele>
   </trkpt>
   <trkpt lat="34.8964210" lon="-111.7080940">
    <ele>1732.7</ele>
   </trkpt>
   <trkpt lat="34.8964190" lon="-111.7080680">
    <ele>1733.2</ele>
   </trkpt>
   <trkpt lat="34.8964190" lon="-111.7080470">
    <ele>1733.6</ele>
   </trkpt>
   <trkpt lat="34.8964220" lon="-111.7080290">
    <ele>1734.0</ele>
   </trkpt>
   <trkpt lat="34.8964250" lon="-111.7080110">
    <ele>1734.3</ele>
   </trkpt>
   <trkpt lat="34.8964280" lon="-111.7079900">
    <ele>1734.8</ele>
   </trkpt>
   <trkpt lat="34.8964290" lon="-111.7079710">
    <ele>1735.1</ele>
   </trkpt>
   <trkpt lat="34.8964310" lon="-111.7079570">
    <ele>1735.4</ele>
   </trkpt>
   <trkpt lat="34.8964320" lon="-111.7079380">
    <ele>1735.8</ele>
   </trkpt>
   <trkpt lat="34.8964310" lon="-111.7079190">
    <ele>1736.1</ele>
   </trkpt>
   <trkpt lat="34.8964340" lon="-111.7079030">
    <ele>1736.4</ele>
   </trkpt>
   <trkpt lat="34.8964360" lon="-111.7078930">
    <ele>1736.6</ele>
   </trkpt>
   <trkpt lat="34.8964390" lon="-111.7078810">
    <ele>1736.9</ele>
   </trkpt>
   <trkpt lat="34.8964410" lon="-111.7078630">
    <ele>1737.2</ele>
   </trkpt>
   <trkpt lat="34.8964390" lon="-111.7078460">
    <ele>1737.6</ele>
   </trkpt>
   <trkpt lat="34.8964380" lon="-111.7078320">
    <ele>1737.9</ele>
   </trkpt>
   <trkpt lat="34.8964350" lon="-111.7078250">
    <ele>1738.0</ele>
   </trkpt>
   <trkpt lat="34.8964340" lon="-111.7078110">
    <ele>1738.3</ele>
   </trkpt>
   <trkpt lat="34.8964300" lon="-111.7077920">
    <ele>1738.7</ele>
   </trkpt>
   <trkpt lat="34.8964300" lon="-111.7077760">
    <ele>1739.0</ele>
   </trkpt>
   <trkpt lat="34.8964290" lon="-111.7077580">
    <ele>1739.3</ele>
   </trkpt>
   <trkpt lat="34.8964190" lon="-111.7077370">
    <ele>1739.7</ele>
   </trkpt>
   <trkpt lat="34.8964050" lon="-111.7077190">
    <ele>1740.1</ele>
   </trkpt>
   <trkpt lat="34.8963950" lon="-111.7076990">
    <ele>1740.6</ele>
   </trkpt>
   <trkpt lat="34.8963820" lon="-111.7076780">
    <ele>1741.1</ele>
   </trkpt>
   <trkpt lat="34.8963690" lon="-111.7076580">
    <ele>1741.5</ele>
   </trkpt>
   <trkpt lat="34.8963550" lon="-111.7076440">
    <ele>1741.8</ele>
   </trkpt>
   <trkpt lat="34.8963440" lon="-111.7076170">
    <ele>1742.3</ele>
   </trkpt>
   <trkpt lat="34.8963330" lon="-111.7075930">
    <ele>1742.7</ele>
   </trkpt>
   <trkpt lat="34.8963220" lon="-111.7075660">
    <ele>1743.1</ele>
   </trkpt>
   <trkpt lat="34.8963090" lon="-111.7075450">
    <ele>1743.5</ele>
   </trkpt>
   <trkpt lat="34.8962960" lon="-111.7075230">
    <ele>1744.0</ele>
   </trkpt>
   <trkpt lat="34.8962840" lon="-111.7075040">
    <ele>1744.3</ele>
   </trkpt>
   <trkpt lat="34.8962760" lon="-111.7074830">
    <ele>1744.7</ele>
   </trkpt>
   <trkpt lat="34.8962730" lon="-111.7074610">
    <ele>1745.0</ele>
   </trkpt>
   <trkpt lat="34.8962680" lon="-111.7074420">
    <ele>1745.3</ele>
   </trkpt>
   <trkpt lat="34.8962650" lon="-111.7074210">
    <ele>1745.7</ele>
   </trkpt>
   <trkpt lat="34.8962580" lon="-111.7074020">
    <ele>1746.0</ele>
   </trkpt>
   <trkpt lat="34.8962520" lon="-111.7073790">
    <ele>1746.4</ele>
   </trkpt>
   <trkpt lat="34.8962460" lon="-111.7073600">
    <ele>1746.7</ele>
   </trkpt>
   <trkpt lat="34.8962400" lon="-111.7073450">
    <ele>1747.0</ele>
   </trkpt>
   <trkpt lat="34.8962330" lon="-111.7073280">
    <ele>1747.3</ele>
   </trkpt>
   <trkpt lat="34.8962250" lon="-111.7073100">
    <ele>1747.6</ele>
   </trkpt>
   <trkpt lat="34.8962160" lon="-111.7072950">
    <ele>1748.1</ele>
   </trkpt>
   <trkpt lat="34.8962060" lon="-111.7072760">
    <ele>1748.4</ele>
   </trkpt>
   <trkpt lat="34.8961970" lon="-111.7072540">
    <ele>1748.9</ele>
   </trkpt>
   <trkpt lat="34.8961920" lon="-111.7072340">
    <ele>1749.2</ele>
   </trkpt>
   <trkpt lat="34.8961870" lon="-111.7072140">
    <ele>1749.6</ele>
   </trkpt>
   <trkpt lat="34.8961850" lon="-111.7071920">
    <ele>1750.1</ele>
   </trkpt>
   <trkpt lat="34.8961860" lon="-111.7071740">
    <ele>1750.4</ele>
   </trkpt>
   <trkpt lat="34.8961880" lon="-111.7071520">
    <ele>1750.8</ele>
   </trkpt>
   <trkpt lat="34.8961870" lon="-111.7071350">
    <ele>1751.1</ele>
   </trkpt>
   <trkpt lat="34.8961860" lon="-111.7071180">
    <ele>1751.4</ele>
   </trkpt>
   <trkpt lat="34.8961870" lon="-111.7071030">
    <ele>1751.7</ele>
   </trkpt>
   <trkpt lat="34.8961840" lon="-111.7070880">
    <ele>1752.0</ele>
   </trkpt>
   <trkpt lat="34.8961790" lon="-111.7070690">
    <ele>1752.4</ele>
   </trkpt>
   <trkpt lat="34.8961780" lon="-111.7070500">
    <ele>1752.8</ele>
   </trkpt>
   <trkpt lat="34.8961790" lon="-111.7070310">
    <ele>1753.2</ele>
   </trkpt>
   <trkpt lat="34.8961790" lon="-111.7070150">
    <ele>1753.5</ele>
   </trkpt>
   <trkpt lat="34.8961840" lon="-111.7069970">
    <ele>1753.8</ele>
   </trkpt>
   <trkpt lat="34.8961860" lon="-111.7069830">
    <ele>1754.1</ele>
   </trkpt>
   <trkpt lat="34.8961890" lon="-111.7069640">
    <ele>1754.5</ele>
   </trkpt>
   <trkpt lat="34.8961890" lon="-111.7069430">
    <ele>1754.9</ele>
   </trkpt>
   <trkpt lat="34.8961870" lon="-111.7069260">
    <ele>1755.3</ele>
   </trkpt>
   <trkpt lat="34.8961820" lon="-111.7069100">
    <ele>1755.6</ele>
   </trkpt>
   <trkpt lat="34.8961740" lon="-111.7068930">
    <ele>1756.1</ele>
   </trkpt>
   <trkpt lat="34.8961690" lon="-111.7068750">
    <ele>1756.4</ele>
   </trkpt>
   <trkpt lat="34.8961670" lon="-111.7068640">
    <ele>1756.6</ele>
   </trkpt>
   <trkpt lat="34.8961690" lon="-111.7068510">
    <ele>1756.9</ele>
   </trkpt>
   <trkpt lat="34.8961710" lon="-111.7068350">
    <ele>1757.2</ele>
   </trkpt>
   <trkpt lat="34.8961730" lon="-111.7068200">
    <ele>1757.5</ele>
   </trkpt>
   <trkpt lat="34.8961730" lon="-111.7068040">
    <ele>1757.8</ele>
   </trkpt>
   <trkpt lat="34.8961720" lon="-111.7067830">
    <ele>1758.2</ele>
   </trkpt>
   <trkpt lat="34.8961730" lon="-111.7067590">
    <ele>1758.6</ele>
   </trkpt>
   <trkpt lat="34.8961760" lon="-111.7067370">
    <ele>1758.9</ele>
   </trkpt>
   <trkpt lat="34.8961780" lon="-111.7067130">
    <ele>1759.3</ele>
   </trkpt>
   <trkpt lat="34.8961670" lon="-111.7066880">
    <ele>1759.7</ele>
   </trkpt>
   <trkpt lat="34.8961540" lon="-111.7066600">
    <ele>1760.2</ele>
   </trkpt>
   <trkpt lat="34.8961440" lon="-111.7066330">
    <ele>1760.6</ele>
   </trkpt>
   <trkpt lat="34.8961400" lon="-111.7066070">
    <ele>1760.9</ele>
   </trkpt>
   <trkpt lat="34.8961280" lon="-111.7065800">
    <ele>1761.3</ele>
   </trkpt>
   <trkpt lat="34.8961160" lon="-111.7065490">
    <ele>1761.7</ele>
   </trkpt>
   <trkpt lat="34.8961080" lon="-111.7065200">
    <ele>1762.0</ele>
   </trkpt>
   <trkpt lat="34.8961050" lon="-111.7064900">
    <ele>1762.3</ele>
   </trkpt>
   <trkpt lat="34.8961050" lon="-111.7064610">
    <ele>1762.6</ele>
   </trkpt>
   <trkpt lat="34.8961100" lon="-111.7064280">
    <ele>1763.0</ele>
   </trkpt>
   <trkpt lat="34.8961200" lon="-111.7064000">
    <ele>1763.3</ele>
   </trkpt>
   <trkpt lat="34.8961320" lon="-111.7063790">
    <ele>1763.5</ele>
   </trkpt>
   <trkpt lat="34.8961440" lon="-111.7063610">
    <ele>1763.8</ele>
   </trkpt>
   <trkpt lat="34.8961540" lon="-111.7063360">
    <ele>1764.1</ele>
   </trkpt>
   <trkpt lat="34.8961640" lon="-111.7063100">
    <ele>1764.4</ele>
   </trkpt>
   <trkpt lat="34.8961720" lon="-111.7062860">
    <ele>1764.7</ele>
   </trkpt>
   <trkpt lat="34.8961780" lon="-111.7062690">
    <ele>1764.9</ele>
   </trkpt>
   <trkpt lat="34.8961880" lon="-111.7062510">
    <ele>1765.2</ele>
   </trkpt>
   <trkpt lat="34.8961990" lon="-111.7062340">
    <ele>1765.5</ele>
   </trkpt>
   <trkpt lat="34.8962110" lon="-111.7062190">
    <ele>1765.7</ele>
   </trkpt>
   <trkpt lat="34.8962210" lon="-111.7062080">
    <ele>1765.9</ele>
   </trkpt>
   <trkpt lat="34.8962350" lon="-111.7061960">
    <ele>1766.2</ele>
   </trkpt>
   <trkpt lat="34.8962440" lon="-111.7061790">
    <ele>1766.5</ele>
   </trkpt>
   <trkpt lat="34.8962510" lon="-111.7061640">
    <ele>1766.7</ele>
   </trkpt>
   <trkpt lat="34.8962570" lon="-111.7061440">
    <ele>1767.0</ele>
   </trkpt>
   <trkpt lat="34.8962630" lon="-111.7061260">
    <ele>1767.3</ele>
   </trkpt>
   <trkpt lat="34.8962700" lon="-111.7061100">
    <ele>1767.5</ele>
   </trkpt>
   <trkpt lat="34.8962760" lon="-111.7060930">
    <ele>1767.7</ele>
   </trkpt>
   <trkpt lat="34.8962810" lon="-111.7060740">
    <ele>1768.0</ele>
   </trkpt>
   <trkpt lat="34.8962840" lon="-111.7060530">
    <ele>1768.3</ele>
   </trkpt>
   <trkpt lat="34.8962920" lon="-111.7060330">
    <ele>1768.6</ele>
   </trkpt>
   <trkpt lat="34.8963000" lon="-111.7060110">
    <ele>1768.9</ele>
   </trkpt>
   <trkpt lat="34.8963120" lon="-111.7059850">
    <ele>1769.3</ele>
   </trkpt>
   <trkpt lat="34.8963110" lon="-111.7059530">
    <ele>1769.8</ele>
   </trkpt>
   <trkpt lat="34.8963200" lon="-111.7059290">
    <ele>1770.1</ele>
   </trkpt>
   <trkpt lat="34.8963270" lon="-111.7059100">
    <ele>1770.4</ele>
   </trkpt>
   <trkpt lat="34.8963320" lon="-111.7058930">
    <ele>1770.7</ele>
   </trkpt>
   <trkpt lat="34.8963440" lon="-111.7058780">
    <ele>1771.0</ele>
   </trkpt>
   <trkpt lat="34.8963480" lon="-111.7058600">
    <ele>1771.3</ele>
   </trkpt>
   <trkpt lat="34.8963500" lon="-111.7058440">
    <ele>1771.6</ele>
   </trkpt>
   <trkpt lat="34.8963570" lon="-111.7058240">
    <ele>1771.9</ele>
   </trkpt>
   <trkpt lat="34.8963670" lon="-111.7058020">
    <ele>1772.4</ele>
   </trkpt>
   <trkpt lat="34.8963690" lon="-111.7057770">
    <ele>1772.8</ele>
   </trkpt>
   <trkpt lat="34.8963800" lon="-111.7057620">
    <ele>1773.1</ele>
   </trkpt>
   <trkpt lat="34.8963850" lon="-111.7057470">
    <ele>1773.4</ele>
   </trkpt>
   <trkpt lat="34.8963930" lon="-111.7057290">
    <ele>1773.8</ele>
   </trkpt>
   <trkpt lat="34.8964000" lon="-111.7057160">
    <ele>1774.0</ele>
   </trkpt>
   <trkpt lat="34.8964030" lon="-111.7056990">
    <ele>1774.4</ele>
   </trkpt>
   <trkpt lat="34.8964100" lon="-111.7056790">
    <ele>1774.8</ele>
   </trkpt>
   <trkpt lat="34.8964160" lon="-111.7056660">
    <ele>1775.1</ele>
   </trkpt>
   <trkpt lat="34.8964170" lon="-111.7056510">
    <ele>1775.4</ele>
   </trkpt>
   <trkpt lat="34.8964140" lon="-111.7056340">
    <ele>1775.7</ele>
   </trkpt>
   <trkpt lat="34.8964140" lon="-111.7056230">
    <ele>1775.9</ele>
   </trkpt>
   <trkpt lat="34.8964170" lon="-111.7056180">
    <ele>1776.1</ele>
   </trkpt>
   <trkpt lat="34.8964220" lon="-111.7056160">
    <ele>1776.2</ele>
   </trkpt>
   <trkpt lat="34.8964260" lon="-111.7056270">
    <ele>1776.4</ele>
   </trkpt>
   <trkpt lat="34.8964320" lon="-111.7056430">
    <ele>1776.8</ele>
   </trkpt>
   <trkpt lat="34.8964320" lon="-111.7056570">
    <ele>1777.1</ele>
   </trkpt>
   <trkpt lat="34.8964370" lon="-111.7056720">
    <ele>1777.4</ele>
   </trkpt>
   <trkpt lat="34.8964430" lon="-111.7056930">
    <ele>1777.9</ele>
   </trkpt>
   <trkpt lat="34.8964480" lon="-111.7057100">
    <ele>1778.3</ele>
   </trkpt>
   <trkpt lat="34.8964520" lon="-111.7057230">
    <ele>1778.6</ele>
   </trkpt>
   <trkpt lat="34.8964570" lon="-111.7057380">
    <ele>1778.9</ele>
   </trkpt>
   <trkpt lat="34.8964570" lon="-111.7057510">
    <ele>1779.2</ele>
   </trkpt>
   <trkpt lat="34.8964580" lon="-111.7057680">
    <ele>1779.6</ele>
   </trkpt>
   <trkpt lat="34.8964620" lon="-111.7057850">
    <ele>1780.0</ele>
   </trkpt>
   <trkpt lat="34.8964670" lon="-111.7058020">
    <ele>1780.4</ele>
   </trkpt>
   <trkpt lat="34.8964680" lon="-111.7058200">
    <ele>1780.8</ele>
   </trkpt>
   <trkpt lat="34.8964690" lon="-111.7058330">
    <ele>1781.1</ele>
   </trkpt>
   <trkpt lat="34.8964690" lon="-111.7058500">
    <ele>1781.5</ele>
   </trkpt>
   <trkpt lat="34.8964720" lon="-111.7058700">
    <ele>1781.9</ele>
   </trkpt>
   <trkpt lat="34.8964710" lon="-111.7058870">
    <ele>1782.3</ele>
   </trkpt>
   <trkpt lat="34.8964670" lon="-111.7059050">
    <ele>1782.7</ele>
   </trkpt>
   <trkpt lat="34.8964650" lon="-111.7059240">
    <ele>1783.1</ele>
   </trkpt>
   <trkpt lat="34.8964670" lon="-111.7059430">
    <ele>1783.6</ele>
   </trkpt>
   <trkpt lat="34.8964740" lon="-111.7059570">
    <ele>1783.9</ele>
   </trkpt>
   <trkpt lat="34.8964850" lon="-111.7059670">
    <ele>1784.3</ele>
   </trkpt>
   <trkpt lat="34.8965020" lon="-111.7059760">
    <ele>1784.8</ele>
   </trkpt>
   <trkpt lat="34.8965170" lon="-111.7059830">
    <ele>1785.3</ele>
   </trkpt>
   <trkpt lat="34.8965330" lon="-111.7059840">
    <ele>1785.7</ele>
   </trkpt>
   <trkpt lat="34.8965410" lon="-111.7059680">
    <ele>1786.1</ele>
   </trkpt>
   <trkpt lat="34.8965490" lon="-111.7059520">
    <ele>1786.5</ele>
   </trkpt>
   <trkpt lat="34.8965590" lon="-111.7059310">
    <ele>1787.1</ele>
   </trkpt>
   <trkpt lat="34.8965650" lon="-111.7059050">
    <ele>1787.6</ele>
   </trkpt>
   <trkpt lat="34.8965720" lon="-111.7058790">
    <ele>1788.2</ele>
   </trkpt>
   <trkpt lat="34.8965830" lon="-111.7058560">
    <ele>1788.8</ele>
   </trkpt>
   <trkpt lat="34.8965890" lon="-111.7058300">
    <ele>1789.4</ele>
   </trkpt>
   <trkpt lat="34.8965970" lon="-111.7058040">
    <ele>1789.9</ele>
   </trkpt>
   <trkpt lat="34.8966100" lon="-111.7057820">
    <ele>1790.4</ele>
   </trkpt>
   <trkpt lat="34.8966190" lon="-111.7057590">
    <ele>1790.9</ele>
   </trkpt>
   <trkpt lat="34.8966280" lon="-111.7057370">
    <ele>1791.3</ele>
   </trkpt>
   <trkpt lat="34.8966370" lon="-111.7057130">
    <ele>1791.7</ele>
   </trkpt>
   <trkpt lat="34.8966400" lon="-111.7056880">
    <ele>1792.2</ele>
   </trkpt>
   <trkpt lat="34.8966390" lon="-111.7056630">
    <ele>1792.6</ele>
   </trkpt>
   <trkpt lat="34.8966420" lon="-111.7056440">
    <ele>1792.9</ele>
   </trkpt>
   <trkpt lat="34.8966410" lon="-111.7056240">
    <ele>1793.2</ele>
   </trkpt>
   <trkpt lat="34.8966380" lon="-111.7056010">
    <ele>1793.5</ele>
   </trkpt>
   <trkpt lat="34.8966390" lon="-111.7055780">
    <ele>1793.8</ele>
   </trkpt>
   <trkpt lat="34.8966360" lon="-111.7055500">
    <ele>1794.2</ele>
   </trkpt>
   <trkpt lat="34.8966380" lon="-111.7055240">
    <ele>1794.5</ele>
   </trkpt>
   <trkpt lat="34.8966390" lon="-111.7054980">
    <ele>1794.8</ele>
   </trkpt>
   <trkpt lat="34.8966440" lon="-111.7054690">
    <ele>1795.2</ele>
   </trkpt>
   <trkpt lat="34.8966460" lon="-111.7054390">
    <ele>1795.5</ele>
   </trkpt>
   <trkpt lat="34.8966480" lon="-111.7054080">
    <ele>1795.8</ele>
   </trkpt>
   <trkpt lat="34.8966480" lon="-111.7053760">
    <ele>1796.1</ele>
   </trkpt>
   <trkpt lat="34.8966480" lon="-111.7053450">
    <ele>1796.4</ele>
   </trkpt>
   <trkpt lat="34.8966540" lon="-111.7053120">
    <ele>1796.6</ele>
   </trkpt>
   <trkpt lat="34.8966610" lon="-111.7052790">
    <ele>1796.9</ele>
   </trkpt>
   <trkpt lat="34.8966610" lon="-111.7052460">
    <ele>1797.1</ele>
   </trkpt>
   <trkpt lat="34.8966640" lon="-111.7052140">
    <ele>1797.3</ele>
   </trkpt>
   <trkpt lat="34.8966670" lon="-111.7051810">
    <ele>1797.4</ele>
   </trkpt>
   <trkpt lat="34.8966720" lon="-111.7051450">
    <ele>1797.6</ele>
   </trkpt>
   <trkpt lat="34.8966760" lon="-111.7051080">
    <ele>1797.7</ele>
   </trkpt>
   <trkpt lat="34.8966740" lon="-111.7050700">
    <ele>1797.8</ele>
   </trkpt>
   <trkpt lat="34.8966790" lon="-111.7050350">
    <ele>1797.9</ele>
   </trkpt>
   <trkpt lat="34.8966750" lon="-111.7049970">
    <ele>1798.0</ele>
   </trkpt>
   <trkpt lat="34.8966670" lon="-111.7049580">
    <ele>1798.2</ele>
   </trkpt>
   <trkpt lat="34.8966630" lon="-111.7049240">
    <ele>1798.3</ele>
   </trkpt>
   <trkpt lat="34.8966750" lon="-111.7048930">
    <ele>1798.4</ele>
   </trkpt>
   <trkpt lat="34.8966920" lon="-111.7048700">
    <ele>1798.5</ele>
   </trkpt>
   <trkpt lat="34.8967080" lon="-111.7048500">
    <ele>1798.6</ele>
   </trkpt>
   <trkpt lat="34.8967230" lon="-111.7048340">
    <ele>1798.8</ele>
   </trkpt>
   <trkpt lat="34.8967430" lon="-111.7048190">
    <ele>1798.9</ele>
   </trkpt>
   <trkpt lat="34.8967600" lon="-111.7047990">
    <ele>1799.0</ele>
   </trkpt>
   <trkpt lat="34.8967770" lon="-111.7047730">
    <ele>1799.2</ele>
   </trkpt>
   <trkpt lat="34.8967910" lon="-111.7047460">
    <ele>1799.4</ele>
   </trkpt>
   <trkpt lat="34.8968020" lon="-111.7047140">
    <ele>1799.6</ele>
   </trkpt>
   <trkpt lat="34.8968160" lon="-111.7046850">
    <ele>1799.9</ele>
   </trkpt>
   <trkpt lat="34.8968320" lon="-111.7046610">
    <ele>1800.1</ele>
   </trkpt>
   <trkpt lat="34.8968460" lon="-111.7046390">
    <ele>1800.3</ele>
   </trkpt>
   <trkpt lat="34.8968590" lon="-111.7046170">
    <ele>1800.6</ele>
   </trkpt>
   <trkpt lat="34.8968740" lon="-111.7045980">
    <ele>1800.8</ele>
   </trkpt>
   <trkpt lat="34.8968880" lon="-111.7045810">
    <ele>1801.0</ele>
   </trkpt>
   <trkpt lat="34.8969040" lon="-111.7045610">
    <ele>1801.3</ele>
   </trkpt>
   <trkpt lat="34.8969210" lon="-111.7045440">
    <ele>1801.6</ele>
   </trkpt>
   <trkpt lat="34.8969390" lon="-111.7045330">
    <ele>1801.9</ele>
   </trkpt>
   <trkpt lat="34.8969560" lon="-111.7045240">
    <ele>1802.2</ele>
   </trkpt>
   <trkpt lat="34.8969730" lon="-111.7045170">
    <ele>1802.5</ele>
   </trkpt>
   <trkpt lat="34.8969940" lon="-111.7045140">
    <ele>1802.8</ele>
   </trkpt>
   <trkpt lat="34.8970120" lon="-111.7045140">
    <ele>1803.1</ele>
   </trkpt>
   <trkpt lat="34.8970290" lon="-111.7045120">
    <ele>1803.4</ele>
   </trkpt>
   <trkpt lat="34.8970490" lon="-111.7045060">
    <ele>1803.8</ele>
   </trkpt>
   <trkpt lat="34.8970660" lon="-111.7044980">
    <ele>1804.2</ele>
   </trkpt>
   <trkpt lat="34.8970840" lon="-111.7044920">
    <ele>1804.5</ele>
   </trkpt>
   <trkpt lat="34.8971030" lon="-111.7044810">
    <ele>1805.0</ele>
   </trkpt>
   <trkpt lat="34.8971220" lon="-111.7044690">
    <ele>1805.4</ele>
   </trkpt>
   <trkpt lat="34.8971400" lon="-111.7044580">
    <ele>1805.8</ele>
   </trkpt>
   <trkpt lat="34.8971580" lon="-111.7044460">
    <ele>1806.2</ele>
   </trkpt>
   <trkpt lat="34.8971760" lon="-111.7044350">
    <ele>1806.6</ele>
   </trkpt>
   <trkpt lat="34.8971930" lon="-111.7044240">
    <ele>1807.0</ele>
   </trkpt>
   <trkpt lat="34.8972090" lon="-111.7044130">
    <ele>1807.4</ele>
   </trkpt>
   <trkpt lat="34.8972260" lon="-111.7043990">
    <ele>1807.8</ele>
   </trkpt>
   <trkpt lat="34.8972430" lon="-111.7043840">
    <ele>1808.2</ele>
   </trkpt>
   <trkpt lat="34.8972560" lon="-111.7043710">
    <ele>1808.6</ele>
   </trkpt>
   <trkpt lat="34.8972710" lon="-111.7043570">
    <ele>1808.9</ele>
   </trkpt>
   <trkpt lat="34.8972830" lon="-111.7043490">
    <ele>1809.2</ele>
   </trkpt>
   <trkpt lat="34.8972970" lon="-111.7043430">
    <ele>1809.5</ele>
   </trkpt>
   <trkpt lat="34.8973120" lon="-111.7043300">
    <ele>1809.8</ele>
   </trkpt>
   <trkpt lat="34.8973270" lon="-111.7043160">
    <ele>1810.2</ele>
   </trkpt>
   <trkpt lat="34.8973420" lon="-111.7043040">
    <ele>1810.5</ele>
   </trkpt>
   <trkpt lat="34.8973630" lon="-111.7042920">
    <ele>1810.9</ele>
   </trkpt>
   <trkpt lat="34.8973770" lon="-111.7042780">
    <ele>1811.3</ele>
   </trkpt>
   <trkpt lat="34.8973940" lon="-111.7042620">
    <ele>1811.7</ele>
   </trkpt>
   <trkpt lat="34.8974090" lon="-111.7042420">
    <ele>1812.1</ele>
   </trkpt>
   <trkpt lat="34.8974230" lon="-111.7042250">
    <ele>1812.5</ele>
   </trkpt>
   <trkpt lat="34.8974370" lon="-111.7042080">
    <ele>1812.8</ele>
   </trkpt>
   <trkpt lat="34.8974490" lon="-111.7041920">
    <ele>1813.1</ele>
   </trkpt>
   <trkpt lat="34.8974610" lon="-111.7041790">
    <ele>1813.4</ele>
   </trkpt>
   <trkpt lat="34.8974730" lon="-111.7041600">
    <ele>1813.7</ele>
   </trkpt>
   <trkpt lat="34.8974840" lon="-111.7041370">
    <ele>1814.1</ele>
   </trkpt>
   <trkpt lat="34.8974940" lon="-111.7041100">
    <ele>1814.5</ele>
   </trkpt>
   <trkpt lat="34.8974990" lon="-111.7040790">
    <ele>1814.9</ele>
   </trkpt>
   <trkpt lat="34.8975050" lon="-111.7040470">
    <ele>1815.3</ele>
   </trkpt>
   <trkpt lat="34.8975090" lon="-111.7040160">
    <ele>1815.6</ele>
   </trkpt>
   <trkpt lat="34.8975160" lon="-111.7039840">
    <ele>1815.9</ele>
   </trkpt>
   <trkpt lat="34.8975210" lon="-111.7039550">
    <ele>1816.1</ele>
   </trkpt>
   <trkpt lat="34.8975240" lon="-111.7039230">
    <ele>1816.4</ele>
   </trkpt>
   <trkpt lat="34.8975270" lon="-111.7038890">
    <ele>1816.6</ele>
   </trkpt>
   <trkpt lat="34.8975300" lon="-111.7038540">
    <ele>1816.8</ele>
   </trkpt>
   <trkpt lat="34.8975310" lon="-111.7038160">
    <ele>1816.9</ele>
   </trkpt>
   <trkpt lat="34.8975380" lon="-111.7037810">
    <ele>1817.0</ele>
   </trkpt>
   <trkpt lat="34.8975450" lon="-111.7037470">
    <ele>1817.1</ele>
   </trkpt>
   <trkpt lat="34.8975520" lon="-111.7037100">
    <ele>1817.2</ele>
   </trkpt>
   <trkpt lat="34.8975570" lon="-111.7036740">
    <ele>1817.2</ele>
   </trkpt>
   <trkpt lat="34.8975640" lon="-111.7036370">
    <ele>1817.3</ele>
   </trkpt>
   <trkpt lat="34.8975670" lon="-111.7036030">
    <ele>1817.3</ele>
   </trkpt>
   <trkpt lat="34.8975630" lon="-111.7035670">
    <ele>1817.3</ele>
   </trkpt>
   <trkpt lat="34.8975590" lon="-111.7035310">
    <ele>1817.3</ele>
   </trkpt>
   <trkpt lat="34.8975520" lon="-111.7034930">
    <ele>1817.1</ele>
   </trkpt>
   <trkpt lat="34.8975380" lon="-111.7034560">
    <ele>1817.0</ele>
   </trkpt>
   <trkpt lat="34.8975190" lon="-111.7034240">
    <ele>1816.9</ele>
   </trkpt>
   <trkpt lat="34.8974930" lon="-111.7034050">
    <ele>1816.8</ele>
   </trkpt>
   <trkpt lat="34.8974640" lon="-111.7033910">
    <ele>1816.8</ele>
   </trkpt>
   <trkpt lat="34.8974340" lon="-111.7033750">
    <ele>1816.8</ele>
   </trkpt>
   <trkpt lat="34.8974020" lon="-111.7033600">
    <ele>1816.8</ele>
   </trkpt>
   <trkpt lat="34.8973690" lon="-111.7033490">
    <ele>1816.9</ele>
   </trkpt>
   <trkpt lat="34.8973380" lon="-111.7033390">
    <ele>1817.0</ele>
   </trkpt>
   <trkpt lat="34.8973060" lon="-111.7033350">
    <ele>1817.1</ele>
   </trkpt>
   <trkpt lat="34.8972770" lon="-111.7033260">
    <ele>1817.2</ele>
   </trkpt>
   <trkpt lat="34.8972490" lon="-111.7033130">
    <ele>1817.4</ele>
   </trkpt>
   <trkpt lat="34.8972200" lon="-111.7033050">
    <ele>1817.5</ele>
   </trkpt>
   <trkpt lat="34.8971900" lon="-111.7032970">
    <ele>1817.7</ele>
   </trkpt>
   <trkpt lat="34.8971620" lon="-111.7032860">
    <ele>1817.8</ele>
   </trkpt>
   <trkpt lat="34.8971350" lon="-111.7032740">
    <ele>1818.0</ele>
   </trkpt>
   <trkpt lat="34.8971040" lon="-111.7032670">
    <ele>1818.2</ele>
   </trkpt>
   <trkpt lat="34.8970750" lon="-111.7032610">
    <ele>1818.4</ele>
   </trkpt>
   <trkpt lat="34.8970520" lon="-111.7032480">
    <ele>1818.5</ele>
   </trkpt>
   <trkpt lat="34.8970310" lon="-111.7032320">
    <ele>1818.7</ele>
   </trkpt>
   <trkpt lat="34.8970050" lon="-111.7032200">
    <ele>1818.9</ele>
   </trkpt>
   <trkpt lat="34.8969750" lon="-111.7032120">
    <ele>1819.1</ele>
   </trkpt>
   <trkpt lat="34.8969500" lon="-111.7032010">
    <ele>1819.2</ele>
   </trkpt>
   <trkpt lat="34.8969290" lon="-111.7031850">
    <ele>1819.4</ele>
   </trkpt>
   <trkpt lat="34.8969060" lon="-111.7031700">
    <ele>1819.6</ele>
   </trkpt>
   <trkpt lat="34.8968810" lon="-111.7031600">
    <ele>1819.8</ele>
   </trkpt>
   <trkpt lat="34.8968540" lon="-111.7031590">
    <ele>1820.0</ele>
   </trkpt>
   <trkpt lat="34.8968280" lon="-111.7031570">
    <ele>1820.2</ele>
   </trkpt>
   <trkpt lat="34.8968030" lon="-111.7031530">
    <ele>1820.4</ele>
   </trkpt>
   <trkpt lat="34.8967790" lon="-111.7031510">
    <ele>1820.6</ele>
   </trkpt>
   <trkpt lat="34.8967550" lon="-111.7031510">
    <ele>1820.8</ele>
   </trkpt>
   <trkpt lat="34.8967300" lon="-111.7031500">
    <ele>1820.9</ele>
   </trkpt>
   <trkpt lat="34.8967060" lon="-111.7031460">
    <ele>1821.1</ele>
   </trkpt>
   <trkpt lat="34.8966810" lon="-111.7031490">
    <ele>1821.3</ele>
   </trkpt>
   <trkpt lat="34.8966540" lon="-111.7031530">
    <ele>1821.5</ele>
   </trkpt>
   <trkpt lat="34.8966310" lon="-111.7031470">
    <ele>1821.6</ele>
   </trkpt>
   <trkpt lat="34.8966110" lon="-111.7031350">
    <ele>1821.7</ele>
   </trkpt>
   <trkpt lat="34.8965930" lon="-111.7031210">
    <ele>1821.9</ele>
   </trkpt>
   <trkpt lat="34.8965760" lon="-111.7031070">
    <ele>1822.0</ele>
   </trkpt>
   <trkpt lat="34.8965570" lon="-111.7030920">
    <ele>1822.1</ele>
   </trkpt>
   <trkpt lat="34.8965370" lon="-111.7030800">
    <ele>1822.2</ele>
   </trkpt>
   <trkpt lat="34.8965130" lon="-111.7030720">
    <ele>1822.3</ele>
   </trkpt>
   <trkpt lat="34.8964860" lon="-111.7030620">
    <ele>1822.4</ele>
   </trkpt>
   <trkpt lat="34.8964610" lon="-111.7030530">
    <ele>1822.5</ele>
   </trkpt>
   <trkpt lat="34.8964340" lon="-111.7030420">
    <ele>1822.5</ele>
   </trkpt>
   <trkpt lat="34.8964050" lon="-111.7030320">
    <ele>1822.6</ele>
   </trkpt>
   <trkpt lat="34.8963770" lon="-111.7030230">
    <ele>1822.6</ele>
   </trkpt>
   <trkpt lat="34.8963500" lon="-111.7030130">
    <ele>1822.7</ele>
   </trkpt>
   <trkpt lat="34.8963210" lon="-111.7030020">
    <ele>1822.7</ele>
   </trkpt>
   <trkpt lat="34.8962930" lon="-111.7029900">
    <ele>1822.7</ele>
   </trkpt>
   <trkpt lat="34.8962670" lon="-111.7029740">
    <ele>1822.7</ele>
   </trkpt>
   <trkpt lat="34.8962430" lon="-111.7029580">
    <ele>1822.7</ele>
   </trkpt>
   <trkpt lat="34.8962160" lon="-111.7029410">
    <ele>1822.7</ele>
   </trkpt>
   <trkpt lat="34.8961890" lon="-111.7029310">
    <ele>1822.7</ele>
   </trkpt>
   <trkpt lat="34.8961620" lon="-111.7029210">
    <ele>1822.7</ele>
   </trkpt>
   <trkpt lat="34.8961360" lon="-111.7029070">
    <ele>1822.7</ele>
   </trkpt>
   <trkpt lat="34.8961120" lon="-111.7028920">
    <ele>1822.6</ele>
   </trkpt>
   <trkpt lat="34.8960890" lon="-111.7028720">
    <ele>1822.6</ele>
   </trkpt>
   <trkpt lat="34.8960680" lon="-111.7028510">
    <ele>1822.5</ele>
   </trkpt>
   <trkpt lat="34.8960470" lon="-111.7028310">
    <ele>1822.4</ele>
   </trkpt>
   <trkpt lat="34.8960220" lon="-111.7028160">
    <ele>1822.4</ele>
   </trkpt>
   <trkpt lat="34.8959960" lon="-111.7028060">
    <ele>1822.3</ele>
   </trkpt>
   <trkpt lat="34.8959680" lon="-111.7027970">
    <ele>1822.2</ele>
   </trkpt>
   <trkpt lat="34.8959390" lon="-111.7027840">
    <ele>1822.1</ele>
   </trkpt>
   <trkpt lat="34.8959100" lon="-111.7027700">
    <ele>1821.9</ele>
   </trkpt>
   <trkpt lat="34.8958800" lon="-111.7027530">
    <ele>1821.8</ele>
   </trkpt>
   <trkpt lat="34.8958530" lon="-111.7027300">
    <ele>1821.6</ele>
   </trkpt>
   <trkpt lat="34.8958260" lon="-111.7027100">
    <ele>1821.4</ele>
   </trkpt>
   <trkpt lat="34.8957960" lon="-111.7026990">
    <ele>1821.3</ele>
   </trkpt>
   <trkpt lat="34.8957660" lon="-111.7026930">
    <ele>1821.1</ele>
   </trkpt>
   <trkpt lat="34.8957380" lon="-111.7026860">
    <ele>1820.9</ele>
   </trkpt>
   <trkpt lat="34.8957100" lon="-111.7026770">
    <ele>1820.8</ele>
   </trkpt>
   <trkpt lat="34.8956840" lon="-111.7026630">
    <ele>1820.6</ele>
   </trkpt>
   <trkpt lat="34.8956570" lon="-111.7026440">
    <ele>1820.4</ele>
   </trkpt>
   <trkpt lat="34.8956300" lon="-111.7026280">
    <ele>1820.2</ele>
   </trkpt>
   <trkpt lat="34.8956040" lon="-111.7026110">
    <ele>1820.0</ele>
   </trkpt>
   <trkpt lat="34.8955810" lon="-111.7025930">
    <ele>1819.9</ele>
   </trkpt>
   <trkpt lat="34.8955620" lon="-111.7025700">
    <ele>1819.7</ele>
   </trkpt>
   <trkpt lat="34.8955410" lon="-111.7025500">
    <ele>1819.5</ele>
   </trkpt>
   <trkpt lat="34.8955170" lon="-111.7025390">
    <ele>1819.3</ele>
   </trkpt>
   <trkpt lat="34.8954890" lon="-111.7025300">
    <ele>1819.1</ele>
   </trkpt>
   <trkpt lat="34.8954590" lon="-111.7025170">
    <ele>1818.8</ele>
   </trkpt>
   <trkpt lat="34.8954330" lon="-111.7025030">
    <ele>1818.6</ele>
   </trkpt>
   <trkpt lat="34.8954070" lon="-111.7024830">
    <ele>1818.4</ele>
   </trkpt>
   <trkpt lat="34.8953820" lon="-111.7024630">
    <ele>1818.1</ele>
   </trkpt>
   <trkpt lat="34.8953560" lon="-111.7024420">
    <ele>1817.9</ele>
   </trkpt>
   <trkpt lat="34.8953290" lon="-111.7024230">
    <ele>1817.6</ele>
   </trkpt>
   <trkpt lat="34.8953040" lon="-111.7024080">
    <ele>1817.4</ele>
   </trkpt>
   <trkpt lat="34.8952800" lon="-111.7023930">
    <ele>1817.2</ele>
   </trkpt>
   <trkpt lat="34.8952540" lon="-111.7023770">
    <ele>1816.9</ele>
   </trkpt>
   <trkpt lat="34.8952300" lon="-111.7023610">
    <ele>1816.7</ele>
   </trkpt>
   <trkpt lat="34.8952080" lon="-111.7023420">
    <ele>1816.5</ele>
   </trkpt>
   <trkpt lat="34.8951820" lon="-111.7023340">
    <ele>1816.4</ele>
   </trkpt>
   <trkpt lat="34.8951580" lon="-111.7023360">
    <ele>1816.3</ele>
   </trkpt>
   <trkpt lat="34.8951370" lon="-111.7023460">
    <ele>1816.2</ele>
   </trkpt>
   <trkpt lat="34.8951110" lon="-111.7023510">
    <ele>1816.2</ele>
   </trkpt>
   <trkpt lat="34.8950840" lon="-111.7023560">
    <ele>1816.2</ele>
   </trkpt>
   <trkpt lat="34.8950620" lon="-111.7023680">
    <ele>1816.2</ele>
   </trkpt>
   <trkpt lat="34.8950490" lon="-111.7023870">
    <ele>1816.2</ele>
   </trkpt>
   <trkpt lat="34.8950370" lon="-111.7024000">
    <ele>1816.3</ele>
   </trkpt>
   <trkpt lat="34.8950790" lon="-111.7023440">
    <ele>1816.7</ele>
   </trkpt>
   <trkpt lat="34.8950690" lon="-111.7023320">
    <ele>1816.8</ele>
   </trkpt>
   <trkpt lat="34.8950600" lon="-111.7023230">
    <ele>1816.9</ele>
   </trkpt>
   <trkpt lat="34.8950450" lon="-111.7023140">
    <ele>1817.0</ele>
   </trkpt>
   <trkpt lat="34.8950280" lon="-111.7023040">
    <ele>1817.2</ele>
   </trkpt>
   <trkpt lat="34.8950110" lon="-111.7022960">
    <ele>1817.4</ele>
   </trkpt>
   <trkpt lat="34.8949930" lon="-111.7022870">
    <ele>1817.6</ele>
   </trkpt>
   <trkpt lat="34.8949780" lon="-111.7022700">
    <ele>1817.9</ele>
   </trkpt>
   <trkpt lat="34.8949680" lon="-111.7022490">
    <ele>1818.1</ele>
   </trkpt>
   <trkpt lat="34.8949570" lon="-111.7022250">
    <ele>1818.4</ele>
   </trkpt>
   <trkpt lat="34.8949410" lon="-111.7022000">
    <ele>1818.8</ele>
   </trkpt>
   <trkpt lat="34.8949230" lon="-111.7021850">
    <ele>1819.1</ele>
   </trkpt>
   <trkpt lat="34.8949050" lon="-111.7021810">
    <ele>1819.4</ele>
   </trkpt>
   <trkpt lat="34.8948910" lon="-111.7021770">
    <ele>1819.6</ele>
   </trkpt>
   <trkpt lat="34.8948790" lon="-111.7021750">
    <ele>1819.8</ele>
   </trkpt>
   <trkpt lat="34.8948640" lon="-111.7021800">
    <ele>1820.0</ele>
   </trkpt>
   <trkpt lat="34.8948480" lon="-111.7021900">
    <ele>1820.3</ele>
   </trkpt>
   <trkpt lat="34.8948320" lon="-111.7021950">
    <ele>1820.5</ele>
   </trkpt>
   <trkpt lat="34.8948160" lon="-111.7021920">
    <ele>1820.8</ele>
   </trkpt>
   <trkpt lat="34.8947980" lon="-111.7021880">
    <ele>1821.1</ele>
   </trkpt>
   <trkpt lat="34.8947810" lon="-111.7021930">
    <ele>1821.3</ele>
   </trkpt>
   <trkpt lat="34.8947640" lon="-111.7022050">
    <ele>1821.6</ele>
   </trkpt>
   <trkpt lat="34.8947470" lon="-111.7022190">
    <ele>1821.9</ele>
   </trkpt>
   <trkpt lat="34.8947310" lon="-111.7022300">
    <ele>1822.2</ele>
   </trkpt>
   <trkpt lat="34.8947130" lon="-111.7022350">
    <ele>1822.4</ele>
   </trkpt>
   <trkpt lat="34.8946930" lon="-111.7022310">
    <ele>1822.7</ele>
   </trkpt>
   <trkpt lat="34.8946740" lon="-111.7022270">
    <ele>1822.9</ele>
   </trkpt>
   <trkpt lat="34.8946550" lon="-111.7022240">
    <ele>1823.1</ele>
   </trkpt>
   <trkpt lat="34.8946360" lon="-111.7022180">
    <ele>1823.4</ele>
   </trkpt>
   <trkpt lat="34.8946200" lon="-111.7022100">
    <ele>1823.6</ele>
   </trkpt>
   <trkpt lat="34.8946050" lon="-111.7022030">
    <ele>1823.8</ele>
   </trkpt>
   <trkpt lat="34.8945880" lon="-111.7022010">
    <ele>1824.0</ele>
   </trkpt>
   <trkpt lat="34.8945710" lon="-111.7022010">
    <ele>1824.2</ele>
   </trkpt>
   <trkpt lat="34.8945520" lon="-111.7022020">
    <ele>1824.4</ele>
   </trkpt>
   <trkpt lat="34.8945330" lon="-111.7022070">
    <ele>1824.6</ele>
   </trkpt>
   <trkpt lat="34.8945140" lon="-111.7022130">
    <ele>1824.8</ele>
   </trkpt>
   <trkpt lat="34.8944930" lon="-111.7022180">
    <ele>1825.0</ele>
   </trkpt>
   <trkpt lat="34.8944710" lon="-111.7022190">
    <ele>1825.2</ele>
   </trkpt>
   <trkpt lat="34.8944490" lon="-111.7022180">
    <ele>1825.4</ele>
   </trkpt>
   <trkpt lat="34.8944250" lon="-111.7022170">
    <ele>1825.6</ele>
   </trkpt>
   <trkpt lat="34.8944010" lon="-111.7022210">
    <ele>1825.7</ele>
   </trkpt>
   <trkpt lat="34.8943790" lon="-111.7022220">
    <ele>1825.9</ele>
   </trkpt>
   <trkpt lat="34.8943560" lon="-111.7022170">
    <ele>1826.1</ele>
   </trkpt>
   <trkpt lat="34.8943350" lon="-111.7022090">
    <ele>1826.2</ele>
   </trkpt>
   <trkpt lat="34.8943160" lon="-111.7021970">
    <ele>1826.4</ele>
   </trkpt>
   <trkpt lat="34.8942950" lon="-111.7021800">
    <ele>1826.5</ele>
   </trkpt>
   <trkpt lat="34.8942760" lon="-111.7021620">
    <ele>1826.6</ele>
   </trkpt>
   <trkpt lat="34.8942590" lon="-111.7021420">
    <ele>1826.8</ele>
   </trkpt>
   <trkpt lat="34.8942460" lon="-111.7021180">
    <ele>1826.9</ele>
   </trkpt>
   <trkpt lat="34.8942360" lon="-111.7020930">
    <ele>1827.0</ele>
   </trkpt>
   <trkpt lat="34.8942250" lon="-111.7020660">
    <ele>1827.2</ele>
   </trkpt>
   <trkpt lat="34.8942120" lon="-111.7020390">
    <ele>1827.3</ele>
   </trkpt>
   <trkpt lat="34.8941960" lon="-111.7020150">
    <ele>1827.4</ele>
   </trkpt>
   <trkpt lat="34.8941820" lon="-111.7019900">
    <ele>1827.6</ele>
   </trkpt>
   <trkpt lat="34.8941710" lon="-111.7019640">
    <ele>1827.7</ele>
   </trkpt>
   <trkpt lat="34.8941590" lon="-111.7019380">
    <ele>1827.8</ele>
   </trkpt>
   <trkpt lat="34.8941470" lon="-111.7019140">
    <ele>1827.9</ele>
   </trkpt>
   <trkpt lat="34.8941350" lon="-111.7018930">
    <ele>1828.0</ele>
   </trkpt>
   <trkpt lat="34.8941160" lon="-111.7018750">
    <ele>1828.0</ele>
   </trkpt>
   <trkpt lat="34.8940950" lon="-111.7018600">
    <ele>1828.1</ele>
   </trkpt>
   <trkpt lat="34.8940740" lon="-111.7018450">
    <ele>1828.2</ele>
   </trkpt>
   <trkpt lat="34.8940510" lon="-111.7018300">
    <ele>1828.3</ele>
   </trkpt>
   <trkpt lat="34.8940280" lon="-111.7018180">
    <ele>1828.4</ele>
   </trkpt>
   <trkpt lat="34.8940040" lon="-111.7018070">
    <ele>1828.4</ele>
   </trkpt>
   <trkpt lat="34.8939810" lon="-111.7017940">
    <ele>1828.5</ele>
   </trkpt>
   <trkpt lat="34.8939570" lon="-111.7017810">
    <ele>1828.6</ele>
   </trkpt>
   <trkpt lat="34.8939330" lon="-111.7017700">
    <ele>1828.6</ele>
   </trkpt>
   <trkpt lat="34.8939100" lon="-111.7017640">
    <ele>1828.7</ele>
   </trkpt>
   <trkpt lat="34.8938840" lon="-111.7017620">
    <ele>1828.7</ele>
   </trkpt>
   <trkpt lat="34.8938560" lon="-111.7017630">
    <ele>1828.7</ele>
   </trkpt>
   <trkpt lat="34.8938320" lon="-111.7017620">
    <ele>1828.8</ele>
   </trkpt>
   <trkpt lat="34.8938060" lon="-111.7017550">
    <ele>1828.8</ele>
   </trkpt>
   <trkpt lat="34.8937790" lon="-111.7017510">
    <ele>1828.8</ele>
   </trkpt>
   <trkpt lat="34.8937520" lon="-111.7017520">
    <ele>1828.8</ele>
   </trkpt>
   <trkpt lat="34.8937230" lon="-111.7017510">
    <ele>1828.8</ele>
   </trkpt>
   <trkpt lat="34.8936970" lon="-111.7017510">
    <ele>1828.7</ele>
   </trkpt>
   <trkpt lat="34.8936710" lon="-111.7017610">
    <ele>1828.7</ele>
   </trkpt>
   <trkpt lat="34.8936460" lon="-111.7017760">
    <ele>1828.6</ele>
   </trkpt>
   <trkpt lat="34.8936190" lon="-111.7017850">
    <ele>1828.6</ele>
   </trkpt>
   <trkpt lat="34.8935900" lon="-111.7017920">
    <ele>1828.5</ele>
   </trkpt>
   <trkpt lat="34.8935620" lon="-111.7018000">
    <ele>1828.5</ele>
   </trkpt>
   <trkpt lat="34.8935330" lon="-111.7018050">
    <ele>1828.4</ele>
   </trkpt>
   <trkpt lat="34.8935040" lon="-111.7018100">
    <ele>1828.3</ele>
   </trkpt>
   <trkpt lat="34.8934760" lon="-111.7018180">
    <ele>1828.2</ele>
   </trkpt>
   <trkpt lat="34.8934470" lon="-111.7018240">
    <ele>1828.1</ele>
   </trkpt>
   <trkpt lat="34.8934210" lon="-111.7018300">
    <ele>1828.1</ele>
   </trkpt>
   <trkpt lat="34.8933930" lon="-111.7018350">
    <ele>1828.0</ele>
   </trkpt>
   <trkpt lat="34.8933640" lon="-111.7018390">
    <ele>1827.9</ele>
   </trkpt>
   <trkpt lat="34.8933380" lon="-111.7018400">
    <ele>1827.8</ele>
   </trkpt>
   <trkpt lat="34.8933100" lon="-111.7018480">
    <ele>1827.7</ele>
   </trkpt>
   <trkpt lat="34.8932820" lon="-111.7018590">
    <ele>1827.6</ele>
   </trkpt>
   <trkpt lat="34.8932550" lon="-111.7018700">
    <ele>1827.5</ele>
   </trkpt>
   <trkpt lat="34.8932280" lon="-111.7018870">
    <ele>1827.4</ele>
   </trkpt>
   <trkpt lat="34.8932050" lon="-111.7019090">
    <ele>1827.3</ele>
   </trkpt>
   <trkpt lat="34.8931830" lon="-111.7019380">
    <ele>1827.1</ele>
   </trkpt>
   <trkpt lat="34.8931610" lon="-111.7019650">
    <ele>1827.0</ele>
   </trkpt>
   <trkpt lat="34.8931380" lon="-111.7019920">
    <ele>1826.9</ele>
   </trkpt>
   <trkpt lat="34.8931140" lon="-111.7020080">
    <ele>1826.8</ele>
   </trkpt>
   <trkpt lat="34.8930870" lon="-111.7020080">
    <ele>1826.7</ele>
   </trkpt>
   <trkpt lat="34.8930580" lon="-111.7020020">
    <ele>1826.6</ele>
   </trkpt>
   <trkpt lat="34.8930300" lon="-111.7019960">
    <ele>1826.5</ele>
   </trkpt>
   <trkpt lat="34.8930010" lon="-111.7019900">
    <ele>1826.4</ele>
   </trkpt>
   <trkpt lat="34.8929750" lon="-111.7019870">
    <ele>1826.3</ele>
   </trkpt>
   <trkpt lat="34.8929490" lon="-111.7019840">
    <ele>1826.2</ele>
   </trkpt>
   <trkpt lat="34.8929220" lon="-111.7019810">
    <ele>1826.1</ele>
   </trkpt>
   <trkpt lat="34.8928960" lon="-111.7019820">
    <ele>1826.0</ele>
   </trkpt>
   <trkpt lat="34.8928690" lon="-111.7019840">
    <ele>1825.9</ele>
   </trkpt>
   <trkpt lat="34.8928400" lon="-111.7019870">
    <ele>1825.8</ele>
   </trkpt>
   <trkpt lat="34.8928120" lon="-111.7019900">
    <ele>1825.8</ele>
   </trkpt>
   <trkpt lat="34.8927840" lon="-111.7019950">
    <ele>1825.7</ele>
   </trkpt>
   <trkpt lat="34.8927570" lon="-111.7020040">
    <ele>1825.5</ele>
   </trkpt>
   <trkpt lat="34.8927310" lon="-111.7020150">
    <ele>1825.4</ele>
   </trkpt>
   <trkpt lat="34.8927050" lon="-111.7020240">
    <ele>1825.3</ele>
   </trkpt>
   <trkpt lat="34.8926790" lon="-111.7020300">
    <ele>1825.2</ele>
   </trkpt>
   <trkpt lat="34.8926530" lon="-111.7020350">
    <ele>1825.1</ele>
   </trkpt>
   <trkpt lat="34.8926270" lon="-111.7020430">
    <ele>1825.0</ele>
   </trkpt>
   <trkpt lat="34.8926020" lon="-111.7020510">
    <ele>1824.8</ele>
   </trkpt>
   <trkpt lat="34.8925780" lon="-111.7020610">
    <ele>1824.7</ele>
   </trkpt>
   <trkpt lat="34.8925510" lon="-111.7020750">
    <ele>1824.5</ele>
   </trkpt>
   <trkpt lat="34.8925250" lon="-111.7020980">
    <ele>1824.4</ele>
   </trkpt>
   <trkpt lat="34.8925000" lon="-111.7021210">
    <ele>1824.2</ele>
   </trkpt>
   <trkpt lat="34.8924760" lon="-111.7021350">
    <ele>1824.0</ele>
   </trkpt>
   <trkpt lat="34.8924490" lon="-111.7021420">
    <ele>1823.9</ele>
   </trkpt>
   <trkpt lat="34.8924210" lon="-111.7021470">
    <ele>1823.7</ele>
   </trkpt>
   <trkpt lat="34.8923930" lon="-111.7021520">
    <ele>1823.5</ele>
   </trkpt>
   <trkpt lat="34.8923660" lon="-111.7021620">
    <ele>1823.3</ele>
   </trkpt>
   <trkpt lat="34.8923410" lon="-111.7021730">
    <ele>1823.2</ele>
   </trkpt>
   <trkpt lat="34.8923170" lon="-111.7021860">
    <ele>1823.0</ele>
   </trkpt>
   <trkpt lat="34.8922940" lon="-111.7021930">
    <ele>1822.8</ele>
   </trkpt>
   <trkpt lat="34.8922710" lon="-111.7021920">
    <ele>1822.7</ele>
   </trkpt>
   <trkpt lat="34.8922500" lon="-111.7021940">
    <ele>1822.5</ele>
   </trkpt>
   <trkpt lat="34.8922250" lon="-111.7022060">
    <ele>1822.3</ele>
   </trkpt>
   <trkpt lat="34.8921990" lon="-111.7022170">
    <ele>1822.1</ele>
   </trkpt>
   <trkpt lat="34.8921740" lon="-111.7022230">
    <ele>1821.9</ele>
   </trkpt>
   <trkpt lat="34.8921470" lon="-111.7022210">
    <ele>1821.6</ele>
   </trkpt>
   <trkpt lat="34.8921200" lon="-111.7022160">
    <ele>1821.4</ele>
   </trkpt>
   <trkpt lat="34.8920950" lon="-111.7022210">
    <ele>1821.2</ele>
   </trkpt>
   <trkpt lat="34.8920730" lon="-111.7022390">
    <ele>1820.9</ele>
   </trkpt>
   <trkpt lat="34.8920510" lon="-111.7022580">
    <ele>1820.7</ele>
   </trkpt>
   <trkpt lat="34.8920280" lon="-111.7022780">
    <ele>1820.4</ele>
   </trkpt>
   <trkpt lat="34.8920110" lon="-111.7023020">
    <ele>1820.1</ele>
   </trkpt>
   <trkpt lat="34.8919940" lon="-111.7023250">
    <ele>1819.8</ele>
   </trkpt>
   <trkpt lat="34.8919730" lon="-111.7023490">
    <ele>1819.5</ele>
   </trkpt>
   <trkpt lat="34.8919520" lon="-111.7023680">
    <ele>1819.2</ele>
   </trkpt>
   <trkpt lat="34.8919310" lon="-111.7023820">
    <ele>1819.0</ele>
   </trkpt>
   <trkpt lat="34.8919060" lon="-111.7023960">
    <ele>1818.7</ele>
   </trkpt>
   <trkpt lat="34.8918770" lon="-111.7024120">
    <ele>1818.4</ele>
   </trkpt>
   <trkpt lat="34.8918490" lon="-111.7024220">
    <ele>1818.0</ele>
   </trkpt>
   <trkpt lat="34.8918260" lon="-111.7024310">
    <ele>1817.8</ele>
   </trkpt>
   <trkpt lat="34.8918030" lon="-111.7024410">
    <ele>1817.5</ele>
   </trkpt>
   <trkpt lat="34.8917790" lon="-111.7024470">
    <ele>1817.3</ele>
   </trkpt>
   <trkpt lat="34.8917530" lon="-111.7024430">
    <ele>1817.0</ele>
   </trkpt>
   <trkpt lat="34.8917290" lon="-111.7024340">
    <ele>1816.7</ele>
   </trkpt>
   <trkpt lat="34.8917010" lon="-111.7024260">
    <ele>1816.4</ele>
   </trkpt>
   <trkpt lat="34.8916700" lon="-111.7024230">
    <ele>1816.0</ele>
   </trkpt>
   <trkpt lat="34.8916410" lon="-111.7024160">
    <ele>1815.7</ele>
   </trkpt>
   <trkpt lat="34.8916140" lon="-111.7024030">
    <ele>1815.4</ele>
   </trkpt>
   <trkpt lat="34.8915910" lon="-111.7023900">
    <ele>1815.1</ele>
   </trkpt>
   <trkpt lat="34.8915700" lon="-111.7023760">
    <ele>1814.8</ele>
   </trkpt>
   <trkpt lat="34.8915480" lon="-111.7023630">
    <ele>1814.6</ele>
   </trkpt>
   <trkpt lat="34.8915250" lon="-111.7023650">
    <ele>1814.3</ele>
   </trkpt>
   <trkpt lat="34.8915030" lon="-111.7023820">
    <ele>1814.0</ele>
   </trkpt>
   <trkpt lat="34.8914870" lon="-111.7023990">
    <ele>1813.8</ele>
   </trkpt>
   <trkpt lat="34.8914660" lon="-111.7024060">
    <ele>1813.6</ele>
   </trkpt>
   <trkpt lat="34.8914410" lon="-111.7024090">
    <ele>1813.4</ele>
   </trkpt>
   <trkpt lat="34.8914160" lon="-111.7024080">
    <ele>1813.1</ele>
   </trkpt>
   <trkpt lat="34.8913910" lon="-111.7024050">
    <ele>1812.9</ele>
   </trkpt>
   <trkpt lat="34.8913680" lon="-111.7024040">
    <ele>1812.7</ele>
   </trkpt>
   <trkpt lat="34.8913450" lon="-111.7024070">
    <ele>1812.6</ele>
   </trkpt>
   <trkpt lat="34.8913230" lon="-111.7024170">
    <ele>1812.4</ele>
   </trkpt>
   <trkpt lat="34.8913050" lon="-111.7024360">
    <ele>1812.3</ele>
   </trkpt>
   <trkpt lat="34.8912910" lon="-111.7024600">
    <ele>1812.2</ele>
   </trkpt>
   <trkpt lat="34.8912750" lon="-111.7024840">
    <ele>1812.1</ele>
   </trkpt>
   <trkpt lat="34.8912600" lon="-111.7025070">
    <ele>1812.0</ele>
   </trkpt>
   <trkpt lat="34.8912430" lon="-111.7025330">
    <ele>1812.0</ele>
   </trkpt>
   <trkpt lat="34.8912250" lon="-111.7025570">
    <ele>1812.0</ele>
   </trkpt>
   <trkpt lat="34.8912110" lon="-111.7025760">
    <ele>1812.0</ele>
   </trkpt>
   <trkpt lat="34.8911980" lon="-111.7025980">
    <ele>1812.1</ele>
   </trkpt>
   <trkpt lat="34.8911850" lon="-111.7026180">
    <ele>1812.2</ele>
   </trkpt>
   <trkpt lat="34.8911720" lon="-111.7026370">
    <ele>1812.2</ele>
   </trkpt>
   <trkpt lat="34.8911570" lon="-111.7026490">
    <ele>1812.3</ele>
   </trkpt>
   <trkpt lat="34.8911430" lon="-111.7026530">
    <ele>1812.4</ele>
   </trkpt>
   <trkpt lat="34.8911260" lon="-111.7026520">
    <ele>1812.5</ele>
   </trkpt>
   <trkpt lat="34.8911100" lon="-111.7026500">
    <ele>1812.6</ele>
   </trkpt>
   <trkpt lat="34.8910950" lon="-111.7026480">
    <ele>1812.7</ele>
   </trkpt>
   <trkpt lat="34.8910800" lon="-111.7026430">
    <ele>1812.8</ele>
   </trkpt>
   <trkpt lat="34.8910710" lon="-111.7026300">
    <ele>1812.9</ele>
   </trkpt>
   <trkpt lat="34.8910650" lon="-111.7026060">
    <ele>1813.0</ele>
   </trkpt>
   <trkpt lat="34.8910590" lon="-111.7025750">
    <ele>1813.2</ele>
   </trkpt>
   <trkpt lat="34.8910490" lon="-111.7025450">
    <ele>1813.4</ele>
   </trkpt>
   <trkpt lat="34.8910340" lon="-111.7025160">
    <ele>1813.6</ele>
   </trkpt>
   <trkpt lat="34.8910160" lon="-111.7024930">
    <ele>1813.8</ele>
   </trkpt>
   <trkpt lat="34.8909950" lon="-111.7024800">
    <ele>1814.0</ele>
   </trkpt>
   <trkpt lat="34.8909740" lon="-111.7024760">
    <ele>1814.1</ele>
   </trkpt>
   <trkpt lat="34.8909520" lon="-111.7024690">
    <ele>1814.3</ele>
   </trkpt>
   <trkpt lat="34.8909310" lon="-111.7024640">
    <ele>1814.5</ele>
   </trkpt>
   <trkpt lat="34.8909140" lon="-111.7024670">
    <ele>1814.6</ele>
   </trkpt>
   <trkpt lat="34.8908910" lon="-111.7024670">
    <ele>1814.8</ele>
   </trkpt>
   <trkpt lat="34.8908690" lon="-111.7024670">
    <ele>1815.0</ele>
   </trkpt>
   <trkpt lat="34.8908500" lon="-111.7024670">
    <ele>1815.1</ele>
   </trkpt>
   <trkpt lat="34.8908310" lon="-111.7024670">
    <ele>1815.3</ele>
   </trkpt>
   <trkpt lat="34.8908110" lon="-111.7024690">
    <ele>1815.4</ele>
   </trkpt>
   <trkpt lat="34.8907950" lon="-111.7024690">
    <ele>1815.6</ele>
   </trkpt>
   <trkpt lat="34.8907720" lon="-111.7024680">
    <ele>1815.7</ele>
   </trkpt>
   <trkpt lat="34.8907490" lon="-111.7024720">
    <ele>1815.9</ele>
   </trkpt>
   <trkpt lat="34.8907300" lon="-111.7024760">
    <ele>1816.1</ele>
   </trkpt>
   <trkpt lat="34.8907080" lon="-111.7024770">
    <ele>1816.3</ele>
   </trkpt>
   <trkpt lat="34.8906870" lon="-111.7024830">
    <ele>1816.4</ele>
   </trkpt>
   <trkpt lat="34.8906680" lon="-111.7024930">
    <ele>1816.6</ele>
   </trkpt>
   <trkpt lat="34.8906460" lon="-111.7024960">
    <ele>1816.8</ele>
   </trkpt>
   <trkpt lat="34.8906250" lon="-111.7024950">
    <ele>1817.0</ele>
   </trkpt>
   <trkpt lat="34.8906040" lon="-111.7024950">
    <ele>1817.1</ele>
   </trkpt>
   <trkpt lat="34.8905820" lon="-111.7025000">
    <ele>1817.3</ele>
   </trkpt>
   <trkpt lat="34.8905610" lon="-111.7025030">
    <ele>1817.5</ele>
   </trkpt>
   <trkpt lat="34.8905390" lon="-111.7025060">
    <ele>1817.7</ele>
   </trkpt>
   <trkpt lat="34.8905160" lon="-111.7025120">
    <ele>1817.8</ele>
   </trkpt>
   <trkpt lat="34.8904970" lon="-111.7025180">
    <ele>1818.0</ele>
   </trkpt>
   <trkpt lat="34.8904770" lon="-111.7025220">
    <ele>1818.1</ele>
   </trkpt>
   <trkpt lat="34.8904570" lon="-111.7025270">
    <ele>1818.3</ele>
   </trkpt>
   <trkpt lat="34.8904400" lon="-111.7025430">
    <ele>1818.5</ele>
   </trkpt>
   <trkpt lat="34.8904280" lon="-111.7025700">
    <ele>1818.6</ele>
   </trkpt>
   <trkpt lat="34.8904160" lon="-111.7026000">
    <ele>1818.8</ele>
   </trkpt>
   <trkpt lat="34.8904020" lon="-111.7026220">
    <ele>1819.0</ele>
   </trkpt>
   <trkpt lat="34.8903840" lon="-111.7026370">
    <ele>1819.1</ele>
   </trkpt>
   <trkpt lat="34.8903630" lon="-111.7026400">
    <ele>1819.3</ele>
   </trkpt>
   <trkpt lat="34.8903400" lon="-111.7026380">
    <ele>1819.4</ele>
   </trkpt>
   <trkpt lat="34.8903170" lon="-111.7026340">
    <ele>1819.5</ele>
   </trkpt>
   <trkpt lat="34.8902970" lon="-111.7026260">
    <ele>1819.6</ele>
   </trkpt>
   <trkpt lat="34.8902770" lon="-111.7026190">
    <ele>1819.7</ele>
   </trkpt>
   <trkpt lat="34.8902550" lon="-111.7026150">
    <ele>1819.8</ele>
   </trkpt>
   <trkpt lat="34.8902330" lon="-111.7026170">
    <ele>1819.9</ele>
   </trkpt>
   <trkpt lat="34.8902120" lon="-111.7026310">
    <ele>1820.0</ele>
   </trkpt>
   <trkpt lat="34.8901930" lon="-111.7026520">
    <ele>1820.1</ele>
   </trkpt>
   <trkpt lat="34.8901750" lon="-111.7026720">
    <ele>1820.2</ele>
   </trkpt>
   <trkpt lat="34.8901550" lon="-111.7026860">
    <ele>1820.3</ele>
   </trkpt>
   <trkpt lat="34.8901350" lon="-111.7027010">
    <ele>1820.4</ele>
   </trkpt>
   <trkpt lat="34.8901170" lon="-111.7027250">
    <ele>1820.4</ele>
   </trkpt>
   <trkpt lat="34.8901050" lon="-111.7027540">
    <ele>1820.5</ele>
   </trkpt>
   <trkpt lat="34.8900940" lon="-111.7027810">
    <ele>1820.5</ele>
   </trkpt>
   <trkpt lat="34.8900810" lon="-111.7028090">
    <ele>1820.5</ele>
   </trkpt>
   <trkpt lat="34.8900670" lon="-111.7028360">
    <ele>1820.6</ele>
   </trkpt>
   <trkpt lat="34.8900520" lon="-111.7028630">
    <ele>1820.6</ele>
   </trkpt>
   <trkpt lat="34.8900350" lon="-111.7028870">
    <ele>1820.6</ele>
   </trkpt>
   <trkpt lat="34.8900160" lon="-111.7029060">
    <ele>1820.6</ele>
   </trkpt>
   <trkpt lat="34.8899950" lon="-111.7029270">
    <ele>1820.6</ele>
   </trkpt>
   <trkpt lat="34.8899750" lon="-111.7029460">
    <ele>1820.5</ele>
   </trkpt>
   <trkpt lat="34.8899540" lon="-111.7029610">
    <ele>1820.5</ele>
   </trkpt>
   <trkpt lat="34.8899340" lon="-111.7029720">
    <ele>1820.5</ele>
   </trkpt>
   <trkpt lat="34.8899130" lon="-111.7029840">
    <ele>1820.5</ele>
   </trkpt>
   <trkpt lat="34.8898890" lon="-111.7029990">
    <ele>1820.4</ele>
   </trkpt>
   <trkpt lat="34.8898650" lon="-111.7030110">
    <ele>1820.4</ele>
   </trkpt>
   <trkpt lat="34.8898390" lon="-111.7030250">
    <ele>1820.4</ele>
   </trkpt>
   <trkpt lat="34.8898140" lon="-111.7030380">
    <ele>1820.3</ele>
   </trkpt>
   <trkpt lat="34.8897880" lon="-111.7030470">
    <ele>1820.3</ele>
   </trkpt>
   <trkpt lat="34.8897640" lon="-111.7030520">
    <ele>1820.3</ele>
   </trkpt>
   <trkpt lat="34.8897390" lon="-111.7030550">
    <ele>1820.3</ele>
   </trkpt>
   <trkpt lat="34.8897130" lon="-111.7030590">
    <ele>1820.7</ele>
   </trkpt>
   <trkpt lat="34.8896880" lon="-111.7030570">
    <ele>1821.2</ele>
   </trkpt>
   <trkpt lat="34.8896620" lon="-111.7030470">
    <ele>1821.7</ele>
   </trkpt>
   <trkpt lat="34.8896390" lon="-111.7030290">
    <ele>1822.3</ele>
   </trkpt>
   <trkpt lat="34.8896240" lon="-111.7030010">
    <ele>1822.8</ele>
   </trkpt>
   <trkpt lat="34.8896170" lon="-111.7029700">
    <ele>1822.9</ele>
   </trkpt>
   <trkpt lat="34.8896200" lon="-111.7029430">
    <ele>1822.8</ele>
   </trkpt>
   <trkpt lat="34.8896320" lon="-111.7029130">
    <ele>1822.8</ele>
   </trkpt>
   <trkpt lat="34.8896470" lon="-111.7028880">
    <ele>1822.7</ele>
   </trkpt>
   <trkpt lat="34.8896640" lon="-111.7028620">
    <ele>1822.7</ele>
   </trkpt>
   <trkpt lat="34.8896810" lon="-111.7028330">
    <ele>1822.7</ele>
   </trkpt>
   <trkpt lat="34.8896930" lon="-111.7028030">
    <ele>1822.6</ele>
   </trkpt>
   <trkpt lat="34.8897060" lon="-111.7027710">
    <ele>1822.6</ele>
   </trkpt>
   <trkpt lat="34.8897200" lon="-111.7027400">
    <ele>1822.6</ele>
   </trkpt>
   <trkpt lat="34.8897330" lon="-111.7027100">
    <ele>1822.5</ele>
   </trkpt>
   <trkpt lat="34.8897460" lon="-111.7026810">
    <ele>1822.5</ele>
   </trkpt>
   <trkpt lat="34.8897590" lon="-111.7026510">
    <ele>1822.4</ele>
   </trkpt>
   <trkpt lat="34.8897720" lon="-111.7026220">
    <ele>1822.4</ele>
   </trkpt>
   <trkpt lat="34.8897810" lon="-111.7025930">
    <ele>1822.3</ele>
   </trkpt>
   <trkpt lat="34.8897900" lon="-111.7025630">
    <ele>1822.3</ele>
   </trkpt>
   <trkpt lat="34.8897980" lon="-111.7025330">
    <ele>1822.2</ele>
   </trkpt>
   <trkpt lat="34.8898050" lon="-111.7025040">
    <ele>1822.2</ele>
   </trkpt>
   <trkpt lat="34.8898050" lon="-111.7024760">
    <ele>1822.5</ele>
   </trkpt>
   <trkpt lat="34.8897930" lon="-111.7024470">
    <ele>1822.6</ele>
   </trkpt>
   <trkpt lat="34.8897840" lon="-111.7024200">
    <ele>1822.7</ele>
   </trkpt>
   <trkpt lat="34.8897740" lon="-111.7023930">
    <ele>1822.9</ele>
   </trkpt>
   <trkpt lat="34.8897600" lon="-111.7023680">
    <ele>1823.0</ele>
   </trkpt>
   <trkpt lat="34.8897450" lon="-111.7023440">
    <ele>1823.2</ele>
   </trkpt>
   <trkpt lat="34.8897260" lon="-111.7023220">
    <ele>1823.4</ele>
   </trkpt>
   <trkpt lat="34.8897080" lon="-111.7023010">
    <ele>1823.5</ele>
   </trkpt>
   <trkpt lat="34.8896880" lon="-111.7022820">
    <ele>1823.7</ele>
   </trkpt>
   <trkpt lat="34.8896680" lon="-111.7022630">
    <ele>1823.9</ele>
   </trkpt>
   <trkpt lat="34.8896500" lon="-111.7022430">
    <ele>1824.1</ele>
   </trkpt>
   <trkpt lat="34.8896320" lon="-111.7022250">
    <ele>1824.3</ele>
   </trkpt>
   <trkpt lat="34.8896140" lon="-111.7022060">
    <ele>1824.5</ele>
   </trkpt>
   <trkpt lat="34.8895970" lon="-111.7021870">
    <ele>1824.6</ele>
   </trkpt>
   <trkpt lat="34.8895820" lon="-111.7021680">
    <ele>1824.8</ele>
   </trkpt>
   <trkpt lat="34.8895680" lon="-111.7021500">
    <ele>1825.0</ele>
   </trkpt>
   <trkpt lat="34.8895540" lon="-111.7021290">
    <ele>1825.2</ele>
   </trkpt>
   <trkpt lat="34.8895370" lon="-111.7021090">
    <ele>1825.4</ele>
   </trkpt>
   <trkpt lat="34.8895150" lon="-111.7020900">
    <ele>1825.6</ele>
   </trkpt>
   <trkpt lat="34.8894890" lon="-111.7020760">
    <ele>1825.9</ele>
   </trkpt>
   <trkpt lat="34.8894680" lon="-111.7020660">
    <ele>1826.1</ele>
   </trkpt>
   <trkpt lat="34.8894460" lon="-111.7020620">
    <ele>1826.2</ele>
   </trkpt>
   <trkpt lat="34.8894260" lon="-111.7020590">
    <ele>1826.4</ele>
   </trkpt>
   <trkpt lat="34.8894010" lon="-111.7020580">
    <ele>1826.6</ele>
   </trkpt>
   <trkpt lat="34.8893750" lon="-111.7020620">
    <ele>1826.8</ele>
   </trkpt>
   <trkpt lat="34.8893490" lon="-111.7020680">
    <ele>1827.0</ele>
   </trkpt>
   <trkpt lat="34.8893250" lon="-111.7020810">
    <ele>1827.2</ele>
   </trkpt>
   <trkpt lat="34.8893010" lon="-111.7020910">
    <ele>1827.3</ele>
   </trkpt>
   <trkpt lat="34.8892770" lon="-111.7020980">
    <ele>1827.5</ele>
   </trkpt>
   <trkpt lat="34.8892540" lon="-111.7021010">
    <ele>1827.7</ele>
   </trkpt>
   <trkpt lat="34.8892280" lon="-111.7021050">
    <ele>1827.8</ele>
   </trkpt>
   <trkpt lat="34.8892030" lon="-111.7021130">
    <ele>1828.0</ele>
   </trkpt>
   <trkpt lat="34.8891780" lon="-111.7021210">
    <ele>1828.2</ele>
   </trkpt>
   <trkpt lat="34.8891540" lon="-111.7021350">
    <ele>1828.3</ele>
   </trkpt>
   <trkpt lat="34.8891320" lon="-111.7021500">
    <ele>1828.5</ele>
   </trkpt>
   <trkpt lat="34.8891090" lon="-111.7021640">
    <ele>1828.6</ele>
   </trkpt>
   <trkpt lat="34.8890860" lon="-111.7021790">
    <ele>1828.8</ele>
   </trkpt>
   <trkpt lat="34.8890650" lon="-111.7021920">
    <ele>1828.9</ele>
   </trkpt>
   <trkpt lat="34.8890400" lon="-111.7022040">
    <ele>1829.1</ele>
   </trkpt>
   <trkpt lat="34.8890130" lon="-111.7022180">
    <ele>1829.3</ele>
   </trkpt>
   <trkpt lat="34.8889870" lon="-111.7022310">
    <ele>1829.4</ele>
   </trkpt>
   <trkpt lat="34.8889630" lon="-111.7022470">
    <ele>1829.6</ele>
   </trkpt>
   <trkpt lat="34.8889400" lon="-111.7022610">
    <ele>1829.8</ele>
   </trkpt>
   <trkpt lat="34.8889180" lon="-111.7022760">
    <ele>1829.9</ele>
   </trkpt>
   <trkpt lat="34.8888960" lon="-111.7022910">
    <ele>1830.1</ele>
   </trkpt>
   <trkpt lat="34.8888750" lon="-111.7023020">
    <ele>1830.2</ele>
   </trkpt>
   <trkpt lat="34.8888520" lon="-111.7023130">
    <ele>1830.4</ele>
   </trkpt>
   <trkpt lat="34.8888280" lon="-111.7023250">
    <ele>1830.6</ele>
   </trkpt>
   <trkpt lat="34.8888050" lon="-111.7023430">
    <ele>1830.8</ele>
   </trkpt>
   <trkpt lat="34.8887820" lon="-111.7023600">
    <ele>1831.0</ele>
   </trkpt>
   <trkpt lat="34.8887580" lon="-111.7023750">
    <ele>1831.1</ele>
   </trkpt>
   <trkpt lat="34.8887340" lon="-111.7023910">
    <ele>1831.3</ele>
   </trkpt>
   <trkpt lat="34.8887110" lon="-111.7024040">
    <ele>1831.5</ele>
   </trkpt>
   <trkpt lat="34.8886870" lon="-111.7024170">
    <ele>1831.7</ele>
   </trkpt>
   <trkpt lat="34.8886630" lon="-111.7024340">
    <ele>1831.9</ele>
   </trkpt>
   <trkpt lat="34.8886390" lon="-111.7024510">
    <ele>1832.1</ele>
   </trkpt>
   <trkpt lat="34.8886150" lon="-111.7024700">
    <ele>1832.3</ele>
   </trkpt>
   <trkpt lat="34.8885910" lon="-111.7024850">
    <ele>1832.5</ele>
   </trkpt>
   <trkpt lat="34.8885680" lon="-111.7024990">
    <ele>1832.6</ele>
   </trkpt>
   <trkpt lat="34.8885450" lon="-111.7025070">
    <ele>1832.8</ele>
   </trkpt>
   <trkpt lat="34.8885220" lon="-111.7025150">
    <ele>1833.0</ele>
   </trkpt>
   <trkpt lat="34.8884980" lon="-111.7025250">
    <ele>1833.2</ele>
   </trkpt>
   <trkpt lat="34.8884760" lon="-111.7025320">
    <ele>1833.4</ele>
   </trkpt>
   <trkpt lat="34.8884510" lon="-111.7025360">
    <ele>1833.6</ele>
   </trkpt>
   <trkpt lat="34.8884270" lon="-111.7025370">
    <ele>1833.8</ele>
   </trkpt>
   <trkpt lat="34.8884030" lon="-111.7025400">
    <ele>1834.1</ele>
   </trkpt>
   <trkpt lat="34.8883770" lon="-111.7025430">
    <ele>1834.4</ele>
   </trkpt>
   <trkpt lat="34.8883530" lon="-111.7025470">
    <ele>1834.6</ele>
   </trkpt>
   <trkpt lat="34.8883290" lon="-111.7025470">
    <ele>1834.8</ele>
   </trkpt>
   <trkpt lat="34.8883060" lon="-111.7025440">
    <ele>1835.1</ele>
   </trkpt>
   <trkpt lat="34.8882830" lon="-111.7025420">
    <ele>1835.3</ele>
   </trkpt>
   <trkpt lat="34.8882580" lon="-111.7025450">
    <ele>1835.6</ele>
   </trkpt>
   <trkpt lat="34.8882350" lon="-111.7025460">
    <ele>1835.8</ele>
   </trkpt>
   <trkpt lat="34.8882130" lon="-111.7025480">
    <ele>1836.0</ele>
   </trkpt>
   <trkpt lat="34.8881930" lon="-111.7025480">
    <ele>1836.2</ele>
   </trkpt>
   <trkpt lat="34.8881730" lon="-111.7025460">
    <ele>1836.4</ele>
   </trkpt>
   <trkpt lat="34.8881510" lon="-111.7025440">
    <ele>1836.6</ele>
   </trkpt>
   <trkpt lat="34.8881290" lon="-111.7025400">
    <ele>1836.8</ele>
   </trkpt>
   <trkpt lat="34.8881080" lon="-111.7025310">
    <ele>1837.0</ele>
   </trkpt>
   <trkpt lat="34.8880880" lon="-111.7025180">
    <ele>1837.2</ele>
   </trkpt>
   <trkpt lat="34.8880680" lon="-111.7025070">
    <ele>1837.4</ele>
   </trkpt>
   <trkpt lat="34.8880480" lon="-111.7024960">
    <ele>1837.6</ele>
   </trkpt>
   <trkpt lat="34.8880280" lon="-111.7024850">
    <ele>1837.8</ele>
   </trkpt>
   <trkpt lat="34.8880080" lon="-111.7024730">
    <ele>1838.0</ele>
   </trkpt>
   <trkpt lat="34.8879900" lon="-111.7024630">
    <ele>1838.1</ele>
   </trkpt>
   <trkpt lat="34.8879720" lon="-111.7024520">
    <ele>1838.3</ele>
   </trkpt>
   <trkpt lat="34.8879520" lon="-111.7024400">
    <ele>1838.5</ele>
   </trkpt>
   <trkpt lat="34.8879330" lon="-111.7024260">
    <ele>1838.6</ele>
   </trkpt>
   <trkpt lat="34.8879140" lon="-111.7024100">
    <ele>1838.8</ele>
   </trkpt>
   <trkpt lat="34.8878960" lon="-111.7023930">
    <ele>1839.0</ele>
   </trkpt>
   <trkpt lat="34.8878770" lon="-111.7023750">
    <ele>1839.2</ele>
   </trkpt>
   <trkpt lat="34.8878570" lon="-111.7023560">
    <ele>1839.4</ele>
   </trkpt>
   <trkpt lat="34.8878400" lon="-111.7023360">
    <ele>1839.6</ele>
   </trkpt>
   <trkpt lat="34.8878280" lon="-111.7023090">
    <ele>1839.8</ele>
   </trkpt>
   <trkpt lat="34.8878170" lon="-111.7022830">
    <ele>1840.0</ele>
   </trkpt>
   <trkpt lat="34.8878090" lon="-111.7022570">
    <ele>1840.2</ele>
   </trkpt>
   <trkpt lat="34.8877980" lon="-111.7022340">
    <ele>1840.4</ele>
   </trkpt>
   <trkpt lat="34.8877870" lon="-111.7022140">
    <ele>1840.6</ele>
   </trkpt>
   <trkpt lat="34.8877780" lon="-111.7021900">
    <ele>1840.7</ele>
   </trkpt>
   <trkpt lat="34.8877710" lon="-111.7021640">
    <ele>1840.9</ele>
   </trkpt>
   <trkpt lat="34.8877620" lon="-111.7021370">
    <ele>1841.1</ele>
   </trkpt>
   <trkpt lat="34.8877520" lon="-111.7021110">
    <ele>1841.3</ele>
   </trkpt>
   <trkpt lat="34.8877440" lon="-111.7020890">
    <ele>1841.4</ele>
   </trkpt>
   <trkpt lat="34.8877380" lon="-111.7020640">
    <ele>1841.6</ele>
   </trkpt>
   <trkpt lat="34.8877320" lon="-111.7020390">
    <ele>1841.7</ele>
   </trkpt>
   <trkpt lat="34.8877220" lon="-111.7020140">
    <ele>1841.9</ele>
   </trkpt>
   <trkpt lat="34.8877140" lon="-111.7019880">
    <ele>1842.1</ele>
   </trkpt>
   <trkpt lat="34.8877080" lon="-111.7019630">
    <ele>1842.2</ele>
   </trkpt>
   <trkpt lat="34.8877030" lon="-111.7019390">
    <ele>1842.4</ele>
   </trkpt>
   <trkpt lat="34.8877040" lon="-111.7019120">
    <ele>1842.5</ele>
   </trkpt>
   <trkpt lat="34.8877050" lon="-111.7018860">
    <ele>1842.7</ele>
   </trkpt>
   <trkpt lat="34.8877060" lon="-111.7018580">
    <ele>1842.8</ele>
   </trkpt>
   <trkpt lat="34.8877070" lon="-111.7018290">
    <ele>1843.0</ele>
   </trkpt>
   <trkpt lat="34.8877090" lon="-111.7018020">
    <ele>1843.1</ele>
   </trkpt>
   <trkpt lat="34.8877110" lon="-111.7017770">
    <ele>1843.3</ele>
   </trkpt>
   <trkpt lat="34.8877180" lon="-111.7017530">
    <ele>1843.4</ele>
   </trkpt>
   <trkpt lat="34.8877280" lon="-111.7017270">
    <ele>1843.6</ele>
   </trkpt>
   <trkpt lat="34.8877400" lon="-111.7017020">
    <ele>1843.7</ele>
   </trkpt>
   <trkpt lat="34.8877510" lon="-111.7016770">
    <ele>1843.9</ele>
   </trkpt>
   <trkpt lat="34.8877620" lon="-111.7016520">
    <ele>1844.0</ele>
   </trkpt>
   <trkpt lat="34.8877750" lon="-111.7016270">
    <ele>1844.2</ele>
   </trkpt>
   <trkpt lat="34.8877810" lon="-111.7015970">
    <ele>1844.3</ele>
   </trkpt>
   <trkpt lat="34.8877860" lon="-111.7015680">
    <ele>1844.4</ele>
   </trkpt>
   <trkpt lat="34.8877890" lon="-111.7015410">
    <ele>1844.6</ele>
   </trkpt>
   <trkpt lat="34.8877900" lon="-111.7015130">
    <ele>1844.7</ele>
   </trkpt>
   <trkpt lat="34.8877930" lon="-111.7014850">
    <ele>1844.8</ele>
   </trkpt>
   <trkpt lat="34.8877940" lon="-111.7014560">
    <ele>1845.0</ele>
   </trkpt>
   <trkpt lat="34.8878000" lon="-111.7014290">
    <ele>1845.1</ele>
   </trkpt>
   <trkpt lat="34.8878080" lon="-111.7014080">
    <ele>1845.2</ele>
   </trkpt>
   <trkpt lat="34.8878200" lon="-111.7013830">
    <ele>1845.4</ele>
   </trkpt>
   <trkpt lat="34.8878310" lon="-111.7013580">
    <ele>1845.5</ele>
   </trkpt>
   <trkpt lat="34.8878380" lon="-111.7013330">
    <ele>1845.6</ele>
   </trkpt>
   <trkpt lat="34.8878370" lon="-111.7013050">
    <ele>1845.8</ele>
   </trkpt>
   <trkpt lat="34.8878380" lon="-111.7012780">
    <ele>1845.9</ele>
   </trkpt>
   <trkpt lat="34.8878360" lon="-111.7012480">
    <ele>1846.1</ele>
   </trkpt>
   <trkpt lat="34.8878390" lon="-111.7012180">
    <ele>1846.2</ele>
   </trkpt>
   <trkpt lat="34.8878430" lon="-111.7011890">
    <ele>1846.3</ele>
   </trkpt>
   <trkpt lat="34.8878480" lon="-111.7011610">
    <ele>1846.5</ele>
   </trkpt>
   <trkpt lat="34.8878490" lon="-111.7011330">
    <ele>1846.6</ele>
   </trkpt>
   <trkpt lat="34.8878510" lon="-111.7011040">
    <ele>1846.8</ele>
   </trkpt>
   <trkpt lat="34.8878550" lon="-111.7010760">
    <ele>1846.9</ele>
   </trkpt>
   <trkpt lat="34.8878600" lon="-111.7010470">
    <ele>1847.0</ele>
   </trkpt>
   <trkpt lat="34.8878650" lon="-111.7010170">
    <ele>1847.2</ele>
   </trkpt>
   <trkpt lat="34.8878670" lon="-111.7009890">
    <ele>1847.3</ele>
   </trkpt>
   <trkpt lat="34.8878700" lon="-111.7009590">
    <ele>1847.5</ele>
   </trkpt>
   <trkpt lat="34.8878710" lon="-111.7009300">
    <ele>1847.6</ele>
   </trkpt>
   <trkpt lat="34.8878710" lon="-111.7009010">
    <ele>1847.8</ele>
   </trkpt>
   <trkpt lat="34.8878650" lon="-111.7008690">
    <ele>1847.9</ele>
   </trkpt>
   <trkpt lat="34.8878620" lon="-111.7008420">
    <ele>1848.0</ele>
   </trkpt>
   <trkpt lat="34.8878590" lon="-111.7008120">
    <ele>1848.2</ele>
   </trkpt>
   <trkpt lat="34.8878580" lon="-111.7007820">
    <ele>1848.4</ele>
   </trkpt>
   <trkpt lat="34.8878570" lon="-111.7007530">
    <ele>1848.5</ele>
   </trkpt>
   <trkpt lat="34.8878550" lon="-111.7007210">
    <ele>1848.7</ele>
   </trkpt>
   <trkpt lat="34.8878550" lon="-111.7006920">
    <ele>1848.8</ele>
   </trkpt>
   <trkpt lat="34.8878540" lon="-111.7006610">
    <ele>1849.0</ele>
   </trkpt>
   <trkpt lat="34.8878480" lon="-111.7006270">
    <ele>1849.2</ele>
   </trkpt>
   <trkpt lat="34.8878450" lon="-111.7005960">
    <ele>1849.3</ele>
   </trkpt>
   <trkpt lat="34.8878380" lon="-111.7005620">
    <ele>1849.5</ele>
   </trkpt>
   <trkpt lat="34.8878320" lon="-111.7005320">
    <ele>1849.7</ele>
   </trkpt>
   <trkpt lat="34.8878210" lon="-111.7005030">
    <ele>1849.9</ele>
   </trkpt>
   <trkpt lat="34.8878110" lon="-111.7004760">
    <ele>1850.1</ele>
   </trkpt>
   <trkpt lat="34.8878000" lon="-111.7004490">
    <ele>1850.2</ele>
   </trkpt>
   <trkpt lat="34.8877860" lon="-111.7004180">
    <ele>1850.4</ele>
   </trkpt>
   <trkpt lat="34.8877740" lon="-111.7003890">
    <ele>1850.6</ele>
   </trkpt>
   <trkpt lat="34.8877590" lon="-111.7003620">
    <ele>1850.8</ele>
   </trkpt>
   <trkpt lat="34.8877420" lon="-111.7003350">
    <ele>1851.0</ele>
   </trkpt>
   <trkpt lat="34.8877260" lon="-111.7003080">
    <ele>1851.2</ele>
   </trkpt>
   <trkpt lat="34.8877070" lon="-111.7002830">
    <ele>1851.4</ele>
   </trkpt>
   <trkpt lat="34.8876890" lon="-111.7002600">
    <ele>1851.5</ele>
   </trkpt>
   <trkpt lat="34.8876670" lon="-111.7002390">
    <ele>1851.7</ele>
   </trkpt>
   <trkpt lat="34.8876410" lon="-111.7002190">
    <ele>1851.9</ele>
   </trkpt>
   <trkpt lat="34.8876190" lon="-111.7002000">
    <ele>1852.1</ele>
   </trkpt>
   <trkpt lat="34.8875980" lon="-111.7001800">
    <ele>1852.3</ele>
   </trkpt>
   <trkpt lat="34.8875770" lon="-111.7001620">
    <ele>1852.4</ele>
   </trkpt>
   <trkpt lat="34.8875540" lon="-111.7001440">
    <ele>1852.6</ele>
   </trkpt>
   <trkpt lat="34.8875300" lon="-111.7001300">
    <ele>1852.8</ele>
   </trkpt>
   <trkpt lat="34.8875070" lon="-111.7001200">
    <ele>1852.9</ele>
   </trkpt>
   <trkpt lat="34.8874820" lon="-111.7001070">
    <ele>1853.1</ele>
   </trkpt>
   <trkpt lat="34.8874570" lon="-111.7000970">
    <ele>1853.3</ele>
   </trkpt>
   <trkpt lat="34.8874310" lon="-111.7000880">
    <ele>1853.5</ele>
   </trkpt>
   <trkpt lat="34.8874030" lon="-111.7000820">
    <ele>1853.6</ele>
   </trkpt>
   <trkpt lat="34.8873780" lon="-111.7000740">
    <ele>1853.8</ele>
   </trkpt>
   <trkpt lat="34.8873540" lon="-111.7000690">
    <ele>1854.0</ele>
   </trkpt>
   <trkpt lat="34.8873340" lon="-111.7000620">
    <ele>1854.1</ele>
   </trkpt>
   <trkpt lat="34.8873120" lon="-111.7000530">
    <ele>1854.2</ele>
   </trkpt>
   <trkpt lat="34.8872890" lon="-111.7000440">
    <ele>1854.4</ele>
   </trkpt>
   <trkpt lat="34.8872670" lon="-111.7000380">
    <ele>1854.5</ele>
   </trkpt>
   <trkpt lat="34.8872430" lon="-111.7000310">
    <ele>1854.7</ele>
   </trkpt>
   <trkpt lat="34.8872190" lon="-111.7000250">
    <ele>1854.9</ele>
   </trkpt>
   <trkpt lat="34.8871950" lon="-111.7000200">
    <ele>1855.0</ele>
   </trkpt>
   <trkpt lat="34.8871700" lon="-111.7000200">
    <ele>1855.2</ele>
   </trkpt>
   <trkpt lat="34.8871450" lon="-111.7000200">
    <ele>1855.4</ele>
   </trkpt>
   <trkpt lat="34.8871190" lon="-111.7000210">
    <ele>1855.6</ele>
   </trkpt>
   <trkpt lat="34.8870940" lon="-111.7000220">
    <ele>1855.7</ele>
   </trkpt>
   <trkpt lat="34.8870720" lon="-111.7000210">
    <ele>1855.9</ele>
   </trkpt>
   <trkpt lat="34.8870510" lon="-111.7000180">
    <ele>1856.0</ele>
   </trkpt>
   <trkpt lat="34.8870320" lon="-111.7000160">
    <ele>1856.1</ele>
   </trkpt>
   <trkpt lat="34.8870110" lon="-111.7000200">
    <ele>1856.3</ele>
   </trkpt>
   <trkpt lat="34.8869890" lon="-111.7000270">
    <ele>1856.4</ele>
   </trkpt>
   <trkpt lat="34.8869650" lon="-111.7000380">
    <ele>1856.5</ele>
   </trkpt>
   <trkpt lat="34.8869410" lon="-111.7000540">
    <ele>1856.7</ele>
   </trkpt>
   <trkpt lat="34.8869190" lon="-111.7000640">
    <ele>1856.8</ele>
   </trkpt>
   <trkpt lat="34.8868960" lon="-111.7000780">
    <ele>1857.0</ele>
   </trkpt>
   <trkpt lat="34.8868730" lon="-111.7000920">
    <ele>1857.1</ele>
   </trkpt>
   <trkpt lat="34.8868500" lon="-111.7001080">
    <ele>1857.3</ele>
   </trkpt>
   <trkpt lat="34.8868260" lon="-111.7001270">
    <ele>1857.4</ele>
   </trkpt>
   <trkpt lat="34.8868020" lon="-111.7001420">
    <ele>1857.6</ele>
   </trkpt>
   <trkpt lat="34.8867790" lon="-111.7001600">
    <ele>1857.8</ele>
   </trkpt>
   <trkpt lat="34.8867560" lon="-111.7001750">
    <ele>1857.9</ele>
   </trkpt>
   <trkpt lat="34.8867310" lon="-111.7001890">
    <ele>1858.1</ele>
   </trkpt>
   <trkpt lat="34.8867060" lon="-111.7002020">
    <ele>1858.3</ele>
   </trkpt>
   <trkpt lat="34.8866830" lon="-111.7002130">
    <ele>1858.4</ele>
   </trkpt>
   <trkpt lat="34.8866590" lon="-111.7002250">
    <ele>1858.6</ele>
   </trkpt>
   <trkpt lat="34.8866350" lon="-111.7002360">
    <ele>1858.7</ele>
   </trkpt>
   <trkpt lat="34.8866100" lon="-111.7002470">
    <ele>1858.9</ele>
   </trkpt>
   <trkpt lat="34.8865850" lon="-111.7002590">
    <ele>1859.1</ele>
   </trkpt>
   <trkpt lat="34.8865600" lon="-111.7002730">
    <ele>1859.3</ele>
   </trkpt>
   <trkpt lat="34.8865370" lon="-111.7002890">
    <ele>1859.4</ele>
   </trkpt>
   <trkpt lat="34.8865150" lon="-111.7003010">
    <ele>1859.6</ele>
   </trkpt>
   <trkpt lat="34.8864910" lon="-111.7003170">
    <ele>1859.8</ele>
   </trkpt>
   <trkpt lat="34.8864680" lon="-111.7003330">
    <ele>1859.9</ele>
   </trkpt>
   <trkpt lat="34.8864450" lon="-111.7003460">
    <ele>1860.1</ele>
   </trkpt>
   <trkpt lat="34.8864210" lon="-111.7003610">
    <ele>1860.2</ele>
   </trkpt>
   <trkpt lat="34.8863980" lon="-111.7003790">
    <ele>1860.4</ele>
   </trkpt>
   <trkpt lat="34.8863760" lon="-111.7004020">
    <ele>1860.6</ele>
   </trkpt>
   <trkpt lat="34.8863560" lon="-111.7004190">
    <ele>1860.7</ele>
   </trkpt>
   <trkpt lat="34.8863350" lon="-111.7004370">
    <ele>1860.8</ele>
   </trkpt>
   <trkpt lat="34.8863140" lon="-111.7004530">
    <ele>1861.0</ele>
   </trkpt>
   <trkpt lat="34.8862900" lon="-111.7004710">
    <ele>1861.2</ele>
   </trkpt>
   <trkpt lat="34.8862650" lon="-111.7004870">
    <ele>1861.4</ele>
   </trkpt>
   <trkpt lat="34.8862390" lon="-111.7005020">
    <ele>1861.6</ele>
   </trkpt>
   <trkpt lat="34.8862120" lon="-111.7005160">
    <ele>1861.8</ele>
   </trkpt>
   <trkpt lat="34.8861860" lon="-111.7005300">
    <ele>1862.1</ele>
   </trkpt>
   <trkpt lat="34.8861620" lon="-111.7005450">
    <ele>1862.3</ele>
   </trkpt>
   <trkpt lat="34.8861390" lon="-111.7005570">
    <ele>1862.5</ele>
   </trkpt>
   <trkpt lat="34.8861150" lon="-111.7005740">
    <ele>1862.7</ele>
   </trkpt>
   <trkpt lat="34.8860920" lon="-111.7005910">
    <ele>1863.0</ele>
   </trkpt>
   <trkpt lat="34.8860690" lon="-111.7006070">
    <ele>1863.2</ele>
   </trkpt>
   <trkpt lat="34.8860470" lon="-111.7006200">
    <ele>1863.4</ele>
   </trkpt>
   <trkpt lat="34.8860290" lon="-111.7006360">
    <ele>1863.6</ele>
   </trkpt>
   <trkpt lat="34.8860090" lon="-111.7006570">
    <ele>1863.8</ele>
   </trkpt>
   <trkpt lat="34.8859890" lon="-111.7006740">
    <ele>1864.1</ele>
   </trkpt>
   <trkpt lat="34.8859690" lon="-111.7006890">
    <ele>1864.3</ele>
   </trkpt>
   <trkpt lat="34.8859500" lon="-111.7006980">
    <ele>1864.4</ele>
   </trkpt>
   <trkpt lat="34.8859300" lon="-111.7007030">
    <ele>1864.6</ele>
   </trkpt>
   <trkpt lat="34.8859080" lon="-111.7007120">
    <ele>1864.8</ele>
   </trkpt>
   <trkpt lat="34.8858870" lon="-111.7007250">
    <ele>1865.0</ele>
   </trkpt>
   <trkpt lat="34.8858650" lon="-111.7007400">
    <ele>1865.3</ele>
   </trkpt>
   <trkpt lat="34.8858430" lon="-111.7007510">
    <ele>1865.5</ele>
   </trkpt>
   <trkpt lat="34.8858220" lon="-111.7007610">
    <ele>1865.7</ele>
   </trkpt>
   <trkpt lat="34.8858010" lon="-111.7007710">
    <ele>1865.9</ele>
   </trkpt>
   <trkpt lat="34.8857790" lon="-111.7007840">
    <ele>1866.2</ele>
   </trkpt>
   <trkpt lat="34.8857600" lon="-111.7008000">
    <ele>1866.4</ele>
   </trkpt>
   <trkpt lat="34.8857400" lon="-111.7008150">
    <ele>1866.6</ele>
   </trkpt>
   <trkpt lat="34.8857170" lon="-111.7008290">
    <ele>1866.8</ele>
   </trkpt>
   <trkpt lat="34.8856960" lon="-111.7008460">
    <ele>1867.1</ele>
   </trkpt>
   <trkpt lat="34.8856750" lon="-111.7008590">
    <ele>1867.3</ele>
   </trkpt>
   <trkpt lat="34.8856550" lon="-111.7008690">
    <ele>1867.5</ele>
   </trkpt>
   <trkpt lat="34.8856350" lon="-111.7008760">
    <ele>1867.6</ele>
   </trkpt>
   <trkpt lat="34.8856130" lon="-111.7008840">
    <ele>1867.8</ele>
   </trkpt>
   <trkpt lat="34.8855880" lon="-111.7008960">
    <ele>1868.1</ele>
   </trkpt>
   <trkpt lat="34.8855670" lon="-111.7009060">
    <ele>1868.3</ele>
   </trkpt>
   <trkpt lat="34.8855450" lon="-111.7009150">
    <ele>1868.5</ele>
   </trkpt>
   <trkpt lat="34.8855240" lon="-111.7009310">
    <ele>1868.7</ele>
   </trkpt>
   <trkpt lat="34.8855040" lon="-111.7009500">
    <ele>1868.9</ele>
   </trkpt>
   <trkpt lat="34.8854870" lon="-111.7009730">
    <ele>1869.1</ele>
   </trkpt>
   <trkpt lat="34.8854670" lon="-111.7009910">
    <ele>1869.3</ele>
   </trkpt>
   <trkpt lat="34.8854450" lon="-111.7010090">
    <ele>1869.5</ele>
   </trkpt>
   <trkpt lat="34.8854230" lon="-111.7010270">
    <ele>1869.7</ele>
   </trkpt>
   <trkpt lat="34.8854020" lon="-111.7010390">
    <ele>1869.9</ele>
   </trkpt>
   <trkpt lat="34.8853820" lon="-111.7010480">
    <ele>1870.1</ele>
   </trkpt>
   <trkpt lat="34.8853590" lon="-111.7010580">
    <ele>1870.3</ele>
   </trkpt>
   <trkpt lat="34.8853380" lon="-111.7010720">
    <ele>1870.5</ele>
   </trkpt>
   <trkpt lat="34.8853170" lon="-111.7010850">
    <ele>1870.7</ele>
   </trkpt>
   <trkpt lat="34.8852960" lon="-111.7011010">
    <ele>1870.9</ele>
   </trkpt>
   <trkpt lat="34.8852750" lon="-111.7011170">
    <ele>1871.0</ele>
   </trkpt>
   <trkpt lat="34.8852540" lon="-111.7011340">
    <ele>1871.2</ele>
   </trkpt>
   <trkpt lat="34.8852330" lon="-111.7011520">
    <ele>1871.4</ele>
   </trkpt>
   <trkpt lat="34.8852140" lon="-111.7011640">
    <ele>1871.6</ele>
   </trkpt>
   <trkpt lat="34.8851930" lon="-111.7011770">
    <ele>1871.7</ele>
   </trkpt>
   <trkpt lat="34.8851720" lon="-111.7011910">
    <ele>1871.9</ele>
   </trkpt>
   <trkpt lat="34.8851480" lon="-111.7012050">
    <ele>1872.1</ele>
   </trkpt>
   <trkpt lat="34.8851230" lon="-111.7012210">
    <ele>1872.3</ele>
   </trkpt>
   <trkpt lat="34.8850980" lon="-111.7012310">
    <ele>1872.5</ele>
   </trkpt>
   <trkpt lat="34.8850710" lon="-111.7012400">
    <ele>1872.7</ele>
   </trkpt>
   <trkpt lat="34.8850460" lon="-111.7012500">
    <ele>1872.9</ele>
   </trkpt>
   <trkpt lat="34.8850210" lon="-111.7012570">
    <ele>1873.1</ele>
   </trkpt>
   <trkpt lat="34.8849940" lon="-111.7012650">
    <ele>1873.3</ele>
   </trkpt>
   <trkpt lat="34.8849700" lon="-111.7012740">
    <ele>1873.5</ele>
   </trkpt>
   <trkpt lat="34.8849450" lon="-111.7012820">
    <ele>1873.7</ele>
   </trkpt>
   <trkpt lat="34.8849200" lon="-111.7012880">
    <ele>1873.9</ele>
   </trkpt>
   <trkpt lat="34.8848940" lon="-111.7012940">
    <ele>1874.1</ele>
   </trkpt>
   <trkpt lat="34.8848690" lon="-111.7013000">
    <ele>1874.2</ele>
   </trkpt>
   <trkpt lat="34.8848450" lon="-111.7013040">
    <ele>1874.4</ele>
   </trkpt>
   <trkpt lat="34.8848210" lon="-111.7013050">
    <ele>1874.6</ele>
   </trkpt>
   <trkpt lat="34.8847940" lon="-111.7013020">
    <ele>1874.8</ele>
   </trkpt>
   <trkpt lat="34.8847670" lon="-111.7012980">
    <ele>1875.0</ele>
   </trkpt>
   <trkpt lat="34.8847420" lon="-111.7012960">
    <ele>1875.1</ele>
   </trkpt>
   <trkpt lat="34.8847190" lon="-111.7012910">
    <ele>1875.3</ele>
   </trkpt>
   <trkpt lat="34.8846950" lon="-111.7012840">
    <ele>1875.4</ele>
   </trkpt>
   <trkpt lat="34.8846730" lon="-111.7012800">
    <ele>1875.6</ele>
   </trkpt>
   <trkpt lat="34.8846510" lon="-111.7012740">
    <ele>1875.7</ele>
   </trkpt>
   <trkpt lat="34.8846300" lon="-111.7012650">
    <ele>1875.8</ele>
   </trkpt>
   <trkpt lat="34.8846100" lon="-111.7012520">
    <ele>1876.0</ele>
   </trkpt>
   <trkpt lat="34.8845900" lon="-111.7012370">
    <ele>1876.1</ele>
   </trkpt>
   <trkpt lat="34.8845700" lon="-111.7012220">
    <ele>1876.2</ele>
   </trkpt>
   <trkpt lat="34.8845520" lon="-111.7012020">
    <ele>1876.4</ele>
   </trkpt>
   <trkpt lat="34.8845360" lon="-111.7011850">
    <ele>1876.5</ele>
   </trkpt>
   <trkpt lat="34.8845170" lon="-111.7011690">
    <ele>1876.6</ele>
   </trkpt>
   <trkpt lat="34.8844980" lon="-111.7011510">
    <ele>1876.8</ele>
   </trkpt>
   <trkpt lat="34.8844790" lon="-111.7011320">
    <ele>1876.9</ele>
   </trkpt>
   <trkpt lat="34.8844580" lon="-111.7011150">
    <ele>1877.1</ele>
   </trkpt>
   <trkpt lat="34.8844380" lon="-111.7010950">
    <ele>1877.2</ele>
   </trkpt>
   <trkpt lat="34.8844190" lon="-111.7010740">
    <ele>1877.3</ele>
   </trkpt>
   <trkpt lat="34.8844000" lon="-111.7010530">
    <ele>1877.5</ele>
   </trkpt>
   <trkpt lat="34.8843790" lon="-111.7010330">
    <ele>1877.6</ele>
   </trkpt>
   <trkpt lat="34.8843580" lon="-111.7010140">
    <ele>1877.7</ele>
   </trkpt>
   <trkpt lat="34.8843380" lon="-111.7009880">
    <ele>1877.8</ele>
   </trkpt>
   <trkpt lat="34.8843180" lon="-111.7009650">
    <ele>1877.9</ele>
   </trkpt>
   <trkpt lat="34.8842990" lon="-111.7009420">
    <ele>1878.0</ele>
   </trkpt>
   <trkpt lat="34.8842820" lon="-111.7009150">
    <ele>1878.2</ele>
   </trkpt>
   <trkpt lat="34.8842610" lon="-111.7008880">
    <ele>1878.3</ele>
   </trkpt>
   <trkpt lat="34.8842420" lon="-111.7008660">
    <ele>1878.4</ele>
   </trkpt>
   <trkpt lat="34.8842230" lon="-111.7008390">
    <ele>1878.5</ele>
   </trkpt>
   <trkpt lat="34.8842060" lon="-111.7008120">
    <ele>1878.6</ele>
   </trkpt>
   <trkpt lat="34.8841930" lon="-111.7007860">
    <ele>1878.7</ele>
   </trkpt>
   <trkpt lat="34.8841780" lon="-111.7007580">
    <ele>1878.8</ele>
   </trkpt>
   <trkpt lat="34.8841620" lon="-111.7007340">
    <ele>1878.8</ele>
   </trkpt>
   <trkpt lat="34.8841420" lon="-111.7007120">
    <ele>1878.9</ele>
   </trkpt>
   <trkpt lat="34.8841200" lon="-111.7006880">
    <ele>1879.0</ele>
   </trkpt>
   <trkpt lat="34.8840960" lon="-111.7006660">
    <ele>1879.1</ele>
   </trkpt>
   <trkpt lat="34.8840730" lon="-111.7006420">
    <ele>1879.2</ele>
   </trkpt>
   <trkpt lat="34.8840510" lon="-111.7006210">
    <ele>1879.3</ele>
   </trkpt>
   <trkpt lat="34.8840270" lon="-111.7006030">
    <ele>1879.3</ele>
   </trkpt>
   <trkpt lat="34.8840060" lon="-111.7005840">
    <ele>1879.4</ele>
   </trkpt>
   <trkpt lat="34.8839830" lon="-111.7005640">
    <ele>1879.4</ele>
   </trkpt>
   <trkpt lat="34.8839620" lon="-111.7005440">
    <ele>1879.4</ele>
   </trkpt>
   <trkpt lat="34.8839400" lon="-111.7005280">
    <ele>1879.4</ele>
   </trkpt>
   <trkpt lat="34.8839160" lon="-111.7005120">
    <ele>1879.4</ele>
   </trkpt>
   <trkpt lat="34.8838930" lon="-111.7004980">
    <ele>1879.4</ele>
   </trkpt>
   <trkpt lat="34.8838680" lon="-111.7004810">
    <ele>1879.4</ele>
   </trkpt>
   <trkpt lat="34.8838400" lon="-111.7004650">
    <ele>1879.3</ele>
   </trkpt>
   <trkpt lat="34.8838140" lon="-111.7004510">
    <ele>1879.3</ele>
   </trkpt>
   <trkpt lat="34.8837910" lon="-111.7004330">
    <ele>1879.2</ele>
   </trkpt>
   <trkpt lat="34.8837690" lon="-111.7004120">
    <ele>1879.1</ele>
   </trkpt>
   <trkpt lat="34.8837460" lon="-111.7003910">
    <ele>1879.1</ele>
   </trkpt>
   <trkpt lat="34.8837240" lon="-111.7003700">
    <ele>1879.0</ele>
   </trkpt>
   <trkpt lat="34.8836980" lon="-111.7003530">
    <ele>1878.9</ele>
   </trkpt>
   <trkpt lat="34.8836670" lon="-111.7003360">
    <ele>1878.7</ele>
   </trkpt>
   <trkpt lat="34.8836360" lon="-111.7003220">
    <ele>1878.6</ele>
   </trkpt>
   <trkpt lat="34.8836070" lon="-111.7003060">
    <ele>1878.5</ele>
   </trkpt>
   <trkpt lat="34.8835780" lon="-111.7002880">
    <ele>1878.3</ele>
   </trkpt>
   <trkpt lat="34.8835480" lon="-111.7002680">
    <ele>1878.2</ele>
   </trkpt>
   <trkpt lat="34.8835180" lon="-111.7002490">
    <ele>1878.0</ele>
   </trkpt>
   <trkpt lat="34.8834890" lon="-111.7002320">
    <ele>1877.9</ele>
   </trkpt>
   <trkpt lat="34.8834590" lon="-111.7002160">
    <ele>1877.8</ele>
   </trkpt>
   <trkpt lat="34.8834300" lon="-111.7002020">
    <ele>1877.6</ele>
   </trkpt>
   <trkpt lat="34.8833990" lon="-111.7001890">
    <ele>1877.5</ele>
   </trkpt>
   <trkpt lat="34.8833690" lon="-111.7001750">
    <ele>1877.4</ele>
   </trkpt>
   <trkpt lat="34.8833410" lon="-111.7001580">
    <ele>1877.3</ele>
   </trkpt>
   <trkpt lat="34.8833120" lon="-111.7001410">
    <ele>1877.2</ele>
   </trkpt>
   <trkpt lat="34.8832820" lon="-111.7001250">
    <ele>1877.1</ele>
   </trkpt>
   <trkpt lat="34.8832510" lon="-111.7001110">
    <ele>1877.0</ele>
   </trkpt>
   <trkpt lat="34.8832230" lon="-111.7000970">
    <ele>1876.9</ele>
   </trkpt>
   <trkpt lat="34.8831940" lon="-111.7000850">
    <ele>1876.7</ele>
   </trkpt>
   <trkpt lat="34.8831640" lon="-111.7000740">
    <ele>1876.6</ele>
   </trkpt>
   <trkpt lat="34.8831350" lon="-111.7000620">
    <ele>1876.5</ele>
   </trkpt>
   <trkpt lat="34.8831080" lon="-111.7000490">
    <ele>1876.4</ele>
   </trkpt>
   <trkpt lat="34.8830810" lon="-111.7000360">
    <ele>1876.3</ele>
   </trkpt>
   <trkpt lat="34.8830510" lon="-111.7000240">
    <ele>1876.2</ele>
   </trkpt>
   <trkpt lat="34.8830240" lon="-111.7000140">
    <ele>1876.1</ele>
   </trkpt>
   <trkpt lat="34.8830000" lon="-111.7000010">
    <ele>1876.0</ele>
   </trkpt>
   <trkpt lat="34.8829760" lon="-111.6999840">
    <ele>1875.9</ele>
   </trkpt>
   <trkpt lat="34.8829540" lon="-111.6999680">
    <ele>1875.9</ele>
   </trkpt>
   <trkpt lat="34.8829300" lon="-111.6999530">
    <ele>1875.8</ele>
   </trkpt>
   <trkpt lat="34.8829070" lon="-111.6999380">
    <ele>1875.7</ele>
   </trkpt>
   <trkpt lat="34.8828810" lon="-111.6999250">
    <ele>1875.6</ele>
   </trkpt>
   <trkpt lat="34.8828550" lon="-111.6999120">
    <ele>1875.6</ele>
   </trkpt>
   <trkpt lat="34.8828280" lon="-111.6999000">
    <ele>1875.5</ele>
   </trkpt>
   <trkpt lat="34.8828000" lon="-111.6998920">
    <ele>1875.4</ele>
   </trkpt>
   <trkpt lat="34.8827730" lon="-111.6998830">
    <ele>1875.4</ele>
   </trkpt>
   <trkpt lat="34.8827450" lon="-111.6998710">
    <ele>1875.3</ele>
   </trkpt>
   <trkpt lat="34.8827180" lon="-111.6998550">
    <ele>1875.2</ele>
   </trkpt>
   <trkpt lat="34.8826930" lon="-111.6998380">
    <ele>1875.1</ele>
   </trkpt>
   <trkpt lat="34.8826670" lon="-111.6998200">
    <ele>1875.1</ele>
   </trkpt>
   <trkpt lat="34.8826420" lon="-111.6998010">
    <ele>1875.0</ele>
   </trkpt>
   <trkpt lat="34.8826170" lon="-111.6997840">
    <ele>1874.9</ele>
   </trkpt>
   <trkpt lat="34.8825920" lon="-111.6997660">
    <ele>1874.8</ele>
   </trkpt>
   <trkpt lat="34.8825680" lon="-111.6997510">
    <ele>1874.7</ele>
   </trkpt>
   <trkpt lat="34.8825420" lon="-111.6997360">
    <ele>1874.6</ele>
   </trkpt>
   <trkpt lat="34.8825150" lon="-111.6997220">
    <ele>1874.6</ele>
   </trkpt>
   <trkpt lat="34.8824850" lon="-111.6997090">
    <ele>1874.5</ele>
   </trkpt>
   <trkpt lat="34.8824560" lon="-111.6997010">
    <ele>1874.4</ele>
   </trkpt>
   <trkpt lat="34.8824270" lon="-111.6996910">
    <ele>1874.3</ele>
   </trkpt>
   <trkpt lat="34.8824000" lon="-111.6996800">
    <ele>1874.2</ele>
   </trkpt>
   <trkpt lat="34.8823740" lon="-111.6996640">
    <ele>1874.2</ele>
   </trkpt>
   <trkpt lat="34.8823480" lon="-111.6996460">
    <ele>1874.1</ele>
   </trkpt>
   <trkpt lat="34.8823230" lon="-111.6996300">
    <ele>1874.1</ele>
   </trkpt>
   <trkpt lat="34.8822980" lon="-111.6996180">
    <ele>1874.0</ele>
   </trkpt>
   <trkpt lat="34.8822710" lon="-111.6996080">
    <ele>1874.0</ele>
   </trkpt>
   <trkpt lat="34.8822440" lon="-111.6996020">
    <ele>1874.0</ele>
   </trkpt>
   <trkpt lat="34.8822150" lon="-111.6995980">
    <ele>1873.9</ele>
   </trkpt>
   <trkpt lat="34.8821880" lon="-111.6995960">
    <ele>1873.9</ele>
   </trkpt>
   <trkpt lat="34.8821600" lon="-111.6995920">
    <ele>1873.9</ele>
   </trkpt>
   <trkpt lat="34.8821310" lon="-111.6995880">
    <ele>1874.0</ele>
   </trkpt>
   <trkpt lat="34.8821040" lon="-111.6995840">
    <ele>1874.0</ele>
   </trkpt>
   <trkpt lat="34.8820760" lon="-111.6995860">
    <ele>1874.1</ele>
   </trkpt>
   <trkpt lat="34.8820490" lon="-111.6995840">
    <ele>1874.1</ele>
   </trkpt>
   <trkpt lat="34.8820250" lon="-111.6995820">
    <ele>1874.2</ele>
   </trkpt>
   <trkpt lat="34.8820000" lon="-111.6995790">
    <ele>1874.3</ele>
   </trkpt>
   <trkpt lat="34.8819750" lon="-111.6995800">
    <ele>1874.4</ele>
   </trkpt>
   <trkpt lat="34.8819500" lon="-111.6995880">
    <ele>1874.5</ele>
   </trkpt>
   <trkpt lat="34.8819250" lon="-111.6995940">
    <ele>1874.6</ele>
   </trkpt>
   <trkpt lat="34.8819000" lon="-111.6995990">
    <ele>1874.8</ele>
   </trkpt>
   <trkpt lat="34.8818720" lon="-111.6996010">
    <ele>1874.9</ele>
   </trkpt>
   <trkpt lat="34.8818460" lon="-111.6996010">
    <ele>1875.0</ele>
   </trkpt>
   <trkpt lat="34.8818190" lon="-111.6996000">
    <ele>1875.2</ele>
   </trkpt>
   <trkpt lat="34.8817910" lon="-111.6995990">
    <ele>1875.3</ele>
   </trkpt>
   <trkpt lat="34.8817650" lon="-111.6996000">
    <ele>1875.5</ele>
   </trkpt>
   <trkpt lat="34.8817390" lon="-111.6996020">
    <ele>1875.6</ele>
   </trkpt>
   <trkpt lat="34.8817140" lon="-111.6996030">
    <ele>1875.8</ele>
   </trkpt>
   <trkpt lat="34.8816890" lon="-111.6996060">
    <ele>1875.9</ele>
   </trkpt>
   <trkpt lat="34.8816640" lon="-111.6996030">
    <ele>1876.0</ele>
   </trkpt>
   <trkpt lat="34.8816400" lon="-111.6996010">
    <ele>1876.1</ele>
   </trkpt>
   <trkpt lat="34.8816150" lon="-111.6996000">
    <ele>1876.3</ele>
   </trkpt>
   <trkpt lat="34.8815880" lon="-111.6996030">
    <ele>1876.4</ele>
   </trkpt>
   <trkpt lat="34.8815620" lon="-111.6996060">
    <ele>1876.5</ele>
   </trkpt>
   <trkpt lat="34.8815380" lon="-111.6996090">
    <ele>1876.6</ele>
   </trkpt>
   <trkpt lat="34.8815110" lon="-111.6996110">
    <ele>1876.7</ele>
   </trkpt>
   <trkpt lat="34.8814860" lon="-111.6996120">
    <ele>1876.8</ele>
   </trkpt>
   <trkpt lat="34.8814590" lon="-111.6996120">
    <ele>1876.9</ele>
   </trkpt>
   <trkpt lat="34.8814330" lon="-111.6996090">
    <ele>1876.9</ele>
   </trkpt>
   <trkpt lat="34.8814060" lon="-111.6996050">
    <ele>1877.0</ele>
   </trkpt>
   <trkpt lat="34.8813790" lon="-111.6996040">
    <ele>1877.1</ele>
   </trkpt>
   <trkpt lat="34.8813520" lon="-111.6996070">
    <ele>1877.1</ele>
   </trkpt>
   <trkpt lat="34.8813250" lon="-111.6996160">
    <ele>1877.2</ele>
   </trkpt>
   <trkpt lat="34.8812990" lon="-111.6996280">
    <ele>1877.3</ele>
   </trkpt>
   <trkpt lat="34.8812720" lon="-111.6996430">
    <ele>1877.3</ele>
   </trkpt>
   <trkpt lat="34.8812460" lon="-111.6996580">
    <ele>1877.4</ele>
   </trkpt>
   <trkpt lat="34.8812220" lon="-111.6996710">
    <ele>1877.4</ele>
   </trkpt>
   <trkpt lat="34.8811970" lon="-111.6996870">
    <ele>1877.4</ele>
   </trkpt>
   <trkpt lat="34.8811720" lon="-111.6997030">
    <ele>1877.5</ele>
   </trkpt>
   <trkpt lat="34.8811480" lon="-111.6997200">
    <ele>1877.5</ele>
   </trkpt>
   <trkpt lat="34.8811230" lon="-111.6997380">
    <ele>1877.5</ele>
   </trkpt>
   <trkpt lat="34.8810980" lon="-111.6997570">
    <ele>1877.6</ele>
   </trkpt>
   <trkpt lat="34.8810730" lon="-111.6997770">
    <ele>1877.6</ele>
   </trkpt>
   <trkpt lat="34.8810460" lon="-111.6997950">
    <ele>1877.6</ele>
   </trkpt>
   <trkpt lat="34.8810190" lon="-111.6998160">
    <ele>1877.6</ele>
   </trkpt>
   <trkpt lat="34.8809930" lon="-111.6998340">
    <ele>1877.7</ele>
   </trkpt>
   <trkpt lat="34.8809680" lon="-111.6998570">
    <ele>1877.7</ele>
   </trkpt>
   <trkpt lat="34.8809430" lon="-111.6998770">
    <ele>1877.7</ele>
   </trkpt>
   <trkpt lat="34.8809170" lon="-111.6998980">
    <ele>1877.7</ele>
   </trkpt>
   <trkpt lat="34.8808910" lon="-111.6999220">
    <ele>1877.7</ele>
   </trkpt>
   <trkpt lat="34.8808660" lon="-111.6999430">
    <ele>1877.7</ele>
   </trkpt>
   <trkpt lat="34.8808410" lon="-111.6999650">
    <ele>1877.7</ele>
   </trkpt>
   <trkpt lat="34.8808160" lon="-111.6999860">
    <ele>1877.7</ele>
   </trkpt>
   <trkpt lat="34.8807910" lon="-111.7000110">
    <ele>1877.7</ele>
   </trkpt>
   <trkpt lat="34.8807680" lon="-111.7000360">
    <ele>1877.7</ele>
   </trkpt>
   <trkpt lat="34.8807450" lon="-111.7000630">
    <ele>1877.7</ele>
   </trkpt>
   <trkpt lat="34.8807210" lon="-111.7000900">
    <ele>1877.7</ele>
   </trkpt>
   <trkpt lat="34.8806980" lon="-111.7001120">
    <ele>1877.7</ele>
   </trkpt>
   <trkpt lat="34.8806730" lon="-111.7001350">
    <ele>1877.8</ele>
   </trkpt>
   <trkpt lat="34.8806480" lon="-111.7001560">
    <ele>1877.8</ele>
   </trkpt>
   <trkpt lat="34.8806210" lon="-111.7001740">
    <ele>1877.8</ele>
   </trkpt>
   <trkpt lat="34.8805960" lon="-111.7001920">
    <ele>1877.8</ele>
   </trkpt>
   <trkpt lat="34.8805720" lon="-111.7002090">
    <ele>1877.7</ele>
   </trkpt>
   <trkpt lat="34.8805470" lon="-111.7002320">
    <ele>1877.7</ele>
   </trkpt>
   <trkpt lat="34.8805230" lon="-111.7002540">
    <ele>1877.6</ele>
   </trkpt>
   <trkpt lat="34.8804980" lon="-111.7002760">
    <ele>1877.6</ele>
   </trkpt>
   <trkpt lat="34.8804730" lon="-111.7003010">
    <ele>1877.5</ele>
   </trkpt>
   <trkpt lat="34.8804510" lon="-111.7003270">
    <ele>1877.4</ele>
   </trkpt>
   <trkpt lat="34.8804290" lon="-111.7003570">
    <ele>1877.3</ele>
   </trkpt>
   <trkpt lat="34.8804080" lon="-111.7003850">
    <ele>1877.3</ele>
   </trkpt>
   <trkpt lat="34.8803860" lon="-111.7004150">
    <ele>1877.2</ele>
   </trkpt>
   <trkpt lat="34.8803610" lon="-111.7004370">
    <ele>1877.1</ele>
   </trkpt>
   <trkpt lat="34.8803350" lon="-111.7004580">
    <ele>1877.0</ele>
   </trkpt>
   <trkpt lat="34.8803110" lon="-111.7004790">
    <ele>1876.9</ele>
   </trkpt>
   <trkpt lat="34.8802860" lon="-111.7004990">
    <ele>1876.8</ele>
   </trkpt>
   <trkpt lat="34.8802620" lon="-111.7005210">
    <ele>1876.7</ele>
   </trkpt>
   <trkpt lat="34.8802400" lon="-111.7005380">
    <ele>1876.7</ele>
   </trkpt>
   <trkpt lat="34.8802160" lon="-111.7005600">
    <ele>1876.6</ele>
   </trkpt>
   <trkpt lat="34.8801920" lon="-111.7005790">
    <ele>1876.5</ele>
   </trkpt>
   <trkpt lat="34.8801670" lon="-111.7006030">
    <ele>1876.3</ele>
   </trkpt>
   <trkpt lat="34.8801440" lon="-111.7006270">
    <ele>1876.2</ele>
   </trkpt>
   <trkpt lat="34.8801200" lon="-111.7006490">
    <ele>1876.1</ele>
   </trkpt>
   <trkpt lat="34.8800950" lon="-111.7006710">
    <ele>1875.9</ele>
   </trkpt>
   <trkpt lat="34.8800700" lon="-111.7006890">
    <ele>1875.8</ele>
   </trkpt>
   <trkpt lat="34.8800430" lon="-111.7007060">
    <ele>1875.6</ele>
   </trkpt>
   <trkpt lat="34.8800170" lon="-111.7007200">
    <ele>1875.5</ele>
   </trkpt>
   <trkpt lat="34.8799900" lon="-111.7007340">
    <ele>1875.3</ele>
   </trkpt>
   <trkpt lat="34.8799610" lon="-111.7007470">
    <ele>1875.2</ele>
   </trkpt>
   <trkpt lat="34.8799330" lon="-111.7007600">
    <ele>1875.0</ele>
   </trkpt>
   <trkpt lat="34.8799040" lon="-111.7007730">
    <ele>1874.9</ele>
   </trkpt>
   <trkpt lat="34.8798750" lon="-111.7007830">
    <ele>1874.7</ele>
   </trkpt>
   <trkpt lat="34.8798470" lon="-111.7007960">
    <ele>1874.5</ele>
   </trkpt>
   <trkpt lat="34.8798190" lon="-111.7008110">
    <ele>1874.4</ele>
   </trkpt>
   <trkpt lat="34.8797930" lon="-111.7008300">
    <ele>1874.2</ele>
   </trkpt>
   <trkpt lat="34.8797640" lon="-111.7008470">
    <ele>1874.0</ele>
   </trkpt>
   <trkpt lat="34.8797350" lon="-111.7008610">
    <ele>1873.8</ele>
   </trkpt>
   <trkpt lat="34.8797060" lon="-111.7008740">
    <ele>1873.7</ele>
   </trkpt>
   <trkpt lat="34.8796790" lon="-111.7008830">
    <ele>1873.5</ele>
   </trkpt>
   <trkpt lat="34.8796490" lon="-111.7008930">
    <ele>1873.3</ele>
   </trkpt>
   <trkpt lat="34.8796220" lon="-111.7009030">
    <ele>1873.2</ele>
   </trkpt>
   <trkpt lat="34.8795980" lon="-111.7009180">
    <ele>1873.0</ele>
   </trkpt>
   <trkpt lat="34.8795720" lon="-111.7009400">
    <ele>1872.9</ele>
   </trkpt>
   <trkpt lat="34.8795460" lon="-111.7009710">
    <ele>1872.8</ele>
   </trkpt>
   <trkpt lat="34.8795210" lon="-111.7010000">
    <ele>1872.7</ele>
   </trkpt>
   <trkpt lat="34.8794960" lon="-111.7010240">
    <ele>1872.6</ele>
   </trkpt>
   <trkpt lat="34.8794680" lon="-111.7010500">
    <ele>1872.6</ele>
   </trkpt>
   <trkpt lat="34.8794410" lon="-111.7010670">
    <ele>1872.5</ele>
   </trkpt>
   <trkpt lat="34.8794120" lon="-111.7010780">
    <ele>1872.5</ele>
   </trkpt>
   <trkpt lat="34.8793870" lon="-111.7010860">
    <ele>1872.6</ele>
   </trkpt>
   <trkpt lat="34.8793620" lon="-111.7010960">
    <ele>1872.6</ele>
   </trkpt>
   <trkpt lat="34.8793400" lon="-111.7011090">
    <ele>1872.6</ele>
   </trkpt>
   <trkpt lat="34.8793170" lon="-111.7011240">
    <ele>1872.7</ele>
   </trkpt>
   <trkpt lat="34.8792970" lon="-111.7011340">
    <ele>1872.8</ele>
   </trkpt>
   <trkpt lat="34.8792750" lon="-111.7011420">
    <ele>1872.8</ele>
   </trkpt>
   <trkpt lat="34.8792520" lon="-111.7011540">
    <ele>1872.9</ele>
   </trkpt>
   <trkpt lat="34.8792300" lon="-111.7011600">
    <ele>1873.0</ele>
   </trkpt>
   <trkpt lat="34.8792080" lon="-111.7011660">
    <ele>1873.1</ele>
   </trkpt>
   <trkpt lat="34.8791870" lon="-111.7011790">
    <ele>1873.3</ele>
   </trkpt>
   <trkpt lat="34.8791680" lon="-111.7011930">
    <ele>1873.4</ele>
   </trkpt>
   <trkpt lat="34.8791480" lon="-111.7012130">
    <ele>1873.5</ele>
   </trkpt>
   <trkpt lat="34.8791300" lon="-111.7012310">
    <ele>1873.7</ele>
   </trkpt>
   <trkpt lat="34.8791100" lon="-111.7012450">
    <ele>1873.8</ele>
   </trkpt>
   <trkpt lat="34.8790890" lon="-111.7012560">
    <ele>1874.0</ele>
   </trkpt>
   <trkpt lat="34.8790690" lon="-111.7012640">
    <ele>1874.1</ele>
   </trkpt>
   <trkpt lat="34.8790460" lon="-111.7012690">
    <ele>1874.2</ele>
   </trkpt>
   <trkpt lat="34.8790210" lon="-111.7012700">
    <ele>1874.4</ele>
   </trkpt>
   <trkpt lat="34.8789950" lon="-111.7012710">
    <ele>1874.5</ele>
   </trkpt>
   <trkpt lat="34.8789680" lon="-111.7012740">
    <ele>1874.6</ele>
   </trkpt>
   <trkpt lat="34.8789430" lon="-111.7012850">
    <ele>1874.7</ele>
   </trkpt>
   <trkpt lat="34.8789200" lon="-111.7013030">
    <ele>1874.8</ele>
   </trkpt>
   <trkpt lat="34.8788970" lon="-111.7013190">
    <ele>1874.9</ele>
   </trkpt>
   <trkpt lat="34.8788750" lon="-111.7013390">
    <ele>1875.0</ele>
   </trkpt>
   <trkpt lat="34.8788530" lon="-111.7013530">
    <ele>1875.1</ele>
   </trkpt>
   <trkpt lat="34.8788270" lon="-111.7013670">
    <ele>1875.2</ele>
   </trkpt>
   <trkpt lat="34.8788010" lon="-111.7013810">
    <ele>1875.4</ele>
   </trkpt>
   <trkpt lat="34.8787760" lon="-111.7013960">
    <ele>1875.5</ele>
   </trkpt>
   <trkpt lat="34.8787510" lon="-111.7014110">
    <ele>1875.6</ele>
   </trkpt>
   <trkpt lat="34.8787260" lon="-111.7014220">
    <ele>1875.7</ele>
   </trkpt>
   <trkpt lat="34.8786980" lon="-111.7014320">
    <ele>1875.8</ele>
   </trkpt>
   <trkpt lat="34.8786700" lon="-111.7014410">
    <ele>1876.0</ele>
   </trkpt>
   <trkpt lat="34.8786420" lon="-111.7014540">
    <ele>1876.1</ele>
   </trkpt>
   <trkpt lat="34.8786160" lon="-111.7014720">
    <ele>1876.3</ele>
   </trkpt>
   <trkpt lat="34.8785920" lon="-111.7014880">
    <ele>1876.5</ele>
   </trkpt>
   <trkpt lat="34.8785680" lon="-111.7015050">
    <ele>1876.7</ele>
   </trkpt>
   <trkpt lat="34.8785440" lon="-111.7015190">
    <ele>1876.8</ele>
   </trkpt>
   <trkpt lat="34.8785200" lon="-111.7015320">
    <ele>1877.0</ele>
   </trkpt>
   <trkpt lat="34.8784970" lon="-111.7015410">
    <ele>1877.2</ele>
   </trkpt>
   <trkpt lat="34.8784720" lon="-111.7015470">
    <ele>1877.3</ele>
   </trkpt>
   <trkpt lat="34.8784470" lon="-111.7015460">
    <ele>1877.5</ele>
   </trkpt>
   <trkpt lat="34.8784230" lon="-111.7015400">
    <ele>1877.7</ele>
   </trkpt>
   <trkpt lat="34.8784010" lon="-111.7015330">
    <ele>1877.8</ele>
   </trkpt>
   <trkpt lat="34.8783780" lon="-111.7015190">
    <ele>1878.0</ele>
   </trkpt>
   <trkpt lat="34.8783550" lon="-111.7015050">
    <ele>1878.2</ele>
   </trkpt>
   <trkpt lat="34.8783320" lon="-111.7014900">
    <ele>1878.4</ele>
   </trkpt>
   <trkpt lat="34.8783060" lon="-111.7014770">
    <ele>1878.7</ele>
   </trkpt>
   <trkpt lat="34.8782800" lon="-111.7014690">
    <ele>1878.9</ele>
   </trkpt>
   <trkpt lat="34.8782530" lon="-111.7014630">
    <ele>1879.1</ele>
   </trkpt>
   <trkpt lat="34.8782270" lon="-111.7014620">
    <ele>1879.3</ele>
   </trkpt>
   <trkpt lat="34.8782010" lon="-111.7014620">
    <ele>1879.6</ele>
   </trkpt>
   <trkpt lat="34.8781750" lon="-111.7014670">
    <ele>1879.8</ele>
   </trkpt>
   <trkpt lat="34.8781490" lon="-111.7014700">
    <ele>1880.0</ele>
   </trkpt>
   <trkpt lat="34.8781230" lon="-111.7014800">
    <ele>1880.2</ele>
   </trkpt>
   <trkpt lat="34.8780970" lon="-111.7014880">
    <ele>1880.4</ele>
   </trkpt>
   <trkpt lat="34.8780730" lon="-111.7014970">
    <ele>1880.6</ele>
   </trkpt>
   <trkpt lat="34.8780480" lon="-111.7015050">
    <ele>1880.8</ele>
   </trkpt>
   <trkpt lat="34.8780250" lon="-111.7015100">
    <ele>1881.0</ele>
   </trkpt>
   <trkpt lat="34.8780000" lon="-111.7015160">
    <ele>1881.2</ele>
   </trkpt>
   <trkpt lat="34.8779730" lon="-111.7015170">
    <ele>1881.4</ele>
   </trkpt>
   <trkpt lat="34.8779480" lon="-111.7015190">
    <ele>1881.6</ele>
   </trkpt>
   <trkpt lat="34.8779220" lon="-111.7015190">
    <ele>1881.8</ele>
   </trkpt>
   <trkpt lat="34.8778970" lon="-111.7015170">
    <ele>1882.0</ele>
   </trkpt>
   <trkpt lat="34.8778700" lon="-111.7015110">
    <ele>1882.2</ele>
   </trkpt>
   <trkpt lat="34.8778450" lon="-111.7015050">
    <ele>1882.4</ele>
   </trkpt>
   <trkpt lat="34.8778210" lon="-111.7014960">
    <ele>1882.6</ele>
   </trkpt>
   <trkpt lat="34.8777970" lon="-111.7014820">
    <ele>1882.7</ele>
   </trkpt>
   <trkpt lat="34.8777760" lon="-111.7014670">
    <ele>1882.9</ele>
   </trkpt>
   <trkpt lat="34.8777540" lon="-111.7014500">
    <ele>1883.1</ele>
   </trkpt>
   <trkpt lat="34.8777340" lon="-111.7014340">
    <ele>1883.3</ele>
   </trkpt>
   <trkpt lat="34.8777150" lon="-111.7014150">
    <ele>1883.5</ele>
   </trkpt>
   <trkpt lat="34.8776970" lon="-111.7013940">
    <ele>1883.7</ele>
   </trkpt>
   <trkpt lat="34.8776770" lon="-111.7013720">
    <ele>1884.0</ele>
   </trkpt>
   <trkpt lat="34.8776550" lon="-111.7013520">
    <ele>1884.2</ele>
   </trkpt>
   <trkpt lat="34.8776310" lon="-111.7013360">
    <ele>1884.4</ele>
   </trkpt>
   <trkpt lat="34.8776050" lon="-111.7013190">
    <ele>1884.7</ele>
   </trkpt>
   <trkpt lat="34.8775810" lon="-111.7013010">
    <ele>1884.9</ele>
   </trkpt>
   <trkpt lat="34.8775590" lon="-111.7012800">
    <ele>1885.1</ele>
   </trkpt>
   <trkpt lat="34.8775380" lon="-111.7012630">
    <ele>1885.3</ele>
   </trkpt>
   <trkpt lat="34.8775190" lon="-111.7012450">
    <ele>1885.5</ele>
   </trkpt>
   <trkpt lat="34.8775020" lon="-111.7012270">
    <ele>1885.7</ele>
   </trkpt>
   <trkpt lat="34.8774840" lon="-111.7012120">
    <ele>1885.9</ele>
   </trkpt>
   <trkpt lat="34.8774650" lon="-111.7011990">
    <ele>1886.1</ele>
   </trkpt>
   <trkpt lat="34.8774430" lon="-111.7011880">
    <ele>1886.3</ele>
   </trkpt>
   <trkpt lat="34.8774210" lon="-111.7011710">
    <ele>1886.5</ele>
   </trkpt>
   <trkpt lat="34.8773970" lon="-111.7011580">
    <ele>1886.8</ele>
   </trkpt>
   <trkpt lat="34.8773730" lon="-111.7011460">
    <ele>1887.0</ele>
   </trkpt>
   <trkpt lat="34.8773480" lon="-111.7011380">
    <ele>1887.3</ele>
   </trkpt>
   <trkpt lat="34.8773250" lon="-111.7011280">
    <ele>1887.5</ele>
   </trkpt>
   <trkpt lat="34.8773010" lon="-111.7011170">
    <ele>1887.8</ele>
   </trkpt>
   <trkpt lat="34.8772780" lon="-111.7011080">
    <ele>1888.1</ele>
   </trkpt>
   <trkpt lat="34.8772560" lon="-111.7010980">
    <ele>1888.3</ele>
   </trkpt>
   <trkpt lat="34.8772330" lon="-111.7010910">
    <ele>1888.6</ele>
   </trkpt>
   <trkpt lat="34.8772110" lon="-111.7010850">
    <ele>1888.8</ele>
   </trkpt>
   <trkpt lat="34.8771860" lon="-111.7010800">
    <ele>1889.0</ele>
   </trkpt>
   <trkpt lat="34.8771610" lon="-111.7010760">
    <ele>1889.3</ele>
   </trkpt>
   <trkpt lat="34.8771380" lon="-111.7010720">
    <ele>1889.5</ele>
   </trkpt>
   <trkpt lat="34.8771140" lon="-111.7010700">
    <ele>1889.7</ele>
   </trkpt>
   <trkpt lat="34.8770920" lon="-111.7010700">
    <ele>1889.9</ele>
   </trkpt>
   <trkpt lat="34.8770690" lon="-111.7010650">
    <ele>1890.1</ele>
   </trkpt>
   <trkpt lat="34.8770480" lon="-111.7010590">
    <ele>1890.3</ele>
   </trkpt>
   <trkpt lat="34.8770290" lon="-111.7010460">
    <ele>1890.5</ele>
   </trkpt>
   <trkpt lat="34.8770050" lon="-111.7010290">
    <ele>1890.8</ele>
   </trkpt>
   <trkpt lat="34.8769820" lon="-111.7010150">
    <ele>1891.0</ele>
   </trkpt>
   <trkpt lat="34.8769590" lon="-111.7010050">
    <ele>1891.2</ele>
   </trkpt>
   <trkpt lat="34.8769360" lon="-111.7009990">
    <ele>1891.4</ele>
   </trkpt>
   <trkpt lat="34.8769130" lon="-111.7009980">
    <ele>1891.6</ele>
   </trkpt>
   <trkpt lat="34.8768890" lon="-111.7010010">
    <ele>1891.8</ele>
   </trkpt>
   <trkpt lat="34.8768640" lon="-111.7010010">
    <ele>1892.0</ele>
   </trkpt>
   <trkpt lat="34.8768400" lon="-111.7010100">
    <ele>1892.2</ele>
   </trkpt>
   <trkpt lat="34.8768140" lon="-111.7010150">
    <ele>1892.4</ele>
   </trkpt>
   <trkpt lat="34.8767870" lon="-111.7010180">
    <ele>1892.6</ele>
   </trkpt>
   <trkpt lat="34.8767620" lon="-111.7010200">
    <ele>1892.8</ele>
   </trkpt>
   <trkpt lat="34.8767400" lon="-111.7010210">
    <ele>1892.9</ele>
   </trkpt>
   <trkpt lat="34.8767170" lon="-111.7010170">
    <ele>1893.1</ele>
   </trkpt>
   <trkpt lat="34.8766960" lon="-111.7010130">
    <ele>1893.2</ele>
   </trkpt>
   <trkpt lat="34.8766720" lon="-111.7010100">
    <ele>1893.4</ele>
   </trkpt>
   <trkpt lat="34.8766480" lon="-111.7010070">
    <ele>1893.6</ele>
   </trkpt>
   <trkpt lat="34.8766250" lon="-111.7010030">
    <ele>1893.7</ele>
   </trkpt>
   <trkpt lat="34.8766020" lon="-111.7009990">
    <ele>1893.9</ele>
   </trkpt>
   <trkpt lat="34.8765810" lon="-111.7009990">
    <ele>1894.0</ele>
   </trkpt>
   <trkpt lat="34.8765560" lon="-111.7009960">
    <ele>1894.2</ele>
   </trkpt>
   <trkpt lat="34.8765290" lon="-111.7009950">
    <ele>1894.3</ele>
   </trkpt>
   <trkpt lat="34.8765050" lon="-111.7009950">
    <ele>1894.4</ele>
   </trkpt>
   <trkpt lat="34.8764800" lon="-111.7009950">
    <ele>1894.6</ele>
   </trkpt>
   <trkpt lat="34.8764560" lon="-111.7009960">
    <ele>1894.7</ele>
   </trkpt>
   <trkpt lat="34.8764310" lon="-111.7009950">
    <ele>1894.8</ele>
   </trkpt>
   <trkpt lat="34.8764050" lon="-111.7009930">
    <ele>1894.9</ele>
   </trkpt>
   <trkpt lat="34.8763820" lon="-111.7009900">
    <ele>1894.9</ele>
   </trkpt>
   <trkpt lat="34.8763580" lon="-111.7009860">
    <ele>1895.0</ele>
   </trkpt>
   <trkpt lat="34.8763360" lon="-111.7009850">
    <ele>1895.1</ele>
   </trkpt>
   <trkpt lat="34.8763140" lon="-111.7009840">
    <ele>1895.1</ele>
   </trkpt>
   <trkpt lat="34.8762890" lon="-111.7009820">
    <ele>1895.2</ele>
   </trkpt>
   <trkpt lat="34.8762660" lon="-111.7009770">
    <ele>1895.2</ele>
   </trkpt>
   <trkpt lat="34.8762400" lon="-111.7009700">
    <ele>1895.3</ele>
   </trkpt>
   <trkpt lat="34.8762160" lon="-111.7009620">
    <ele>1895.4</ele>
   </trkpt>
   <trkpt lat="34.8761920" lon="-111.7009530">
    <ele>1895.4</ele>
   </trkpt>
   <trkpt lat="34.8761680" lon="-111.7009420">
    <ele>1895.5</ele>
   </trkpt>
   <trkpt lat="34.8761450" lon="-111.7009290">
    <ele>1895.6</ele>
   </trkpt>
   <trkpt lat="34.8761190" lon="-111.7009130">
    <ele>1895.7</ele>
   </trkpt>
   <trkpt lat="34.8760950" lon="-111.7008950">
    <ele>1895.8</ele>
   </trkpt>
   <trkpt lat="34.8760690" lon="-111.7008780">
    <ele>1895.9</ele>
   </trkpt>
   <trkpt lat="34.8760440" lon="-111.7008650">
    <ele>1896.0</ele>
   </trkpt>
   <trkpt lat="34.8760190" lon="-111.7008560">
    <ele>1896.1</ele>
   </trkpt>
   <trkpt lat="34.8759940" lon="-111.7008470">
    <ele>1896.2</ele>
   </trkpt>
   <trkpt lat="34.8759680" lon="-111.7008380">
    <ele>1896.2</ele>
   </trkpt>
   <trkpt lat="34.8759420" lon="-111.7008250">
    <ele>1896.3</ele>
   </trkpt>
   <trkpt lat="34.8759170" lon="-111.7008120">
    <ele>1896.4</ele>
   </trkpt>
   <trkpt lat="34.8758930" lon="-111.7007950">
    <ele>1896.4</ele>
   </trkpt>
   <trkpt lat="34.8758680" lon="-111.7007830">
    <ele>1896.4</ele>
   </trkpt>
   <trkpt lat="34.8758410" lon="-111.7007720">
    <ele>1896.5</ele>
   </trkpt>
   <trkpt lat="34.8758110" lon="-111.7007630">
    <ele>1896.5</ele>
   </trkpt>
   <trkpt lat="34.8757810" lon="-111.7007540">
    <ele>1896.5</ele>
   </trkpt>
   <trkpt lat="34.8757530" lon="-111.7007460">
    <ele>1896.6</ele>
   </trkpt>
   <trkpt lat="34.8757250" lon="-111.7007410">
    <ele>1896.6</ele>
   </trkpt>
   <trkpt lat="34.8756960" lon="-111.7007380">
    <ele>1896.6</ele>
   </trkpt>
   <trkpt lat="34.8756660" lon="-111.7007380">
    <ele>1896.7</ele>
   </trkpt>
   <trkpt lat="34.8756360" lon="-111.7007390">
    <ele>1896.7</ele>
   </trkpt>
   <trkpt lat="34.8756090" lon="-111.7007400">
    <ele>1896.7</ele>
   </trkpt>
   <trkpt lat="34.8755800" lon="-111.7007410">
    <ele>1896.8</ele>
   </trkpt>
   <trkpt lat="34.8755530" lon="-111.7007410">
    <ele>1896.8</ele>
   </trkpt>
   <trkpt lat="34.8755230" lon="-111.7007380">
    <ele>1896.9</ele>
   </trkpt>
   <trkpt lat="34.8754940" lon="-111.7007340">
    <ele>1896.9</ele>
   </trkpt>
   <trkpt lat="34.8754660" lon="-111.7007280">
    <ele>1897.0</ele>
   </trkpt>
   <trkpt lat="34.8754370" lon="-111.7007220">
    <ele>1897.0</ele>
   </trkpt>
   <trkpt lat="34.8754090" lon="-111.7007180">
    <ele>1897.1</ele>
   </trkpt>
   <trkpt lat="34.8753800" lon="-111.7007130">
    <ele>1897.1</ele>
   </trkpt>
   <trkpt lat="34.8753530" lon="-111.7007010">
    <ele>1897.1</ele>
   </trkpt>
   <trkpt lat="34.8753280" lon="-111.7006820">
    <ele>1897.1</ele>
   </trkpt>
   <trkpt lat="34.8753070" lon="-111.7006590">
    <ele>1897.1</ele>
   </trkpt>
   <trkpt lat="34.8752860" lon="-111.7006300">
    <ele>1897.1</ele>
   </trkpt>
   <trkpt lat="34.8752730" lon="-111.7006010">
    <ele>1897.1</ele>
   </trkpt>
   <trkpt lat="34.8752640" lon="-111.7005680">
    <ele>1897.1</ele>
   </trkpt>
   <trkpt lat="34.8752580" lon="-111.7005350">
    <ele>1897.0</ele>
   </trkpt>
   <trkpt lat="34.8752520" lon="-111.7005010">
    <ele>1897.0</ele>
   </trkpt>
   <trkpt lat="34.8752530" lon="-111.7004680">
    <ele>1897.0</ele>
   </trkpt>
   <trkpt lat="34.8752530" lon="-111.7004340">
    <ele>1897.0</ele>
   </trkpt>
   <trkpt lat="34.8752550" lon="-111.7003970">
    <ele>1897.0</ele>
   </trkpt>
   <trkpt lat="34.8752560" lon="-111.7003610">
    <ele>1896.9</ele>
   </trkpt>
   <trkpt lat="34.8752550" lon="-111.7003240">
    <ele>1896.9</ele>
   </trkpt>
   <trkpt lat="34.8752490" lon="-111.7002890">
    <ele>1896.9</ele>
   </trkpt>
   <trkpt lat="34.8752400" lon="-111.7002560">
    <ele>1896.9</ele>
   </trkpt>
   <trkpt lat="34.8752240" lon="-111.7002220">
    <ele>1896.9</ele>
   </trkpt>
   <trkpt lat="34.8752080" lon="-111.7001880">
    <ele>1896.9</ele>
   </trkpt>
   <trkpt lat="34.8751930" lon="-111.7001560">
    <ele>1896.9</ele>
   </trkpt>
   <trkpt lat="34.8751800" lon="-111.7001250">
    <ele>1896.9</ele>
   </trkpt>
   <trkpt lat="34.8751680" lon="-111.7000940">
    <ele>1896.9</ele>
   </trkpt>
   <trkpt lat="34.8751540" lon="-111.7000630">
    <ele>1896.9</ele>
   </trkpt>
   <trkpt lat="34.8751360" lon="-111.7000360">
    <ele>1896.9</ele>
   </trkpt>
   <trkpt lat="34.8751140" lon="-111.7000090">
    <ele>1896.9</ele>
   </trkpt>
   <trkpt lat="34.8750920" lon="-111.6999810">
    <ele>1896.9</ele>
   </trkpt>
   <trkpt lat="34.8750720" lon="-111.6999510">
    <ele>1896.9</ele>
   </trkpt>
   <trkpt lat="34.8750540" lon="-111.6999200">
    <ele>1896.9</ele>
   </trkpt>
   <trkpt lat="34.8750360" lon="-111.6998900">
    <ele>1896.9</ele>
   </trkpt>
   <trkpt lat="34.8750170" lon="-111.6998610">
    <ele>1896.9</ele>
   </trkpt>
   <trkpt lat="34.8749980" lon="-111.6998330">
    <ele>1896.9</ele>
   </trkpt>
   <trkpt lat="34.8749790" lon="-111.6998050">
    <ele>1896.9</ele>
   </trkpt>
   <trkpt lat="34.8749580" lon="-111.6997740">
    <ele>1896.9</ele>
   </trkpt>
   <trkpt lat="34.8749370" lon="-111.6997470">
    <ele>1896.9</ele>
   </trkpt>
   <trkpt lat="34.8749170" lon="-111.6997200">
    <ele>1896.8</ele>
   </trkpt>
   <trkpt lat="34.8748990" lon="-111.6996950">
    <ele>1896.8</ele>
   </trkpt>
   <trkpt lat="34.8748790" lon="-111.6996670">
    <ele>1896.8</ele>
   </trkpt>
   <trkpt lat="34.8748590" lon="-111.6996410">
    <ele>1896.7</ele>
   </trkpt>
   <trkpt lat="34.8748400" lon="-111.6996150">
    <ele>1896.7</ele>
   </trkpt>
   <trkpt lat="34.8748190" lon="-111.6995860">
    <ele>1896.7</ele>
   </trkpt>
   <trkpt lat="34.8748000" lon="-111.6995610">
    <ele>1896.7</ele>
   </trkpt>
   <trkpt lat="34.8747820" lon="-111.6995340">
    <ele>1896.6</ele>
   </trkpt>
   <trkpt lat="34.8747630" lon="-111.6995080">
    <ele>1896.6</ele>
   </trkpt>
   <trkpt lat="34.8747460" lon="-111.6994820">
    <ele>1896.6</ele>
   </trkpt>
   <trkpt lat="34.8747280" lon="-111.6994530">
    <ele>1896.5</ele>
   </trkpt>
   <trkpt lat="34.8747140" lon="-111.6994260">
    <ele>1896.5</ele>
   </trkpt>
   <trkpt lat="34.8747010" lon="-111.6993990">
    <ele>1896.5</ele>
   </trkpt>
   <trkpt lat="34.8746890" lon="-111.6993750">
    <ele>1896.4</ele>
   </trkpt>
   <trkpt lat="34.8746710" lon="-111.6993470">
    <ele>1896.4</ele>
   </trkpt>
   <trkpt lat="34.8746540" lon="-111.6993210">
    <ele>1896.4</ele>
   </trkpt>
   <trkpt lat="34.8746370" lon="-111.6992890">
    <ele>1896.3</ele>
   </trkpt>
   <trkpt lat="34.8746190" lon="-111.6992600">
    <ele>1896.3</ele>
   </trkpt>
   <trkpt lat="34.8746020" lon="-111.6992330">
    <ele>1896.2</ele>
   </trkpt>
   <trkpt lat="34.8745830" lon="-111.6992040">
    <ele>1896.2</ele>
   </trkpt>
   <trkpt lat="34.8745640" lon="-111.6991790">
    <ele>1896.2</ele>
   </trkpt>
   <trkpt lat="34.8745460" lon="-111.6991540">
    <ele>1896.2</ele>
   </trkpt>
   <trkpt lat="34.8745280" lon="-111.6991260">
    <ele>1896.2</ele>
   </trkpt>
   <trkpt lat="34.8745090" lon="-111.6991020">
    <ele>1896.2</ele>
   </trkpt>
   <trkpt lat="34.8744880" lon="-111.6990770">
    <ele>1896.2</ele>
   </trkpt>
   <trkpt lat="34.8744690" lon="-111.6990540">
    <ele>1896.0</ele>
   </trkpt>
   <trkpt lat="34.8744510" lon="-111.6990280">
    <ele>1895.9</ele>
   </trkpt>
   <trkpt lat="34.8744340" lon="-111.6990050">
    <ele>1895.8</ele>
   </trkpt>
   <trkpt lat="34.8744140" lon="-111.6989860">
    <ele>1895.6</ele>
   </trkpt>
   <trkpt lat="34.8743900" lon="-111.6989700">
    <ele>1895.5</ele>
   </trkpt>
   <trkpt lat="34.8743610" lon="-111.6989650">
    <ele>1895.4</ele>
   </trkpt>
   <trkpt lat="34.8743320" lon="-111.6989780">
    <ele>1895.2</ele>
   </trkpt>
   <trkpt lat="34.8743080" lon="-111.6990050">
    <ele>1895.1</ele>
   </trkpt>
   <trkpt lat="34.8742890" lon="-111.6990360">
    <ele>1895.0</ele>
   </trkpt>
   <trkpt lat="34.8742700" lon="-111.6990710">
    <ele>1894.8</ele>
   </trkpt>
   <trkpt lat="34.8742520" lon="-111.6991010">
    <ele>1894.6</ele>
   </trkpt>
   <trkpt lat="34.8742320" lon="-111.6991360">
    <ele>1894.5</ele>
   </trkpt>
   <trkpt lat="34.8742120" lon="-111.6991710">
    <ele>1894.3</ele>
   </trkpt>
   <trkpt lat="34.8741930" lon="-111.6992060">
    <ele>1894.1</ele>
   </trkpt>
   <trkpt lat="34.8741740" lon="-111.6992380">
    <ele>1893.9</ele>
   </trkpt>
   <trkpt lat="34.8741550" lon="-111.6992690">
    <ele>1893.7</ele>
   </trkpt>
   <trkpt lat="34.8741370" lon="-111.6993020">
    <ele>1893.5</ele>
   </trkpt>
   <trkpt lat="34.8741170" lon="-111.6993330">
    <ele>1893.4</ele>
   </trkpt>
   <trkpt lat="34.8740970" lon="-111.6993640">
    <ele>1893.2</ele>
   </trkpt>
   <trkpt lat="34.8740770" lon="-111.6993910">
    <ele>1893.0</ele>
   </trkpt>
   <trkpt lat="34.8740570" lon="-111.6994190">
    <ele>1892.8</ele>
   </trkpt>
   <trkpt lat="34.8740360" lon="-111.6994490">
    <ele>1892.6</ele>
   </trkpt>
   <trkpt lat="34.8740180" lon="-111.6994750">
    <ele>1892.4</ele>
   </trkpt>
   <trkpt lat="34.8739970" lon="-111.6995070">
    <ele>1892.2</ele>
   </trkpt>
   <trkpt lat="34.8739790" lon="-111.6995350">
    <ele>1892.1</ele>
   </trkpt>
   <trkpt lat="34.8739620" lon="-111.6995650">
    <ele>1891.9</ele>
   </trkpt>
   <trkpt lat="34.8739480" lon="-111.6995970">
    <ele>1891.7</ele>
   </trkpt>
   <trkpt lat="34.8739350" lon="-111.6996260">
    <ele>1891.6</ele>
   </trkpt>
   <trkpt lat="34.8739170" lon="-111.6996550">
    <ele>1891.4</ele>
   </trkpt>
   <trkpt lat="34.8739000" lon="-111.6996820">
    <ele>1891.3</ele>
   </trkpt>
   <trkpt lat="34.8738810" lon="-111.6997130">
    <ele>1891.1</ele>
   </trkpt>
   <trkpt lat="34.8738630" lon="-111.6997420">
    <ele>1890.9</ele>
   </trkpt>
   <trkpt lat="34.8738460" lon="-111.6997670">
    <ele>1890.7</ele>
   </trkpt>
   <trkpt lat="34.8738260" lon="-111.6997910">
    <ele>1890.6</ele>
   </trkpt>
   <trkpt lat="34.8738080" lon="-111.6998140">
    <ele>1890.4</ele>
   </trkpt>
   <trkpt lat="34.8737850" lon="-111.6998360">
    <ele>1890.2</ele>
   </trkpt>
   <trkpt lat="34.8737620" lon="-111.6998510">
    <ele>1890.0</ele>
   </trkpt>
   <trkpt lat="34.8737400" lon="-111.6998700">
    <ele>1889.8</ele>
   </trkpt>
   <trkpt lat="34.8737180" lon="-111.6998870">
    <ele>1889.6</ele>
   </trkpt>
   <trkpt lat="34.8736930" lon="-111.6999040">
    <ele>1889.3</ele>
   </trkpt>
   <trkpt lat="34.8736680" lon="-111.6999130">
    <ele>1889.1</ele>
   </trkpt>
   <trkpt lat="34.8736480" lon="-111.6999200">
    <ele>1888.9</ele>
   </trkpt>
   <trkpt lat="34.8736250" lon="-111.6999260">
    <ele>1888.6</ele>
   </trkpt>
   <trkpt lat="34.8736030" lon="-111.6999300">
    <ele>1888.4</ele>
   </trkpt>
   <trkpt lat="34.8735820" lon="-111.6999350">
    <ele>1888.2</ele>
   </trkpt>
   <trkpt lat="34.8735590" lon="-111.6999380">
    <ele>1887.9</ele>
   </trkpt>
   <trkpt lat="34.8735400" lon="-111.6999390">
    <ele>1887.7</ele>
   </trkpt>
   <trkpt lat="34.8735180" lon="-111.6999390">
    <ele>1887.4</ele>
   </trkpt>
   <trkpt lat="34.8734960" lon="-111.6999420">
    <ele>1887.2</ele>
   </trkpt>
   <trkpt lat="34.8734770" lon="-111.6999510">
    <ele>1886.9</ele>
   </trkpt>
   <trkpt lat="34.8734600" lon="-111.6999560">
    <ele>1886.7</ele>
   </trkpt>
   <trkpt lat="34.8734410" lon="-111.6999540">
    <ele>1886.5</ele>
   </trkpt>
   <trkpt lat="34.8734230" lon="-111.6999500">
    <ele>1886.2</ele>
   </trkpt>
   <trkpt lat="34.8734060" lon="-111.6999440">
    <ele>1886.0</ele>
   </trkpt>
   <trkpt lat="34.8733900" lon="-111.6999460">
    <ele>1885.8</ele>
   </trkpt>
   <trkpt lat="34.8733910" lon="-111.6999970">
    <ele>1885.3</ele>
   </trkpt>
   <trkpt lat="34.8733760" lon="-111.6999930">
    <ele>1885.1</ele>
   </trkpt>
   <trkpt lat="34.8733590" lon="-111.6999840">
    <ele>1884.8</ele>
   </trkpt>
   <trkpt lat="34.8733410" lon="-111.6999760">
    <ele>1884.6</ele>
   </trkpt>
   <trkpt lat="34.8733220" lon="-111.6999640">
    <ele>1884.3</ele>
   </trkpt>
   <trkpt lat="34.8733020" lon="-111.6999490">
    <ele>1884.0</ele>
   </trkpt>
   <trkpt lat="34.8732820" lon="-111.6999320">
    <ele>1883.7</ele>
   </trkpt>
   <trkpt lat="34.8732600" lon="-111.6999140">
    <ele>1883.3</ele>
   </trkpt>
   <trkpt lat="34.8732390" lon="-111.6998970">
    <ele>1883.0</ele>
   </trkpt>
   <trkpt lat="34.8732150" lon="-111.6998810">
    <ele>1882.6</ele>
   </trkpt>
   <trkpt lat="34.8731910" lon="-111.6998730">
    <ele>1882.3</ele>
   </trkpt>
   <trkpt lat="34.8731670" lon="-111.6998680">
    <ele>1882.0</ele>
   </trkpt>
   <trkpt lat="34.8731430" lon="-111.6998620">
    <ele>1881.6</ele>
   </trkpt>
   <trkpt lat="34.8731180" lon="-111.6998570">
    <ele>1881.3</ele>
   </trkpt>
   <trkpt lat="34.8730910" lon="-111.6998530">
    <ele>1881.0</ele>
   </trkpt>
   <trkpt lat="34.8730670" lon="-111.6998510">
    <ele>1880.7</ele>
   </trkpt>
   <trkpt lat="34.8730380" lon="-111.6998530">
    <ele>1880.4</ele>
   </trkpt>
   <trkpt lat="34.8730090" lon="-111.6998590">
    <ele>1880.1</ele>
   </trkpt>
   <trkpt lat="34.8729810" lon="-111.6998660">
    <ele>1879.8</ele>
   </trkpt>
   <trkpt lat="34.8729550" lon="-111.6998730">
    <ele>1879.5</ele>
   </trkpt>
   <trkpt lat="34.8729320" lon="-111.6998760">
    <ele>1879.3</ele>
   </trkpt>
   <trkpt lat="34.8729120" lon="-111.6998840">
    <ele>1879.1</ele>
   </trkpt>
   <trkpt lat="34.8728920" lon="-111.6998930">
    <ele>1878.9</ele>
   </trkpt>
   <trkpt lat="34.8728720" lon="-111.6998980">
    <ele>1878.7</ele>
   </trkpt>
   <trkpt lat="34.8728490" lon="-111.6999030">
    <ele>1878.5</ele>
   </trkpt>
   <trkpt lat="34.8728270" lon="-111.6999080">
    <ele>1878.3</ele>
   </trkpt>
   <trkpt lat="34.8728060" lon="-111.6999150">
    <ele>1878.1</ele>
   </trkpt>
   <trkpt lat="34.8727850" lon="-111.6999230">
    <ele>1877.9</ele>
   </trkpt>
   <trkpt lat="34.8727600" lon="-111.6999320">
    <ele>1877.7</ele>
   </trkpt>
   <trkpt lat="34.8727340" lon="-111.6999420">
    <ele>1877.5</ele>
   </trkpt>
   <trkpt lat="34.8727070" lon="-111.6999530">
    <ele>1877.3</ele>
   </trkpt>
   <trkpt lat="34.8726760" lon="-111.6999640">
    <ele>1877.0</ele>
   </trkpt>
   <trkpt lat="34.8726460" lon="-111.6999750">
    <ele>1876.8</ele>
   </trkpt>
   <trkpt lat="34.8726200" lon="-111.6999890">
    <ele>1876.6</ele>
   </trkpt>
   <trkpt lat="34.8725950" lon="-111.7000040">
    <ele>1876.4</ele>
   </trkpt>
   <trkpt lat="34.8725730" lon="-111.7000160">
    <ele>1876.2</ele>
   </trkpt>
   <trkpt lat="34.8725500" lon="-111.7000360">
    <ele>1876.0</ele>
   </trkpt>
   <trkpt lat="34.8725300" lon="-111.7000510">
    <ele>1875.8</ele>
   </trkpt>
   <trkpt lat="34.8725060" lon="-111.7000630">
    <ele>1875.6</ele>
   </trkpt>
   <trkpt lat="34.8724820" lon="-111.7000740">
    <ele>1875.4</ele>
   </trkpt>
   <trkpt lat="34.8724570" lon="-111.7000860">
    <ele>1875.2</ele>
   </trkpt>
   <trkpt lat="34.8724330" lon="-111.7001030">
    <ele>1875.0</ele>
   </trkpt>
   <trkpt lat="34.8724090" lon="-111.7001170">
    <ele>1874.8</ele>
   </trkpt>
   <trkpt lat="34.8723870" lon="-111.7001310">
    <ele>1874.6</ele>
   </trkpt>
   <trkpt lat="34.8723610" lon="-111.7001460">
    <ele>1874.3</ele>
   </trkpt>
   <trkpt lat="34.8723340" lon="-111.7001620">
    <ele>1874.0</ele>
   </trkpt>
   <trkpt lat="34.8723090" lon="-111.7001810">
    <ele>1873.7</ele>
   </trkpt>
   <trkpt lat="34.8722820" lon="-111.7002000">
    <ele>1873.3</ele>
   </trkpt>
   <trkpt lat="34.8722570" lon="-111.7002200">
    <ele>1873.0</ele>
   </trkpt>
   <trkpt lat="34.8722370" lon="-111.7002440">
    <ele>1872.7</ele>
   </trkpt>
   <trkpt lat="34.8722220" lon="-111.7002710">
    <ele>1872.4</ele>
   </trkpt>
   <trkpt lat="34.8722150" lon="-111.7002990">
    <ele>1872.1</ele>
   </trkpt>
   <trkpt lat="34.8722160" lon="-111.7003260">
    <ele>1871.9</ele>
   </trkpt>
   <trkpt lat="34.8722260" lon="-111.7003550">
    <ele>1871.6</ele>
   </trkpt>
   <trkpt lat="34.8722420" lon="-111.7003800">
    <ele>1871.1</ele>
   </trkpt>
   <trkpt lat="34.8722640" lon="-111.7004010">
    <ele>1870.9</ele>
   </trkpt>
   <trkpt lat="34.8722910" lon="-111.7004150">
    <ele>1870.7</ele>
   </trkpt>
   <trkpt lat="34.8723190" lon="-111.7004200">
    <ele>1870.5</ele>
   </trkpt>
   <trkpt lat="34.8723440" lon="-111.7004220">
    <ele>1870.3</ele>
   </trkpt>
   <trkpt lat="34.8723700" lon="-111.7004170">
    <ele>1870.0</ele>
   </trkpt>
   <trkpt lat="34.8723970" lon="-111.7004090">
    <ele>1869.8</ele>
   </trkpt>
   <trkpt lat="34.8724250" lon="-111.7004010">
    <ele>1869.5</ele>
   </trkpt>
   <trkpt lat="34.8724500" lon="-111.7003920">
    <ele>1869.2</ele>
   </trkpt>
   <trkpt lat="34.8724760" lon="-111.7003850">
    <ele>1868.9</ele>
   </trkpt>
   <trkpt lat="34.8725070" lon="-111.7003800">
    <ele>1868.6</ele>
   </trkpt>
   <trkpt lat="34.8725370" lon="-111.7003810">
    <ele>1868.2</ele>
   </trkpt>
   <trkpt lat="34.8725690" lon="-111.7003860">
    <ele>1867.9</ele>
   </trkpt>
   <trkpt lat="34.8725980" lon="-111.7003960">
    <ele>1867.5</ele>
   </trkpt>
   <trkpt lat="34.8726220" lon="-111.7004040">
    <ele>1867.3</ele>
   </trkpt>
   <trkpt lat="34.8726500" lon="-111.7004130">
    <ele>1866.9</ele>
   </trkpt>
   <trkpt lat="34.8726780" lon="-111.7004210">
    <ele>1866.6</ele>
   </trkpt>
   <trkpt lat="34.8727050" lon="-111.7004250">
    <ele>1866.3</ele>
   </trkpt>
   <trkpt lat="34.8727300" lon="-111.7004300">
    <ele>1866.0</ele>
   </trkpt>
   <trkpt lat="34.8727560" lon="-111.7004340">
    <ele>1865.7</ele>
   </trkpt>
   <trkpt lat="34.8727840" lon="-111.7004400">
    <ele>1865.4</ele>
   </trkpt>
   <trkpt lat="34.8728140" lon="-111.7004480">
    <ele>1865.1</ele>
   </trkpt>
   <trkpt lat="34.8728430" lon="-111.7004560">
    <ele>1864.7</ele>
   </trkpt>
   <trkpt lat="34.8728700" lon="-111.7004660">
    <ele>1864.4</ele>
   </trkpt>
   <trkpt lat="34.8728970" lon="-111.7004750">
    <ele>1864.1</ele>
   </trkpt>
   <trkpt lat="34.8729210" lon="-111.7004840">
    <ele>1863.8</ele>
   </trkpt>
   <trkpt lat="34.8729470" lon="-111.7004920">
    <ele>1863.5</ele>
   </trkpt>
   <trkpt lat="34.8729740" lon="-111.7005020">
    <ele>1863.1</ele>
   </trkpt>
   <trkpt lat="34.8729970" lon="-111.7005140">
    <ele>1862.8</ele>
   </trkpt>
   <trkpt lat="34.8730170" lon="-111.7005300">
    <ele>1862.5</ele>
   </trkpt>
   <trkpt lat="34.8730380" lon="-111.7005440">
    <ele>1862.2</ele>
   </trkpt>
   <trkpt lat="34.8730590" lon="-111.7005590">
    <ele>1861.9</ele>
   </trkpt>
   <trkpt lat="34.8730780" lon="-111.7005740">
    <ele>1861.6</ele>
   </trkpt>
   <trkpt lat="34.8730980" lon="-111.7005870">
    <ele>1861.3</ele>
   </trkpt>
   <trkpt lat="34.8731160" lon="-111.7006020">
    <ele>1861.1</ele>
   </trkpt>
   <trkpt lat="34.8731380" lon="-111.7006180">
    <ele>1860.8</ele>
   </trkpt>
   <trkpt lat="34.8731590" lon="-111.7006330">
    <ele>1860.5</ele>
   </trkpt>
   <trkpt lat="34.8731800" lon="-111.7006490">
    <ele>1860.2</ele>
   </trkpt>
   <trkpt lat="34.8732010" lon="-111.7006630">
    <ele>1859.9</ele>
   </trkpt>
   <trkpt lat="34.8732200" lon="-111.7006780">
    <ele>1859.6</ele>
   </trkpt>
   <trkpt lat="34.8732410" lon="-111.7006910">
    <ele>1859.3</ele>
   </trkpt>
   <trkpt lat="34.8732580" lon="-111.7007030">
    <ele>1859.1</ele>
   </trkpt>
   <trkpt lat="34.8732720" lon="-111.7007190">
    <ele>1858.9</ele>
   </trkpt>
   <trkpt lat="34.8732870" lon="-111.7007380">
    <ele>1858.6</ele>
   </trkpt>
   <trkpt lat="34.8733030" lon="-111.7007550">
    <ele>1858.3</ele>
   </trkpt>
   <trkpt lat="34.8733220" lon="-111.7007710">
    <ele>1858.1</ele>
   </trkpt>
   <trkpt lat="34.8733410" lon="-111.7007830">
    <ele>1857.8</ele>
   </trkpt>
   <trkpt lat="34.8733610" lon="-111.7007970">
    <ele>1857.5</ele>
   </trkpt>
   <trkpt lat="34.8733820" lon="-111.7008110">
    <ele>1857.2</ele>
   </trkpt>
   <trkpt lat="34.8734030" lon="-111.7008200">
    <ele>1857.0</ele>
   </trkpt>
   <trkpt lat="34.8734240" lon="-111.7008230">
    <ele>1856.7</ele>
   </trkpt>
   <trkpt lat="34.8734420" lon="-111.7008260">
    <ele>1856.5</ele>
   </trkpt>
   <trkpt lat="34.8734590" lon="-111.7008280">
    <ele>1856.3</ele>
   </trkpt>
   <trkpt lat="34.8734780" lon="-111.7008370">
    <ele>1856.0</ele>
   </trkpt>
   <trkpt lat="34.8734970" lon="-111.7008480">
    <ele>1855.8</ele>
   </trkpt>
   <trkpt lat="34.8735190" lon="-111.7008590">
    <ele>1855.5</ele>
   </trkpt>
   <trkpt lat="34.8735380" lon="-111.7008690">
    <ele>1855.3</ele>
   </trkpt>
   <trkpt lat="34.8735580" lon="-111.7008760">
    <ele>1855.1</ele>
   </trkpt>
   <trkpt lat="34.8735810" lon="-111.7008770">
    <ele>1854.9</ele>
   </trkpt>
   <trkpt lat="34.8736000" lon="-111.7008780">
    <ele>1854.7</ele>
   </trkpt>
   <trkpt lat="34.8736220" lon="-111.7008810">
    <ele>1854.5</ele>
   </trkpt>
   <trkpt lat="34.8736450" lon="-111.7008860">
    <ele>1854.3</ele>
   </trkpt>
   <trkpt lat="34.8736720" lon="-111.7008970">
    <ele>1854.0</ele>
   </trkpt>
   <trkpt lat="34.8736980" lon="-111.7009070">
    <ele>1853.8</ele>
   </trkpt>
   <trkpt lat="34.8737270" lon="-111.7009160">
    <ele>1853.6</ele>
   </trkpt>
   <trkpt lat="34.8737490" lon="-111.7009260">
    <ele>1853.5</ele>
   </trkpt>
   <trkpt lat="34.8737710" lon="-111.7009400">
    <ele>1853.3</ele>
   </trkpt>
   <trkpt lat="34.8737940" lon="-111.7009590">
    <ele>1853.1</ele>
   </trkpt>
   <trkpt lat="34.8738150" lon="-111.7009840">
    <ele>1853.0</ele>
   </trkpt>
   <trkpt lat="34.8738400" lon="-111.7010050">
    <ele>1852.8</ele>
   </trkpt>
   <trkpt lat="34.8738640" lon="-111.7010230">
    <ele>1852.6</ele>
   </trkpt>
   <trkpt lat="34.8738860" lon="-111.7010400">
    <ele>1852.5</ele>
   </trkpt>
   <trkpt lat="34.8739090" lon="-111.7010550">
    <ele>1852.3</ele>
   </trkpt>
   <trkpt lat="34.8739300" lon="-111.7010670">
    <ele>1852.2</ele>
   </trkpt>
   <trkpt lat="34.8739530" lon="-111.7010790">
    <ele>1852.0</ele>
   </trkpt>
   <trkpt lat="34.8739720" lon="-111.7010960">
    <ele>1851.8</ele>
   </trkpt>
   <trkpt lat="34.8739890" lon="-111.7011140">
    <ele>1851.7</ele>
   </trkpt>
   <trkpt lat="34.8740060" lon="-111.7011320">
    <ele>1851.6</ele>
   </trkpt>
   <trkpt lat="34.8740240" lon="-111.7011490">
    <ele>1851.4</ele>
   </trkpt>
   <trkpt lat="34.8740390" lon="-111.7011700">
    <ele>1851.3</ele>
   </trkpt>
   <trkpt lat="34.8740540" lon="-111.7011960">
    <ele>1851.1</ele>
   </trkpt>
   <trkpt lat="34.8740710" lon="-111.7012250">
    <ele>1850.9</ele>
   </trkpt>
   <trkpt lat="34.8740880" lon="-111.7012490">
    <ele>1850.7</ele>
   </trkpt>
   <trkpt lat="34.8741070" lon="-111.7012710">
    <ele>1850.6</ele>
   </trkpt>
   <trkpt lat="34.8741300" lon="-111.7012900">
    <ele>1850.4</ele>
   </trkpt>
   <trkpt lat="34.8741540" lon="-111.7013070">
    <ele>1850.3</ele>
   </trkpt>
   <trkpt lat="34.8741790" lon="-111.7013240">
    <ele>1850.1</ele>
   </trkpt>
   <trkpt lat="34.8742050" lon="-111.7013350">
    <ele>1850.0</ele>
   </trkpt>
   <trkpt lat="34.8742320" lon="-111.7013420">
    <ele>1849.8</ele>
   </trkpt>
   <trkpt lat="34.8742600" lon="-111.7013530">
    <ele>1849.7</ele>
   </trkpt>
   <trkpt lat="34.8742850" lon="-111.7013650">
    <ele>1849.5</ele>
   </trkpt>
   <trkpt lat="34.8743080" lon="-111.7013780">
    <ele>1849.4</ele>
   </trkpt>
   <trkpt lat="34.8743310" lon="-111.7013870">
    <ele>1849.3</ele>
   </trkpt>
   <trkpt lat="34.8743550" lon="-111.7013960">
    <ele>1849.1</ele>
   </trkpt>
   <trkpt lat="34.8743820" lon="-111.7014060">
    <ele>1849.0</ele>
   </trkpt>
   <trkpt lat="34.8744110" lon="-111.7014160">
    <ele>1848.8</ele>
   </trkpt>
   <trkpt lat="34.8744380" lon="-111.7014220">
    <ele>1848.7</ele>
   </trkpt>
   <trkpt lat="34.8744630" lon="-111.7014300">
    <ele>1848.6</ele>
   </trkpt>
   <trkpt lat="34.8744920" lon="-111.7014360">
    <ele>1848.4</ele>
   </trkpt>
   <trkpt lat="34.8745260" lon="-111.7014410">
    <ele>1848.3</ele>
   </trkpt>
   <trkpt lat="34.8745600" lon="-111.7014490">
    <ele>1848.2</ele>
   </trkpt>
   <trkpt lat="34.8745900" lon="-111.7014580">
    <ele>1848.1</ele>
   </trkpt>
   <trkpt lat="34.8746170" lon="-111.7014620">
    <ele>1848.0</ele>
   </trkpt>
   <trkpt lat="34.8746460" lon="-111.7014670">
    <ele>1848.0</ele>
   </trkpt>
   <trkpt lat="34.8746750" lon="-111.7014730">
    <ele>1847.9</ele>
   </trkpt>
   <trkpt lat="34.8747010" lon="-111.7014780">
    <ele>1847.9</ele>
   </trkpt>
   <trkpt lat="34.8747290" lon="-111.7014840">
    <ele>1847.8</ele>
   </trkpt>
   <trkpt lat="34.8747540" lon="-111.7014880">
    <ele>1847.8</ele>
   </trkpt>
   <trkpt lat="34.8747830" lon="-111.7014860">
    <ele>1847.7</ele>
   </trkpt>
   <trkpt lat="34.8748100" lon="-111.7014860">
    <ele>1847.7</ele>
   </trkpt>
   <trkpt lat="34.8748380" lon="-111.7014860">
    <ele>1847.7</ele>
   </trkpt>
   <trkpt lat="34.8748620" lon="-111.7014930">
    <ele>1847.7</ele>
   </trkpt>
   <trkpt lat="34.8748840" lon="-111.7015040">
    <ele>1847.6</ele>
   </trkpt>
   <trkpt lat="34.8749070" lon="-111.7015170">
    <ele>1847.6</ele>
   </trkpt>
   <trkpt lat="34.8749300" lon="-111.7015270">
    <ele>1847.6</ele>
   </trkpt>
   <trkpt lat="34.8749550" lon="-111.7015380">
    <ele>1847.6</ele>
   </trkpt>
   <trkpt lat="34.8749780" lon="-111.7015500">
    <ele>1847.5</ele>
   </trkpt>
   <trkpt lat="34.8750020" lon="-111.7015520">
    <ele>1847.5</ele>
   </trkpt>
   <trkpt lat="34.8750280" lon="-111.7015600">
    <ele>1847.5</ele>
   </trkpt>
   <trkpt lat="34.8750520" lon="-111.7015710">
    <ele>1847.4</ele>
   </trkpt>
   <trkpt lat="34.8750750" lon="-111.7015870">
    <ele>1847.4</ele>
   </trkpt>
   <trkpt lat="34.8750990" lon="-111.7016070">
    <ele>1847.3</ele>
   </trkpt>
   <trkpt lat="34.8751220" lon="-111.7016270">
    <ele>1847.3</ele>
   </trkpt>
   <trkpt lat="34.8751410" lon="-111.7016450">
    <ele>1847.3</ele>
   </trkpt>
   <trkpt lat="34.8751560" lon="-111.7016650">
    <ele>1847.2</ele>
   </trkpt>
   <trkpt lat="34.8751670" lon="-111.7016940">
    <ele>1847.2</ele>
   </trkpt>
   <trkpt lat="34.8751770" lon="-111.7017220">
    <ele>1847.2</ele>
   </trkpt>
   <trkpt lat="34.8751860" lon="-111.7017510">
    <ele>1847.1</ele>
   </trkpt>
   <trkpt lat="34.8752020" lon="-111.7017740">
    <ele>1847.1</ele>
   </trkpt>
   <trkpt lat="34.8752200" lon="-111.7017970">
    <ele>1847.1</ele>
   </trkpt>
   <trkpt lat="34.8752380" lon="-111.7018150">
    <ele>1847.1</ele>
   </trkpt>
   <trkpt lat="34.8752590" lon="-111.7018320">
    <ele>1847.1</ele>
   </trkpt>
   <trkpt lat="34.8752740" lon="-111.7018530">
    <ele>1847.1</ele>
   </trkpt>
   <trkpt lat="34.8752890" lon="-111.7018750">
    <ele>1847.1</ele>
   </trkpt>
   <trkpt lat="34.8753070" lon="-111.7018930">
    <ele>1847.1</ele>
   </trkpt>
   <trkpt lat="34.8753340" lon="-111.7019020">
    <ele>1847.0</ele>
   </trkpt>
   <trkpt lat="34.8753570" lon="-111.7019110">
    <ele>1847.0</ele>
   </trkpt>
   <trkpt lat="34.8753790" lon="-111.7019270">
    <ele>1847.0</ele>
   </trkpt>
   <trkpt lat="34.8754000" lon="-111.7019450">
    <ele>1847.0</ele>
   </trkpt>
   <trkpt lat="34.8754190" lon="-111.7019650">
    <ele>1846.9</ele>
   </trkpt>
   <trkpt lat="34.8754420" lon="-111.7019850">
    <ele>1846.9</ele>
   </trkpt>
   <trkpt lat="34.8754680" lon="-111.7020040">
    <ele>1846.8</ele>
   </trkpt>
   <trkpt lat="34.8754940" lon="-111.7020160">
    <ele>1846.7</ele>
   </trkpt>
   <trkpt lat="34.8755180" lon="-111.7020270">
    <ele>1846.6</ele>
   </trkpt>
   <trkpt lat="34.8755390" lon="-111.7020400">
    <ele>1846.5</ele>
   </trkpt>
   <trkpt lat="34.8755630" lon="-111.7020580">
    <ele>1846.3</ele>
   </trkpt>
   <trkpt lat="34.8755820" lon="-111.7020760">
    <ele>1846.2</ele>
   </trkpt>
   <trkpt lat="34.8756000" lon="-111.7020960">
    <ele>1846.0</ele>
   </trkpt>
   <trkpt lat="34.8756160" lon="-111.7021150">
    <ele>1845.8</ele>
   </trkpt>
   <trkpt lat="34.8756290" lon="-111.7021370">
    <ele>1845.7</ele>
   </trkpt>
   <trkpt lat="34.8756440" lon="-111.7021600">
    <ele>1845.4</ele>
   </trkpt>
   <trkpt lat="34.8756640" lon="-111.7021850">
    <ele>1845.1</ele>
   </trkpt>
   <trkpt lat="34.8756860" lon="-111.7022050">
    <ele>1844.9</ele>
   </trkpt>
   <trkpt lat="34.8757050" lon="-111.7022230">
    <ele>1844.6</ele>
   </trkpt>
   <trkpt lat="34.8757250" lon="-111.7022440">
    <ele>1844.3</ele>
   </trkpt>
   <trkpt lat="34.8757440" lon="-111.7022670">
    <ele>1844.1</ele>
   </trkpt>
   <trkpt lat="34.8757580" lon="-111.7022950">
    <ele>1843.8</ele>
   </trkpt>
   <trkpt lat="34.8757770" lon="-111.7023200">
    <ele>1843.5</ele>
   </trkpt>
   <trkpt lat="34.8757990" lon="-111.7023370">
    <ele>1843.2</ele>
   </trkpt>
   <trkpt lat="34.8758240" lon="-111.7023490">
    <ele>1842.9</ele>
   </trkpt>
   <trkpt lat="34.8758480" lon="-111.7023560">
    <ele>1842.7</ele>
   </trkpt>
   <trkpt lat="34.8758740" lon="-111.7023610">
    <ele>1842.5</ele>
   </trkpt>
   <trkpt lat="34.8759020" lon="-111.7023720">
    <ele>1842.2</ele>
   </trkpt>
   <trkpt lat="34.8759310" lon="-111.7023840">
    <ele>1842.0</ele>
   </trkpt>
   <trkpt lat="34.8759600" lon="-111.7023930">
    <ele>1841.8</ele>
   </trkpt>
   <trkpt lat="34.8759880" lon="-111.7023990">
    <ele>1841.6</ele>
   </trkpt>
   <trkpt lat="34.8760150" lon="-111.7024070">
    <ele>1841.4</ele>
   </trkpt>
   <trkpt lat="34.8760440" lon="-111.7024130">
    <ele>1841.2</ele>
   </trkpt>
   <trkpt lat="34.8760730" lon="-111.7024200">
    <ele>1841.0</ele>
   </trkpt>
   <trkpt lat="34.8761030" lon="-111.7024260">
    <ele>1840.8</ele>
   </trkpt>
   <trkpt lat="34.8761320" lon="-111.7024290">
    <ele>1840.6</ele>
   </trkpt>
   <trkpt lat="34.8761600" lon="-111.7024270">
    <ele>1840.5</ele>
   </trkpt>
   <trkpt lat="34.8761890" lon="-111.7024230">
    <ele>1840.3</ele>
   </trkpt>
   <trkpt lat="34.8762180" lon="-111.7024190">
    <ele>1840.2</ele>
   </trkpt>
   <trkpt lat="34.8762430" lon="-111.7024090">
    <ele>1840.0</ele>
   </trkpt>
   <trkpt lat="34.8762690" lon="-111.7023950">
    <ele>1839.9</ele>
   </trkpt>
   <trkpt lat="34.8762940" lon="-111.7023780">
    <ele>1839.7</ele>
   </trkpt>
   <trkpt lat="34.8763150" lon="-111.7023720">
    <ele>1839.6</ele>
   </trkpt>
   <trkpt lat="34.8763370" lon="-111.7023700">
    <ele>1839.4</ele>
   </trkpt>
   <trkpt lat="34.8763570" lon="-111.7023740">
    <ele>1839.3</ele>
   </trkpt>
   <trkpt lat="34.8763780" lon="-111.7023810">
    <ele>1839.1</ele>
   </trkpt>
   <trkpt lat="34.8764030" lon="-111.7023880">
    <ele>1839.0</ele>
   </trkpt>
   <trkpt lat="34.8764310" lon="-111.7023940">
    <ele>1838.7</ele>
   </trkpt>
   <trkpt lat="34.8764600" lon="-111.7023950">
    <ele>1838.5</ele>
   </trkpt>
   <trkpt lat="34.8764880" lon="-111.7023940">
    <ele>1838.3</ele>
   </trkpt>
   <trkpt lat="34.8765140" lon="-111.7023910">
    <ele>1838.1</ele>
   </trkpt>
   <trkpt lat="34.8765410" lon="-111.7023920">
    <ele>1837.8</ele>
   </trkpt>
   <trkpt lat="34.8765670" lon="-111.7023950">
    <ele>1837.6</ele>
   </trkpt>
   <trkpt lat="34.8765940" lon="-111.7023990">
    <ele>1837.4</ele>
   </trkpt>
   <trkpt lat="34.8766230" lon="-111.7024080">
    <ele>1837.1</ele>
   </trkpt>
   <trkpt lat="34.8766510" lon="-111.7024280">
    <ele>1836.8</ele>
   </trkpt>
   <trkpt lat="34.8766760" lon="-111.7024530">
    <ele>1836.4</ele>
   </trkpt>
   <trkpt lat="34.8766930" lon="-111.7024770">
    <ele>1836.1</ele>
   </trkpt>
   <trkpt lat="34.8767090" lon="-111.7025030">
    <ele>1835.8</ele>
   </trkpt>
   <trkpt lat="34.8767220" lon="-111.7025320">
    <ele>1835.5</ele>
   </trkpt>
   <trkpt lat="34.8767310" lon="-111.7025680">
    <ele>1835.2</ele>
   </trkpt>
   <trkpt lat="34.8767420" lon="-111.7026060">
    <ele>1834.8</ele>
   </trkpt>
   <trkpt lat="34.8767560" lon="-111.7026380">
    <ele>1834.4</ele>
   </trkpt>
   <trkpt lat="34.8767740" lon="-111.7026670">
    <ele>1834.0</ele>
   </trkpt>
   <trkpt lat="34.8767990" lon="-111.7026890">
    <ele>1833.7</ele>
   </trkpt>
   <trkpt lat="34.8768270" lon="-111.7027060">
    <ele>1833.3</ele>
   </trkpt>
   <trkpt lat="34.8768560" lon="-111.7027230">
    <ele>1832.9</ele>
   </trkpt>
   <trkpt lat="34.8768880" lon="-111.7027400">
    <ele>1832.5</ele>
   </trkpt>
   <trkpt lat="34.8769190" lon="-111.7027550">
    <ele>1832.1</ele>
   </trkpt>
   <trkpt lat="34.8769480" lon="-111.7027650">
    <ele>1831.7</ele>
   </trkpt>
   <trkpt lat="34.8769760" lon="-111.7027760">
    <ele>1831.4</ele>
   </trkpt>
   <trkpt lat="34.8770020" lon="-111.7027880">
    <ele>1831.0</ele>
   </trkpt>
   <trkpt lat="34.8770270" lon="-111.7028020">
    <ele>1830.7</ele>
   </trkpt>
   <trkpt lat="34.8770460" lon="-111.7028200">
    <ele>1830.3</ele>
   </trkpt>
   <trkpt lat="34.8770640" lon="-111.7028400">
    <ele>1830.0</ele>
   </trkpt>
   <trkpt lat="34.8770900" lon="-111.7028560">
    <ele>1829.6</ele>
   </trkpt>
   <trkpt lat="34.8771170" lon="-111.7028680">
    <ele>1829.2</ele>
   </trkpt>
   <trkpt lat="34.8771400" lon="-111.7028810">
    <ele>1828.9</ele>
   </trkpt>
   <trkpt lat="34.8771600" lon="-111.7028970">
    <ele>1828.6</ele>
   </trkpt>
   <trkpt lat="34.8771760" lon="-111.7029210">
    <ele>1828.3</ele>
   </trkpt>
   <trkpt lat="34.8771920" lon="-111.7029440">
    <ele>1827.9</ele>
   </trkpt>
   <trkpt lat="34.8772100" lon="-111.7029670">
    <ele>1827.6</ele>
   </trkpt>
   <trkpt lat="34.8772250" lon="-111.7029940">
    <ele>1827.2</ele>
   </trkpt>
   <trkpt lat="34.8772390" lon="-111.7030210">
    <ele>1826.9</ele>
   </trkpt>
   <trkpt lat="34.8772530" lon="-111.7030480">
    <ele>1826.6</ele>
   </trkpt>
   <trkpt lat="34.8772660" lon="-111.7030750">
    <ele>1826.2</ele>
   </trkpt>
   <trkpt lat="34.8772780" lon="-111.7031020">
    <ele>1825.9</ele>
   </trkpt>
   <trkpt lat="34.8772940" lon="-111.7031280">
    <ele>1825.6</ele>
   </trkpt>
   <trkpt lat="34.8773150" lon="-111.7031450">
    <ele>1825.2</ele>
   </trkpt>
   <trkpt lat="34.8773380" lon="-111.7031620">
    <ele>1824.9</ele>
   </trkpt>
   <trkpt lat="34.8773580" lon="-111.7031810">
    <ele>1824.6</ele>
   </trkpt>
   <trkpt lat="34.8773730" lon="-111.7032010">
    <ele>1824.3</ele>
   </trkpt>
   <trkpt lat="34.8773860" lon="-111.7032240">
    <ele>1824.0</ele>
   </trkpt>
   <trkpt lat="34.8773970" lon="-111.7032460">
    <ele>1823.7</ele>
   </trkpt>
   <trkpt lat="34.8774070" lon="-111.7032720">
    <ele>1823.4</ele>
   </trkpt>
   <trkpt lat="34.8774260" lon="-111.7032940">
    <ele>1823.1</ele>
   </trkpt>
   <trkpt lat="34.8774480" lon="-111.7033130">
    <ele>1822.8</ele>
   </trkpt>
   <trkpt lat="34.8774700" lon="-111.7033330">
    <ele>1822.5</ele>
   </trkpt>
   <trkpt lat="34.8774890" lon="-111.7033480">
    <ele>1822.2</ele>
   </trkpt>
   <trkpt lat="34.8775050" lon="-111.7033620">
    <ele>1822.0</ele>
   </trkpt>
   <trkpt lat="34.8775210" lon="-111.7033820">
    <ele>1821.7</ele>
   </trkpt>
   <trkpt lat="34.8775400" lon="-111.7034040">
    <ele>1821.4</ele>
   </trkpt>
   <trkpt lat="34.8775580" lon="-111.7034260">
    <ele>1821.1</ele>
   </trkpt>
   <trkpt lat="34.8775800" lon="-111.7034490">
    <ele>1820.7</ele>
   </trkpt>
   <trkpt lat="34.8776020" lon="-111.7034680">
    <ele>1820.3</ele>
   </trkpt>
   <trkpt lat="34.8776230" lon="-111.7034830">
    <ele>1819.9</ele>
   </trkpt>
   <trkpt lat="34.8776400" lon="-111.7034970">
    <ele>1819.6</ele>
   </trkpt>
   <trkpt lat="34.8776540" lon="-111.7035060">
    <ele>1819.3</ele>
   </trkpt>
   <trkpt lat="34.8776660" lon="-111.7035220">
    <ele>1819.1</ele>
   </trkpt>
   <trkpt lat="34.8776750" lon="-111.7035400">
    <ele>1818.8</ele>
   </trkpt>
   <trkpt lat="34.8776830" lon="-111.7035580">
    <ele>1818.5</ele>
   </trkpt>
   <trkpt lat="34.8776910" lon="-111.7035780">
    <ele>1818.2</ele>
   </trkpt>
   <trkpt lat="34.8777060" lon="-111.7036030">
    <ele>1817.7</ele>
   </trkpt>
   <trkpt lat="34.8777300" lon="-111.7036240">
    <ele>1817.2</ele>
   </trkpt>
   <trkpt lat="34.8777530" lon="-111.7036420">
    <ele>1816.7</ele>
   </trkpt>
   <trkpt lat="34.8777770" lon="-111.7036620">
    <ele>1816.2</ele>
   </trkpt>
   <trkpt lat="34.8778010" lon="-111.7036840">
    <ele>1815.7</ele>
   </trkpt>
   <trkpt lat="34.8778260" lon="-111.7037020">
    <ele>1815.3</ele>
   </trkpt>
   <trkpt lat="34.8778530" lon="-111.7037150">
    <ele>1814.8</ele>
   </trkpt>
   <trkpt lat="34.8778730" lon="-111.7037330">
    <ele>1814.4</ele>
   </trkpt>
   <trkpt lat="34.8778890" lon="-111.7037580">
    <ele>1814.0</ele>
   </trkpt>
   <trkpt lat="34.8779040" lon="-111.7037800">
    <ele>1813.7</ele>
   </trkpt>
   <trkpt lat="34.8779190" lon="-111.7038130">
    <ele>1813.2</ele>
   </trkpt>
   <trkpt lat="34.8779290" lon="-111.7038480">
    <ele>1812.8</ele>
   </trkpt>
   <trkpt lat="34.8779370" lon="-111.7038830">
    <ele>1812.4</ele>
   </trkpt>
   <trkpt lat="34.8779490" lon="-111.7039150">
    <ele>1812.0</ele>
   </trkpt>
   <trkpt lat="34.8779650" lon="-111.7039440">
    <ele>1811.6</ele>
   </trkpt>
   <trkpt lat="34.8779780" lon="-111.7039720">
    <ele>1811.2</ele>
   </trkpt>
   <trkpt lat="34.8779870" lon="-111.7040020">
    <ele>1810.9</ele>
   </trkpt>
   <trkpt lat="34.8779960" lon="-111.7040310">
    <ele>1810.6</ele>
   </trkpt>
   <trkpt lat="34.8780060" lon="-111.7040630">
    <ele>1810.2</ele>
   </trkpt>
   <trkpt lat="34.8780180" lon="-111.7040950">
    <ele>1809.9</ele>
   </trkpt>
   <trkpt lat="34.8780340" lon="-111.7041220">
    <ele>1809.5</ele>
   </trkpt>
   <trkpt lat="34.8780530" lon="-111.7041500">
    <ele>1809.1</ele>
   </trkpt>
   <trkpt lat="34.8780740" lon="-111.7041720">
    <ele>1808.8</ele>
   </trkpt>
   <trkpt lat="34.8780940" lon="-111.7041940">
    <ele>1808.5</ele>
   </trkpt>
   <trkpt lat="34.8781120" lon="-111.7042180">
    <ele>1808.1</ele>
   </trkpt>
   <trkpt lat="34.8781330" lon="-111.7042420">
    <ele>1807.8</ele>
   </trkpt>
   <trkpt lat="34.8781540" lon="-111.7042620">
    <ele>1807.4</ele>
   </trkpt>
   <trkpt lat="34.8781750" lon="-111.7042780">
    <ele>1807.1</ele>
   </trkpt>
   <trkpt lat="34.8781950" lon="-111.7042950">
    <ele>1806.8</ele>
   </trkpt>
   <trkpt lat="34.8782100" lon="-111.7043120">
    <ele>1806.6</ele>
   </trkpt>
   <trkpt lat="34.8782270" lon="-111.7043300">
    <ele>1806.3</ele>
   </trkpt>
   <trkpt lat="34.8782500" lon="-111.7043460">
    <ele>1805.9</ele>
   </trkpt>
   <trkpt lat="34.8782740" lon="-111.7043560">
    <ele>1805.6</ele>
   </trkpt>
   <trkpt lat="34.8782970" lon="-111.7043670">
    <ele>1805.3</ele>
   </trkpt>
   <trkpt lat="34.8783160" lon="-111.7043820">
    <ele>1805.0</ele>
   </trkpt>
   <trkpt lat="34.8783380" lon="-111.7043980">
    <ele>1804.7</ele>
   </trkpt>
   <trkpt lat="34.8783610" lon="-111.7044110">
    <ele>1804.4</ele>
   </trkpt>
   <trkpt lat="34.8783830" lon="-111.7044300">
    <ele>1804.1</ele>
   </trkpt>
   <trkpt lat="34.8784090" lon="-111.7044460">
    <ele>1803.7</ele>
   </trkpt>
   <trkpt lat="34.8784350" lon="-111.7044590">
    <ele>1803.3</ele>
   </trkpt>
   <trkpt lat="34.8784610" lon="-111.7044730">
    <ele>1803.0</ele>
   </trkpt>
   <trkpt lat="34.8784850" lon="-111.7044890">
    <ele>1802.6</ele>
   </trkpt>
   <trkpt lat="34.8785020" lon="-111.7045100">
    <ele>1802.3</ele>
   </trkpt>
   <trkpt lat="34.8785180" lon="-111.7045330">
    <ele>1802.0</ele>
   </trkpt>
   <trkpt lat="34.8785340" lon="-111.7045570">
    <ele>1801.6</ele>
   </trkpt>
   <trkpt lat="34.8785540" lon="-111.7045770">
    <ele>1801.3</ele>
   </trkpt>
   <trkpt lat="34.8785710" lon="-111.7046010">
    <ele>1801.0</ele>
   </trkpt>
   <trkpt lat="34.8785820" lon="-111.7046290">
    <ele>1800.6</ele>
   </trkpt>
   <trkpt lat="34.8785930" lon="-111.7046580">
    <ele>1800.3</ele>
   </trkpt>
   <trkpt lat="34.8786050" lon="-111.7046810">
    <ele>1800.0</ele>
   </trkpt>
   <trkpt lat="34.8786190" lon="-111.7047070">
    <ele>1799.6</ele>
   </trkpt>
   <trkpt lat="34.8786340" lon="-111.7047350">
    <ele>1799.3</ele>
   </trkpt>
   <trkpt lat="34.8786490" lon="-111.7047630">
    <ele>1798.9</ele>
   </trkpt>
   <trkpt lat="34.8786660" lon="-111.7047870">
    <ele>1798.6</ele>
   </trkpt>
   <trkpt lat="34.8786840" lon="-111.7048060">
    <ele>1798.3</ele>
   </trkpt>
   <trkpt lat="34.8787040" lon="-111.7048230">
    <ele>1797.9</ele>
   </trkpt>
   <trkpt lat="34.8787230" lon="-111.7048430">
    <ele>1797.6</ele>
   </trkpt>
   <trkpt lat="34.8787410" lon="-111.7048620">
    <ele>1797.3</ele>
   </trkpt>
   <trkpt lat="34.8787600" lon="-111.7048820">
    <ele>1797.0</ele>
   </trkpt>
   <trkpt lat="34.8787810" lon="-111.7048970">
    <ele>1796.6</ele>
   </trkpt>
   <trkpt lat="34.8788050" lon="-111.7049110">
    <ele>1796.3</ele>
   </trkpt>
   <trkpt lat="34.8788300" lon="-111.7049240">
    <ele>1795.9</ele>
   </trkpt>
   <trkpt lat="34.8788550" lon="-111.7049360">
    <ele>1795.5</ele>
   </trkpt>
   <trkpt lat="34.8788790" lon="-111.7049450">
    <ele>1795.2</ele>
   </trkpt>
   <trkpt lat="34.8789030" lon="-111.7049570">
    <ele>1794.8</ele>
   </trkpt>
   <trkpt lat="34.8789240" lon="-111.7049750">
    <ele>1794.4</ele>
   </trkpt>
   <trkpt lat="34.8789440" lon="-111.7049960">
    <ele>1794.1</ele>
   </trkpt>
   <trkpt lat="34.8789610" lon="-111.7050190">
    <ele>1793.7</ele>
   </trkpt>
   <trkpt lat="34.8789770" lon="-111.7050430">
    <ele>1793.4</ele>
   </trkpt>
   <trkpt lat="34.8789920" lon="-111.7050680">
    <ele>1793.0</ele>
   </trkpt>
   <trkpt lat="34.8790040" lon="-111.7050910">
    <ele>1792.7</ele>
   </trkpt>
   <trkpt lat="34.8790160" lon="-111.7051220">
    <ele>1792.3</ele>
   </trkpt>
   <trkpt lat="34.8790270" lon="-111.7051520">
    <ele>1791.9</ele>
   </trkpt>
   <trkpt lat="34.8790340" lon="-111.7051800">
    <ele>1791.6</ele>
   </trkpt>
   <trkpt lat="34.8790430" lon="-111.7052040">
    <ele>1791.3</ele>
   </trkpt>
   <trkpt lat="34.8790540" lon="-111.7052290">
    <ele>1791.0</ele>
   </trkpt>
   <trkpt lat="34.8790680" lon="-111.7052560">
    <ele>1790.6</ele>
   </trkpt>
   <trkpt lat="34.8790800" lon="-111.7052850">
    <ele>1790.3</ele>
   </trkpt>
   <trkpt lat="34.8790900" lon="-111.7053160">
    <ele>1790.0</ele>
   </trkpt>
   <trkpt lat="34.8791010" lon="-111.7053480">
    <ele>1789.6</ele>
   </trkpt>
   <trkpt lat="34.8791160" lon="-111.7053780">
    <ele>1789.2</ele>
   </trkpt>
   <trkpt lat="34.8791330" lon="-111.7054060">
    <ele>1788.9</ele>
   </trkpt>
   <trkpt lat="34.8791520" lon="-111.7054320">
    <ele>1788.6</ele>
   </trkpt>
   <trkpt lat="34.8791730" lon="-111.7054540">
    <ele>1788.2</ele>
   </trkpt>
   <trkpt lat="34.8791940" lon="-111.7054740">
    <ele>1787.9</ele>
   </trkpt>
   <trkpt lat="34.8792170" lon="-111.7054900">
    <ele>1787.6</ele>
   </trkpt>
   <trkpt lat="34.8792440" lon="-111.7055040">
    <ele>1787.3</ele>
   </trkpt>
   <trkpt lat="34.8792720" lon="-111.7055170">
    <ele>1786.9</ele>
   </trkpt>
   <trkpt lat="34.8793000" lon="-111.7055240">
    <ele>1786.6</ele>
   </trkpt>
   <trkpt lat="34.8793260" lon="-111.7055360">
    <ele>1786.3</ele>
   </trkpt>
   <trkpt lat="34.8793520" lon="-111.7055520">
    <ele>1785.9</ele>
   </trkpt>
   <trkpt lat="34.8793730" lon="-111.7055720">
    <ele>1785.6</ele>
   </trkpt>
   <trkpt lat="34.8793880" lon="-111.7055980">
    <ele>1785.3</ele>
   </trkpt>
   <trkpt lat="34.8794030" lon="-111.7056280">
    <ele>1785.0</ele>
   </trkpt>
   <trkpt lat="34.8794150" lon="-111.7056570">
    <ele>1784.7</ele>
   </trkpt>
   <trkpt lat="34.8794220" lon="-111.7056900">
    <ele>1784.4</ele>
   </trkpt>
   <trkpt lat="34.8794300" lon="-111.7057200">
    <ele>1784.1</ele>
   </trkpt>
   <trkpt lat="34.8794420" lon="-111.7057490">
    <ele>1783.8</ele>
   </trkpt>
   <trkpt lat="34.8794570" lon="-111.7057720">
    <ele>1783.6</ele>
   </trkpt>
   <trkpt lat="34.8794750" lon="-111.7057940">
    <ele>1783.3</ele>
   </trkpt>
   <trkpt lat="34.8794980" lon="-111.7058110">
    <ele>1783.1</ele>
   </trkpt>
   <trkpt lat="34.8795260" lon="-111.7058230">
    <ele>1782.8</ele>
   </trkpt>
   <trkpt lat="34.8795560" lon="-111.7058390">
    <ele>1782.6</ele>
   </trkpt>
   <trkpt lat="34.8795830" lon="-111.7058550">
    <ele>1782.4</ele>
   </trkpt>
   <trkpt lat="34.8796080" lon="-111.7058770">
    <ele>1782.2</ele>
   </trkpt>
   <trkpt lat="34.8796290" lon="-111.7059010">
    <ele>1782.0</ele>
   </trkpt>
   <trkpt lat="34.8796450" lon="-111.7059250">
    <ele>1781.7</ele>
   </trkpt>
   <trkpt lat="34.8796600" lon="-111.7059520">
    <ele>1781.5</ele>
   </trkpt>
   <trkpt lat="34.8796750" lon="-111.7059770">
    <ele>1781.2</ele>
   </trkpt>
   <trkpt lat="34.8796890" lon="-111.7060040">
    <ele>1780.9</ele>
   </trkpt>
   <trkpt lat="34.8797010" lon="-111.7060320">
    <ele>1780.6</ele>
   </trkpt>
   <trkpt lat="34.8797130" lon="-111.7060620">
    <ele>1780.3</ele>
   </trkpt>
   <trkpt lat="34.8797260" lon="-111.7060910">
    <ele>1780.0</ele>
   </trkpt>
   <trkpt lat="34.8797420" lon="-111.7061190">
    <ele>1779.6</ele>
   </trkpt>
   <trkpt lat="34.8797580" lon="-111.7061470">
    <ele>1779.3</ele>
   </trkpt>
   <trkpt lat="34.8797720" lon="-111.7061770">
    <ele>1778.9</ele>
   </trkpt>
   <trkpt lat="34.8797910" lon="-111.7062030">
    <ele>1778.5</ele>
   </trkpt>
   <trkpt lat="34.8798140" lon="-111.7062240">
    <ele>1778.2</ele>
   </trkpt>
   <trkpt lat="34.8798360" lon="-111.7062430">
    <ele>1777.8</ele>
   </trkpt>
   <trkpt lat="34.8798570" lon="-111.7062640">
    <ele>1777.4</ele>
   </trkpt>
   <trkpt lat="34.8798760" lon="-111.7062860">
    <ele>1777.1</ele>
   </trkpt>
   <trkpt lat="34.8798920" lon="-111.7063120">
    <ele>1776.7</ele>
   </trkpt>
   <trkpt lat="34.8799060" lon="-111.7063380">
    <ele>1776.4</ele>
   </trkpt>
   <trkpt lat="34.8799190" lon="-111.7063650">
    <ele>1776.0</ele>
   </trkpt>
   <trkpt lat="34.8799340" lon="-111.7063920">
    <ele>1775.6</ele>
   </trkpt>
   <trkpt lat="34.8799460" lon="-111.7064180">
    <ele>1775.3</ele>
   </trkpt>
   <trkpt lat="34.8799550" lon="-111.7064470">
    <ele>1774.9</ele>
   </trkpt>
   <trkpt lat="34.8799650" lon="-111.7064760">
    <ele>1774.6</ele>
   </trkpt>
   <trkpt lat="34.8799750" lon="-111.7065080">
    <ele>1774.1</ele>
   </trkpt>
   <trkpt lat="34.8799910" lon="-111.7065370">
    <ele>1773.7</ele>
   </trkpt>
   <trkpt lat="34.8800070" lon="-111.7065630">
    <ele>1773.3</ele>
   </trkpt>
   <trkpt lat="34.8800220" lon="-111.7065910">
    <ele>1772.9</ele>
   </trkpt>
   <trkpt lat="34.8800350" lon="-111.7066200">
    <ele>1772.4</ele>
   </trkpt>
   <trkpt lat="34.8800500" lon="-111.7066480">
    <ele>1772.0</ele>
   </trkpt>
   <trkpt lat="34.8800640" lon="-111.7066730">
    <ele>1771.6</ele>
   </trkpt>
   <trkpt lat="34.8800800" lon="-111.7066940">
    <ele>1771.2</ele>
   </trkpt>
   <trkpt lat="34.8800930" lon="-111.7067190">
    <ele>1770.8</ele>
   </trkpt>
   <trkpt lat="34.8801010" lon="-111.7067450">
    <ele>1770.4</ele>
   </trkpt>
   <trkpt lat="34.8801100" lon="-111.7067700">
    <ele>1770.1</ele>
   </trkpt>
   <trkpt lat="34.8801200" lon="-111.7067980">
    <ele>1769.6</ele>
   </trkpt>
   <trkpt lat="34.8801320" lon="-111.7068230">
    <ele>1769.2</ele>
   </trkpt>
   <trkpt lat="34.8801450" lon="-111.7068500">
    <ele>1768.8</ele>
   </trkpt>
   <trkpt lat="34.8801610" lon="-111.7068790">
    <ele>1768.3</ele>
   </trkpt>
   <trkpt lat="34.8801800" lon="-111.7069020">
    <ele>1767.9</ele>
   </trkpt>
   <trkpt lat="34.8802000" lon="-111.7069260">
    <ele>1767.4</ele>
   </trkpt>
   <trkpt lat="34.8802200" lon="-111.7069460">
    <ele>1767.0</ele>
   </trkpt>
   <trkpt lat="34.8802350" lon="-111.7069710">
    <ele>1766.6</ele>
   </trkpt>
   <trkpt lat="34.8802470" lon="-111.7069990">
    <ele>1766.2</ele>
   </trkpt>
   <trkpt lat="34.8802610" lon="-111.7070320">
    <ele>1765.7</ele>
   </trkpt>
   <trkpt lat="34.8802750" lon="-111.7070620">
    <ele>1765.3</ele>
   </trkpt>
   <trkpt lat="34.8802890" lon="-111.7070890">
    <ele>1764.9</ele>
   </trkpt>
   <trkpt lat="34.8803030" lon="-111.7071190">
    <ele>1764.4</ele>
   </trkpt>
   <trkpt lat="34.8803170" lon="-111.7071490">
    <ele>1764.0</ele>
   </trkpt>
   <trkpt lat="34.8803300" lon="-111.7071800">
    <ele>1763.6</ele>
   </trkpt>
   <trkpt lat="34.8803430" lon="-111.7072080">
    <ele>1763.2</ele>
   </trkpt>
   <trkpt lat="34.8803590" lon="-111.7072380">
    <ele>1762.8</ele>
   </trkpt>
   <trkpt lat="34.8803730" lon="-111.7072660">
    <ele>1762.4</ele>
   </trkpt>
   <trkpt lat="34.8803880" lon="-111.7072950">
    <ele>1762.0</ele>
   </trkpt>
   <trkpt lat="34.8804020" lon="-111.7073230">
    <ele>1761.6</ele>
   </trkpt>
   <trkpt lat="34.8804170" lon="-111.7073540">
    <ele>1761.2</ele>
   </trkpt>
   <trkpt lat="34.8804320" lon="-111.7073830">
    <ele>1760.9</ele>
   </trkpt>
   <trkpt lat="34.8804450" lon="-111.7074110">
    <ele>1760.5</ele>
   </trkpt>
   <trkpt lat="34.8804590" lon="-111.7074410">
    <ele>1760.1</ele>
   </trkpt>
   <trkpt lat="34.8804750" lon="-111.7074690">
    <ele>1759.7</ele>
   </trkpt>
   <trkpt lat="34.8804950" lon="-111.7075000">
    <ele>1759.3</ele>
   </trkpt>
   <trkpt lat="34.8805130" lon="-111.7075300">
    <ele>1758.9</ele>
   </trkpt>
   <trkpt lat="34.8805310" lon="-111.7075600">
    <ele>1758.5</ele>
   </trkpt>
   <trkpt lat="34.8805480" lon="-111.7075900">
    <ele>1758.1</ele>
   </trkpt>
   <trkpt lat="34.8805660" lon="-111.7076190">
    <ele>1757.6</ele>
   </trkpt>
   <trkpt lat="34.8805870" lon="-111.7076450">
    <ele>1757.2</ele>
   </trkpt>
   <trkpt lat="34.8806070" lon="-111.7076720">
    <ele>1756.8</ele>
   </trkpt>
   <trkpt lat="34.8806260" lon="-111.7077020">
    <ele>1756.4</ele>
   </trkpt>
   <trkpt lat="34.8806440" lon="-111.7077320">
    <ele>1756.0</ele>
   </trkpt>
   <trkpt lat="34.8806620" lon="-111.7077640">
    <ele>1755.6</ele>
   </trkpt>
   <trkpt lat="34.8806780" lon="-111.7077940">
    <ele>1755.2</ele>
   </trkpt>
   <trkpt lat="34.8806920" lon="-111.7078270">
    <ele>1754.8</ele>
   </trkpt>
   <trkpt lat="34.8807080" lon="-111.7078550">
    <ele>1754.5</ele>
   </trkpt>
   <trkpt lat="34.8807250" lon="-111.7078840">
    <ele>1754.1</ele>
   </trkpt>
   <trkpt lat="34.8807420" lon="-111.7079100">
    <ele>1753.8</ele>
   </trkpt>
   <trkpt lat="34.8807620" lon="-111.7079380">
    <ele>1753.5</ele>
   </trkpt>
   <trkpt lat="34.8807770" lon="-111.7079700">
    <ele>1753.1</ele>
   </trkpt>
   <trkpt lat="34.8807930" lon="-111.7079990">
    <ele>1752.8</ele>
   </trkpt>
   <trkpt lat="34.8808080" lon="-111.7080290">
    <ele>1752.5</ele>
   </trkpt>
   <trkpt lat="34.8808230" lon="-111.7080560">
    <ele>1752.2</ele>
   </trkpt>
   <trkpt lat="34.8808390" lon="-111.7080800">
    <ele>1751.9</ele>
   </trkpt>
   <trkpt lat="34.8808560" lon="-111.7081050">
    <ele>1751.6</ele>
   </trkpt>
   <trkpt lat="34.8808720" lon="-111.7081320">
    <ele>1751.3</ele>
   </trkpt>
   <trkpt lat="34.8808890" lon="-111.7081640">
    <ele>1750.9</ele>
   </trkpt>
   <trkpt lat="34.8809030" lon="-111.7081970">
    <ele>1750.5</ele>
   </trkpt>
   <trkpt lat="34.8809190" lon="-111.7082300">
    <ele>1750.2</ele>
   </trkpt>
   <trkpt lat="34.8809350" lon="-111.7082610">
    <ele>1749.8</ele>
   </trkpt>
   <trkpt lat="34.8809490" lon="-111.7082930">
    <ele>1749.5</ele>
   </trkpt>
   <trkpt lat="34.8809650" lon="-111.7083220">
    <ele>1749.1</ele>
   </trkpt>
   <trkpt lat="34.8809790" lon="-111.7083540">
    <ele>1748.8</ele>
   </trkpt>
   <trkpt lat="34.8809920" lon="-111.7083850">
    <ele>1748.4</ele>
   </trkpt>
   <trkpt lat="34.8810050" lon="-111.7084090">
    <ele>1748.1</ele>
   </trkpt>
   <trkpt lat="34.8810170" lon="-111.7084340">
    <ele>1747.8</ele>
   </trkpt>
   <trkpt lat="34.8810300" lon="-111.7084600">
    <ele>1747.5</ele>
   </trkpt>
   <trkpt lat="34.8810440" lon="-111.7084910">
    <ele>1747.1</ele>
   </trkpt>
   <trkpt lat="34.8810590" lon="-111.7085180">
    <ele>1746.8</ele>
   </trkpt>
   <trkpt lat="34.8810720" lon="-111.7085460">
    <ele>1746.4</ele>
   </trkpt>
   <trkpt lat="34.8810860" lon="-111.7085710">
    <ele>1746.1</ele>
   </trkpt>
   <trkpt lat="34.8811010" lon="-111.7085970">
    <ele>1745.7</ele>
   </trkpt>
   <trkpt lat="34.8811170" lon="-111.7086210">
    <ele>1745.4</ele>
   </trkpt>
   <trkpt lat="34.8811310" lon="-111.7086460">
    <ele>1745.1</ele>
   </trkpt>
   <trkpt lat="34.8811460" lon="-111.7086740">
    <ele>1744.7</ele>
   </trkpt>
   <trkpt lat="34.8811600" lon="-111.7087020">
    <ele>1744.3</ele>
   </trkpt>
   <trkpt lat="34.8811760" lon="-111.7087290">
    <ele>1744.0</ele>
   </trkpt>
   <trkpt lat="34.8811900" lon="-111.7087560">
    <ele>1743.7</ele>
   </trkpt>
   <trkpt lat="34.8812060" lon="-111.7087850">
    <ele>1743.3</ele>
   </trkpt>
   <trkpt lat="34.8812180" lon="-111.7088120">
    <ele>1743.0</ele>
   </trkpt>
   <trkpt lat="34.8812250" lon="-111.7088430">
    <ele>1742.7</ele>
   </trkpt>
   <trkpt lat="34.8812360" lon="-111.7088770">
    <ele>1742.3</ele>
   </trkpt>
   <trkpt lat="34.8812490" lon="-111.7089090">
    <ele>1741.9</ele>
   </trkpt>
   <trkpt lat="34.8812630" lon="-111.7089400">
    <ele>1741.5</ele>
   </trkpt>
   <trkpt lat="34.8812800" lon="-111.7089660">
    <ele>1741.2</ele>
   </trkpt>
   <trkpt lat="34.8812990" lon="-111.7089890">
    <ele>1740.8</ele>
   </trkpt>
   <trkpt lat="34.8813200" lon="-111.7090090">
    <ele>1740.5</ele>
   </trkpt>
   <trkpt lat="34.8813450" lon="-111.7090170">
    <ele>1740.1</ele>
   </trkpt>
   <trkpt lat="34.8813730" lon="-111.7090150">
    <ele>1739.8</ele>
   </trkpt>
   <trkpt lat="34.8813990" lon="-111.7090120">
    <ele>1739.4</ele>
   </trkpt>
   <trkpt lat="34.8814250" lon="-111.7090080">
    <ele>1739.1</ele>
   </trkpt>
   <trkpt lat="34.8814500" lon="-111.7090090">
    <ele>1738.8</ele>
   </trkpt>
   <trkpt lat="34.8814750" lon="-111.7090160">
    <ele>1738.4</ele>
   </trkpt>
   <trkpt lat="34.8815020" lon="-111.7090250">
    <ele>1738.1</ele>
   </trkpt>
   <trkpt lat="34.8815270" lon="-111.7090360">
    <ele>1737.8</ele>
   </trkpt>
   <trkpt lat="34.8815570" lon="-111.7090420">
    <ele>1737.4</ele>
   </trkpt>
   <trkpt lat="34.8815880" lon="-111.7090390">
    <ele>1737.1</ele>
   </trkpt>
   <trkpt lat="34.8816160" lon="-111.7090300">
    <ele>1736.8</ele>
   </trkpt>
   <trkpt lat="34.8816440" lon="-111.7090270">
    <ele>1736.4</ele>
   </trkpt>
   <trkpt lat="34.8816700" lon="-111.7090310">
    <ele>1736.2</ele>
   </trkpt>
   <trkpt lat="34.8816940" lon="-111.7090430">
    <ele>1735.9</ele>
   </trkpt>
   <trkpt lat="34.8817200" lon="-111.7090600">
    <ele>1735.5</ele>
   </trkpt>
   <trkpt lat="34.8817450" lon="-111.7090770">
    <ele>1735.2</ele>
   </trkpt>
   <trkpt lat="34.8817680" lon="-111.7091010">
    <ele>1734.8</ele>
   </trkpt>
   <trkpt lat="34.8817890" lon="-111.7091220">
    <ele>1734.5</ele>
   </trkpt>
   <trkpt lat="34.8818070" lon="-111.7091460">
    <ele>1734.2</ele>
   </trkpt>
   <trkpt lat="34.8818250" lon="-111.7091690">
    <ele>1733.9</ele>
   </trkpt>
   <trkpt lat="34.8818400" lon="-111.7091940">
    <ele>1733.5</ele>
   </trkpt>
   <trkpt lat="34.8818540" lon="-111.7092210">
    <ele>1733.2</ele>
   </trkpt>
   <trkpt lat="34.8818670" lon="-111.7092510">
    <ele>1732.8</ele>
   </trkpt>
   <trkpt lat="34.8818780" lon="-111.7092830">
    <ele>1732.4</ele>
   </trkpt>
   <trkpt lat="34.8818910" lon="-111.7093110">
    <ele>1732.1</ele>
   </trkpt>
   <trkpt lat="34.8819060" lon="-111.7093370">
    <ele>1731.7</ele>
   </trkpt>
   <trkpt lat="34.8819200" lon="-111.7093660">
    <ele>1731.3</ele>
   </trkpt>
   <trkpt lat="34.8819310" lon="-111.7093960">
    <ele>1730.9</ele>
   </trkpt>
   <trkpt lat="34.8819420" lon="-111.7094270">
    <ele>1730.5</ele>
   </trkpt>
   <trkpt lat="34.8819560" lon="-111.7094570">
    <ele>1730.1</ele>
   </trkpt>
   <trkpt lat="34.8819660" lon="-111.7094880">
    <ele>1729.7</ele>
   </trkpt>
   <trkpt lat="34.8819760" lon="-111.7095210">
    <ele>1729.3</ele>
   </trkpt>
   <trkpt lat="34.8819870" lon="-111.7095540">
    <ele>1728.9</ele>
   </trkpt>
   <trkpt lat="34.8820010" lon="-111.7095870">
    <ele>1728.5</ele>
   </trkpt>
   <trkpt lat="34.8820160" lon="-111.7096180">
    <ele>1728.0</ele>
   </trkpt>
   <trkpt lat="34.8820310" lon="-111.7096470">
    <ele>1727.6</ele>
   </trkpt>
   <trkpt lat="34.8820510" lon="-111.7096750">
    <ele>1727.2</ele>
   </trkpt>
   <trkpt lat="34.8820670" lon="-111.7097040">
    <ele>1726.8</ele>
   </trkpt>
   <trkpt lat="34.8820820" lon="-111.7097340">
    <ele>1726.4</ele>
   </trkpt>
   <trkpt lat="34.8820930" lon="-111.7097630">
    <ele>1726.0</ele>
   </trkpt>
   <trkpt lat="34.8821010" lon="-111.7097930">
    <ele>1725.7</ele>
   </trkpt>
   <trkpt lat="34.8821040" lon="-111.7098240">
    <ele>1725.3</ele>
   </trkpt>
   <trkpt lat="34.8821070" lon="-111.7098540">
    <ele>1725.0</ele>
   </trkpt>
   <trkpt lat="34.8821080" lon="-111.7098870">
    <ele>1724.6</ele>
   </trkpt>
   <trkpt lat="34.8821070" lon="-111.7099220">
    <ele>1724.2</ele>
   </trkpt>
   <trkpt lat="34.8821080" lon="-111.7099590">
    <ele>1723.7</ele>
   </trkpt>
   <trkpt lat="34.8821140" lon="-111.7099950">
    <ele>1723.3</ele>
   </trkpt>
   <trkpt lat="34.8821260" lon="-111.7100300">
    <ele>1722.8</ele>
   </trkpt>
   <trkpt lat="34.8821390" lon="-111.7100640">
    <ele>1722.4</ele>
   </trkpt>
   <trkpt lat="34.8821520" lon="-111.7100980">
    <ele>1721.9</ele>
   </trkpt>
   <trkpt lat="34.8821650" lon="-111.7101300">
    <ele>1721.5</ele>
   </trkpt>
   <trkpt lat="34.8821780" lon="-111.7101580">
    <ele>1721.1</ele>
   </trkpt>
   <trkpt lat="34.8821920" lon="-111.7101890">
    <ele>1720.6</ele>
   </trkpt>
   <trkpt lat="34.8822050" lon="-111.7102210">
    <ele>1720.2</ele>
   </trkpt>
   <trkpt lat="34.8822220" lon="-111.7102520">
    <ele>1719.7</ele>
   </trkpt>
   <trkpt lat="34.8822380" lon="-111.7102830">
    <ele>1719.3</ele>
   </trkpt>
   <trkpt lat="34.8822530" lon="-111.7103150">
    <ele>1718.8</ele>
   </trkpt>
   <trkpt lat="34.8822670" lon="-111.7103480">
    <ele>1718.4</ele>
   </trkpt>
   <trkpt lat="34.8822810" lon="-111.7103790">
    <ele>1718.0</ele>
   </trkpt>
   <trkpt lat="34.8822960" lon="-111.7104110">
    <ele>1717.5</ele>
   </trkpt>
   <trkpt lat="34.8823070" lon="-111.7104430">
    <ele>1717.2</ele>
   </trkpt>
   <trkpt lat="34.8823170" lon="-111.7104740">
    <ele>1716.8</ele>
   </trkpt>
   <trkpt lat="34.8823280" lon="-111.7105030">
    <ele>1716.5</ele>
   </trkpt>
   <trkpt lat="34.8823420" lon="-111.7105360">
    <ele>1716.1</ele>
   </trkpt>
   <trkpt lat="34.8823580" lon="-111.7105680">
    <ele>1715.7</ele>
   </trkpt>
   <trkpt lat="34.8823710" lon="-111.7106030">
    <ele>1715.3</ele>
   </trkpt>
   <trkpt lat="34.8823840" lon="-111.7106380">
    <ele>1714.9</ele>
   </trkpt>
   <trkpt lat="34.8823980" lon="-111.7106720">
    <ele>1714.5</ele>
   </trkpt>
   <trkpt lat="34.8824100" lon="-111.7107020">
    <ele>1714.2</ele>
   </trkpt>
   <trkpt lat="34.8824150" lon="-111.7107300">
    <ele>1713.9</ele>
   </trkpt>
   <trkpt lat="34.8824120" lon="-111.7107590">
    <ele>1713.6</ele>
   </trkpt>
   <trkpt lat="34.8823980" lon="-111.7107830">
    <ele>1713.3</ele>
   </trkpt>
   <trkpt lat="34.8823800" lon="-111.7108050">
    <ele>1713.0</ele>
   </trkpt>
   <trkpt lat="34.8823630" lon="-111.7108190">
    <ele>1712.7</ele>
   </trkpt>
   <trkpt lat="34.8823460" lon="-111.7108210">
    <ele>1712.5</ele>
   </trkpt>
   <trkpt lat="34.8823250" lon="-111.7108120">
    <ele>1712.2</ele>
   </trkpt>
   <trkpt lat="34.8823030" lon="-111.7107990">
    <ele>1711.9</ele>
   </trkpt>
   <trkpt lat="34.8822820" lon="-111.7107740">
    <ele>1711.5</ele>
   </trkpt>
   <trkpt lat="34.8822680" lon="-111.7107480">
    <ele>1711.2</ele>
   </trkpt>
   <trkpt lat="34.8822540" lon="-111.7107190">
    <ele>1710.8</ele>
   </trkpt>
   <trkpt lat="34.8822390" lon="-111.7106880">
    <ele>1710.4</ele>
   </trkpt>
   <trkpt lat="34.8822220" lon="-111.7106550">
    <ele>1710.0</ele>
   </trkpt>
   <trkpt lat="34.8822060" lon="-111.7106220">
    <ele>1709.6</ele>
   </trkpt>
   <trkpt lat="34.8821930" lon="-111.7105920">
    <ele>1709.3</ele>
   </trkpt>
   <trkpt lat="34.8821780" lon="-111.7105690">
    <ele>1709.0</ele>
   </trkpt>
   <trkpt lat="34.8821610" lon="-111.7105440">
    <ele>1708.6</ele>
   </trkpt>
   <trkpt lat="34.8821420" lon="-111.7105220">
    <ele>1708.3</ele>
   </trkpt>
   <trkpt lat="34.8821280" lon="-111.7104960">
    <ele>1708.1</ele>
   </trkpt>
   <trkpt lat="34.8821150" lon="-111.7104710">
    <ele>1707.8</ele>
   </trkpt>
   <trkpt lat="34.8821010" lon="-111.7104460">
    <ele>1707.5</ele>
   </trkpt>
   <trkpt lat="34.8820830" lon="-111.7104240">
    <ele>1707.2</ele>
   </trkpt>
   <trkpt lat="34.8820630" lon="-111.7104040">
    <ele>1706.9</ele>
   </trkpt>
   <trkpt lat="34.8820410" lon="-111.7103820">
    <ele>1706.6</ele>
   </trkpt>
   <trkpt lat="34.8820190" lon="-111.7103610">
    <ele>1706.3</ele>
   </trkpt>
   <trkpt lat="34.8819970" lon="-111.7103430">
    <ele>1706.0</ele>
   </trkpt>
   <trkpt lat="34.8819780" lon="-111.7103270">
    <ele>1705.8</ele>
   </trkpt>
   <trkpt lat="34.8819570" lon="-111.7103060">
    <ele>1705.6</ele>
   </trkpt>
   <trkpt lat="34.8819350" lon="-111.7102830">
    <ele>1705.4</ele>
   </trkpt>
   <trkpt lat="34.8819110" lon="-111.7102600">
    <ele>1704.8</ele>
   </trkpt>
   <trkpt lat="34.8818880" lon="-111.7102370">
    <ele>1704.6</ele>
   </trkpt>
   <trkpt lat="34.8818660" lon="-111.7102150">
    <ele>1704.4</ele>
   </trkpt>
   <trkpt lat="34.8818420" lon="-111.7101970">
    <ele>1704.3</ele>
   </trkpt>
   <trkpt lat="34.8818170" lon="-111.7101820">
    <ele>1704.1</ele>
   </trkpt>
   <trkpt lat="34.8817910" lon="-111.7101660">
    <ele>1703.9</ele>
   </trkpt>
   <trkpt lat="34.8817660" lon="-111.7101480">
    <ele>1703.7</ele>
   </trkpt>
   <trkpt lat="34.8817470" lon="-111.7101330">
    <ele>1703.5</ele>
   </trkpt>
   <trkpt lat="34.8817300" lon="-111.7101210">
    <ele>1703.3</ele>
   </trkpt>
   <trkpt lat="34.8817160" lon="-111.7101050">
    <ele>1703.2</ele>
   </trkpt>
   <trkpt lat="34.8816970" lon="-111.7100900">
    <ele>1703.0</ele>
   </trkpt>
   <trkpt lat="34.8816750" lon="-111.7100840">
    <ele>1702.9</ele>
   </trkpt>
   <trkpt lat="34.8816470" lon="-111.7100770">
    <ele>1702.7</ele>
   </trkpt>
   <trkpt lat="34.8816190" lon="-111.7100610">
    <ele>1702.5</ele>
   </trkpt>
   <trkpt lat="34.8815940" lon="-111.7100440">
    <ele>1702.3</ele>
   </trkpt>
   <trkpt lat="34.8815720" lon="-111.7100310">
    <ele>1702.2</ele>
   </trkpt>
   <trkpt lat="34.8815470" lon="-111.7100100">
    <ele>1702.1</ele>
   </trkpt>
   <trkpt lat="34.8815200" lon="-111.7099840">
    <ele>1701.9</ele>
   </trkpt>
   <trkpt lat="34.8814960" lon="-111.7099590">
    <ele>1701.7</ele>
   </trkpt>
   <trkpt lat="34.8814720" lon="-111.7099330">
    <ele>1701.6</ele>
   </trkpt>
   <trkpt lat="34.8814470" lon="-111.7099080">
    <ele>1701.4</ele>
   </trkpt>
   <trkpt lat="34.8814240" lon="-111.7098810">
    <ele>1701.3</ele>
   </trkpt>
   <trkpt lat="34.8814020" lon="-111.7098530">
    <ele>1701.1</ele>
   </trkpt>
   <trkpt lat="34.8813820" lon="-111.7098240">
    <ele>1701.0</ele>
   </trkpt>
   <trkpt lat="34.8813600" lon="-111.7097940">
    <ele>1700.8</ele>
   </trkpt>
   <trkpt lat="34.8813380" lon="-111.7097670">
    <ele>1700.6</ele>
   </trkpt>
   <trkpt lat="34.8813130" lon="-111.7097430">
    <ele>1700.4</ele>
   </trkpt>
   <trkpt lat="34.8812860" lon="-111.7097210">
    <ele>1700.2</ele>
   </trkpt>
   <trkpt lat="34.8812570" lon="-111.7097000">
    <ele>1700.1</ele>
   </trkpt>
   <trkpt lat="34.8812290" lon="-111.7096830">
    <ele>1699.9</ele>
   </trkpt>
   <trkpt lat="34.8811970" lon="-111.7096700">
    <ele>1699.7</ele>
   </trkpt>
   <trkpt lat="34.8811620" lon="-111.7096570">
    <ele>1699.5</ele>
   </trkpt>
   <trkpt lat="34.8811270" lon="-111.7096450">
    <ele>1699.3</ele>
   </trkpt>
   <trkpt lat="34.8810940" lon="-111.7096380">
    <ele>1699.2</ele>
   </trkpt>
   <trkpt lat="34.8810640" lon="-111.7096330">
    <ele>1699.0</ele>
   </trkpt>
   <trkpt lat="34.8810340" lon="-111.7096280">
    <ele>1698.8</ele>
   </trkpt>
   <trkpt lat="34.8810040" lon="-111.7096260">
    <ele>1698.7</ele>
   </trkpt>
   <trkpt lat="34.8809710" lon="-111.7096280">
    <ele>1698.5</ele>
   </trkpt>
   <trkpt lat="34.8809410" lon="-111.7096330">
    <ele>1698.4</ele>
   </trkpt>
   <trkpt lat="34.8809110" lon="-111.7096430">
    <ele>1698.2</ele>
   </trkpt>
   <trkpt lat="34.8808800" lon="-111.7096500">
    <ele>1698.0</ele>
   </trkpt>
   <trkpt lat="34.8808460" lon="-111.7096590">
    <ele>1697.9</ele>
   </trkpt>
   <trkpt lat="34.8808140" lon="-111.7096630">
    <ele>1697.7</ele>
   </trkpt>
   <trkpt lat="34.8807820" lon="-111.7096650">
    <ele>1697.6</ele>
   </trkpt>
   <trkpt lat="34.8807530" lon="-111.7096680">
    <ele>1697.4</ele>
   </trkpt>
   <trkpt lat="34.8807250" lon="-111.7096680">
    <ele>1697.3</ele>
   </trkpt>
   <trkpt lat="34.8806950" lon="-111.7096700">
    <ele>1697.1</ele>
   </trkpt>
   <trkpt lat="34.8806660" lon="-111.7096720">
    <ele>1697.0</ele>
   </trkpt>
   <trkpt lat="34.8806360" lon="-111.7096750">
    <ele>1696.8</ele>
   </trkpt>
   <trkpt lat="34.8806040" lon="-111.7096760">
    <ele>1696.7</ele>
   </trkpt>
   <trkpt lat="34.8805740" lon="-111.7096750">
    <ele>1696.5</ele>
   </trkpt>
   <trkpt lat="34.8805430" lon="-111.7096650">
    <ele>1696.4</ele>
   </trkpt>
   <trkpt lat="34.8805170" lon="-111.7096550">
    <ele>1696.2</ele>
   </trkpt>
   <trkpt lat="34.8804900" lon="-111.7096370">
    <ele>1696.1</ele>
   </trkpt>
   <trkpt lat="34.8804690" lon="-111.7096140">
    <ele>1695.9</ele>
   </trkpt>
   <trkpt lat="34.8804450" lon="-111.7095870">
    <ele>1695.7</ele>
   </trkpt>
   <trkpt lat="34.8804180" lon="-111.7095640">
    <ele>1695.6</ele>
   </trkpt>
   <trkpt lat="34.8803890" lon="-111.7095450">
    <ele>1695.4</ele>
   </trkpt>
   <trkpt lat="34.8803610" lon="-111.7095310">
    <ele>1695.2</ele>
   </trkpt>
   <trkpt lat="34.8803320" lon="-111.7095180">
    <ele>1695.1</ele>
   </trkpt>
   <trkpt lat="34.8803040" lon="-111.7095030">
    <ele>1694.9</ele>
   </trkpt>
   <trkpt lat="34.8802740" lon="-111.7094890">
    <ele>1694.7</ele>
   </trkpt>
   <trkpt lat="34.8802450" lon="-111.7094800">
    <ele>1694.6</ele>
   </trkpt>
   <trkpt lat="34.8802160" lon="-111.7094710">
    <ele>1694.4</ele>
   </trkpt>
   <trkpt lat="34.8801860" lon="-111.7094630">
    <ele>1694.2</ele>
   </trkpt>
   <trkpt lat="34.8801580" lon="-111.7094530">
    <ele>1694.1</ele>
   </trkpt>
   <trkpt lat="34.8801290" lon="-111.7094380">
    <ele>1693.9</ele>
   </trkpt>
   <trkpt lat="34.8800990" lon="-111.7094230">
    <ele>1693.7</ele>
   </trkpt>
   <trkpt lat="34.8800720" lon="-111.7094050">
    <ele>1693.5</ele>
   </trkpt>
   <trkpt lat="34.8800460" lon="-111.7093850">
    <ele>1693.3</ele>
   </trkpt>
   <trkpt lat="34.8800200" lon="-111.7093630">
    <ele>1693.0</ele>
   </trkpt>
   <trkpt lat="34.8799960" lon="-111.7093450">
    <ele>1692.8</ele>
   </trkpt>
   <trkpt lat="34.8799760" lon="-111.7093250">
    <ele>1692.7</ele>
   </trkpt>
   <trkpt lat="34.8799520" lon="-111.7093050">
    <ele>1692.5</ele>
   </trkpt>
   <trkpt lat="34.8799280" lon="-111.7092840">
    <ele>1692.3</ele>
   </trkpt>
   <trkpt lat="34.8799030" lon="-111.7092640">
    <ele>1692.1</ele>
   </trkpt>
   <trkpt lat="34.8798750" lon="-111.7092430">
    <ele>1691.9</ele>
   </trkpt>
   <trkpt lat="34.8798490" lon="-111.7092170">
    <ele>1691.7</ele>
   </trkpt>
   <trkpt lat="34.8798250" lon="-111.7091920">
    <ele>1691.5</ele>
   </trkpt>
   <trkpt lat="34.8798010" lon="-111.7091640">
    <ele>1691.3</ele>
   </trkpt>
   <trkpt lat="34.8797770" lon="-111.7091350">
    <ele>1691.2</ele>
   </trkpt>
   <trkpt lat="34.8797530" lon="-111.7091070">
    <ele>1691.0</ele>
   </trkpt>
   <trkpt lat="34.8797310" lon="-111.7090820">
    <ele>1690.8</ele>
   </trkpt>
   <trkpt lat="34.8797080" lon="-111.7090560">
    <ele>1690.7</ele>
   </trkpt>
   <trkpt lat="34.8796870" lon="-111.7090330">
    <ele>1690.5</ele>
   </trkpt>
   <trkpt lat="34.8796670" lon="-111.7090070">
    <ele>1690.4</ele>
   </trkpt>
   <trkpt lat="34.8796500" lon="-111.7089820">
    <ele>1690.2</ele>
   </trkpt>
   <trkpt lat="34.8796310" lon="-111.7089540">
    <ele>1690.1</ele>
   </trkpt>
   <trkpt lat="34.8796110" lon="-111.7089270">
    <ele>1689.9</ele>
   </trkpt>
   <trkpt lat="34.8795900" lon="-111.7089010">
    <ele>1689.7</ele>
   </trkpt>
   <trkpt lat="34.8795670" lon="-111.7088760">
    <ele>1689.5</ele>
   </trkpt>
   <trkpt lat="34.8795420" lon="-111.7088510">
    <ele>1689.3</ele>
   </trkpt>
   <trkpt lat="34.8795180" lon="-111.7088240">
    <ele>1689.1</ele>
   </trkpt>
   <trkpt lat="34.8794960" lon="-111.7087970">
    <ele>1688.9</ele>
   </trkpt>
   <trkpt lat="34.8794720" lon="-111.7087680">
    <ele>1688.7</ele>
   </trkpt>
   <trkpt lat="34.8794500" lon="-111.7087410">
    <ele>1688.5</ele>
   </trkpt>
   <trkpt lat="34.8794280" lon="-111.7087140">
    <ele>1688.3</ele>
   </trkpt>
   <trkpt lat="34.8794040" lon="-111.7086880">
    <ele>1688.1</ele>
   </trkpt>
   <trkpt lat="34.8793780" lon="-111.7086610">
    <ele>1687.9</ele>
   </trkpt>
   <trkpt lat="34.8793530" lon="-111.7086360">
    <ele>1687.6</ele>
   </trkpt>
   <trkpt lat="34.8793270" lon="-111.7086150">
    <ele>1687.4</ele>
   </trkpt>
   <trkpt lat="34.8792970" lon="-111.7085940">
    <ele>1687.1</ele>
   </trkpt>
   <trkpt lat="34.8792690" lon="-111.7085730">
    <ele>1686.9</ele>
   </trkpt>
   <trkpt lat="34.8792370" lon="-111.7085530">
    <ele>1686.6</ele>
   </trkpt>
   <trkpt lat="34.8792070" lon="-111.7085360">
    <ele>1686.4</ele>
   </trkpt>
   <trkpt lat="34.8791800" lon="-111.7085200">
    <ele>1686.2</ele>
   </trkpt>
   <trkpt lat="34.8791500" lon="-111.7085050">
    <ele>1685.9</ele>
   </trkpt>
   <trkpt lat="34.8791200" lon="-111.7084930">
    <ele>1685.7</ele>
   </trkpt>
   <trkpt lat="34.8790900" lon="-111.7084790">
    <ele>1685.4</ele>
   </trkpt>
   <trkpt lat="34.8790610" lon="-111.7084690">
    <ele>1685.2</ele>
   </trkpt>
   <trkpt lat="34.8790310" lon="-111.7084530">
    <ele>1685.0</ele>
   </trkpt>
   <trkpt lat="34.8790030" lon="-111.7084350">
    <ele>1684.8</ele>
   </trkpt>
   <trkpt lat="34.8789750" lon="-111.7084160">
    <ele>1684.5</ele>
   </trkpt>
   <trkpt lat="34.8789470" lon="-111.7083980">
    <ele>1684.3</ele>
   </trkpt>
   <trkpt lat="34.8789240" lon="-111.7083830">
    <ele>1684.1</ele>
   </trkpt>
   <trkpt lat="34.8788980" lon="-111.7083660">
    <ele>1683.9</ele>
   </trkpt>
   <trkpt lat="34.8788720" lon="-111.7083490">
    <ele>1683.7</ele>
   </trkpt>
   <trkpt lat="34.8788470" lon="-111.7083320">
    <ele>1683.6</ele>
   </trkpt>
   <trkpt lat="34.8788220" lon="-111.7083170">
    <ele>1683.4</ele>
   </trkpt>
   <trkpt lat="34.8787980" lon="-111.7082950">
    <ele>1683.2</ele>
   </trkpt>
   <trkpt lat="34.8787740" lon="-111.7082740">
    <ele>1683.0</ele>
   </trkpt>
   <trkpt lat="34.8787520" lon="-111.7082540">
    <ele>1682.8</ele>
   </trkpt>
   <trkpt lat="34.8787280" lon="-111.7082330">
    <ele>1682.6</ele>
   </trkpt>
   <trkpt lat="34.8787030" lon="-111.7082110">
    <ele>1682.4</ele>
   </trkpt>
   <trkpt lat="34.8786790" lon="-111.7081880">
    <ele>1682.2</ele>
   </trkpt>
   <trkpt lat="34.8786570" lon="-111.7081650">
    <ele>1682.0</ele>
   </trkpt>
   <trkpt lat="34.8786340" lon="-111.7081390">
    <ele>1681.8</ele>
   </trkpt>
   <trkpt lat="34.8786090" lon="-111.7081140">
    <ele>1681.6</ele>
   </trkpt>
   <trkpt lat="34.8785830" lon="-111.7080910">
    <ele>1681.4</ele>
   </trkpt>
   <trkpt lat="34.8785550" lon="-111.7080690">
    <ele>1681.2</ele>
   </trkpt>
   <trkpt lat="34.8785290" lon="-111.7080530">
    <ele>1681.0</ele>
   </trkpt>
   <trkpt lat="34.8785000" lon="-111.7080370">
    <ele>1680.7</ele>
   </trkpt>
   <trkpt lat="34.8784700" lon="-111.7080230">
    <ele>1680.5</ele>
   </trkpt>
   <trkpt lat="34.8784390" lon="-111.7080090">
    <ele>1680.3</ele>
   </trkpt>
   <trkpt lat="34.8784050" lon="-111.7079960">
    <ele>1680.1</ele>
   </trkpt>
   <trkpt lat="34.8783710" lon="-111.7079820">
    <ele>1679.8</ele>
   </trkpt>
   <trkpt lat="34.8783380" lon="-111.7079680">
    <ele>1679.6</ele>
   </trkpt>
   <trkpt lat="34.8783040" lon="-111.7079560">
    <ele>1679.4</ele>
   </trkpt>
   <trkpt lat="34.8782730" lon="-111.7079450">
    <ele>1679.2</ele>
   </trkpt>
   <trkpt lat="34.8782430" lon="-111.7079360">
    <ele>1678.9</ele>
   </trkpt>
   <trkpt lat="34.8782150" lon="-111.7079220">
    <ele>1678.7</ele>
   </trkpt>
   <trkpt lat="34.8781900" lon="-111.7079060">
    <ele>1678.5</ele>
   </trkpt>
   <trkpt lat="34.8781660" lon="-111.7078890">
    <ele>1678.3</ele>
   </trkpt>
   <trkpt lat="34.8781390" lon="-111.7078710">
    <ele>1678.1</ele>
   </trkpt>
   <trkpt lat="34.8781120" lon="-111.7078520">
    <ele>1677.9</ele>
   </trkpt>
   <trkpt lat="34.8780870" lon="-111.7078380">
    <ele>1677.7</ele>
   </trkpt>
   <trkpt lat="34.8780650" lon="-111.7078180">
    <ele>1677.5</ele>
   </trkpt>
   <trkpt lat="34.8780490" lon="-111.7077900">
    <ele>1677.3</ele>
   </trkpt>
   <trkpt lat="34.8780380" lon="-111.7077660">
    <ele>1677.1</ele>
   </trkpt>
   <trkpt lat="34.8780240" lon="-111.7077350">
    <ele>1676.9</ele>
   </trkpt>
   <trkpt lat="34.8780110" lon="-111.7077040">
    <ele>1676.7</ele>
   </trkpt>
   <trkpt lat="34.8779990" lon="-111.7076690">
    <ele>1676.5</ele>
   </trkpt>
   <trkpt lat="34.8779870" lon="-111.7076350">
    <ele>1676.2</ele>
   </trkpt>
   <trkpt lat="34.8779780" lon="-111.7076040">
    <ele>1676.0</ele>
   </trkpt>
   <trkpt lat="34.8779670" lon="-111.7075710">
    <ele>1675.8</ele>
   </trkpt>
   <trkpt lat="34.8779570" lon="-111.7075420">
    <ele>1675.6</ele>
   </trkpt>
   <trkpt lat="34.8779480" lon="-111.7075100">
    <ele>1675.4</ele>
   </trkpt>
   <trkpt lat="34.8779340" lon="-111.7074840">
    <ele>1675.2</ele>
   </trkpt>
   <trkpt lat="34.8779180" lon="-111.7074570">
    <ele>1675.1</ele>
   </trkpt>
   <trkpt lat="34.8778980" lon="-111.7074280">
    <ele>1674.8</ele>
   </trkpt>
   <trkpt lat="34.8778770" lon="-111.7073990">
    <ele>1674.6</ele>
   </trkpt>
   <trkpt lat="34.8778500" lon="-111.7073790">
    <ele>1674.4</ele>
   </trkpt>
   <trkpt lat="34.8778200" lon="-111.7073590">
    <ele>1674.2</ele>
   </trkpt>
   <trkpt lat="34.8777860" lon="-111.7073400">
    <ele>1673.9</ele>
   </trkpt>
   <trkpt lat="34.8777590" lon="-111.7073300">
    <ele>1673.7</ele>
   </trkpt>
   <trkpt lat="34.8777280" lon="-111.7073240">
    <ele>1673.5</ele>
   </trkpt>
   <trkpt lat="34.8776980" lon="-111.7073210">
    <ele>1673.3</ele>
   </trkpt>
   <trkpt lat="34.8776680" lon="-111.7073200">
    <ele>1673.1</ele>
   </trkpt>
   <trkpt lat="34.8776360" lon="-111.7073180">
    <ele>1672.8</ele>
   </trkpt>
   <trkpt lat="34.8776050" lon="-111.7073150">
    <ele>1672.6</ele>
   </trkpt>
   <trkpt lat="34.8775740" lon="-111.7073130">
    <ele>1672.4</ele>
   </trkpt>
   <trkpt lat="34.8775420" lon="-111.7073100">
    <ele>1672.1</ele>
   </trkpt>
   <trkpt lat="34.8775120" lon="-111.7073090">
    <ele>1671.9</ele>
   </trkpt>
   <trkpt lat="34.8774810" lon="-111.7073090">
    <ele>1671.7</ele>
   </trkpt>
   <trkpt lat="34.8774510" lon="-111.7073070">
    <ele>1671.5</ele>
   </trkpt>
   <trkpt lat="34.8774180" lon="-111.7073070">
    <ele>1671.2</ele>
   </trkpt>
   <trkpt lat="34.8773870" lon="-111.7073070">
    <ele>1671.0</ele>
   </trkpt>
   <trkpt lat="34.8773570" lon="-111.7073060">
    <ele>1670.8</ele>
   </trkpt>
   <trkpt lat="34.8773250" lon="-111.7073020">
    <ele>1670.6</ele>
   </trkpt>
   <trkpt lat="34.8772920" lon="-111.7072970">
    <ele>1670.4</ele>
   </trkpt>
   <trkpt lat="34.8772600" lon="-111.7072930">
    <ele>1670.2</ele>
   </trkpt>
   <trkpt lat="34.8772270" lon="-111.7072910">
    <ele>1670.0</ele>
   </trkpt>
   <trkpt lat="34.8771940" lon="-111.7072890">
    <ele>1669.7</ele>
   </trkpt>
   <trkpt lat="34.8771610" lon="-111.7072880">
    <ele>1669.5</ele>
   </trkpt>
   <trkpt lat="34.8771320" lon="-111.7072900">
    <ele>1669.3</ele>
   </trkpt>
   <trkpt lat="34.8771030" lon="-111.7072930">
    <ele>1669.2</ele>
   </trkpt>
   <trkpt lat="34.8770730" lon="-111.7072930">
    <ele>1669.0</ele>
   </trkpt>
   <trkpt lat="34.8770460" lon="-111.7072920">
    <ele>1668.8</ele>
   </trkpt>
   <trkpt lat="34.8770160" lon="-111.7072890">
    <ele>1668.6</ele>
   </trkpt>
   <trkpt lat="34.8769860" lon="-111.7072840">
    <ele>1668.4</ele>
   </trkpt>
   <trkpt lat="34.8769580" lon="-111.7072790">
    <ele>1668.2</ele>
   </trkpt>
   <trkpt lat="34.8769310" lon="-111.7072750">
    <ele>1668.1</ele>
   </trkpt>
   <trkpt lat="34.8769040" lon="-111.7072690">
    <ele>1667.9</ele>
   </trkpt>
   <trkpt lat="34.8768740" lon="-111.7072610">
    <ele>1667.7</ele>
   </trkpt>
   <trkpt lat="34.8768450" lon="-111.7072560">
    <ele>1667.5</ele>
   </trkpt>
   <trkpt lat="34.8768140" lon="-111.7072520">
    <ele>1667.3</ele>
   </trkpt>
   <trkpt lat="34.8767810" lon="-111.7072470">
    <ele>1667.1</ele>
   </trkpt>
   <trkpt lat="34.8767510" lon="-111.7072410">
    <ele>1666.9</ele>
   </trkpt>
   <trkpt lat="34.8767180" lon="-111.7072380">
    <ele>1666.7</ele>
   </trkpt>
   <trkpt lat="34.8766890" lon="-111.7072390">
    <ele>1666.4</ele>
   </trkpt>
   <trkpt lat="34.8766600" lon="-111.7072340">
    <ele>1666.2</ele>
   </trkpt>
   <trkpt lat="34.8766300" lon="-111.7072280">
    <ele>1666.0</ele>
   </trkpt>
   <trkpt lat="34.8766020" lon="-111.7072220">
    <ele>1665.8</ele>
   </trkpt>
   <trkpt lat="34.8765670" lon="-111.7072080">
    <ele>1665.5</ele>
   </trkpt>
   <trkpt lat="34.8765350" lon="-111.7071960">
    <ele>1665.2</ele>
   </trkpt>
   <trkpt lat="34.8765010" lon="-111.7071820">
    <ele>1665.0</ele>
   </trkpt>
   <trkpt lat="34.8764680" lon="-111.7071670">
    <ele>1664.7</ele>
   </trkpt>
   <trkpt lat="34.8764340" lon="-111.7071540">
    <ele>1664.4</ele>
   </trkpt>
   <trkpt lat="34.8764010" lon="-111.7071430">
    <ele>1664.2</ele>
   </trkpt>
   <trkpt lat="34.8763700" lon="-111.7071360">
    <ele>1663.9</ele>
   </trkpt>
   <trkpt lat="34.8763390" lon="-111.7071350">
    <ele>1663.7</ele>
   </trkpt>
   <trkpt lat="34.8763100" lon="-111.7071380">
    <ele>1663.5</ele>
   </trkpt>
   <trkpt lat="34.8762790" lon="-111.7071420">
    <ele>1663.3</ele>
   </trkpt>
   <trkpt lat="34.8762470" lon="-111.7071450">
    <ele>1663.0</ele>
   </trkpt>
   <trkpt lat="34.8762140" lon="-111.7071510">
    <ele>1662.8</ele>
   </trkpt>
   <trkpt lat="34.8761870" lon="-111.7071680">
    <ele>1662.5</ele>
   </trkpt>
   <trkpt lat="34.8761550" lon="-111.7071800">
    <ele>1662.3</ele>
   </trkpt>
   <trkpt lat="34.8761220" lon="-111.7071880">
    <ele>1662.1</ele>
   </trkpt>
   <trkpt lat="34.8760910" lon="-111.7071960">
    <ele>1661.9</ele>
   </trkpt>
   <trkpt lat="34.8760590" lon="-111.7072090">
    <ele>1661.6</ele>
   </trkpt>
   <trkpt lat="34.8760280" lon="-111.7072160">
    <ele>1661.4</ele>
   </trkpt>
   <trkpt lat="34.8759980" lon="-111.7072250">
    <ele>1661.2</ele>
   </trkpt>
   <trkpt lat="34.8759700" lon="-111.7072370">
    <ele>1661.0</ele>
   </trkpt>
   <trkpt lat="34.8759420" lon="-111.7072480">
    <ele>1660.8</ele>
   </trkpt>
   <trkpt lat="34.8759140" lon="-111.7072650">
    <ele>1660.6</ele>
   </trkpt>
   <trkpt lat="34.8758870" lon="-111.7072780">
    <ele>1660.4</ele>
   </trkpt>
   <trkpt lat="34.8758610" lon="-111.7072900">
    <ele>1660.2</ele>
   </trkpt>
   <trkpt lat="34.8758330" lon="-111.7072980">
    <ele>1660.1</ele>
   </trkpt>
   <trkpt lat="34.8758050" lon="-111.7073050">
    <ele>1659.9</ele>
   </trkpt>
   <trkpt lat="34.8757740" lon="-111.7073120">
    <ele>1659.7</ele>
   </trkpt>
   <trkpt lat="34.8757450" lon="-111.7073170">
    <ele>1659.5</ele>
   </trkpt>
   <trkpt lat="34.8757150" lon="-111.7073200">
    <ele>1659.3</ele>
   </trkpt>
   <trkpt lat="34.8756850" lon="-111.7073210">
    <ele>1659.1</ele>
   </trkpt>
   <trkpt lat="34.8756560" lon="-111.7073200">
    <ele>1658.9</ele>
   </trkpt>
   <trkpt lat="34.8756260" lon="-111.7073190">
    <ele>1658.6</ele>
   </trkpt>
   <trkpt lat="34.8755950" lon="-111.7073190">
    <ele>1658.4</ele>
   </trkpt>
   <trkpt lat="34.8755610" lon="-111.7073150">
    <ele>1658.2</ele>
   </trkpt>
   <trkpt lat="34.8755260" lon="-111.7073090">
    <ele>1657.9</ele>
   </trkpt>
   <trkpt lat="34.8754930" lon="-111.7073040">
    <ele>1657.6</ele>
   </trkpt>
   <trkpt lat="34.8754600" lon="-111.7072980">
    <ele>1657.4</ele>
   </trkpt>
   <trkpt lat="34.8754310" lon="-111.7072910">
    <ele>1657.2</ele>
   </trkpt>
   <trkpt lat="34.8754000" lon="-111.7072850">
    <ele>1656.9</ele>
   </trkpt>
   <trkpt lat="34.8753750" lon="-111.7072810">
    <ele>1656.7</ele>
   </trkpt>
   <trkpt lat="34.8753460" lon="-111.7072720">
    <ele>1656.5</ele>
   </trkpt>
   <trkpt lat="34.8753170" lon="-111.7072680">
    <ele>1656.2</ele>
   </trkpt>
   <trkpt lat="34.8752900" lon="-111.7072670">
    <ele>1656.0</ele>
   </trkpt>
   <trkpt lat="34.8752610" lon="-111.7072740">
    <ele>1655.8</ele>
   </trkpt>
   <trkpt lat="34.8752290" lon="-111.7072740">
    <ele>1655.5</ele>
   </trkpt>
   <trkpt lat="34.8751960" lon="-111.7072690">
    <ele>1655.2</ele>
   </trkpt>
   <trkpt lat="34.8751630" lon="-111.7072620">
    <ele>1654.9</ele>
   </trkpt>
   <trkpt lat="34.8751320" lon="-111.7072580">
    <ele>1654.6</ele>
   </trkpt>
   <trkpt lat="34.8751030" lon="-111.7072500">
    <ele>1654.3</ele>
   </trkpt>
   <trkpt lat="34.8750730" lon="-111.7072400">
    <ele>1654.1</ele>
   </trkpt>
   <trkpt lat="34.8750430" lon="-111.7072230">
    <ele>1653.8</ele>
   </trkpt>
   <trkpt lat="34.8750120" lon="-111.7072070">
    <ele>1653.5</ele>
   </trkpt>
   <trkpt lat="34.8749830" lon="-111.7071920">
    <ele>1653.2</ele>
   </trkpt>
   <trkpt lat="34.8749570" lon="-111.7071800">
    <ele>1653.0</ele>
   </trkpt>
   <trkpt lat="34.8749370" lon="-111.7071620">
    <ele>1652.7</ele>
   </trkpt>
   <trkpt lat="34.8749190" lon="-111.7071450">
    <ele>1652.5</ele>
   </trkpt>
   <trkpt lat="34.8748990" lon="-111.7071210">
    <ele>1652.2</ele>
   </trkpt>
   <trkpt lat="34.8748740" lon="-111.7070970">
    <ele>1651.9</ele>
   </trkpt>
   <trkpt lat="34.8748500" lon="-111.7070740">
    <ele>1651.6</ele>
   </trkpt>
   <trkpt lat="34.8748270" lon="-111.7070520">
    <ele>1651.3</ele>
   </trkpt>
   <trkpt lat="34.8748050" lon="-111.7070290">
    <ele>1651.1</ele>
   </trkpt>
   <trkpt lat="34.8747830" lon="-111.7070040">
    <ele>1650.8</ele>
   </trkpt>
   <trkpt lat="34.8747650" lon="-111.7069750">
    <ele>1650.5</ele>
   </trkpt>
   <trkpt lat="34.8747440" lon="-111.7069520">
    <ele>1650.3</ele>
   </trkpt>
   <trkpt lat="34.8747210" lon="-111.7069270">
    <ele>1650.0</ele>
   </trkpt>
   <trkpt lat="34.8746980" lon="-111.7069060">
    <ele>1649.7</ele>
   </trkpt>
   <trkpt lat="34.8746720" lon="-111.7068890">
    <ele>1649.5</ele>
   </trkpt>
   <trkpt lat="34.8746420" lon="-111.7068790">
    <ele>1649.2</ele>
   </trkpt>
   <trkpt lat="34.8746060" lon="-111.7068730">
    <ele>1648.9</ele>
   </trkpt>
   <trkpt lat="34.8745760" lon="-111.7068650">
    <ele>1648.6</ele>
   </trkpt>
   <trkpt lat="34.8745460" lon="-111.7068530">
    <ele>1648.4</ele>
   </trkpt>
   <trkpt lat="34.8745140" lon="-111.7068460">
    <ele>1648.1</ele>
   </trkpt>
   <trkpt lat="34.8744820" lon="-111.7068350">
    <ele>1647.8</ele>
   </trkpt>
   <trkpt lat="34.8744500" lon="-111.7068220">
    <ele>1647.6</ele>
   </trkpt>
   <trkpt lat="34.8744190" lon="-111.7068130">
    <ele>1647.3</ele>
   </trkpt>
   <trkpt lat="34.8743890" lon="-111.7068030">
    <ele>1647.0</ele>
   </trkpt>
   <trkpt lat="34.8743580" lon="-111.7067960">
    <ele>1646.8</ele>
   </trkpt>
   <trkpt lat="34.8743270" lon="-111.7067890">
    <ele>1646.5</ele>
   </trkpt>
   <trkpt lat="34.8742970" lon="-111.7067860">
    <ele>1646.3</ele>
   </trkpt>
   <trkpt lat="34.8742670" lon="-111.7067850">
    <ele>1646.0</ele>
   </trkpt>
   <trkpt lat="34.8742380" lon="-111.7067900">
    <ele>1645.8</ele>
   </trkpt>
   <trkpt lat="34.8742090" lon="-111.7067950">
    <ele>1645.5</ele>
   </trkpt>
   <trkpt lat="34.8741830" lon="-111.7068050">
    <ele>1645.3</ele>
   </trkpt>
   <trkpt lat="34.8741610" lon="-111.7068160">
    <ele>1645.1</ele>
   </trkpt>
   <trkpt lat="34.8741360" lon="-111.7068330">
    <ele>1644.8</ele>
   </trkpt>
   <trkpt lat="34.8741100" lon="-111.7068510">
    <ele>1644.5</ele>
   </trkpt>
   <trkpt lat="34.8740820" lon="-111.7068770">
    <ele>1644.2</ele>
   </trkpt>
   <trkpt lat="34.8740580" lon="-111.7069050">
    <ele>1643.9</ele>
   </trkpt>
   <trkpt lat="34.8740310" lon="-111.7069360">
    <ele>1643.5</ele>
   </trkpt>
   <trkpt lat="34.8740060" lon="-111.7069620">
    <ele>1643.2</ele>
   </trkpt>
   <trkpt lat="34.8739770" lon="-111.7069870">
    <ele>1642.9</ele>
   </trkpt>
   <trkpt lat="34.8739480" lon="-111.7070090">
    <ele>1642.6</ele>
   </trkpt>
   <trkpt lat="34.8739200" lon="-111.7070340">
    <ele>1642.3</ele>
   </trkpt>
   <trkpt lat="34.8738910" lon="-111.7070590">
    <ele>1641.9</ele>
   </trkpt>
   <trkpt lat="34.8738640" lon="-111.7070840">
    <ele>1641.6</ele>
   </trkpt>
   <trkpt lat="34.8738360" lon="-111.7071100">
    <ele>1641.3</ele>
   </trkpt>
   <trkpt lat="34.8738110" lon="-111.7071320">
    <ele>1641.1</ele>
   </trkpt>
   <trkpt lat="34.8737870" lon="-111.7071550">
    <ele>1640.8</ele>
   </trkpt>
   <trkpt lat="34.8737670" lon="-111.7071820">
    <ele>1640.6</ele>
   </trkpt>
   <trkpt lat="34.8737460" lon="-111.7072070">
    <ele>1640.4</ele>
   </trkpt>
   <trkpt lat="34.8737270" lon="-111.7072370">
    <ele>1640.2</ele>
   </trkpt>
   <trkpt lat="34.8737050" lon="-111.7072570">
    <ele>1640.0</ele>
   </trkpt>
   <trkpt lat="34.8736800" lon="-111.7072750">
    <ele>1639.8</ele>
   </trkpt>
   <trkpt lat="34.8736550" lon="-111.7072890">
    <ele>1639.5</ele>
   </trkpt>
   <trkpt lat="34.8736300" lon="-111.7073040">
    <ele>1639.3</ele>
   </trkpt>
   <trkpt lat="34.8736040" lon="-111.7073200">
    <ele>1639.1</ele>
   </trkpt>
   <trkpt lat="34.8735780" lon="-111.7073340">
    <ele>1638.9</ele>
   </trkpt>
   <trkpt lat="34.8735520" lon="-111.7073540">
    <ele>1638.6</ele>
   </trkpt>
   <trkpt lat="34.8735280" lon="-111.7073740">
    <ele>1638.4</ele>
   </trkpt>
   <trkpt lat="34.8735040" lon="-111.7073970">
    <ele>1638.2</ele>
   </trkpt>
   <trkpt lat="34.8734780" lon="-111.7074170">
    <ele>1637.9</ele>
   </trkpt>
   <trkpt lat="34.8734500" lon="-111.7074320">
    <ele>1637.6</ele>
   </trkpt>
   <trkpt lat="34.8734190" lon="-111.7074460">
    <ele>1637.3</ele>
   </trkpt>
   <trkpt lat="34.8733860" lon="-111.7074560">
    <ele>1637.0</ele>
   </trkpt>
   <trkpt lat="34.8733520" lon="-111.7074650">
    <ele>1636.7</ele>
   </trkpt>
   <trkpt lat="34.8733190" lon="-111.7074760">
    <ele>1636.4</ele>
   </trkpt>
   <trkpt lat="34.8732870" lon="-111.7074870">
    <ele>1636.0</ele>
   </trkpt>
   <trkpt lat="34.8732540" lon="-111.7074970">
    <ele>1635.7</ele>
   </trkpt>
   <trkpt lat="34.8732230" lon="-111.7075090">
    <ele>1635.4</ele>
   </trkpt>
   <trkpt lat="34.8731920" lon="-111.7075220">
    <ele>1635.1</ele>
   </trkpt>
   <trkpt lat="34.8731630" lon="-111.7075340">
    <ele>1634.8</ele>
   </trkpt>
   <trkpt lat="34.8731330" lon="-111.7075430">
    <ele>1634.5</ele>
   </trkpt>
   <trkpt lat="34.8731040" lon="-111.7075500">
    <ele>1634.3</ele>
   </trkpt>
   <trkpt lat="34.8730730" lon="-111.7075530">
    <ele>1634.0</ele>
   </trkpt>
   <trkpt lat="34.8730400" lon="-111.7075580">
    <ele>1633.7</ele>
   </trkpt>
   <trkpt lat="34.8730070" lon="-111.7075630">
    <ele>1633.4</ele>
   </trkpt>
   <trkpt lat="34.8729760" lon="-111.7075740">
    <ele>1633.1</ele>
   </trkpt>
   <trkpt lat="34.8729480" lon="-111.7075820">
    <ele>1632.9</ele>
   </trkpt>
   <trkpt lat="34.8729240" lon="-111.7075920">
    <ele>1632.7</ele>
   </trkpt>
   <trkpt lat="34.8728970" lon="-111.7076020">
    <ele>1632.4</ele>
   </trkpt>
   <trkpt lat="34.8728670" lon="-111.7076140">
    <ele>1632.2</ele>
   </trkpt>
   <trkpt lat="34.8728350" lon="-111.7076270">
    <ele>1631.9</ele>
   </trkpt>
   <trkpt lat="34.8728040" lon="-111.7076410">
    <ele>1631.6</ele>
   </trkpt>
   <trkpt lat="34.8727740" lon="-111.7076580">
    <ele>1631.3</ele>
   </trkpt>
   <trkpt lat="34.8727460" lon="-111.7076740">
    <ele>1631.0</ele>
   </trkpt>
   <trkpt lat="34.8727210" lon="-111.7076950">
    <ele>1630.7</ele>
   </trkpt>
   <trkpt lat="34.8726960" lon="-111.7077170">
    <ele>1630.4</ele>
   </trkpt>
   <trkpt lat="34.8726750" lon="-111.7077420">
    <ele>1630.2</ele>
   </trkpt>
   <trkpt lat="34.8726470" lon="-111.7077700">
    <ele>1629.8</ele>
   </trkpt>
   <trkpt lat="34.8726310" lon="-111.7077990">
    <ele>1629.6</ele>
   </trkpt>
   <trkpt lat="34.8726090" lon="-111.7078270">
    <ele>1629.3</ele>
   </trkpt>
   <trkpt lat="34.8725920" lon="-111.7078530">
    <ele>1629.1</ele>
   </trkpt>
   <trkpt lat="34.8725770" lon="-111.7078840">
    <ele>1628.8</ele>
   </trkpt>
   <trkpt lat="34.8725610" lon="-111.7079170">
    <ele>1628.6</ele>
   </trkpt>
   <trkpt lat="34.8725370" lon="-111.7079490">
    <ele>1628.3</ele>
   </trkpt>
   <trkpt lat="34.8725180" lon="-111.7079850">
    <ele>1628.0</ele>
   </trkpt>
   <trkpt lat="34.8725020" lon="-111.7080220">
    <ele>1627.7</ele>
   </trkpt>
   <trkpt lat="34.8724890" lon="-111.7080590">
    <ele>1627.4</ele>
   </trkpt>
   <trkpt lat="34.8724720" lon="-111.7080910">
    <ele>1627.2</ele>
   </trkpt>
   <trkpt lat="34.8724430" lon="-111.7081180">
    <ele>1626.9</ele>
   </trkpt>
   <trkpt lat="34.8724240" lon="-111.7081530">
    <ele>1626.6</ele>
   </trkpt>
   <trkpt lat="34.8723990" lon="-111.7081810">
    <ele>1626.3</ele>
   </trkpt>
   <trkpt lat="34.8723790" lon="-111.7082130">
    <ele>1626.0</ele>
   </trkpt>
   <trkpt lat="34.8723530" lon="-111.7082400">
    <ele>1625.7</ele>
   </trkpt>
   <trkpt lat="34.8723350" lon="-111.7082700">
    <ele>1625.4</ele>
   </trkpt>
   <trkpt lat="34.8723160" lon="-111.7083030">
    <ele>1625.1</ele>
   </trkpt>
   <trkpt lat="34.8722970" lon="-111.7083390">
    <ele>1624.8</ele>
   </trkpt>
   <trkpt lat="34.8722770" lon="-111.7083740">
    <ele>1624.5</ele>
   </trkpt>
   <trkpt lat="34.8722590" lon="-111.7084080">
    <ele>1624.3</ele>
   </trkpt>
   <trkpt lat="34.8722400" lon="-111.7084460">
    <ele>1624.0</ele>
   </trkpt>
   <trkpt lat="34.8722190" lon="-111.7084790">
    <ele>1623.8</ele>
   </trkpt>
   <trkpt lat="34.8721970" lon="-111.7085100">
    <ele>1623.6</ele>
   </trkpt>
   <trkpt lat="34.8721730" lon="-111.7085380">
    <ele>1623.4</ele>
   </trkpt>
   <trkpt lat="34.8721470" lon="-111.7085680">
    <ele>1623.3</ele>
   </trkpt>
   <trkpt lat="34.8721200" lon="-111.7085950">
    <ele>1622.9</ele>
   </trkpt>
   <trkpt lat="34.8720950" lon="-111.7086210">
    <ele>1622.7</ele>
   </trkpt>
   <trkpt lat="34.8720690" lon="-111.7086470">
    <ele>1622.5</ele>
   </trkpt>
   <trkpt lat="34.8720430" lon="-111.7086690">
    <ele>1622.2</ele>
   </trkpt>
   <trkpt lat="34.8720120" lon="-111.7086920">
    <ele>1621.9</ele>
   </trkpt>
   <trkpt lat="34.8719810" lon="-111.7087120">
    <ele>1621.6</ele>
   </trkpt>
   <trkpt lat="34.8719530" lon="-111.7087300">
    <ele>1621.4</ele>
   </trkpt>
   <trkpt lat="34.8719290" lon="-111.7087500">
    <ele>1621.1</ele>
   </trkpt>
   <trkpt lat="34.8719010" lon="-111.7087720">
    <ele>1620.8</ele>
   </trkpt>
   <trkpt lat="34.8718730" lon="-111.7087960">
    <ele>1620.5</ele>
   </trkpt>
   <trkpt lat="34.8718420" lon="-111.7088210">
    <ele>1620.2</ele>
   </trkpt>
   <trkpt lat="34.8718120" lon="-111.7088460">
    <ele>1619.8</ele>
   </trkpt>
   <trkpt lat="34.8717820" lon="-111.7088720">
    <ele>1619.5</ele>
   </trkpt>
   <trkpt lat="34.8717520" lon="-111.7088950">
    <ele>1619.2</ele>
   </trkpt>
   <trkpt lat="34.8717230" lon="-111.7089170">
    <ele>1618.9</ele>
   </trkpt>
   <trkpt lat="34.8716950" lon="-111.7089370">
    <ele>1618.6</ele>
   </trkpt>
   <trkpt lat="34.8716690" lon="-111.7089530">
    <ele>1618.4</ele>
   </trkpt>
   <trkpt lat="34.8716410" lon="-111.7089670">
    <ele>1618.1</ele>
   </trkpt>
   <trkpt lat="34.8716120" lon="-111.7089810">
    <ele>1617.9</ele>
   </trkpt>
   <trkpt lat="34.8715810" lon="-111.7089960">
    <ele>1617.6</ele>
   </trkpt>
   <trkpt lat="34.8715530" lon="-111.7090120">
    <ele>1617.4</ele>
   </trkpt>
   <trkpt lat="34.8715260" lon="-111.7090270">
    <ele>1617.2</ele>
   </trkpt>
   <trkpt lat="34.8714970" lon="-111.7090410">
    <ele>1616.9</ele>
   </trkpt>
   <trkpt lat="34.8714700" lon="-111.7090540">
    <ele>1616.7</ele>
   </trkpt>
   <trkpt lat="34.8714410" lon="-111.7090670">
    <ele>1616.5</ele>
   </trkpt>
   <trkpt lat="34.8714100" lon="-111.7090780">
    <ele>1616.3</ele>
   </trkpt>
   <trkpt lat="34.8713810" lon="-111.7090930">
    <ele>1616.1</ele>
   </trkpt>
   <trkpt lat="34.8713520" lon="-111.7091080">
    <ele>1615.8</ele>
   </trkpt>
   <trkpt lat="34.8713240" lon="-111.7091260">
    <ele>1615.6</ele>
   </trkpt>
   <trkpt lat="34.8712950" lon="-111.7091460">
    <ele>1615.4</ele>
   </trkpt>
   <trkpt lat="34.8712660" lon="-111.7091610">
    <ele>1615.1</ele>
   </trkpt>
   <trkpt lat="34.8712370" lon="-111.7091740">
    <ele>1614.9</ele>
   </trkpt>
   <trkpt lat="34.8712110" lon="-111.7091860">
    <ele>1614.7</ele>
   </trkpt>
   <trkpt lat="34.8711850" lon="-111.7092000">
    <ele>1614.5</ele>
   </trkpt>
   <trkpt lat="34.8711600" lon="-111.7092120">
    <ele>1614.3</ele>
   </trkpt>
   <trkpt lat="34.8711390" lon="-111.7092330">
    <ele>1614.1</ele>
   </trkpt>
   <trkpt lat="34.8711200" lon="-111.7092550">
    <ele>1613.9</ele>
   </trkpt>
   <trkpt lat="34.8711000" lon="-111.7092790">
    <ele>1613.7</ele>
   </trkpt>
   <trkpt lat="34.8710770" lon="-111.7093060">
    <ele>1613.5</ele>
   </trkpt>
   <trkpt lat="34.8710540" lon="-111.7093320">
    <ele>1613.3</ele>
   </trkpt>
   <trkpt lat="34.8710330" lon="-111.7093600">
    <ele>1613.0</ele>
   </trkpt>
   <trkpt lat="34.8710100" lon="-111.7093880">
    <ele>1612.8</ele>
   </trkpt>
   <trkpt lat="34.8709870" lon="-111.7094180">
    <ele>1612.5</ele>
   </trkpt>
   <trkpt lat="34.8709670" lon="-111.7094440">
    <ele>1612.3</ele>
   </trkpt>
   <trkpt lat="34.8709450" lon="-111.7094700">
    <ele>1612.1</ele>
   </trkpt>
   <trkpt lat="34.8709260" lon="-111.7094960">
    <ele>1611.9</ele>
   </trkpt>
   <trkpt lat="34.8709070" lon="-111.7095200">
    <ele>1611.7</ele>
   </trkpt>
   <trkpt lat="34.8708840" lon="-111.7095410">
    <ele>1611.5</ele>
   </trkpt>
   <trkpt lat="34.8708630" lon="-111.7095610">
    <ele>1611.3</ele>
   </trkpt>
   <trkpt lat="34.8708390" lon="-111.7095800">
    <ele>1611.1</ele>
   </trkpt>
   <trkpt lat="34.8708140" lon="-111.7096000">
    <ele>1610.9</ele>
   </trkpt>
   <trkpt lat="34.8707900" lon="-111.7096140">
    <ele>1610.7</ele>
   </trkpt>
   <trkpt lat="34.8707630" lon="-111.7096300">
    <ele>1610.5</ele>
   </trkpt>
   <trkpt lat="34.8707340" lon="-111.7096450">
    <ele>1610.3</ele>
   </trkpt>
   <trkpt lat="34.8707050" lon="-111.7096600">
    <ele>1610.1</ele>
   </trkpt>
   <trkpt lat="34.8706790" lon="-111.7096810">
    <ele>1609.9</ele>
   </trkpt>
   <trkpt lat="34.8706530" lon="-111.7097000">
    <ele>1609.6</ele>
   </trkpt>
   <trkpt lat="34.8706260" lon="-111.7097190">
    <ele>1609.4</ele>
   </trkpt>
   <trkpt lat="34.8705990" lon="-111.7097350">
    <ele>1609.2</ele>
   </trkpt>
   <trkpt lat="34.8705700" lon="-111.7097490">
    <ele>1609.0</ele>
   </trkpt>
   <trkpt lat="34.8705410" lon="-111.7097580">
    <ele>1608.8</ele>
   </trkpt>
   <trkpt lat="34.8705100" lon="-111.7097650">
    <ele>1608.5</ele>
   </trkpt>
   <trkpt lat="34.8704810" lon="-111.7097690">
    <ele>1608.3</ele>
   </trkpt>
   <trkpt lat="34.8704530" lon="-111.7097730">
    <ele>1608.1</ele>
   </trkpt>
   <trkpt lat="34.8704250" lon="-111.7097790">
    <ele>1607.9</ele>
   </trkpt>
   <trkpt lat="34.8703970" lon="-111.7097840">
    <ele>1607.6</ele>
   </trkpt>
   <trkpt lat="34.8703660" lon="-111.7097910">
    <ele>1607.4</ele>
   </trkpt>
   <trkpt lat="34.8703350" lon="-111.7097950">
    <ele>1607.1</ele>
   </trkpt>
   <trkpt lat="34.8703060" lon="-111.7098010">
    <ele>1606.9</ele>
   </trkpt>
   <trkpt lat="34.8702770" lon="-111.7098060">
    <ele>1606.6</ele>
   </trkpt>
   <trkpt lat="34.8702480" lon="-111.7098120">
    <ele>1606.4</ele>
   </trkpt>
   <trkpt lat="34.8702180" lon="-111.7098170">
    <ele>1606.1</ele>
   </trkpt>
   <trkpt lat="34.8701860" lon="-111.7098160">
    <ele>1605.8</ele>
   </trkpt>
   <trkpt lat="34.8701520" lon="-111.7098150">
    <ele>1605.5</ele>
   </trkpt>
   <trkpt lat="34.8701180" lon="-111.7098150">
    <ele>1605.2</ele>
   </trkpt>
   <trkpt lat="34.8700870" lon="-111.7098190">
    <ele>1605.0</ele>
   </trkpt>
   <trkpt lat="34.8700580" lon="-111.7098250">
    <ele>1604.7</ele>
   </trkpt>
   <trkpt lat="34.8700270" lon="-111.7098330">
    <ele>1604.5</ele>
   </trkpt>
   <trkpt lat="34.8699960" lon="-111.7098390">
    <ele>1604.3</ele>
   </trkpt>
   <trkpt lat="34.8699680" lon="-111.7098410">
    <ele>1604.1</ele>
   </trkpt>
   <trkpt lat="34.8699380" lon="-111.7098400">
    <ele>1603.9</ele>
   </trkpt>
   <trkpt lat="34.8699070" lon="-111.7098400">
    <ele>1603.7</ele>
   </trkpt>
   <trkpt lat="34.8698790" lon="-111.7098460">
    <ele>1603.5</ele>
   </trkpt>
   <trkpt lat="34.8698510" lon="-111.7098570">
    <ele>1603.4</ele>
   </trkpt>
   <trkpt lat="34.8698210" lon="-111.7098700">
    <ele>1603.2</ele>
   </trkpt>
   <trkpt lat="34.8697940" lon="-111.7098820">
    <ele>1603.0</ele>
   </trkpt>
   <trkpt lat="34.8697700" lon="-111.7098950">
    <ele>1602.9</ele>
   </trkpt>
   <trkpt lat="34.8697470" lon="-111.7099090">
    <ele>1602.8</ele>
   </trkpt>
   <trkpt lat="34.8697180" lon="-111.7099240">
    <ele>1602.6</ele>
   </trkpt>
   <trkpt lat="34.8696910" lon="-111.7099360">
    <ele>1602.4</ele>
   </trkpt>
   <trkpt lat="34.8696630" lon="-111.7099520">
    <ele>1602.3</ele>
   </trkpt>
   <trkpt lat="34.8696390" lon="-111.7099650">
    <ele>1602.1</ele>
   </trkpt>
   <trkpt lat="34.8696120" lon="-111.7099800">
    <ele>1602.0</ele>
   </trkpt>
   <trkpt lat="34.8695820" lon="-111.7099890">
    <ele>1601.8</ele>
   </trkpt>
   <trkpt lat="34.8695510" lon="-111.7099970">
    <ele>1601.6</ele>
   </trkpt>
   <trkpt lat="34.8695190" lon="-111.7100100">
    <ele>1601.4</ele>
   </trkpt>
   <trkpt lat="34.8694910" lon="-111.7100200">
    <ele>1601.3</ele>
   </trkpt>
   <trkpt lat="34.8694640" lon="-111.7100340">
    <ele>1601.1</ele>
   </trkpt>
   <trkpt lat="34.8694380" lon="-111.7100490">
    <ele>1601.0</ele>
   </trkpt>
   <trkpt lat="34.8694110" lon="-111.7100650">
    <ele>1600.8</ele>
   </trkpt>
   <trkpt lat="34.8693860" lon="-111.7100840">
    <ele>1600.7</ele>
   </trkpt>
   <trkpt lat="34.8693630" lon="-111.7100990">
    <ele>1600.5</ele>
   </trkpt>
   <trkpt lat="34.8693390" lon="-111.7101160">
    <ele>1600.4</ele>
   </trkpt>
   <trkpt lat="34.8693110" lon="-111.7101280">
    <ele>1600.2</ele>
   </trkpt>
   <trkpt lat="34.8692830" lon="-111.7101400">
    <ele>1600.1</ele>
   </trkpt>
   <trkpt lat="34.8692550" lon="-111.7101510">
    <ele>1600.0</ele>
   </trkpt>
   <trkpt lat="34.8692270" lon="-111.7101630">
    <ele>1599.8</ele>
   </trkpt>
   <trkpt lat="34.8691980" lon="-111.7101740">
    <ele>1599.7</ele>
   </trkpt>
   <trkpt lat="34.8691700" lon="-111.7101810">
    <ele>1599.6</ele>
   </trkpt>
   <trkpt lat="34.8691440" lon="-111.7101860">
    <ele>1599.5</ele>
   </trkpt>
   <trkpt lat="34.8691150" lon="-111.7101900">
    <ele>1599.4</ele>
   </trkpt>
   <trkpt lat="34.8690900" lon="-111.7101990">
    <ele>1599.3</ele>
   </trkpt>
   <trkpt lat="34.8690600" lon="-111.7102100">
    <ele>1599.2</ele>
   </trkpt>
   <trkpt lat="34.8690390" lon="-111.7102220">
    <ele>1599.1</ele>
   </trkpt>
   <trkpt lat="34.8690080" lon="-111.7102330">
    <ele>1599.0</ele>
   </trkpt>
   <trkpt lat="34.8689750" lon="-111.7102410">
    <ele>1598.9</ele>
   </trkpt>
   <trkpt lat="34.8689470" lon="-111.7102510">
    <ele>1598.8</ele>
   </trkpt>
   <trkpt lat="34.8689170" lon="-111.7102600">
    <ele>1598.7</ele>
   </trkpt>
   <trkpt lat="34.8688870" lon="-111.7102640">
    <ele>1598.5</ele>
   </trkpt>
   <trkpt lat="34.8688550" lon="-111.7102660">
    <ele>1598.4</ele>
   </trkpt>
   <trkpt lat="34.8688230" lon="-111.7102670">
    <ele>1598.3</ele>
   </trkpt>
   <trkpt lat="34.8687940" lon="-111.7102690">
    <ele>1598.2</ele>
   </trkpt>
   <trkpt lat="34.8687710" lon="-111.7102750">
    <ele>1598.1</ele>
   </trkpt>
   <trkpt lat="34.8687460" lon="-111.7102810">
    <ele>1597.9</ele>
   </trkpt>
   <trkpt lat="34.8687100" lon="-111.7102870">
    <ele>1597.8</ele>
   </trkpt>
   <trkpt lat="34.8686700" lon="-111.7102920">
    <ele>1597.6</ele>
   </trkpt>
   <trkpt lat="34.8686380" lon="-111.7103030">
    <ele>1597.4</ele>
   </trkpt>
   <trkpt lat="34.8686180" lon="-111.7103170">
    <ele>1597.3</ele>
   </trkpt>
   <trkpt lat="34.8685840" lon="-111.7103330">
    <ele>1597.1</ele>
   </trkpt>
   <trkpt lat="34.8685580" lon="-111.7103540">
    <ele>1596.9</ele>
   </trkpt>
   <trkpt lat="34.8685320" lon="-111.7103810">
    <ele>1596.7</ele>
   </trkpt>
   <trkpt lat="34.8684960" lon="-111.7104110">
    <ele>1596.4</ele>
   </trkpt>
   <trkpt lat="34.8684790" lon="-111.7104500">
    <ele>1596.1</ele>
   </trkpt>
   <trkpt lat="34.8684690" lon="-111.7104930">
    <ele>1595.8</ele>
   </trkpt>
   <trkpt lat="34.8684800" lon="-111.7105350">
    <ele>1595.5</ele>
   </trkpt>
   <trkpt lat="34.8684840" lon="-111.7105720">
    <ele>1595.2</ele>
   </trkpt>
   <trkpt lat="34.8684880" lon="-111.7106090">
    <ele>1594.9</ele>
   </trkpt>
   <trkpt lat="34.8684830" lon="-111.7106480">
    <ele>1594.6</ele>
   </trkpt>
   <trkpt lat="34.8684860" lon="-111.7106890">
    <ele>1594.3</ele>
   </trkpt>
   <trkpt lat="34.8684880" lon="-111.7107250">
    <ele>1594.0</ele>
   </trkpt>
   <trkpt lat="34.8684960" lon="-111.7107570">
    <ele>1593.8</ele>
   </trkpt>
   <trkpt lat="34.8685000" lon="-111.7107830">
    <ele>1593.6</ele>
   </trkpt>
   <trkpt lat="34.8685080" lon="-111.7108130">
    <ele>1593.4</ele>
   </trkpt>
   <trkpt lat="34.8685100" lon="-111.7108460">
    <ele>1593.1</ele>
   </trkpt>
   <trkpt lat="34.8685120" lon="-111.7108810">
    <ele>1592.8</ele>
   </trkpt>
   <trkpt lat="34.8685070" lon="-111.7109140">
    <ele>1592.6</ele>
   </trkpt>
   <trkpt lat="34.8685110" lon="-111.7109500">
    <ele>1592.3</ele>
   </trkpt>
   <trkpt lat="34.8685210" lon="-111.7109840">
    <ele>1592.1</ele>
   </trkpt>
   <trkpt lat="34.8685280" lon="-111.7110140">
    <ele>1591.9</ele>
   </trkpt>
   <trkpt lat="34.8685430" lon="-111.7110430">
    <ele>1591.6</ele>
   </trkpt>
   <trkpt lat="34.8685520" lon="-111.7110710">
    <ele>1591.4</ele>
   </trkpt>
   <trkpt lat="34.8685610" lon="-111.7111010">
    <ele>1591.2</ele>
   </trkpt>
   <trkpt lat="34.8685690" lon="-111.7111310">
    <ele>1591.0</ele>
   </trkpt>
   <trkpt lat="34.8685730" lon="-111.7111590">
    <ele>1590.8</ele>
   </trkpt>
   <trkpt lat="34.8685740" lon="-111.7111900">
    <ele>1590.6</ele>
   </trkpt>
   <trkpt lat="34.8685760" lon="-111.7112230">
    <ele>1590.3</ele>
   </trkpt>
   <trkpt lat="34.8685780" lon="-111.7112560">
    <ele>1590.1</ele>
   </trkpt>
   <trkpt lat="34.8685870" lon="-111.7112900">
    <ele>1589.9</ele>
   </trkpt>
   <trkpt lat="34.8685920" lon="-111.7113230">
    <ele>1589.7</ele>
   </trkpt>
   <trkpt lat="34.8686040" lon="-111.7113570">
    <ele>1589.5</ele>
   </trkpt>
   <trkpt lat="34.8686140" lon="-111.7113890">
    <ele>1589.3</ele>
   </trkpt>
   <trkpt lat="34.8686210" lon="-111.7114210">
    <ele>1589.1</ele>
   </trkpt>
   <trkpt lat="34.8686310" lon="-111.7114550">
    <ele>1589.0</ele>
   </trkpt>
   <trkpt lat="34.8686380" lon="-111.7114870">
    <ele>1588.8</ele>
   </trkpt>
   <trkpt lat="34.8686430" lon="-111.7115160">
    <ele>1588.6</ele>
   </trkpt>
   <trkpt lat="34.8686440" lon="-111.7115440">
    <ele>1588.5</ele>
   </trkpt>
   <trkpt lat="34.8686530" lon="-111.7115780">
    <ele>1588.3</ele>
   </trkpt>
   <trkpt lat="34.8686600" lon="-111.7116120">
    <ele>1588.1</ele>
   </trkpt>
   <trkpt lat="34.8686670" lon="-111.7116460">
    <ele>1587.9</ele>
   </trkpt>
   <trkpt lat="34.8686660" lon="-111.7116780">
    <ele>1587.8</ele>
   </trkpt>
   <trkpt lat="34.8686680" lon="-111.7117130">
    <ele>1587.6</ele>
   </trkpt>
   <trkpt lat="34.8686700" lon="-111.7117450">
    <ele>1587.4</ele>
   </trkpt>
   <trkpt lat="34.8686680" lon="-111.7117750">
    <ele>1587.3</ele>
   </trkpt>
   <trkpt lat="34.8686590" lon="-111.7118040">
    <ele>1587.2</ele>
   </trkpt>
   <trkpt lat="34.8686540" lon="-111.7118350">
    <ele>1587.0</ele>
   </trkpt>
   <trkpt lat="34.8686470" lon="-111.7118690">
    <ele>1586.9</ele>
   </trkpt>
   <trkpt lat="34.8686390" lon="-111.7119040">
    <ele>1586.7</ele>
   </trkpt>
   <trkpt lat="34.8686300" lon="-111.7119410">
    <ele>1586.5</ele>
   </trkpt>
   <trkpt lat="34.8686200" lon="-111.7119770">
    <ele>1586.3</ele>
   </trkpt>
   <trkpt lat="34.8686160" lon="-111.7120130">
    <ele>1586.1</ele>
   </trkpt>
   <trkpt lat="34.8686080" lon="-111.7120470">
    <ele>1585.9</ele>
   </trkpt>
   <trkpt lat="34.8685970" lon="-111.7120750">
    <ele>1585.8</ele>
   </trkpt>
   <trkpt lat="34.8685880" lon="-111.7121010">
    <ele>1585.6</ele>
   </trkpt>
   <trkpt lat="34.8685760" lon="-111.7121270">
    <ele>1585.4</ele>
   </trkpt>
   <trkpt lat="34.8685630" lon="-111.7121580">
    <ele>1585.2</ele>
   </trkpt>
   <trkpt lat="34.8685620" lon="-111.7121960">
    <ele>1585.0</ele>
   </trkpt>
   <trkpt lat="34.8685690" lon="-111.7122370">
    <ele>1584.8</ele>
   </trkpt>
   <trkpt lat="34.8685730" lon="-111.7122730">
    <ele>1584.6</ele>
   </trkpt>
   <trkpt lat="34.8685860" lon="-111.7123110">
    <ele>1584.3</ele>
   </trkpt>
   <trkpt lat="34.8686100" lon="-111.7123480">
    <ele>1584.0</ele>
   </trkpt>
   <trkpt lat="34.8686340" lon="-111.7123730">
    <ele>1583.8</ele>
   </trkpt>
   <trkpt lat="34.8686660" lon="-111.7123900">
    <ele>1583.5</ele>
   </trkpt>
   <trkpt lat="34.8686970" lon="-111.7123970">
    <ele>1583.2</ele>
   </trkpt>
   <trkpt lat="34.8687260" lon="-111.7123920">
    <ele>1583.0</ele>
   </trkpt>
   <trkpt lat="34.8687520" lon="-111.7123770">
    <ele>1582.7</ele>
   </trkpt>
   <trkpt lat="34.8687730" lon="-111.7123530">
    <ele>1582.5</ele>
   </trkpt>
   <trkpt lat="34.8687960" lon="-111.7123300">
    <ele>1582.3</ele>
   </trkpt>
   <trkpt lat="34.8688180" lon="-111.7123080">
    <ele>1582.1</ele>
   </trkpt>
   <trkpt lat="34.8688430" lon="-111.7122860">
    <ele>1581.8</ele>
   </trkpt>
   <trkpt lat="34.8688640" lon="-111.7122630">
    <ele>1581.6</ele>
   </trkpt>
   <trkpt lat="34.8688830" lon="-111.7122390">
    <ele>1581.4</ele>
   </trkpt>
   <trkpt lat="34.8688960" lon="-111.7122130">
    <ele>1581.3</ele>
   </trkpt>
   <trkpt lat="34.8689120" lon="-111.7121840">
    <ele>1581.1</ele>
   </trkpt>
   <trkpt lat="34.8689300" lon="-111.7121520">
    <ele>1580.8</ele>
   </trkpt>
   <trkpt lat="34.8689460" lon="-111.7121220">
    <ele>1580.6</ele>
   </trkpt>
   <trkpt lat="34.8689610" lon="-111.7120930">
    <ele>1580.4</ele>
   </trkpt>
   <trkpt lat="34.8689760" lon="-111.7120620">
    <ele>1580.2</ele>
   </trkpt>
   <trkpt lat="34.8689910" lon="-111.7120330">
    <ele>1579.9</ele>
   </trkpt>
   <trkpt lat="34.8690080" lon="-111.7120000">
    <ele>1579.7</ele>
   </trkpt>
   <trkpt lat="34.8690250" lon="-111.7119650">
    <ele>1579.4</ele>
   </trkpt>
   <trkpt lat="34.8690440" lon="-111.7119280">
    <ele>1579.0</ele>
   </trkpt>
   <trkpt lat="34.8690660" lon="-111.7118930">
    <ele>1578.7</ele>
   </trkpt>
   <trkpt lat="34.8690860" lon="-111.7118540">
    <ele>1578.4</ele>
   </trkpt>
   <trkpt lat="34.8691110" lon="-111.7118210">
    <ele>1578.1</ele>
   </trkpt>
   <trkpt lat="34.8691360" lon="-111.7117940">
    <ele>1577.8</ele>
   </trkpt>
   <trkpt lat="34.8691640" lon="-111.7117740">
    <ele>1577.6</ele>
   </trkpt>
   <trkpt lat="34.8692010" lon="-111.7117650">
    <ele>1577.3</ele>
   </trkpt>
   <trkpt lat="34.8692360" lon="-111.7117640">
    <ele>1577.0</ele>
   </trkpt>
   <trkpt lat="34.8692720" lon="-111.7117720">
    <ele>1576.8</ele>
   </trkpt>
   <trkpt lat="34.8693060" lon="-111.7117840">
    <ele>1576.5</ele>
   </trkpt>
   <trkpt lat="34.8693360" lon="-111.7117990">
    <ele>1576.3</ele>
   </trkpt>
   <trkpt lat="34.8693670" lon="-111.7118170">
    <ele>1576.0</ele>
   </trkpt>
   <trkpt lat="34.8693990" lon="-111.7118360">
    <ele>1575.8</ele>
   </trkpt>
   <trkpt lat="34.8694260" lon="-111.7118570">
    <ele>1575.5</ele>
   </trkpt>
   <trkpt lat="34.8694500" lon="-111.7118810">
    <ele>1575.3</ele>
   </trkpt>
   <trkpt lat="34.8694780" lon="-111.7119060">
    <ele>1575.0</ele>
   </trkpt>
   <trkpt lat="34.8695060" lon="-111.7119280">
    <ele>1574.8</ele>
   </trkpt>
   <trkpt lat="34.8695340" lon="-111.7119440">
    <ele>1574.6</ele>
   </trkpt>
   <trkpt lat="34.8695620" lon="-111.7119600">
    <ele>1574.3</ele>
   </trkpt>
   <trkpt lat="34.8695920" lon="-111.7119800">
    <ele>1574.1</ele>
   </trkpt>
   <trkpt lat="34.8696220" lon="-111.7119980">
    <ele>1573.8</ele>
   </trkpt>
   <trkpt lat="34.8696550" lon="-111.7120160">
    <ele>1573.5</ele>
   </trkpt>
   <trkpt lat="34.8696840" lon="-111.7120360">
    <ele>1573.3</ele>
   </trkpt>
   <trkpt lat="34.8697110" lon="-111.7120590">
    <ele>1573.0</ele>
   </trkpt>
   <trkpt lat="34.8697390" lon="-111.7120830">
    <ele>1572.8</ele>
   </trkpt>
   <trkpt lat="34.8697690" lon="-111.7121020">
    <ele>1572.6</ele>
   </trkpt>
   <trkpt lat="34.8698000" lon="-111.7121110">
    <ele>1572.3</ele>
   </trkpt>
   <trkpt lat="34.8698300" lon="-111.7121130">
    <ele>1572.1</ele>
   </trkpt>
   <trkpt lat="34.8698610" lon="-111.7121080">
    <ele>1572.0</ele>
   </trkpt>
   <trkpt lat="34.8698920" lon="-111.7121050">
    <ele>1571.8</ele>
   </trkpt>
   <trkpt lat="34.8699270" lon="-111.7120980">
    <ele>1571.5</ele>
   </trkpt>
   <trkpt lat="34.8699590" lon="-111.7120950">
    <ele>1571.3</ele>
   </trkpt>
   <trkpt lat="34.8699910" lon="-111.7120880">
    <ele>1571.2</ele>
   </trkpt>
   <trkpt lat="34.8700240" lon="-111.7120790">
    <ele>1571.0</ele>
   </trkpt>
   <trkpt lat="34.8700600" lon="-111.7120690">
    <ele>1570.8</ele>
   </trkpt>
   <trkpt lat="34.8700910" lon="-111.7120550">
    <ele>1570.6</ele>
   </trkpt>
   <trkpt lat="34.8701190" lon="-111.7120380">
    <ele>1570.4</ele>
   </trkpt>
   <trkpt lat="34.8701480" lon="-111.7120210">
    <ele>1570.3</ele>
   </trkpt>
   <trkpt lat="34.8701710" lon="-111.7120000">
    <ele>1570.1</ele>
   </trkpt>
   <trkpt lat="34.8701930" lon="-111.7119810">
    <ele>1570.0</ele>
   </trkpt>
   <trkpt lat="34.8702170" lon="-111.7119590">
    <ele>1569.8</ele>
   </trkpt>
   <trkpt lat="34.8702410" lon="-111.7119380">
    <ele>1569.7</ele>
   </trkpt>
   <trkpt lat="34.8702650" lon="-111.7119130">
    <ele>1569.5</ele>
   </trkpt>
   <trkpt lat="34.8702830" lon="-111.7118890">
    <ele>1569.4</ele>
   </trkpt>
   <trkpt lat="34.8703040" lon="-111.7118660">
    <ele>1569.2</ele>
   </trkpt>
   <trkpt lat="34.8703240" lon="-111.7118410">
    <ele>1569.1</ele>
   </trkpt>
   <trkpt lat="34.8703500" lon="-111.7118210">
    <ele>1568.9</ele>
   </trkpt>
   <trkpt lat="34.8703720" lon="-111.7118050">
    <ele>1568.8</ele>
   </trkpt>
   <trkpt lat="34.8703960" lon="-111.7117880">
    <ele>1568.6</ele>
   </trkpt>
   <trkpt lat="34.8704250" lon="-111.7117690">
    <ele>1568.4</ele>
   </trkpt>
   <trkpt lat="34.8704530" lon="-111.7117540">
    <ele>1568.3</ele>
   </trkpt>
   <trkpt lat="34.8704830" lon="-111.7117410">
    <ele>1568.1</ele>
   </trkpt>
   <trkpt lat="34.8705130" lon="-111.7117260">
    <ele>1567.9</ele>
   </trkpt>
   <trkpt lat="34.8705490" lon="-111.7117160">
    <ele>1567.8</ele>
   </trkpt>
   <trkpt lat="34.8705820" lon="-111.7117070">
    <ele>1567.6</ele>
   </trkpt>
   <trkpt lat="34.8706140" lon="-111.7116990">
    <ele>1567.4</ele>
   </trkpt>
   <trkpt lat="34.8706460" lon="-111.7116950">
    <ele>1567.2</ele>
   </trkpt>
   <trkpt lat="34.8706790" lon="-111.7116900">
    <ele>1567.0</ele>
   </trkpt>
   <trkpt lat="34.8707100" lon="-111.7116870">
    <ele>1566.9</ele>
   </trkpt>
   <trkpt lat="34.8707410" lon="-111.7116850">
    <ele>1566.7</ele>
   </trkpt>
   <trkpt lat="34.8707720" lon="-111.7116860">
    <ele>1566.5</ele>
   </trkpt>
   <trkpt lat="34.8708070" lon="-111.7116930">
    <ele>1566.3</ele>
   </trkpt>
   <trkpt lat="34.8708370" lon="-111.7117000">
    <ele>1566.1</ele>
   </trkpt>
   <trkpt lat="34.8708660" lon="-111.7117090">
    <ele>1565.9</ele>
   </trkpt>
   <trkpt lat="34.8708930" lon="-111.7117220">
    <ele>1565.7</ele>
   </trkpt>
   <trkpt lat="34.8709230" lon="-111.7117390">
    <ele>1565.4</ele>
   </trkpt>
   <trkpt lat="34.8709540" lon="-111.7117600">
    <ele>1565.2</ele>
   </trkpt>
   <trkpt lat="34.8709820" lon="-111.7117820">
    <ele>1565.0</ele>
   </trkpt>
   <trkpt lat="34.8710080" lon="-111.7118040">
    <ele>1564.8</ele>
   </trkpt>
   <trkpt lat="34.8710330" lon="-111.7118240">
    <ele>1564.6</ele>
   </trkpt>
   <trkpt lat="34.8710620" lon="-111.7118440">
    <ele>1564.4</ele>
   </trkpt>
   <trkpt lat="34.8710880" lon="-111.7118610">
    <ele>1564.3</ele>
   </trkpt>
   <trkpt lat="34.8711190" lon="-111.7118790">
    <ele>1564.1</ele>
   </trkpt>
   <trkpt lat="34.8711470" lon="-111.7118960">
    <ele>1564.0</ele>
   </trkpt>
   <trkpt lat="34.8711780" lon="-111.7119120">
    <ele>1563.9</ele>
   </trkpt>
   <trkpt lat="34.8712070" lon="-111.7119300">
    <ele>1563.7</ele>
   </trkpt>
   <trkpt lat="34.8712330" lon="-111.7119470">
    <ele>1563.5</ele>
   </trkpt>
   <trkpt lat="34.8712610" lon="-111.7119650">
    <ele>1563.3</ele>
   </trkpt>
   <trkpt lat="34.8712870" lon="-111.7119820">
    <ele>1563.1</ele>
   </trkpt>
   <trkpt lat="34.8713150" lon="-111.7119960">
    <ele>1562.9</ele>
   </trkpt>
   <trkpt lat="34.8713410" lon="-111.7120090">
    <ele>1562.7</ele>
   </trkpt>
   <trkpt lat="34.8713680" lon="-111.7120200">
    <ele>1562.5</ele>
   </trkpt>
   <trkpt lat="34.8714000" lon="-111.7120300">
    <ele>1562.2</ele>
   </trkpt>
   <trkpt lat="34.8714280" lon="-111.7120420">
    <ele>1562.0</ele>
   </trkpt>
   <trkpt lat="34.8714580" lon="-111.7120470">
    <ele>1561.7</ele>
   </trkpt>
   <trkpt lat="34.8714900" lon="-111.7120560">
    <ele>1561.5</ele>
   </trkpt>
   <trkpt lat="34.8715210" lon="-111.7120610">
    <ele>1561.2</ele>
   </trkpt>
   <trkpt lat="34.8715520" lon="-111.7120650">
    <ele>1560.9</ele>
   </trkpt>
   <trkpt lat="34.8715810" lon="-111.7120690">
    <ele>1560.7</ele>
   </trkpt>
   <trkpt lat="34.8716090" lon="-111.7120700">
    <ele>1560.4</ele>
   </trkpt>
   <trkpt lat="34.8716380" lon="-111.7120750">
    <ele>1560.2</ele>
   </trkpt>
   <trkpt lat="34.8716680" lon="-111.7120770">
    <ele>1559.9</ele>
   </trkpt>
   <trkpt lat="34.8716950" lon="-111.7120810">
    <ele>1559.7</ele>
   </trkpt>
   <trkpt lat="34.8717220" lon="-111.7120830">
    <ele>1559.4</ele>
   </trkpt>
   <trkpt lat="34.8717510" lon="-111.7120870">
    <ele>1559.2</ele>
   </trkpt>
   <trkpt lat="34.8717780" lon="-111.7120910">
    <ele>1559.0</ele>
   </trkpt>
   <trkpt lat="34.8718070" lon="-111.7120920">
    <ele>1558.7</ele>
   </trkpt>
   <trkpt lat="34.8718360" lon="-111.7120930">
    <ele>1558.5</ele>
   </trkpt>
   <trkpt lat="34.8718630" lon="-111.7120960">
    <ele>1558.3</ele>
   </trkpt>
   <trkpt lat="34.8718940" lon="-111.7121020">
    <ele>1558.1</ele>
   </trkpt>
   <trkpt lat="34.8719240" lon="-111.7121110">
    <ele>1557.9</ele>
   </trkpt>
   <trkpt lat="34.8719520" lon="-111.7121180">
    <ele>1557.7</ele>
   </trkpt>
   <trkpt lat="34.8719810" lon="-111.7121270">
    <ele>1557.4</ele>
   </trkpt>
   <trkpt lat="34.8720060" lon="-111.7121330">
    <ele>1557.3</ele>
   </trkpt>
   <trkpt lat="34.8720360" lon="-111.7121390">
    <ele>1557.0</ele>
   </trkpt>
   <trkpt lat="34.8720650" lon="-111.7121440">
    <ele>1556.8</ele>
   </trkpt>
   <trkpt lat="34.8720940" lon="-111.7121490">
    <ele>1556.6</ele>
   </trkpt>
   <trkpt lat="34.8721250" lon="-111.7121540">
    <ele>1556.4</ele>
   </trkpt>
   <trkpt lat="34.8721540" lon="-111.7121600">
    <ele>1556.2</ele>
   </trkpt>
   <trkpt lat="34.8721840" lon="-111.7121620">
    <ele>1556.0</ele>
   </trkpt>
   <trkpt lat="34.8722150" lon="-111.7121630">
    <ele>1555.8</ele>
   </trkpt>
   <trkpt lat="34.8722450" lon="-111.7121570">
    <ele>1555.6</ele>
   </trkpt>
   <trkpt lat="34.8722750" lon="-111.7121500">
    <ele>1555.4</ele>
   </trkpt>
   <trkpt lat="34.8723050" lon="-111.7121430">
    <ele>1555.3</ele>
   </trkpt>
   <trkpt lat="34.8723360" lon="-111.7121330">
    <ele>1555.0</ele>
   </trkpt>
   <trkpt lat="34.8723650" lon="-111.7121220">
    <ele>1554.9</ele>
   </trkpt>
   <trkpt lat="34.8723940" lon="-111.7121120">
    <ele>1554.7</ele>
   </trkpt>
   <trkpt lat="34.8724200" lon="-111.7121030">
    <ele>1554.5</ele>
   </trkpt>
   <trkpt lat="34.8724450" lon="-111.7120990">
    <ele>1554.4</ele>
   </trkpt>
   <trkpt lat="34.8724710" lon="-111.7120960">
    <ele>1554.2</ele>
   </trkpt>
   <trkpt lat="34.8725000" lon="-111.7120930">
    <ele>1554.0</ele>
   </trkpt>
   <trkpt lat="34.8725260" lon="-111.7120900">
    <ele>1553.9</ele>
   </trkpt>
   <trkpt lat="34.8725540" lon="-111.7120820">
    <ele>1553.7</ele>
   </trkpt>
   <trkpt lat="34.8725830" lon="-111.7120730">
    <ele>1553.5</ele>
   </trkpt>
   <trkpt lat="34.8726090" lon="-111.7120630">
    <ele>1553.4</ele>
   </trkpt>
   <trkpt lat="34.8726350" lon="-111.7120540">
    <ele>1553.2</ele>
   </trkpt>
   <trkpt lat="34.8726620" lon="-111.7120470">
    <ele>1553.0</ele>
   </trkpt>
   <trkpt lat="34.8726870" lon="-111.7120400">
    <ele>1552.9</ele>
   </trkpt>
   <trkpt lat="34.8727140" lon="-111.7120350">
    <ele>1552.7</ele>
   </trkpt>
   <trkpt lat="34.8727430" lon="-111.7120290">
    <ele>1552.5</ele>
   </trkpt>
   <trkpt lat="34.8727720" lon="-111.7120170">
    <ele>1552.4</ele>
   </trkpt>
   <trkpt lat="34.8728010" lon="-111.7120070">
    <ele>1552.2</ele>
   </trkpt>
   <trkpt lat="34.8728300" lon="-111.7119930">
    <ele>1552.0</ele>
   </trkpt>
   <trkpt lat="34.8728570" lon="-111.7119820">
    <ele>1551.8</ele>
   </trkpt>
   <trkpt lat="34.8728840" lon="-111.7119690">
    <ele>1551.6</ele>
   </trkpt>
   <trkpt lat="34.8729110" lon="-111.7119570">
    <ele>1551.4</ele>
   </trkpt>
   <trkpt lat="34.8729370" lon="-111.7119440">
    <ele>1551.3</ele>
   </trkpt>
   <trkpt lat="34.8729650" lon="-111.7119340">
    <ele>1551.1</ele>
   </trkpt>
   <trkpt lat="34.8729900" lon="-111.7119300">
    <ele>1550.9</ele>
   </trkpt>
   <trkpt lat="34.8730170" lon="-111.7119340">
    <ele>1550.8</ele>
   </trkpt>
   <trkpt lat="34.8730400" lon="-111.7119430">
    <ele>1550.6</ele>
   </trkpt>
   <trkpt lat="34.8730610" lon="-111.7119590">
    <ele>1550.4</ele>
   </trkpt>
   <trkpt lat="34.8730760" lon="-111.7119790">
    <ele>1550.3</ele>
   </trkpt>
   <trkpt lat="34.8730880" lon="-111.7120030">
    <ele>1550.1</ele>
   </trkpt>
   <trkpt lat="34.8731030" lon="-111.7120340">
    <ele>1549.9</ele>
   </trkpt>
   <trkpt lat="34.8731160" lon="-111.7120670">
    <ele>1549.7</ele>
   </trkpt>
   <trkpt lat="34.8731220" lon="-111.7120950">
    <ele>1549.6</ele>
   </trkpt>
   <trkpt lat="34.8731210" lon="-111.7121260">
    <ele>1549.4</ele>
   </trkpt>
   <trkpt lat="34.8731180" lon="-111.7121560">
    <ele>1549.2</ele>
   </trkpt>
   <trkpt lat="34.8731110" lon="-111.7121850">
    <ele>1549.0</ele>
   </trkpt>
   <trkpt lat="34.8730970" lon="-111.7122160">
    <ele>1548.8</ele>
   </trkpt>
   <trkpt lat="34.8730800" lon="-111.7122460">
    <ele>1548.6</ele>
   </trkpt>
   <trkpt lat="34.8730600" lon="-111.7122710">
    <ele>1548.4</ele>
   </trkpt>
   <trkpt lat="34.8730400" lon="-111.7122970">
    <ele>1548.1</ele>
   </trkpt>
   <trkpt lat="34.8730200" lon="-111.7123220">
    <ele>1547.9</ele>
   </trkpt>
   <trkpt lat="34.8729970" lon="-111.7123410">
    <ele>1547.6</ele>
   </trkpt>
   <trkpt lat="34.8729730" lon="-111.7123540">
    <ele>1547.4</ele>
   </trkpt>
   <trkpt lat="34.8729470" lon="-111.7123610">
    <ele>1547.1</ele>
   </trkpt>
   <trkpt lat="34.8729170" lon="-111.7123630">
    <ele>1546.9</ele>
   </trkpt>
   <trkpt lat="34.8728880" lon="-111.7123640">
    <ele>1546.6</ele>
   </trkpt>
   <trkpt lat="34.8728580" lon="-111.7123660">
    <ele>1546.3</ele>
   </trkpt>
   <trkpt lat="34.8728290" lon="-111.7123680">
    <ele>1546.1</ele>
   </trkpt>
   <trkpt lat="34.8728010" lon="-111.7123710">
    <ele>1545.8</ele>
   </trkpt>
   <trkpt lat="34.8727730" lon="-111.7123730">
    <ele>1545.6</ele>
   </trkpt>
   <trkpt lat="34.8727450" lon="-111.7123740">
    <ele>1545.3</ele>
   </trkpt>
   <trkpt lat="34.8727180" lon="-111.7123810">
    <ele>1545.1</ele>
   </trkpt>
   <trkpt lat="34.8726890" lon="-111.7123920">
    <ele>1544.8</ele>
   </trkpt>
   <trkpt lat="34.8726630" lon="-111.7124050">
    <ele>1544.6</ele>
   </trkpt>
   <trkpt lat="34.8726370" lon="-111.7124190">
    <ele>1544.3</ele>
   </trkpt>
   <trkpt lat="34.8726130" lon="-111.7124330">
    <ele>1544.1</ele>
   </trkpt>
   <trkpt lat="34.8725850" lon="-111.7124440">
    <ele>1543.9</ele>
   </trkpt>
   <trkpt lat="34.8725580" lon="-111.7124520">
    <ele>1543.7</ele>
   </trkpt>
   <trkpt lat="34.8725310" lon="-111.7124620">
    <ele>1543.4</ele>
   </trkpt>
   <trkpt lat="34.8725050" lon="-111.7124730">
    <ele>1543.2</ele>
   </trkpt>
   <trkpt lat="34.8724830" lon="-111.7124890">
    <ele>1543.0</ele>
   </trkpt>
   <trkpt lat="34.8724610" lon="-111.7125080">
    <ele>1542.8</ele>
   </trkpt>
   <trkpt lat="34.8724410" lon="-111.7125310">
    <ele>1542.5</ele>
   </trkpt>
   <trkpt lat="34.8724210" lon="-111.7125530">
    <ele>1542.3</ele>
   </trkpt>
   <trkpt lat="34.8723990" lon="-111.7125770">
    <ele>1542.1</ele>
   </trkpt>
   <trkpt lat="34.8723780" lon="-111.7125990">
    <ele>1541.8</ele>
   </trkpt>
   <trkpt lat="34.8723590" lon="-111.7126200">
    <ele>1541.6</ele>
   </trkpt>
   <trkpt lat="34.8723400" lon="-111.7126450">
    <ele>1541.4</ele>
   </trkpt>
   <trkpt lat="34.8723220" lon="-111.7126690">
    <ele>1541.1</ele>
   </trkpt>
   <trkpt lat="34.8723050" lon="-111.7126930">
    <ele>1540.9</ele>
   </trkpt>
   <trkpt lat="34.8722900" lon="-111.7127180">
    <ele>1540.7</ele>
   </trkpt>
   <trkpt lat="34.8722740" lon="-111.7127440">
    <ele>1540.4</ele>
   </trkpt>
   <trkpt lat="34.8722570" lon="-111.7127730">
    <ele>1540.2</ele>
   </trkpt>
   <trkpt lat="34.8722400" lon="-111.7128040">
    <ele>1539.9</ele>
   </trkpt>
   <trkpt lat="34.8722230" lon="-111.7128350">
    <ele>1539.7</ele>
   </trkpt>
   <trkpt lat="34.8722060" lon="-111.7128670">
    <ele>1539.4</ele>
   </trkpt>
   <trkpt lat="34.8721890" lon="-111.7128950">
    <ele>1539.2</ele>
   </trkpt>
   <trkpt lat="34.8721710" lon="-111.7129190">
    <ele>1539.0</ele>
   </trkpt>
   <trkpt lat="34.8721530" lon="-111.7129420">
    <ele>1538.9</ele>
   </trkpt>
   <trkpt lat="34.8721390" lon="-111.7129670">
    <ele>1538.8</ele>
   </trkpt>
   <trkpt lat="34.8721340" lon="-111.7129930">
    <ele>1538.7</ele>
   </trkpt>
   <trkpt lat="34.8721390" lon="-111.7130160">
    <ele>1538.6</ele>
   </trkpt>
   <trkpt lat="34.8721520" lon="-111.7130340">
    <ele>1538.2</ele>
   </trkpt>
   <trkpt lat="34.8721700" lon="-111.7130500">
    <ele>1538.1</ele>
   </trkpt>
   <trkpt lat="34.8721910" lon="-111.7130710">
    <ele>1537.9</ele>
   </trkpt>
   <trkpt lat="34.8722130" lon="-111.7130890">
    <ele>1537.7</ele>
   </trkpt>
   <trkpt lat="34.8722400" lon="-111.7131020">
    <ele>1537.5</ele>
   </trkpt>
   <trkpt lat="34.8722670" lon="-111.7131120">
    <ele>1537.2</ele>
   </trkpt>
   <trkpt lat="34.8722930" lon="-111.7131260">
    <ele>1537.0</ele>
   </trkpt>
   <trkpt lat="34.8723190" lon="-111.7131400">
    <ele>1536.7</ele>
   </trkpt>
   <trkpt lat="34.8723450" lon="-111.7131550">
    <ele>1536.5</ele>
   </trkpt>
   <trkpt lat="34.8723750" lon="-111.7131710">
    <ele>1536.2</ele>
   </trkpt>
   <trkpt lat="34.8724050" lon="-111.7131860">
    <ele>1535.9</ele>
   </trkpt>
   <trkpt lat="34.8724380" lon="-111.7132030">
    <ele>1535.6</ele>
   </trkpt>
   <trkpt lat="34.8724680" lon="-111.7132150">
    <ele>1535.4</ele>
   </trkpt>
   <trkpt lat="34.8725010" lon="-111.7132270">
    <ele>1535.1</ele>
   </trkpt>
   <trkpt lat="34.8725300" lon="-111.7132390">
    <ele>1534.9</ele>
   </trkpt>
   <trkpt lat="34.8725580" lon="-111.7132530">
    <ele>1534.7</ele>
   </trkpt>
   <trkpt lat="34.8725890" lon="-111.7132710">
    <ele>1534.4</ele>
   </trkpt>
   <trkpt lat="34.8726170" lon="-111.7132900">
    <ele>1534.2</ele>
   </trkpt>
   <trkpt lat="34.8726470" lon="-111.7133060">
    <ele>1534.0</ele>
   </trkpt>
   <trkpt lat="34.8726770" lon="-111.7133210">
    <ele>1533.8</ele>
   </trkpt>
   <trkpt lat="34.8727090" lon="-111.7133290">
    <ele>1533.6</ele>
   </trkpt>
   <trkpt lat="34.8727410" lon="-111.7133310">
    <ele>1533.4</ele>
   </trkpt>
   <trkpt lat="34.8727680" lon="-111.7133340">
    <ele>1533.2</ele>
   </trkpt>
   <trkpt lat="34.8727970" lon="-111.7133370">
    <ele>1533.0</ele>
   </trkpt>
   <trkpt lat="34.8728210" lon="-111.7133390">
    <ele>1532.8</ele>
   </trkpt>
   <trkpt lat="34.8728430" lon="-111.7133470">
    <ele>1532.7</ele>
   </trkpt>
   <trkpt lat="34.8728680" lon="-111.7133530">
    <ele>1532.4</ele>
   </trkpt>
   <trkpt lat="34.8728920" lon="-111.7133610">
    <ele>1532.2</ele>
   </trkpt>
   <trkpt lat="34.8729200" lon="-111.7133680">
    <ele>1531.9</ele>
   </trkpt>
   <trkpt lat="34.8729450" lon="-111.7133740">
    <ele>1531.7</ele>
   </trkpt>
   <trkpt lat="34.8729670" lon="-111.7133820">
    <ele>1531.4</ele>
   </trkpt>
   <trkpt lat="34.8729970" lon="-111.7133860">
    <ele>1531.1</ele>
   </trkpt>
   <trkpt lat="34.8730180" lon="-111.7133910">
    <ele>1530.9</ele>
   </trkpt>
   <trkpt lat="34.8730370" lon="-111.7133970">
    <ele>1530.7</ele>
   </trkpt>
   <trkpt lat="34.8730600" lon="-111.7134030">
    <ele>1530.5</ele>
   </trkpt>
   <trkpt lat="34.8730790" lon="-111.7134080">
    <ele>1530.3</ele>
   </trkpt>
   <trkpt lat="34.8731000" lon="-111.7134120">
    <ele>1530.1</ele>
   </trkpt>
   <trkpt lat="34.8731230" lon="-111.7134140">
    <ele>1529.9</ele>
   </trkpt>
   <trkpt lat="34.8731450" lon="-111.7134190">
    <ele>1529.7</ele>
   </trkpt>
   <trkpt lat="34.8731610" lon="-111.7134290">
    <ele>1529.6</ele>
   </trkpt>
   <trkpt lat="34.8731760" lon="-111.7134400">
    <ele>1529.5</ele>
   </trkpt>
   <trkpt lat="34.8731910" lon="-111.7134560">
    <ele>1529.3</ele>
   </trkpt>
   <trkpt lat="34.8732050" lon="-111.7134780">
    <ele>1529.2</ele>
   </trkpt>
   <trkpt lat="34.8732180" lon="-111.7134990">
    <ele>1529.0</ele>
   </trkpt>
   <trkpt lat="34.8732280" lon="-111.7135200">
    <ele>1528.9</ele>
   </trkpt>
   <trkpt lat="34.8732300" lon="-111.7135420">
    <ele>1528.9</ele>
   </trkpt>
   <trkpt lat="34.8732300" lon="-111.7135610">
    <ele>1528.8</ele>
   </trkpt>
   <trkpt lat="34.8732340" lon="-111.7135760">
    <ele>1528.8</ele>
   </trkpt>
   <trkpt lat="34.8732390" lon="-111.7135960">
    <ele>1528.7</ele>
   </trkpt>
   <trkpt lat="34.8732440" lon="-111.7136200">
    <ele>1528.7</ele>
   </trkpt>
   <trkpt lat="34.8732430" lon="-111.7136470">
    <ele>1528.7</ele>
   </trkpt>
   <trkpt lat="34.8732360" lon="-111.7136780">
    <ele>1528.7</ele>
   </trkpt>
   <trkpt lat="34.8732250" lon="-111.7137080">
    <ele>1528.7</ele>
   </trkpt>
   <trkpt lat="34.8732200" lon="-111.7137390">
    <ele>1528.8</ele>
   </trkpt>
   <trkpt lat="34.8732220" lon="-111.7137660">
    <ele>1528.8</ele>
   </trkpt>
   <trkpt lat="34.8732260" lon="-111.7137900">
    <ele>1528.9</ele>
   </trkpt>
   <trkpt lat="34.8732310" lon="-111.7138080">
    <ele>1528.9</ele>
   </trkpt>
   <trkpt lat="34.8732350" lon="-111.7138260">
    <ele>1529.0</ele>
   </trkpt>
   <trkpt lat="34.8732400" lon="-111.7138440">
    <ele>1529.1</ele>
   </trkpt>
   <trkpt lat="34.8732460" lon="-111.7138670">
    <ele>1529.1</ele>
   </trkpt>
   <trkpt lat="34.8732530" lon="-111.7138900">
    <ele>1529.2</ele>
   </trkpt>
   <trkpt lat="34.8732630" lon="-111.7139120">
    <ele>1529.3</ele>
   </trkpt>
   <trkpt lat="34.8732750" lon="-111.7139330">
    <ele>1529.4</ele>
   </trkpt>
   <trkpt lat="34.8732900" lon="-111.7139550">
    <ele>1529.5</ele>
   </trkpt>
   <trkpt lat="34.8733050" lon="-111.7139770">
    <ele>1529.6</ele>
   </trkpt>
   <trkpt lat="34.8733230" lon="-111.7139980">
    <ele>1529.7</ele>
   </trkpt>
   <trkpt lat="34.8733420" lon="-111.7140180">
    <ele>1529.8</ele>
   </trkpt>
   <trkpt lat="34.8733570" lon="-111.7140380">
    <ele>1529.9</ele>
   </trkpt>
   <trkpt lat="34.8733730" lon="-111.7140610">
    <ele>1529.9</ele>
   </trkpt>
   <trkpt lat="34.8733870" lon="-111.7140790">
    <ele>1530.0</ele>
   </trkpt>
   <trkpt lat="34.8733990" lon="-111.7140990">
    <ele>1530.0</ele>
   </trkpt>
   <trkpt lat="34.8734070" lon="-111.7141220">
    <ele>1530.1</ele>
   </trkpt>
   <trkpt lat="34.8734130" lon="-111.7141480">
    <ele>1530.1</ele>
   </trkpt>
   <trkpt lat="34.8734230" lon="-111.7141770">
    <ele>1530.1</ele>
   </trkpt>
   <trkpt lat="34.8734340" lon="-111.7142100">
    <ele>1530.2</ele>
   </trkpt>
   <trkpt lat="34.8734440" lon="-111.7142400">
    <ele>1530.2</ele>
   </trkpt>
   <trkpt lat="34.8734570" lon="-111.7142670">
    <ele>1530.2</ele>
   </trkpt>
   <trkpt lat="34.8734710" lon="-111.7142920">
    <ele>1530.2</ele>
   </trkpt>
   <trkpt lat="34.8734840" lon="-111.7143190">
    <ele>1530.3</ele>
   </trkpt>
   <trkpt lat="34.8734990" lon="-111.7143460">
    <ele>1530.3</ele>
   </trkpt>
   <trkpt lat="34.8735140" lon="-111.7143710">
    <ele>1530.3</ele>
   </trkpt>
   <trkpt lat="34.8735290" lon="-111.7143970">
    <ele>1530.3</ele>
   </trkpt>
   <trkpt lat="34.8735480" lon="-111.7144210">
    <ele>1530.3</ele>
   </trkpt>
   <trkpt lat="34.8735690" lon="-111.7144410">
    <ele>1530.4</ele>
   </trkpt>
   <trkpt lat="34.8735930" lon="-111.7144570">
    <ele>1530.4</ele>
   </trkpt>
   <trkpt lat="34.8736160" lon="-111.7144720">
    <ele>1530.4</ele>
   </trkpt>
   <trkpt lat="34.8736410" lon="-111.7144830">
    <ele>1530.4</ele>
   </trkpt>
   <trkpt lat="34.8736660" lon="-111.7144980">
    <ele>1530.4</ele>
   </trkpt>
   <trkpt lat="34.8736890" lon="-111.7145120">
    <ele>1530.4</ele>
   </trkpt>
   <trkpt lat="34.8737120" lon="-111.7145280">
    <ele>1530.4</ele>
   </trkpt>
   <trkpt lat="34.8737380" lon="-111.7145390">
    <ele>1530.5</ele>
   </trkpt>
   <trkpt lat="34.8737620" lon="-111.7145500">
    <ele>1530.5</ele>
   </trkpt>
   <trkpt lat="34.8737880" lon="-111.7145600">
    <ele>1530.5</ele>
   </trkpt>
   <trkpt lat="34.8738140" lon="-111.7145690">
    <ele>1530.5</ele>
   </trkpt>
   <trkpt lat="34.8738390" lon="-111.7145780">
    <ele>1530.5</ele>
   </trkpt>
   <trkpt lat="34.8738660" lon="-111.7145850">
    <ele>1530.5</ele>
   </trkpt>
   <trkpt lat="34.8738910" lon="-111.7145910">
    <ele>1530.5</ele>
   </trkpt>
   <trkpt lat="34.8739180" lon="-111.7145960">
    <ele>1530.5</ele>
   </trkpt>
   <trkpt lat="34.8739470" lon="-111.7146010">
    <ele>1530.5</ele>
   </trkpt>
   <trkpt lat="34.8739730" lon="-111.7146080">
    <ele>1530.6</ele>
   </trkpt>
   <trkpt lat="34.8739990" lon="-111.7146140">
    <ele>1530.6</ele>
   </trkpt>
   <trkpt lat="34.8740260" lon="-111.7146160">
    <ele>1530.6</ele>
   </trkpt>
   <trkpt lat="34.8740540" lon="-111.7146210">
    <ele>1530.6</ele>
   </trkpt>
   <trkpt lat="34.8740830" lon="-111.7146260">
    <ele>1530.7</ele>
   </trkpt>
   <trkpt lat="34.8741080" lon="-111.7146330">
    <ele>1530.7</ele>
   </trkpt>
   <trkpt lat="34.8741350" lon="-111.7146400">
    <ele>1530.7</ele>
   </trkpt>
   <trkpt lat="34.8741630" lon="-111.7146440">
    <ele>1530.8</ele>
   </trkpt>
   <trkpt lat="34.8741880" lon="-111.7146560">
    <ele>1530.9</ele>
   </trkpt>
   <trkpt lat="34.8742160" lon="-111.7146650">
    <ele>1530.9</ele>
   </trkpt>
   <trkpt lat="34.8742410" lon="-111.7146720">
    <ele>1531.0</ele>
   </trkpt>
   <trkpt lat="34.8742650" lon="-111.7146800">
    <ele>1531.0</ele>
   </trkpt>
   <trkpt lat="34.8742900" lon="-111.7146890">
    <ele>1531.1</ele>
   </trkpt>
   <trkpt lat="34.8743110" lon="-111.7147000">
    <ele>1531.2</ele>
   </trkpt>
   <trkpt lat="34.8743350" lon="-111.7147130">
    <ele>1531.3</ele>
   </trkpt>
   <trkpt lat="34.8743610" lon="-111.7147230">
    <ele>1531.4</ele>
   </trkpt>
   <trkpt lat="34.8743840" lon="-111.7147350">
    <ele>1531.5</ele>
   </trkpt>
   <trkpt lat="34.8744090" lon="-111.7147440">
    <ele>1531.6</ele>
   </trkpt>
   <trkpt lat="34.8744320" lon="-111.7147520">
    <ele>1531.7</ele>
   </trkpt>
   <trkpt lat="34.8744560" lon="-111.7147580">
    <ele>1531.8</ele>
   </trkpt>
   <trkpt lat="34.8744800" lon="-111.7147610">
    <ele>1532.0</ele>
   </trkpt>
   <trkpt lat="34.8745030" lon="-111.7147660">
    <ele>1532.1</ele>
   </trkpt>
   <trkpt lat="34.8745250" lon="-111.7147760">
    <ele>1532.3</ele>
   </trkpt>
   <trkpt lat="34.8745440" lon="-111.7147860">
    <ele>1532.4</ele>
   </trkpt>
   <trkpt lat="34.8745650" lon="-111.7147930">
    <ele>1532.6</ele>
   </trkpt>
   <trkpt lat="34.8745910" lon="-111.7147940">
    <ele>1532.8</ele>
   </trkpt>
   <trkpt lat="34.8746150" lon="-111.7147920">
    <ele>1533.0</ele>
   </trkpt>
   <trkpt lat="34.8746370" lon="-111.7147850">
    <ele>1533.3</ele>
   </trkpt>
   <trkpt lat="34.8746590" lon="-111.7147760">
    <ele>1533.5</ele>
   </trkpt>
   <trkpt lat="34.8746770" lon="-111.7147740">
    <ele>1533.6</ele>
   </trkpt>
   <trkpt lat="34.8746940" lon="-111.7147740">
    <ele>1533.8</ele>
   </trkpt>
   <trkpt lat="34.8747130" lon="-111.7147680">
    <ele>1534.0</ele>
   </trkpt>
   <trkpt lat="34.8747270" lon="-111.7147670">
    <ele>1534.1</ele>
   </trkpt>
   <trkpt lat="34.8747430" lon="-111.7147720">
    <ele>1534.2</ele>
   </trkpt>
   <trkpt lat="34.8747600" lon="-111.7147760">
    <ele>1534.4</ele>
   </trkpt>
   <trkpt lat="34.8747800" lon="-111.7147730">
    <ele>1534.5</ele>
   </trkpt>
   <trkpt lat="34.8748000" lon="-111.7147730">
    <ele>1534.7</ele>
   </trkpt>
   <trkpt lat="34.8748170" lon="-111.7147750">
    <ele>1534.8</ele>
   </trkpt>
   <trkpt lat="34.8748380" lon="-111.7147770">
    <ele>1534.9</ele>
   </trkpt>
   <trkpt lat="34.8748610" lon="-111.7147750">
    <ele>1535.0</ele>
   </trkpt>
   <trkpt lat="34.8748810" lon="-111.7147730">
    <ele>1535.1</ele>
   </trkpt>
   <trkpt lat="34.8749020" lon="-111.7147700">
    <ele>1535.2</ele>
   </trkpt>
   <trkpt lat="34.8749230" lon="-111.7147680">
    <ele>1535.3</ele>
   </trkpt>
   <trkpt lat="34.8749460" lon="-111.7147620">
    <ele>1535.3</ele>
   </trkpt>
   <trkpt lat="34.8749700" lon="-111.7147550">
    <ele>1535.4</ele>
   </trkpt>
   <trkpt lat="34.8749940" lon="-111.7147440">
    <ele>1535.4</ele>
   </trkpt>
   <trkpt lat="34.8750160" lon="-111.7147330">
    <ele>1535.4</ele>
   </trkpt>
   <trkpt lat="34.8750350" lon="-111.7147230">
    <ele>1535.4</ele>
   </trkpt>
   <trkpt lat="34.8750540" lon="-111.7147200">
    <ele>1535.4</ele>
   </trkpt>
   <trkpt lat="34.8750740" lon="-111.7147230">
    <ele>1535.4</ele>
   </trkpt>
   <trkpt lat="34.8750940" lon="-111.7147310">
    <ele>1535.3</ele>
   </trkpt>
   <trkpt lat="34.8751110" lon="-111.7147410">
    <ele>1535.3</ele>
   </trkpt>
   <trkpt lat="34.8751310" lon="-111.7147510">
    <ele>1535.2</ele>
   </trkpt>
   <trkpt lat="34.8751520" lon="-111.7147590">
    <ele>1535.2</ele>
   </trkpt>
   <trkpt lat="34.8751720" lon="-111.7147650">
    <ele>1535.1</ele>
   </trkpt>
   <trkpt lat="34.8751900" lon="-111.7147730">
    <ele>1535.0</ele>
   </trkpt>
   <trkpt lat="34.8752100" lon="-111.7147830">
    <ele>1534.9</ele>
   </trkpt>
   <trkpt lat="34.8752280" lon="-111.7147910">
    <ele>1534.8</ele>
   </trkpt>
   <trkpt lat="34.8752440" lon="-111.7147990">
    <ele>1534.8</ele>
   </trkpt>
   <trkpt lat="34.8752600" lon="-111.7148120">
    <ele>1534.7</ele>
   </trkpt>
   <trkpt lat="34.8752760" lon="-111.7148290">
    <ele>1534.6</ele>
   </trkpt>
   <trkpt lat="34.8752930" lon="-111.7148460">
    <ele>1534.4</ele>
   </trkpt>
   <trkpt lat="34.8753140" lon="-111.7148630">
    <ele>1534.3</ele>
   </trkpt>
   <trkpt lat="34.8753400" lon="-111.7148740">
    <ele>1534.1</ele>
   </trkpt>
   <trkpt lat="34.8753620" lon="-111.7148830">
    <ele>1534.0</ele>
   </trkpt>
   <trkpt lat="34.8753790" lon="-111.7148980">
    <ele>1533.8</ele>
   </trkpt>
   <trkpt lat="34.8753920" lon="-111.7149150">
    <ele>1533.7</ele>
   </trkpt>
   <trkpt lat="34.8754060" lon="-111.7149350">
    <ele>1533.6</ele>
   </trkpt>
   <trkpt lat="34.8754230" lon="-111.7149540">
    <ele>1533.4</ele>
   </trkpt>
   <trkpt lat="34.8754390" lon="-111.7149660">
    <ele>1533.3</ele>
   </trkpt>
   <trkpt lat="34.8754570" lon="-111.7149780">
    <ele>1533.1</ele>
   </trkpt>
   <trkpt lat="34.8754720" lon="-111.7149930">
    <ele>1533.0</ele>
   </trkpt>
   <trkpt lat="34.8754880" lon="-111.7150120">
    <ele>1532.8</ele>
   </trkpt>
   <trkpt lat="34.8755050" lon="-111.7150300">
    <ele>1532.6</ele>
   </trkpt>
   <trkpt lat="34.8755240" lon="-111.7150470">
    <ele>1532.5</ele>
   </trkpt>
   <trkpt lat="34.8755420" lon="-111.7150600">
    <ele>1532.3</ele>
   </trkpt>
   <trkpt lat="34.8755610" lon="-111.7150770">
    <ele>1532.1</ele>
   </trkpt>
   <trkpt lat="34.8755800" lon="-111.7150960">
    <ele>1531.9</ele>
   </trkpt>
   <trkpt lat="34.8756030" lon="-111.7151100">
    <ele>1531.7</ele>
   </trkpt>
   <trkpt lat="34.8756280" lon="-111.7151210">
    <ele>1531.5</ele>
   </trkpt>
   <trkpt lat="34.8756490" lon="-111.7151320">
    <ele>1531.3</ele>
   </trkpt>
   <trkpt lat="34.8756660" lon="-111.7151460">
    <ele>1531.2</ele>
   </trkpt>
   <trkpt lat="34.8756850" lon="-111.7151640">
    <ele>1531.0</ele>
   </trkpt>
   <trkpt lat="34.8756980" lon="-111.7151850">
    <ele>1530.8</ele>
   </trkpt>
   <trkpt lat="34.8757100" lon="-111.7152020">
    <ele>1530.7</ele>
   </trkpt>
   <trkpt lat="34.8757300" lon="-111.7152040">
    <ele>1530.5</ele>
   </trkpt>
   <trkpt lat="34.8757460" lon="-111.7152110">
    <ele>1530.4</ele>
   </trkpt>
   <trkpt lat="34.8757600" lon="-111.7152210">
    <ele>1530.3</ele>
   </trkpt>
   <trkpt lat="34.8757790" lon="-111.7152290">
    <ele>1530.2</ele>
   </trkpt>
   <trkpt lat="34.8758010" lon="-111.7152270">
    <ele>1530.1</ele>
   </trkpt>
   <trkpt lat="34.8758240" lon="-111.7152260">
    <ele>1530.0</ele>
   </trkpt>
   <trkpt lat="34.8758470" lon="-111.7152290">
    <ele>1530.0</ele>
   </trkpt>
   <trkpt lat="34.8758660" lon="-111.7152410">
    <ele>1529.9</ele>
   </trkpt>
   <trkpt lat="34.8758900" lon="-111.7152550">
    <ele>1529.9</ele>
   </trkpt>
   <trkpt lat="34.8759140" lon="-111.7152680">
    <ele>1529.9</ele>
   </trkpt>
   <trkpt lat="34.8759390" lon="-111.7152790">
    <ele>1529.9</ele>
   </trkpt>
   <trkpt lat="34.8759560" lon="-111.7152850">
    <ele>1529.9</ele>
   </trkpt>
   <trkpt lat="34.8759710" lon="-111.7152920">
    <ele>1530.0</ele>
   </trkpt>
   <trkpt lat="34.8759870" lon="-111.7152990">
    <ele>1530.0</ele>
   </trkpt>
   <trkpt lat="34.8760060" lon="-111.7153050">
    <ele>1530.0</ele>
   </trkpt>
   <trkpt lat="34.8760250" lon="-111.7153150">
    <ele>1530.1</ele>
   </trkpt>
   <trkpt lat="34.8760430" lon="-111.7153270">
    <ele>1530.3</ele>
   </trkpt>
   <trkpt lat="34.8760570" lon="-111.7153380">
    <ele>1530.4</ele>
   </trkpt>
   <trkpt lat="34.8760680" lon="-111.7153530">
    <ele>1530.5</ele>
   </trkpt>
   <trkpt lat="34.8760780" lon="-111.7153640">
    <ele>1530.6</ele>
   </trkpt>
   <trkpt lat="34.8760880" lon="-111.7153760">
    <ele>1530.7</ele>
   </trkpt>
   <trkpt lat="34.8761020" lon="-111.7153890">
    <ele>1530.8</ele>
   </trkpt>
   <trkpt lat="34.8761150" lon="-111.7154050">
    <ele>1530.9</ele>
   </trkpt>
   <trkpt lat="34.8761290" lon="-111.7154200">
    <ele>1531.1</ele>
   </trkpt>
   <trkpt lat="34.8761430" lon="-111.7154370">
    <ele>1531.2</ele>
   </trkpt>
   <trkpt lat="34.8761590" lon="-111.7154530">
    <ele>1531.4</ele>
   </trkpt>
   <trkpt lat="34.8761730" lon="-111.7154670">
    <ele>1531.5</ele>
   </trkpt>
   <trkpt lat="34.8761900" lon="-111.7154830">
    <ele>1531.6</ele>
   </trkpt>
   <trkpt lat="34.8762070" lon="-111.7155010">
    <ele>1531.8</ele>
   </trkpt>
   <trkpt lat="34.8762250" lon="-111.7155170">
    <ele>1532.0</ele>
   </trkpt>
   <trkpt lat="34.8762420" lon="-111.7155340">
    <ele>1532.1</ele>
   </trkpt>
   <trkpt lat="34.8762590" lon="-111.7155520">
    <ele>1532.3</ele>
   </trkpt>
   <trkpt lat="34.8762760" lon="-111.7155680">
    <ele>1532.5</ele>
   </trkpt>
   <trkpt lat="34.8762970" lon="-111.7155800">
    <ele>1532.6</ele>
   </trkpt>
   <trkpt lat="34.8763190" lon="-111.7155950">
    <ele>1532.8</ele>
   </trkpt>
   <trkpt lat="34.8763380" lon="-111.7156120">
    <ele>1533.0</ele>
   </trkpt>
   <trkpt lat="34.8763530" lon="-111.7156320">
    <ele>1533.3</ele>
   </trkpt>
   <trkpt lat="34.8763680" lon="-111.7156480">
    <ele>1533.4</ele>
   </trkpt>
   <trkpt lat="34.8763830" lon="-111.7156600">
    <ele>1533.6</ele>
   </trkpt>
   <trkpt lat="34.8763990" lon="-111.7156750">
    <ele>1533.9</ele>
   </trkpt>
   <trkpt lat="34.8764100" lon="-111.7156910">
    <ele>1534.1</ele>
   </trkpt>
   <trkpt lat="34.8764130" lon="-111.7157100">
    <ele>1534.3</ele>
   </trkpt>
   <trkpt lat="34.8764100" lon="-111.7157300">
    <ele>1534.5</ele>
   </trkpt>
   <trkpt lat="34.8763980" lon="-111.7157550">
    <ele>1534.8</ele>
   </trkpt>
   <trkpt lat="34.8763850" lon="-111.7157760">
    <ele>1535.1</ele>
   </trkpt>
   <trkpt lat="34.8763720" lon="-111.7157950">
    <ele>1535.4</ele>
   </trkpt>
   <trkpt lat="34.8763560" lon="-111.7158110">
    <ele>1535.7</ele>
   </trkpt>
   <trkpt lat="34.8763380" lon="-111.7158250">
    <ele>1536.0</ele>
   </trkpt>
   <trkpt lat="34.8763200" lon="-111.7158390">
    <ele>1536.4</ele>
   </trkpt>
   <trkpt lat="34.8763050" lon="-111.7158500">
    <ele>1536.6</ele>
   </trkpt>
   <trkpt lat="34.8762920" lon="-111.7158580">
    <ele>1536.8</ele>
   </trkpt>
   <trkpt lat="34.8762810" lon="-111.7158660">
    <ele>1537.0</ele>
   </trkpt>
   <trkpt lat="34.8762710" lon="-111.7158840">
    <ele>1537.3</ele>
   </trkpt>
   <trkpt lat="34.8762700" lon="-111.7159070">
    <ele>1537.5</ele>
   </trkpt>
   <trkpt lat="34.8762770" lon="-111.7159300">
    <ele>1537.8</ele>
   </trkpt>
   <trkpt lat="34.8762860" lon="-111.7159490">
    <ele>1538.0</ele>
   </trkpt>
   <trkpt lat="34.8767590" lon="-111.7168000">
    <ele>1548.6</ele>
   </trkpt>
   <trkpt lat="34.8767780" lon="-111.7167980">
    <ele>1548.9</ele>
   </trkpt>
   <trkpt lat="34.8768020" lon="-111.7167920">
    <ele>1549.4</ele>
   </trkpt>
   <trkpt lat="34.8768230" lon="-111.7167870">
    <ele>1549.8</ele>
   </trkpt>
   <trkpt lat="34.8768480" lon="-111.7167840">
    <ele>1550.2</ele>
   </trkpt>
   <trkpt lat="34.8768750" lon="-111.7167850">
    <ele>1550.6</ele>
   </trkpt>
   <trkpt lat="34.8769010" lon="-111.7167840">
    <ele>1551.0</ele>
   </trkpt>
   <trkpt lat="34.8769220" lon="-111.7167820">
    <ele>1551.3</ele>
   </trkpt>
   <trkpt lat="34.8769440" lon="-111.7167860">
    <ele>1551.6</ele>
   </trkpt>
   <trkpt lat="34.8769660" lon="-111.7167890">
    <ele>1551.9</ele>
   </trkpt>
   <trkpt lat="34.8769880" lon="-111.7167890">
    <ele>1552.1</ele>
   </trkpt>
   <trkpt lat="34.8770090" lon="-111.7167870">
    <ele>1552.4</ele>
   </trkpt>
   <trkpt lat="34.8770300" lon="-111.7167840">
    <ele>1552.6</ele>
   </trkpt>
   <trkpt lat="34.8770540" lon="-111.7167830">
    <ele>1552.8</ele>
   </trkpt>
   <trkpt lat="34.8770800" lon="-111.7167770">
    <ele>1553.0</ele>
   </trkpt>
   <trkpt lat="34.8771030" lon="-111.7167710">
    <ele>1553.2</ele>
   </trkpt>
   <trkpt lat="34.8771200" lon="-111.7167670">
    <ele>1553.3</ele>
   </trkpt>
   <trkpt lat="34.8771320" lon="-111.7167670">
    <ele>1553.4</ele>
   </trkpt>
   <trkpt lat="34.8771450" lon="-111.7167730">
    <ele>1553.5</ele>
   </trkpt>
   <trkpt lat="34.8771530" lon="-111.7167800">
    <ele>1553.6</ele>
   </trkpt>
   <trkpt lat="34.8771610" lon="-111.7167820">
    <ele>1553.7</ele>
   </trkpt>
   <trkpt lat="34.8771690" lon="-111.7167790">
    <ele>1553.7</ele>
   </trkpt>
   <trkpt lat="34.8771780" lon="-111.7167760">
    <ele>1553.8</ele>
   </trkpt>
   <trkpt lat="34.8771880" lon="-111.7167710">
    <ele>1553.9</ele>
   </trkpt>
   <trkpt lat="34.8771970" lon="-111.7167650">
    <ele>1554.0</ele>
   </trkpt>
   <trkpt lat="34.8772040" lon="-111.7167600">
    <ele>1554.0</ele>
   </trkpt>
   <trkpt lat="34.8772130" lon="-111.7167560">
    <ele>1554.1</ele>
   </trkpt>
   <trkpt lat="34.8772210" lon="-111.7167530">
    <ele>1554.2</ele>
   </trkpt>
   <trkpt lat="34.8772300" lon="-111.7167500">
    <ele>1554.2</ele>
   </trkpt>
   <trkpt lat="34.8772390" lon="-111.7167480">
    <ele>1554.3</ele>
   </trkpt>
   <trkpt lat="34.8772450" lon="-111.7167500">
    <ele>1554.3</ele>
   </trkpt>
   <trkpt lat="34.8772490" lon="-111.7167530">
    <ele>1554.4</ele>
   </trkpt>
   <trkpt lat="34.8772530" lon="-111.7167530">
    <ele>1554.4</ele>
   </trkpt>
   <trkpt lat="34.8772590" lon="-111.7167490">
    <ele>1554.5</ele>
   </trkpt>
   <trkpt lat="34.8772660" lon="-111.7167430">
    <ele>1554.5</ele>
   </trkpt>
   <trkpt lat="34.8772750" lon="-111.7167360">
    <ele>1554.6</ele>
   </trkpt>
   <trkpt lat="34.8772830" lon="-111.7167280">
    <ele>1554.7</ele>
   </trkpt>
   <trkpt lat="34.8772940" lon="-111.7167220">
    <ele>1554.8</ele>
   </trkpt>
   <trkpt lat="34.8773040" lon="-111.7167130">
    <ele>1554.9</ele>
   </trkpt>
   <trkpt lat="34.8773120" lon="-111.7167020">
    <ele>1555.0</ele>
   </trkpt>
   <trkpt lat="34.8773210" lon="-111.7166870">
    <ele>1555.1</ele>
   </trkpt>
   <trkpt lat="34.8773290" lon="-111.7166730">
    <ele>1555.2</ele>
   </trkpt>
   <trkpt lat="34.8773370" lon="-111.7166610">
    <ele>1555.4</ele>
   </trkpt>
   <trkpt lat="34.8773420" lon="-111.7166520">
    <ele>1555.5</ele>
   </trkpt>
   <trkpt lat="34.8773550" lon="-111.7166520">
    <ele>1555.6</ele>
   </trkpt>
   <trkpt lat="34.8773670" lon="-111.7166510">
    <ele>1555.7</ele>
   </trkpt>
   <trkpt lat="34.8773810" lon="-111.7166520">
    <ele>1555.9</ele>
   </trkpt>
   <trkpt lat="34.8773920" lon="-111.7166500">
    <ele>1556.0</ele>
   </trkpt>
   <trkpt lat="34.8774030" lon="-111.7166470">
    <ele>1556.1</ele>
   </trkpt>
   <trkpt lat="34.8774130" lon="-111.7166450">
    <ele>1556.2</ele>
   </trkpt>
   <trkpt lat="34.8774290" lon="-111.7166370">
    <ele>1556.4</ele>
   </trkpt>
   <trkpt lat="34.8774480" lon="-111.7166330">
    <ele>1556.7</ele>
   </trkpt>
   <trkpt lat="34.8774680" lon="-111.7166300">
    <ele>1556.9</ele>
   </trkpt>
   <trkpt lat="34.8774850" lon="-111.7166330">
    <ele>1557.1</ele>
   </trkpt>
   <trkpt lat="34.8775010" lon="-111.7166430">
    <ele>1557.3</ele>
   </trkpt>
   <trkpt lat="34.8775140" lon="-111.7166580">
    <ele>1557.6</ele>
   </trkpt>
   <trkpt lat="34.8775270" lon="-111.7166690">
    <ele>1557.8</ele>
   </trkpt>
   <trkpt lat="34.8775390" lon="-111.7166830">
    <ele>1558.0</ele>
   </trkpt>
   <trkpt lat="34.8775480" lon="-111.7166970">
    <ele>1558.2</ele>
   </trkpt>
   <trkpt lat="34.8775620" lon="-111.7167060">
    <ele>1558.4</ele>
   </trkpt>
   <trkpt lat="34.8775790" lon="-111.7167150">
    <ele>1558.6</ele>
   </trkpt>
   <trkpt lat="34.8775940" lon="-111.7167210">
    <ele>1558.8</ele>
   </trkpt>
   <trkpt lat="34.8776110" lon="-111.7167260">
    <ele>1559.0</ele>
   </trkpt>
   <trkpt lat="34.8776300" lon="-111.7167300">
    <ele>1559.2</ele>
   </trkpt>
   <trkpt lat="34.8776450" lon="-111.7167370">
    <ele>1559.4</ele>
   </trkpt>
   <trkpt lat="34.8776620" lon="-111.7167450">
    <ele>1559.6</ele>
   </trkpt>
   <trkpt lat="34.8776780" lon="-111.7167520">
    <ele>1559.8</ele>
   </trkpt>
   <trkpt lat="34.8776880" lon="-111.7167620">
    <ele>1560.0</ele>
   </trkpt>
   <trkpt lat="34.8776960" lon="-111.7167710">
    <ele>1560.1</ele>
   </trkpt>
   <trkpt lat="34.8777050" lon="-111.7167860">
    <ele>1560.3</ele>
   </trkpt>
   <trkpt lat="34.8777130" lon="-111.7168070">
    <ele>1560.5</ele>
   </trkpt>
   <trkpt lat="34.8777140" lon="-111.7168250">
    <ele>1560.6</ele>
   </trkpt>
   <trkpt lat="34.8777110" lon="-111.7168420">
    <ele>1560.8</ele>
   </trkpt>
   <trkpt lat="34.8777040" lon="-111.7168580">
    <ele>1560.9</ele>
   </trkpt>
   <trkpt lat="34.8776970" lon="-111.7168710">
    <ele>1561.0</ele>
   </trkpt>
   <trkpt lat="34.8776950" lon="-111.7168890">
    <ele>1561.2</ele>
   </trkpt>
   <trkpt lat="34.8776940" lon="-111.7169090">
    <ele>1561.3</ele>
   </trkpt>
   <trkpt lat="34.8776900" lon="-111.7169300">
    <ele>1561.4</ele>
   </trkpt>
   <trkpt lat="34.8776890" lon="-111.7169550">
    <ele>1561.5</ele>
   </trkpt>
   <trkpt lat="34.8776870" lon="-111.7169730">
    <ele>1561.7</ele>
   </trkpt>
   <trkpt lat="34.8776810" lon="-111.7169930">
    <ele>1561.8</ele>
   </trkpt>
   <trkpt lat="34.8776750" lon="-111.7170130">
    <ele>1561.9</ele>
   </trkpt>
   <trkpt lat="34.8776760" lon="-111.7170370">
    <ele>1562.1</ele>
   </trkpt>
   <trkpt lat="34.8776810" lon="-111.7170600">
    <ele>1562.2</ele>
   </trkpt>
   <trkpt lat="34.8776850" lon="-111.7170800">
    <ele>1562.3</ele>
   </trkpt>
   <trkpt lat="34.8776880" lon="-111.7171100">
    <ele>1562.5</ele>
   </trkpt>
   <trkpt lat="34.8776880" lon="-111.7171370">
    <ele>1562.6</ele>
   </trkpt>
   <trkpt lat="34.8776850" lon="-111.7171590">
    <ele>1562.8</ele>
   </trkpt>
   <trkpt lat="34.8776750" lon="-111.7171750">
    <ele>1562.9</ele>
   </trkpt>
   <trkpt lat="34.8776660" lon="-111.7171900">
    <ele>1562.9</ele>
   </trkpt>
   <trkpt lat="34.8776570" lon="-111.7172000">
    <ele>1563.0</ele>
   </trkpt>
   <trkpt lat="34.8776500" lon="-111.7172120">
    <ele>1563.1</ele>
   </trkpt>
   <trkpt lat="34.8776480" lon="-111.7172240">
    <ele>1563.1</ele>
   </trkpt>
   <trkpt lat="34.8776520" lon="-111.7172310">
    <ele>1563.2</ele>
   </trkpt>
   <trkpt lat="34.8776570" lon="-111.7172410">
    <ele>1563.2</ele>
   </trkpt>
   <trkpt lat="34.8776620" lon="-111.7172480">
    <ele>1563.3</ele>
   </trkpt>
   <trkpt lat="34.8776650" lon="-111.7172550">
    <ele>1563.3</ele>
   </trkpt>
   <trkpt lat="34.8776610" lon="-111.7172670">
    <ele>1563.4</ele>
   </trkpt>
   <trkpt lat="34.8776550" lon="-111.7172750">
    <ele>1563.4</ele>
   </trkpt>
   <trkpt lat="34.8776490" lon="-111.7172850">
    <ele>1563.5</ele>
   </trkpt>
   <trkpt lat="34.8776460" lon="-111.7172910">
    <ele>1563.4</ele>
   </trkpt>
   <trkpt lat="34.8776400" lon="-111.7172980">
    <ele>1563.5</ele>
   </trkpt>
   <trkpt lat="34.8776350" lon="-111.7173050">
    <ele>1563.5</ele>
   </trkpt>
   <trkpt lat="34.8776340" lon="-111.7173020">
    <ele>1563.5</ele>
   </trkpt>
   <trkpt lat="34.8776310" lon="-111.7173000">
    <ele>1563.6</ele>
   </trkpt>
   <trkpt lat="34.8776310" lon="-111.7173000">
    <ele>1563.6</ele>
   </trkpt>
   <trkpt lat="34.8775430" lon="-111.7176200">
    <ele>1564.7</ele>
   </trkpt>
   <trkpt lat="34.8775430" lon="-111.7176510">
    <ele>1564.9</ele>
   </trkpt>
   <trkpt lat="34.8775450" lon="-111.7176820">
    <ele>1564.9</ele>
   </trkpt>
   <trkpt lat="34.8775480" lon="-111.7177110">
    <ele>1565.0</ele>
   </trkpt>
   <trkpt lat="34.8775510" lon="-111.7177360">
    <ele>1565.1</ele>
   </trkpt>
   <trkpt lat="34.8775530" lon="-111.7177540">
    <ele>1565.2</ele>
   </trkpt>
   <trkpt lat="34.8775530" lon="-111.7177630">
    <ele>1565.2</ele>
   </trkpt>
   <trkpt lat="34.8775470" lon="-111.7177740">
    <ele>1565.3</ele>
   </trkpt>
   <trkpt lat="34.8775340" lon="-111.7177890">
    <ele>1565.4</ele>
   </trkpt>
   <trkpt lat="34.8775200" lon="-111.7178030">
    <ele>1565.5</ele>
   </trkpt>
   <trkpt lat="34.8775030" lon="-111.7178150">
    <ele>1565.6</ele>
   </trkpt>
   <trkpt lat="34.8774900" lon="-111.7178310">
    <ele>1565.7</ele>
   </trkpt>
   <trkpt lat="34.8774820" lon="-111.7178500">
    <ele>1565.8</ele>
   </trkpt>
   <trkpt lat="34.8774770" lon="-111.7178710">
    <ele>1565.9</ele>
   </trkpt>
   <trkpt lat="34.8774760" lon="-111.7178900">
    <ele>1566.0</ele>
   </trkpt>
   <trkpt lat="34.8774740" lon="-111.7179030">
    <ele>1566.0</ele>
   </trkpt>
   <trkpt lat="34.8774660" lon="-111.7179110">
    <ele>1566.1</ele>
   </trkpt>
   <trkpt lat="34.8774520" lon="-111.7179220">
    <ele>1566.2</ele>
   </trkpt>
   <trkpt lat="34.8774390" lon="-111.7179400">
    <ele>1566.3</ele>
   </trkpt>
   <trkpt lat="34.8774310" lon="-111.7179640">
    <ele>1566.4</ele>
   </trkpt>
   <trkpt lat="34.8774250" lon="-111.7179870">
    <ele>1566.5</ele>
   </trkpt>
   <trkpt lat="34.8774200" lon="-111.7180070">
    <ele>1566.6</ele>
   </trkpt>
   <trkpt lat="34.8774140" lon="-111.7180280">
    <ele>1566.7</ele>
   </trkpt>
   <trkpt lat="34.8774060" lon="-111.7180500">
    <ele>1566.8</ele>
   </trkpt>
   <trkpt lat="34.8773950" lon="-111.7180760">
    <ele>1566.8</ele>
   </trkpt>
   <trkpt lat="34.8773860" lon="-111.7181020">
    <ele>1566.9</ele>
   </trkpt>
   <trkpt lat="34.8773790" lon="-111.7181260">
    <ele>1566.9</ele>
   </trkpt>
   <trkpt lat="34.8773720" lon="-111.7181450">
    <ele>1566.9</ele>
   </trkpt>
   <trkpt lat="34.8773610" lon="-111.7181540">
    <ele>1567.0</ele>
   </trkpt>
   <trkpt lat="34.8773440" lon="-111.7181570">
    <ele>1567.0</ele>
   </trkpt>
   <trkpt lat="34.8773270" lon="-111.7181560">
    <ele>1567.0</ele>
   </trkpt>
   <trkpt lat="34.8773110" lon="-111.7181510">
    <ele>1567.0</ele>
   </trkpt>
   <trkpt lat="34.8772950" lon="-111.7181500">
    <ele>1567.0</ele>
   </trkpt>
   <trkpt lat="34.8772760" lon="-111.7181510">
    <ele>1567.0</ele>
   </trkpt>
   <trkpt lat="34.8772560" lon="-111.7181630">
    <ele>1566.9</ele>
   </trkpt>
   <trkpt lat="34.8772370" lon="-111.7181760">
    <ele>1566.9</ele>
   </trkpt>
   <trkpt lat="34.8772190" lon="-111.7181860">
    <ele>1566.8</ele>
   </trkpt>
   <trkpt lat="34.8772020" lon="-111.7181970">
    <ele>1566.8</ele>
   </trkpt>
   <trkpt lat="34.8771850" lon="-111.7182100">
    <ele>1566.7</ele>
   </trkpt>
   <trkpt lat="34.8771690" lon="-111.7182180">
    <ele>1566.7</ele>
   </trkpt>
   <trkpt lat="34.8771550" lon="-111.7182340">
    <ele>1566.6</ele>
   </trkpt>
   <trkpt lat="34.8771430" lon="-111.7182570">
    <ele>1566.6</ele>
   </trkpt>
   <trkpt lat="34.8771330" lon="-111.7182800">
    <ele>1566.5</ele>
   </trkpt>
   <trkpt lat="34.8771260" lon="-111.7183040">
    <ele>1566.4</ele>
   </trkpt>
   <trkpt lat="34.8771200" lon="-111.7183300">
    <ele>1566.3</ele>
   </trkpt>
   <trkpt lat="34.8771120" lon="-111.7183460">
    <ele>1566.3</ele>
   </trkpt>
   <trkpt lat="34.8771050" lon="-111.7183560">
    <ele>1566.2</ele>
   </trkpt>
   <trkpt lat="34.8770960" lon="-111.7183600">
    <ele>1566.2</ele>
   </trkpt>
   <trkpt lat="34.8770840" lon="-111.7183680">
    <ele>1566.1</ele>
   </trkpt>
   <trkpt lat="34.8770750" lon="-111.7183830">
    <ele>1566.0</ele>
   </trkpt>
   <trkpt lat="34.8770700" lon="-111.7183970">
    <ele>1565.9</ele>
   </trkpt>
   <trkpt lat="34.8770660" lon="-111.7184080">
    <ele>1565.9</ele>
   </trkpt>
   <trkpt lat="34.8770600" lon="-111.7184180">
    <ele>1565.8</ele>
   </trkpt>
   <trkpt lat="34.8770540" lon="-111.7184270">
    <ele>1565.8</ele>
   </trkpt>
   <trkpt lat="34.8770490" lon="-111.7184360">
    <ele>1565.7</ele>
   </trkpt>
   <trkpt lat="34.8770440" lon="-111.7184470">
    <ele>1565.7</ele>
   </trkpt>
   <trkpt lat="34.8770400" lon="-111.7184550">
    <ele>1565.6</ele>
   </trkpt>
   <trkpt lat="34.8770360" lon="-111.7184590">
    <ele>1565.6</ele>
   </trkpt>
   <trkpt lat="34.8770290" lon="-111.7184630">
    <ele>1565.5</ele>
   </trkpt>
   <trkpt lat="34.8770230" lon="-111.7184650">
    <ele>1565.6</ele>
   </trkpt>
   <trkpt lat="34.8770160" lon="-111.7184690">
    <ele>1565.5</ele>
   </trkpt>
   <trkpt lat="34.8770110" lon="-111.7184760">
    <ele>1565.5</ele>
   </trkpt>
   <trkpt lat="34.8770090" lon="-111.7184780">
    <ele>1565.4</ele>
   </trkpt>
   <trkpt lat="34.8770000" lon="-111.7184740">
    <ele>1565.4</ele>
   </trkpt>
   <trkpt lat="34.8769830" lon="-111.7184720">
    <ele>1565.2</ele>
   </trkpt>
   <trkpt lat="34.8769700" lon="-111.7184820">
    <ele>1565.1</ele>
   </trkpt>
   <trkpt lat="34.8769580" lon="-111.7184950">
    <ele>1564.9</ele>
   </trkpt>
   <trkpt lat="34.8769460" lon="-111.7185090">
    <ele>1564.8</ele>
   </trkpt>
   <trkpt lat="34.8769360" lon="-111.7185310">
    <ele>1564.6</ele>
   </trkpt>
   <trkpt lat="34.8769300" lon="-111.7185600">
    <ele>1564.3</ele>
   </trkpt>
   <trkpt lat="34.8769250" lon="-111.7185910">
    <ele>1564.0</ele>
   </trkpt>
   <trkpt lat="34.8769190" lon="-111.7186180">
    <ele>1563.7</ele>
   </trkpt>
   <trkpt lat="34.8769110" lon="-111.7186480">
    <ele>1563.4</ele>
   </trkpt>
   <trkpt lat="34.8769030" lon="-111.7186750">
    <ele>1563.1</ele>
   </trkpt>
   <trkpt lat="34.8768940" lon="-111.7186970">
    <ele>1562.8</ele>
   </trkpt>
   <trkpt lat="34.8768870" lon="-111.7187210">
    <ele>1562.5</ele>
   </trkpt>
   <trkpt lat="34.8768800" lon="-111.7187440">
    <ele>1562.2</ele>
   </trkpt>
   <trkpt lat="34.8768710" lon="-111.7187650">
    <ele>1561.9</ele>
   </trkpt>
   <trkpt lat="34.8768650" lon="-111.7187900">
    <ele>1561.6</ele>
   </trkpt>
   <trkpt lat="34.8768540" lon="-111.7188150">
    <ele>1561.2</ele>
   </trkpt>
   <trkpt lat="34.8768450" lon="-111.7188420">
    <ele>1560.8</ele>
   </trkpt>
   <trkpt lat="34.8768400" lon="-111.7188700">
    <ele>1560.5</ele>
   </trkpt>
   <trkpt lat="34.8768400" lon="-111.7188980">
    <ele>1560.2</ele>
   </trkpt>
   <trkpt lat="34.8768380" lon="-111.7189210">
    <ele>1560.0</ele>
   </trkpt>
   <trkpt lat="34.8768290" lon="-111.7189450">
    <ele>1559.7</ele>
   </trkpt>
   <trkpt lat="34.8768190" lon="-111.7189640">
    <ele>1559.5</ele>
   </trkpt>
   <trkpt lat="34.8768160" lon="-111.7189830">
    <ele>1559.3</ele>
   </trkpt>
   <trkpt lat="34.8768170" lon="-111.7190010">
    <ele>1559.2</ele>
   </trkpt>
   <trkpt lat="34.8768180" lon="-111.7190180">
    <ele>1559.1</ele>
   </trkpt>
   <trkpt lat="34.8768170" lon="-111.7190320">
    <ele>1558.9</ele>
   </trkpt>
   <trkpt lat="34.8768110" lon="-111.7190460">
    <ele>1558.8</ele>
   </trkpt>
   <trkpt lat="34.8767990" lon="-111.7190610">
    <ele>1558.7</ele>
   </trkpt>
   <trkpt lat="34.8767900" lon="-111.7190770">
    <ele>1558.6</ele>
   </trkpt>
   <trkpt lat="34.8767820" lon="-111.7190900">
    <ele>1558.5</ele>
   </trkpt>
   <trkpt lat="34.8767750" lon="-111.7191050">
    <ele>1558.4</ele>
   </trkpt>
   <trkpt lat="34.8767690" lon="-111.7191220">
    <ele>1558.3</ele>
   </trkpt>
   <trkpt lat="34.8767620" lon="-111.7191420">
    <ele>1558.2</ele>
   </trkpt>
   <trkpt lat="34.8767550" lon="-111.7191580">
    <ele>1558.2</ele>
   </trkpt>
   <trkpt lat="34.8767470" lon="-111.7191720">
    <ele>1558.1</ele>
   </trkpt>
   <trkpt lat="34.8767390" lon="-111.7191860">
    <ele>1558.0</ele>
   </trkpt>
   <trkpt lat="34.8767300" lon="-111.7192020">
    <ele>1558.0</ele>
   </trkpt>
   <trkpt lat="34.8767230" lon="-111.7192200">
    <ele>1557.9</ele>
   </trkpt>
   <trkpt lat="34.8767130" lon="-111.7192390">
    <ele>1557.9</ele>
   </trkpt>
   <trkpt lat="34.8767040" lon="-111.7192640">
    <ele>1557.9</ele>
   </trkpt>
   <trkpt lat="34.8766990" lon="-111.7192900">
    <ele>1557.8</ele>
   </trkpt>
   <trkpt lat="34.8766960" lon="-111.7193100">
    <ele>1557.8</ele>
   </trkpt>
   <trkpt lat="34.8766900" lon="-111.7193310">
    <ele>1557.8</ele>
   </trkpt>
   <trkpt lat="34.8766840" lon="-111.7193480">
    <ele>1557.8</ele>
   </trkpt>
   <trkpt lat="34.8766790" lon="-111.7193620">
    <ele>1557.8</ele>
   </trkpt>
   <trkpt lat="34.8766760" lon="-111.7193750">
    <ele>1557.8</ele>
   </trkpt>
   <trkpt lat="34.8766680" lon="-111.7193900">
    <ele>1557.8</ele>
   </trkpt>
   <trkpt lat="34.8766610" lon="-111.7194040">
    <ele>1557.8</ele>
   </trkpt>
   <trkpt lat="34.8766570" lon="-111.7194150">
    <ele>1557.9</ele>
   </trkpt>
   <trkpt lat="34.8766520" lon="-111.7194300">
    <ele>1557.9</ele>
   </trkpt>
   <trkpt lat="34.8766490" lon="-111.7194450">
    <ele>1557.9</ele>
   </trkpt>
   <trkpt lat="34.8766480" lon="-111.7194550">
    <ele>1557.9</ele>
   </trkpt>
   <trkpt lat="34.8766420" lon="-111.7194680">
    <ele>1557.9</ele>
   </trkpt>
   <trkpt lat="34.8766360" lon="-111.7194830">
    <ele>1557.9</ele>
   </trkpt>
   <trkpt lat="34.8766330" lon="-111.7194970">
    <ele>1558.0</ele>
   </trkpt>
   <trkpt lat="34.8766300" lon="-111.7195180">
    <ele>1558.0</ele>
   </trkpt>
   <trkpt lat="34.8766260" lon="-111.7195340">
    <ele>1558.0</ele>
   </trkpt>
   <trkpt lat="34.8766230" lon="-111.7195540">
    <ele>1558.1</ele>
   </trkpt>
   <trkpt lat="34.8766140" lon="-111.7195750">
    <ele>1558.1</ele>
   </trkpt>
   <trkpt lat="34.8766030" lon="-111.7195930">
    <ele>1558.1</ele>
   </trkpt>
   <trkpt lat="34.8765920" lon="-111.7196040">
    <ele>1558.1</ele>
   </trkpt>
   <trkpt lat="34.8765770" lon="-111.7196090">
    <ele>1558.2</ele>
   </trkpt>
   <trkpt lat="34.8765560" lon="-111.7196130">
    <ele>1558.2</ele>
   </trkpt>
   <trkpt lat="34.8765310" lon="-111.7196200">
    <ele>1558.3</ele>
   </trkpt>
   <trkpt lat="34.8765120" lon="-111.7196330">
    <ele>1558.3</ele>
   </trkpt>
   <trkpt lat="34.8765010" lon="-111.7196500">
    <ele>1558.3</ele>
   </trkpt>
   <trkpt lat="34.8764880" lon="-111.7196690">
    <ele>1558.3</ele>
   </trkpt>
   <trkpt lat="34.8764740" lon="-111.7196910">
    <ele>1558.3</ele>
   </trkpt>
   <trkpt lat="34.8764660" lon="-111.7197180">
    <ele>1558.3</ele>
   </trkpt>
   <trkpt lat="34.8764640" lon="-111.7197450">
    <ele>1558.3</ele>
   </trkpt>
   <trkpt lat="34.8764650" lon="-111.7197700">
    <ele>1558.3</ele>
   </trkpt>
   <trkpt lat="34.8764630" lon="-111.7197900">
    <ele>1558.3</ele>
   </trkpt>
   <trkpt lat="34.8764640" lon="-111.7198140">
    <ele>1558.2</ele>
   </trkpt>
   <trkpt lat="34.8764620" lon="-111.7198390">
    <ele>1558.2</ele>
   </trkpt>
   <trkpt lat="34.8764570" lon="-111.7198640">
    <ele>1558.1</ele>
   </trkpt>
   <trkpt lat="34.8764540" lon="-111.7198910">
    <ele>1558.0</ele>
   </trkpt>
   <trkpt lat="34.8764530" lon="-111.7199180">
    <ele>1558.0</ele>
   </trkpt>
   <trkpt lat="34.8764540" lon="-111.7199450">
    <ele>1557.9</ele>
   </trkpt>
   <trkpt lat="34.8764570" lon="-111.7199700">
    <ele>1557.9</ele>
   </trkpt>
   <trkpt lat="34.8764590" lon="-111.7199900">
    <ele>1557.8</ele>
   </trkpt>
   <trkpt lat="34.8764580" lon="-111.7200110">
    <ele>1557.8</ele>
   </trkpt>
   <trkpt lat="34.8764570" lon="-111.7200350">
    <ele>1557.8</ele>
   </trkpt>
   <trkpt lat="34.8764560" lon="-111.7200590">
    <ele>1557.7</ele>
   </trkpt>
   <trkpt lat="34.8764540" lon="-111.7200820">
    <ele>1557.7</ele>
   </trkpt>
   <trkpt lat="34.8764500" lon="-111.7201050">
    <ele>1557.7</ele>
   </trkpt>
   <trkpt lat="34.8764450" lon="-111.7201260">
    <ele>1557.7</ele>
   </trkpt>
   <trkpt lat="34.8764370" lon="-111.7201450">
    <ele>1557.8</ele>
   </trkpt>
   <trkpt lat="34.8764250" lon="-111.7201580">
    <ele>1557.8</ele>
   </trkpt>
   <trkpt lat="34.8764110" lon="-111.7201750">
    <ele>1557.8</ele>
   </trkpt>
   <trkpt lat="34.8763930" lon="-111.7202000">
    <ele>1557.9</ele>
   </trkpt>
   <trkpt lat="34.8763740" lon="-111.7202250">
    <ele>1558.0</ele>
   </trkpt>
   <trkpt lat="34.8763580" lon="-111.7202470">
    <ele>1558.1</ele>
   </trkpt>
   <trkpt lat="34.8763440" lon="-111.7202650">
    <ele>1558.2</ele>
   </trkpt>
   <trkpt lat="34.8763330" lon="-111.7202800">
    <ele>1558.3</ele>
   </trkpt>
   <trkpt lat="34.8763280" lon="-111.7203010">
    <ele>1558.4</ele>
   </trkpt>
   <trkpt lat="34.8763280" lon="-111.7203280">
    <ele>1558.5</ele>
   </trkpt>
   <trkpt lat="34.8763280" lon="-111.7203520">
    <ele>1558.6</ele>
   </trkpt>
   <trkpt lat="34.8763250" lon="-111.7203780">
    <ele>1558.7</ele>
   </trkpt>
   <trkpt lat="34.8763190" lon="-111.7204040">
    <ele>1558.8</ele>
   </trkpt>
   <trkpt lat="34.8763120" lon="-111.7204270">
    <ele>1558.9</ele>
   </trkpt>
   <trkpt lat="34.8763060" lon="-111.7204530">
    <ele>1559.0</ele>
   </trkpt>
   <trkpt lat="34.8763020" lon="-111.7204820">
    <ele>1559.1</ele>
   </trkpt>
   <trkpt lat="34.8762950" lon="-111.7205070">
    <ele>1559.2</ele>
   </trkpt>
   <trkpt lat="34.8762870" lon="-111.7205330">
    <ele>1559.3</ele>
   </trkpt>
   <trkpt lat="34.8762790" lon="-111.7205570">
    <ele>1559.4</ele>
   </trkpt>
   <trkpt lat="34.8762730" lon="-111.7205830">
    <ele>1559.5</ele>
   </trkpt>
   <trkpt lat="34.8762660" lon="-111.7206140">
    <ele>1559.5</ele>
   </trkpt>
   <trkpt lat="34.8762600" lon="-111.7206430">
    <ele>1559.6</ele>
   </trkpt>
   <trkpt lat="34.8762580" lon="-111.7206710">
    <ele>1559.7</ele>
   </trkpt>
   <trkpt lat="34.8762580" lon="-111.7206960">
    <ele>1559.7</ele>
   </trkpt>
   <trkpt lat="34.8762560" lon="-111.7207180">
    <ele>1559.8</ele>
   </trkpt>
   <trkpt lat="34.8762490" lon="-111.7207410">
    <ele>1559.8</ele>
   </trkpt>
   <trkpt lat="34.8762390" lon="-111.7207570">
    <ele>1559.8</ele>
   </trkpt>
   <trkpt lat="34.8762330" lon="-111.7207710">
    <ele>1559.9</ele>
   </trkpt>
   <trkpt lat="34.8762270" lon="-111.7207930">
    <ele>1559.9</ele>
   </trkpt>
   <trkpt lat="34.8762250" lon="-111.7208190">
    <ele>1560.0</ele>
   </trkpt>
   <trkpt lat="34.8762230" lon="-111.7208440">
    <ele>1560.0</ele>
   </trkpt>
   <trkpt lat="34.8762200" lon="-111.7208690">
    <ele>1560.1</ele>
   </trkpt>
   <trkpt lat="34.8762170" lon="-111.7208950">
    <ele>1560.1</ele>
   </trkpt>
   <trkpt lat="34.8762170" lon="-111.7209150">
    <ele>1560.2</ele>
   </trkpt>
   <trkpt lat="34.8762110" lon="-111.7209360">
    <ele>1560.2</ele>
   </trkpt>
   <trkpt lat="34.8762060" lon="-111.7209550">
    <ele>1560.3</ele>
   </trkpt>
   <trkpt lat="34.8762010" lon="-111.7209670">
    <ele>1560.3</ele>
   </trkpt>
   <trkpt lat="34.8761930" lon="-111.7209780">
    <ele>1560.3</ele>
   </trkpt>
   <trkpt lat="34.8761870" lon="-111.7209850">
    <ele>1560.3</ele>
   </trkpt>
   <trkpt lat="34.8761810" lon="-111.7209900">
    <ele>1560.3</ele>
   </trkpt>
   <trkpt lat="34.8761750" lon="-111.7209970">
    <ele>1560.4</ele>
   </trkpt>
   <trkpt lat="34.8761660" lon="-111.7210030">
    <ele>1560.4</ele>
   </trkpt>
   <trkpt lat="34.8761560" lon="-111.7210060">
    <ele>1560.4</ele>
   </trkpt>
   <trkpt lat="34.8761480" lon="-111.7210080">
    <ele>1560.4</ele>
   </trkpt>
   <trkpt lat="34.8761370" lon="-111.7210060">
    <ele>1560.4</ele>
   </trkpt>
   <trkpt lat="34.8761240" lon="-111.7210070">
    <ele>1560.4</ele>
   </trkpt>
   <trkpt lat="34.8761120" lon="-111.7210140">
    <ele>1560.4</ele>
   </trkpt>
   <trkpt lat="34.8760960" lon="-111.7210250">
    <ele>1560.4</ele>
   </trkpt>
   <trkpt lat="34.8760820" lon="-111.7210460">
    <ele>1560.4</ele>
   </trkpt>
   <trkpt lat="34.8760700" lon="-111.7210690">
    <ele>1560.4</ele>
   </trkpt>
   <trkpt lat="34.8760620" lon="-111.7210890">
    <ele>1560.4</ele>
   </trkpt>
   <trkpt lat="34.8760560" lon="-111.7211080">
    <ele>1560.3</ele>
   </trkpt>
   <trkpt lat="34.8760470" lon="-111.7211340">
    <ele>1560.3</ele>
   </trkpt>
   <trkpt lat="34.8760390" lon="-111.7211550">
    <ele>1560.3</ele>
   </trkpt>
   <trkpt lat="34.8760280" lon="-111.7211720">
    <ele>1560.3</ele>
   </trkpt>
   <trkpt lat="34.8760180" lon="-111.7211900">
    <ele>1560.3</ele>
   </trkpt>
   <trkpt lat="34.8760140" lon="-111.7212120">
    <ele>1560.2</ele>
   </trkpt>
   <trkpt lat="34.8760100" lon="-111.7212280">
    <ele>1560.2</ele>
   </trkpt>
   <trkpt lat="34.8760020" lon="-111.7212370">
    <ele>1560.2</ele>
   </trkpt>
   <trkpt lat="34.8759880" lon="-111.7212460">
    <ele>1560.2</ele>
   </trkpt>
   <trkpt lat="34.8759740" lon="-111.7212620">
    <ele>1560.2</ele>
   </trkpt>
   <trkpt lat="34.8759670" lon="-111.7212810">
    <ele>1560.2</ele>
   </trkpt>
   <trkpt lat="34.8759620" lon="-111.7212970">
    <ele>1560.2</ele>
   </trkpt>
   <trkpt lat="34.8759540" lon="-111.7213140">
    <ele>1560.2</ele>
   </trkpt>
   <trkpt lat="34.8759430" lon="-111.7213330">
    <ele>1560.2</ele>
   </trkpt>
   <trkpt lat="34.8759350" lon="-111.7213470">
    <ele>1560.2</ele>
   </trkpt>
   <trkpt lat="34.8759240" lon="-111.7213530">
    <ele>1560.2</ele>
   </trkpt>
   <trkpt lat="34.8759110" lon="-111.7213580">
    <ele>1560.2</ele>
   </trkpt>
   <trkpt lat="34.8758960" lon="-111.7213740">
    <ele>1560.2</ele>
   </trkpt>
   <trkpt lat="34.8758850" lon="-111.7213940">
    <ele>1560.2</ele>
   </trkpt>
   <trkpt lat="34.8758810" lon="-111.7214210">
    <ele>1560.2</ele>
   </trkpt>
   <trkpt lat="34.8758750" lon="-111.7214440">
    <ele>1560.2</ele>
   </trkpt>
   <trkpt lat="34.8758680" lon="-111.7214660">
    <ele>1560.1</ele>
   </trkpt>
   <trkpt lat="34.8758600" lon="-111.7214900">
    <ele>1560.1</ele>
   </trkpt>
   <trkpt lat="34.8758530" lon="-111.7215160">
    <ele>1560.1</ele>
   </trkpt>
   <trkpt lat="34.8758460" lon="-111.7215420">
    <ele>1560.1</ele>
   </trkpt>
   <trkpt lat="34.8758380" lon="-111.7215710">
    <ele>1560.0</ele>
   </trkpt>
   <trkpt lat="34.8758320" lon="-111.7215960">
    <ele>1560.0</ele>
   </trkpt>
   <trkpt lat="34.8758280" lon="-111.7216150">
    <ele>1560.0</ele>
   </trkpt>
   <trkpt lat="34.8758270" lon="-111.7216300">
    <ele>1560.0</ele>
   </trkpt>
   <trkpt lat="34.8758270" lon="-111.7216430">
    <ele>1560.0</ele>
   </trkpt>
   <trkpt lat="34.8758300" lon="-111.7216670">
    <ele>1560.0</ele>
   </trkpt>
   <trkpt lat="34.8758330" lon="-111.7216950">
    <ele>1560.0</ele>
   </trkpt>
   <trkpt lat="34.8758380" lon="-111.7217210">
    <ele>1560.0</ele>
   </trkpt>
   <trkpt lat="34.8758430" lon="-111.7217480">
    <ele>1560.1</ele>
   </trkpt>
   <trkpt lat="34.8758460" lon="-111.7217710">
    <ele>1560.1</ele>
   </trkpt>
   <trkpt lat="34.8758500" lon="-111.7217910">
    <ele>1560.1</ele>
   </trkpt>
   <trkpt lat="34.8758530" lon="-111.7218120">
    <ele>1560.2</ele>
   </trkpt>
   <trkpt lat="34.8758560" lon="-111.7218370">
    <ele>1560.3</ele>
   </trkpt>
   <trkpt lat="34.8758600" lon="-111.7218630">
    <ele>1560.4</ele>
   </trkpt>
   <trkpt lat="34.8758650" lon="-111.7218870">
    <ele>1560.5</ele>
   </trkpt>
   <trkpt lat="34.8758740" lon="-111.7219120">
    <ele>1560.6</ele>
   </trkpt>
   <trkpt lat="34.8758800" lon="-111.7219320">
    <ele>1560.6</ele>
   </trkpt>
   <trkpt lat="34.8758840" lon="-111.7219530">
    <ele>1560.7</ele>
   </trkpt>
   <trkpt lat="34.8758880" lon="-111.7219680">
    <ele>1560.8</ele>
   </trkpt>
   <trkpt lat="34.8758850" lon="-111.7219840">
    <ele>1560.8</ele>
   </trkpt>
   <trkpt lat="34.8758780" lon="-111.7219980">
    <ele>1560.9</ele>
   </trkpt>
   <trkpt lat="34.8758640" lon="-111.7220190">
    <ele>1560.9</ele>
   </trkpt>
   <trkpt lat="34.8758500" lon="-111.7220410">
    <ele>1561.0</ele>
   </trkpt>
   <trkpt lat="34.8758360" lon="-111.7220610">
    <ele>1561.1</ele>
   </trkpt>
   <trkpt lat="34.8758250" lon="-111.7220890">
    <ele>1561.1</ele>
   </trkpt>
   <trkpt lat="34.8758220" lon="-111.7221150">
    <ele>1561.2</ele>
   </trkpt>
   <trkpt lat="34.8758240" lon="-111.7221380">
    <ele>1561.2</ele>
   </trkpt>
   <trkpt lat="34.8758280" lon="-111.7221610">
    <ele>1561.3</ele>
   </trkpt>
   <trkpt lat="34.8758300" lon="-111.7221850">
    <ele>1561.3</ele>
   </trkpt>
   <trkpt lat="34.8758270" lon="-111.7222010">
    <ele>1561.3</ele>
   </trkpt>
   <trkpt lat="34.8758170" lon="-111.7222170">
    <ele>1561.3</ele>
   </trkpt>
   <trkpt lat="34.8758040" lon="-111.7222340">
    <ele>1561.3</ele>
   </trkpt>
   <trkpt lat="34.8757910" lon="-111.7222460">
    <ele>1561.3</ele>
   </trkpt>
   <trkpt lat="34.8757760" lon="-111.7222440">
    <ele>1561.3</ele>
   </trkpt>
   <trkpt lat="34.8757650" lon="-111.7222280">
    <ele>1561.2</ele>
   </trkpt>
   <trkpt lat="34.8757500" lon="-111.7222160">
    <ele>1561.2</ele>
   </trkpt>
   <trkpt lat="34.8757320" lon="-111.7222140">
    <ele>1561.1</ele>
   </trkpt>
   <trkpt lat="34.8757120" lon="-111.7222170">
    <ele>1561.0</ele>
   </trkpt>
   <trkpt lat="34.8756950" lon="-111.7222200">
    <ele>1560.9</ele>
   </trkpt>
   <trkpt lat="34.8756840" lon="-111.7222150">
    <ele>1560.9</ele>
   </trkpt>
   <trkpt lat="34.8756700" lon="-111.7222120">
    <ele>1560.8</ele>
   </trkpt>
   <trkpt lat="34.8756500" lon="-111.7222080">
    <ele>1560.6</ele>
   </trkpt>
   <trkpt lat="34.8756280" lon="-111.7222100">
    <ele>1560.5</ele>
   </trkpt>
   <trkpt lat="34.8756090" lon="-111.7222240">
    <ele>1560.3</ele>
   </trkpt>
   <trkpt lat="34.8755950" lon="-111.7222370">
    <ele>1560.2</ele>
   </trkpt>
   <trkpt lat="34.8755810" lon="-111.7222440">
    <ele>1560.1</ele>
   </trkpt>
   <trkpt lat="34.8755640" lon="-111.7222580">
    <ele>1559.9</ele>
   </trkpt>
   <trkpt lat="34.8755470" lon="-111.7222790">
    <ele>1559.8</ele>
   </trkpt>
   <trkpt lat="34.8755350" lon="-111.7223140">
    <ele>1559.5</ele>
   </trkpt>
   <trkpt lat="34.8755230" lon="-111.7223380">
    <ele>1559.4</ele>
   </trkpt>
   <trkpt lat="34.8755140" lon="-111.7223660">
    <ele>1559.4</ele>
   </trkpt>
   <trkpt lat="34.8755090" lon="-111.7223980">
    <ele>1559.3</ele>
   </trkpt>
   <trkpt lat="34.8755050" lon="-111.7224230">
    <ele>1559.3</ele>
   </trkpt>
   <trkpt lat="34.8755040" lon="-111.7224540">
    <ele>1559.2</ele>
   </trkpt>
   <trkpt lat="34.8755030" lon="-111.7224820">
    <ele>1559.2</ele>
   </trkpt>
   <trkpt lat="34.8754990" lon="-111.7225110">
    <ele>1559.1</ele>
   </trkpt>
   <trkpt lat="34.8754960" lon="-111.7225430">
    <ele>1559.0</ele>
   </trkpt>
   <trkpt lat="34.8754910" lon="-111.7225700">
    <ele>1559.0</ele>
   </trkpt>
   <trkpt lat="34.8754810" lon="-111.7225930">
    <ele>1558.9</ele>
   </trkpt>
   <trkpt lat="34.8754720" lon="-111.7226180">
    <ele>1558.9</ele>
   </trkpt>
   <trkpt lat="34.8754660" lon="-111.7226440">
    <ele>1558.8</ele>
   </trkpt>
   <trkpt lat="34.8754660" lon="-111.7226710">
    <ele>1558.7</ele>
   </trkpt>
   <trkpt lat="34.8754660" lon="-111.7227020">
    <ele>1558.7</ele>
   </trkpt>
   <trkpt lat="34.8754650" lon="-111.7227320">
    <ele>1558.6</ele>
   </trkpt>
   <trkpt lat="34.8754600" lon="-111.7227610">
    <ele>1558.6</ele>
   </trkpt>
   <trkpt lat="34.8754530" lon="-111.7227880">
    <ele>1558.5</ele>
   </trkpt>
   <trkpt lat="34.8754470" lon="-111.7228130">
    <ele>1558.5</ele>
   </trkpt>
   <trkpt lat="34.8754400" lon="-111.7228410">
    <ele>1558.5</ele>
   </trkpt>
   <trkpt lat="34.8754360" lon="-111.7228680">
    <ele>1558.4</ele>
   </trkpt>
   <trkpt lat="34.8754290" lon="-111.7228930">
    <ele>1558.4</ele>
   </trkpt>
   <trkpt lat="34.8754190" lon="-111.7229230">
    <ele>1558.3</ele>
   </trkpt>
   <trkpt lat="34.8754130" lon="-111.7229540">
    <ele>1558.3</ele>
   </trkpt>
   <trkpt lat="34.8754080" lon="-111.7229830">
    <ele>1558.2</ele>
   </trkpt>
   <trkpt lat="34.8754030" lon="-111.7230120">
    <ele>1558.2</ele>
   </trkpt>
   <trkpt lat="34.8753980" lon="-111.7230380">
    <ele>1558.1</ele>
   </trkpt>
   <trkpt lat="34.8753940" lon="-111.7230640">
    <ele>1558.1</ele>
   </trkpt>
   <trkpt lat="34.8753910" lon="-111.7230890">
    <ele>1558.1</ele>
   </trkpt>
   <trkpt lat="34.8753880" lon="-111.7231130">
    <ele>1558.0</ele>
   </trkpt>
   <trkpt lat="34.8753820" lon="-111.7231410">
    <ele>1558.0</ele>
   </trkpt>
   <trkpt lat="34.8753770" lon="-111.7231670">
    <ele>1557.9</ele>
   </trkpt>
   <trkpt lat="34.8753760" lon="-111.7231940">
    <ele>1557.9</ele>
   </trkpt>
   <trkpt lat="34.8753780" lon="-111.7232240">
    <ele>1557.9</ele>
   </trkpt>
   <trkpt lat="34.8753820" lon="-111.7232480">
    <ele>1557.8</ele>
   </trkpt>
   <trkpt lat="34.8753860" lon="-111.7232710">
    <ele>1557.8</ele>
   </trkpt>
   <trkpt lat="34.8753900" lon="-111.7232930">
    <ele>1557.8</ele>
   </trkpt>
   <trkpt lat="34.8753930" lon="-111.7233160">
    <ele>1557.7</ele>
   </trkpt>
   <trkpt lat="34.8754010" lon="-111.7233440">
    <ele>1557.7</ele>
   </trkpt>
   <trkpt lat="34.8754070" lon="-111.7233720">
    <ele>1557.6</ele>
   </trkpt>
   <trkpt lat="34.8754090" lon="-111.7233920">
    <ele>1557.6</ele>
   </trkpt>
   <trkpt lat="34.8754070" lon="-111.7234080">
    <ele>1557.6</ele>
   </trkpt>
   <trkpt lat="34.8753980" lon="-111.7234270">
    <ele>1557.5</ele>
   </trkpt>
   <trkpt lat="34.8753880" lon="-111.7234490">
    <ele>1557.5</ele>
   </trkpt>
   <trkpt lat="34.8753800" lon="-111.7234770">
    <ele>1557.4</ele>
   </trkpt>
   <trkpt lat="34.8753800" lon="-111.7235100">
    <ele>1557.4</ele>
   </trkpt>
   <trkpt lat="34.8753770" lon="-111.7235380">
    <ele>1557.3</ele>
   </trkpt>
   <trkpt lat="34.8753720" lon="-111.7235630">
    <ele>1557.3</ele>
   </trkpt>
   <trkpt lat="34.8753630" lon="-111.7235880">
    <ele>1557.3</ele>
   </trkpt>
   <trkpt lat="34.8753560" lon="-111.7236120">
    <ele>1557.2</ele>
   </trkpt>
   <trkpt lat="34.8753530" lon="-111.7236410">
    <ele>1557.2</ele>
   </trkpt>
   <trkpt lat="34.8753520" lon="-111.7236660">
    <ele>1557.2</ele>
   </trkpt>
   <trkpt lat="34.8753540" lon="-111.7236910">
    <ele>1557.2</ele>
   </trkpt>
   <trkpt lat="34.8753570" lon="-111.7237150">
    <ele>1557.2</ele>
   </trkpt>
   <trkpt lat="34.8753580" lon="-111.7237360">
    <ele>1557.2</ele>
   </trkpt>
   <trkpt lat="34.8753570" lon="-111.7237600">
    <ele>1557.2</ele>
   </trkpt>
   <trkpt lat="34.8753530" lon="-111.7237830">
    <ele>1557.2</ele>
   </trkpt>
   <trkpt lat="34.8753480" lon="-111.7238050">
    <ele>1557.3</ele>
   </trkpt>
   <trkpt lat="34.8753450" lon="-111.7238300">
    <ele>1557.3</ele>
   </trkpt>
   <trkpt lat="34.8753440" lon="-111.7238590">
    <ele>1557.3</ele>
   </trkpt>
   <trkpt lat="34.8753450" lon="-111.7238850">
    <ele>1557.4</ele>
   </trkpt>
   <trkpt lat="34.8753430" lon="-111.7239110">
    <ele>1557.4</ele>
   </trkpt>
   <trkpt lat="34.8753400" lon="-111.7239380">
    <ele>1557.5</ele>
   </trkpt>
   <trkpt lat="34.8753390" lon="-111.7239640">
    <ele>1557.5</ele>
   </trkpt>
   <trkpt lat="34.8753380" lon="-111.7239880">
    <ele>1557.6</ele>
   </trkpt>
   <trkpt lat="34.8753370" lon="-111.7240150">
    <ele>1557.7</ele>
   </trkpt>
   <trkpt lat="34.8753350" lon="-111.7240430">
    <ele>1557.7</ele>
   </trkpt>
   <trkpt lat="34.8753300" lon="-111.7240660">
    <ele>1557.8</ele>
   </trkpt>
   <trkpt lat="34.8753250" lon="-111.7240920">
    <ele>1557.9</ele>
   </trkpt>
   <trkpt lat="34.8753210" lon="-111.7241170">
    <ele>1558.0</ele>
   </trkpt>
   <trkpt lat="34.8753150" lon="-111.7241380">
    <ele>1558.0</ele>
   </trkpt>
   <trkpt lat="34.8753100" lon="-111.7241590">
    <ele>1558.1</ele>
   </trkpt>
   <trkpt lat="34.8753080" lon="-111.7241850">
    <ele>1558.2</ele>
   </trkpt>
   <trkpt lat="34.8753060" lon="-111.7242110">
    <ele>1558.3</ele>
   </trkpt>
   <trkpt lat="34.8753060" lon="-111.7242350">
    <ele>1558.4</ele>
   </trkpt>
   <trkpt lat="34.8753090" lon="-111.7242580">
    <ele>1558.4</ele>
   </trkpt>
   <trkpt lat="34.8753120" lon="-111.7242810">
    <ele>1558.5</ele>
   </trkpt>
   <trkpt lat="34.8753130" lon="-111.7243020">
    <ele>1558.6</ele>
   </trkpt>
   <trkpt lat="34.8753110" lon="-111.7243250">
    <ele>1558.7</ele>
   </trkpt>
   <trkpt lat="34.8753100" lon="-111.7243460">
    <ele>1558.7</ele>
   </trkpt>
   <trkpt lat="34.8753100" lon="-111.7243680">
    <ele>1558.8</ele>
   </trkpt>
   <trkpt lat="34.8753080" lon="-111.7243910">
    <ele>1558.9</ele>
   </trkpt>
   <trkpt lat="34.8753090" lon="-111.7244140">
    <ele>1558.9</ele>
   </trkpt>
   <trkpt lat="34.8753090" lon="-111.7244360">
    <ele>1559.0</ele>
   </trkpt>
   <trkpt lat="34.8753070" lon="-111.7244610">
    <ele>1559.0</ele>
   </trkpt>
   <trkpt lat="34.8753060" lon="-111.7244880">
    <ele>1559.1</ele>
   </trkpt>
   <trkpt lat="34.8753030" lon="-111.7245120">
    <ele>1559.2</ele>
   </trkpt>
   <trkpt lat="34.8753000" lon="-111.7245360">
    <ele>1559.2</ele>
   </trkpt>
   <trkpt lat="34.8752980" lon="-111.7245620">
    <ele>1559.2</ele>
   </trkpt>
   <trkpt lat="34.8752980" lon="-111.7245870">
    <ele>1559.3</ele>
   </trkpt>
   <trkpt lat="34.8752910" lon="-111.7246140">
    <ele>1559.3</ele>
   </trkpt>
   <trkpt lat="34.8752760" lon="-111.7246390">
    <ele>1559.3</ele>
   </trkpt>
   <trkpt lat="34.8752630" lon="-111.7246630">
    <ele>1559.3</ele>
   </trkpt>
   <trkpt lat="34.8752520" lon="-111.7246870">
    <ele>1559.4</ele>
   </trkpt>
   <trkpt lat="34.8752420" lon="-111.7247140">
    <ele>1559.4</ele>
   </trkpt>
   <trkpt lat="34.8752340" lon="-111.7247400">
    <ele>1559.3</ele>
   </trkpt>
   <trkpt lat="34.8752300" lon="-111.7247670">
    <ele>1559.3</ele>
   </trkpt>
   <trkpt lat="34.8752290" lon="-111.7247950">
    <ele>1559.3</ele>
   </trkpt>
   <trkpt lat="34.8752290" lon="-111.7248200">
    <ele>1559.3</ele>
   </trkpt>
   <trkpt lat="34.8752290" lon="-111.7248470">
    <ele>1559.3</ele>
   </trkpt>
   <trkpt lat="34.8752250" lon="-111.7248730">
    <ele>1559.3</ele>
   </trkpt>
   <trkpt lat="34.8752180" lon="-111.7249040">
    <ele>1559.2</ele>
   </trkpt>
   <trkpt lat="34.8752110" lon="-111.7249330">
    <ele>1559.2</ele>
   </trkpt>
   <trkpt lat="34.8752020" lon="-111.7249600">
    <ele>1559.2</ele>
   </trkpt>
   <trkpt lat="34.8751900" lon="-111.7249880">
    <ele>1559.1</ele>
   </trkpt>
   <trkpt lat="34.8751750" lon="-111.7250110">
    <ele>1559.1</ele>
   </trkpt>
   <trkpt lat="34.8751570" lon="-111.7250290">
    <ele>1559.1</ele>
   </trkpt>
   <trkpt lat="34.8751440" lon="-111.7250540">
    <ele>1559.0</ele>
   </trkpt>
   <trkpt lat="34.8751340" lon="-111.7250780">
    <ele>1559.0</ele>
   </trkpt>
   <trkpt lat="34.8751250" lon="-111.7251040">
    <ele>1559.0</ele>
   </trkpt>
   <trkpt lat="34.8751170" lon="-111.7251310">
    <ele>1558.9</ele>
   </trkpt>
   <trkpt lat="34.8751100" lon="-111.7251610">
    <ele>1558.9</ele>
   </trkpt>
   <trkpt lat="34.8751020" lon="-111.7251890">
    <ele>1558.9</ele>
   </trkpt>
   <trkpt lat="34.8750930" lon="-111.7252160">
    <ele>1558.9</ele>
   </trkpt>
   <trkpt lat="34.8750840" lon="-111.7252410">
    <ele>1558.8</ele>
   </trkpt>
   <trkpt lat="34.8750730" lon="-111.7252660">
    <ele>1558.8</ele>
   </trkpt>
   <trkpt lat="34.8750590" lon="-111.7252880">
    <ele>1558.8</ele>
   </trkpt>
   <trkpt lat="34.8750400" lon="-111.7253090">
    <ele>1558.8</ele>
   </trkpt>
   <trkpt lat="34.8750230" lon="-111.7253370">
    <ele>1558.8</ele>
   </trkpt>
   <trkpt lat="34.8750160" lon="-111.7253660">
    <ele>1558.8</ele>
   </trkpt>
   <trkpt lat="34.8750130" lon="-111.7253930">
    <ele>1558.9</ele>
   </trkpt>
   <trkpt lat="34.8750130" lon="-111.7254230">
    <ele>1558.9</ele>
   </trkpt>
   <trkpt lat="34.8750120" lon="-111.7254480">
    <ele>1559.0</ele>
   </trkpt>
   <trkpt lat="34.8750150" lon="-111.7254740">
    <ele>1559.0</ele>
   </trkpt>
   <trkpt lat="34.8750210" lon="-111.7255000">
    <ele>1559.1</ele>
   </trkpt>
   <trkpt lat="34.8750260" lon="-111.7255270">
    <ele>1559.2</ele>
   </trkpt>
   <trkpt lat="34.8750310" lon="-111.7255580">
    <ele>1559.4</ele>
   </trkpt>
   <trkpt lat="34.8750380" lon="-111.7255870">
    <ele>1559.5</ele>
   </trkpt>
   <trkpt lat="34.8750450" lon="-111.7256120">
    <ele>1559.6</ele>
   </trkpt>
   <trkpt lat="34.8750510" lon="-111.7256390">
    <ele>1559.8</ele>
   </trkpt>
   <trkpt lat="34.8750560" lon="-111.7256650">
    <ele>1560.0</ele>
   </trkpt>
   <trkpt lat="34.8750610" lon="-111.7256870">
    <ele>1560.1</ele>
   </trkpt>
   <trkpt lat="34.8750640" lon="-111.7257110">
    <ele>1560.2</ele>
   </trkpt>
   <trkpt lat="34.8750680" lon="-111.7257360">
    <ele>1560.4</ele>
   </trkpt>
   <trkpt lat="34.8750710" lon="-111.7257600">
    <ele>1560.5</ele>
   </trkpt>
   <trkpt lat="34.8750720" lon="-111.7257820">
    <ele>1560.7</ele>
   </trkpt>
   <trkpt lat="34.8750720" lon="-111.7258080">
    <ele>1560.8</ele>
   </trkpt>
   <trkpt lat="34.8750720" lon="-111.7258310">
    <ele>1560.9</ele>
   </trkpt>
   <trkpt lat="34.8750700" lon="-111.7258510">
    <ele>1561.0</ele>
   </trkpt>
   <trkpt lat="34.8750680" lon="-111.7258730">
    <ele>1561.1</ele>
   </trkpt>
   <trkpt lat="34.8750700" lon="-111.7258970">
    <ele>1561.3</ele>
   </trkpt>
   <trkpt lat="34.8750750" lon="-111.7259190">
    <ele>1561.3</ele>
   </trkpt>
   <trkpt lat="34.8750790" lon="-111.7259440">
    <ele>1561.4</ele>
   </trkpt>
   <trkpt lat="34.8750800" lon="-111.7259700">
    <ele>1561.5</ele>
   </trkpt>
   <trkpt lat="34.8750790" lon="-111.7259960">
    <ele>1561.6</ele>
   </trkpt>
   <trkpt lat="34.8750750" lon="-111.7260200">
    <ele>1561.7</ele>
   </trkpt>
   <trkpt lat="34.8750670" lon="-111.7260400">
    <ele>1561.8</ele>
   </trkpt>
   <trkpt lat="34.8750590" lon="-111.7260610">
    <ele>1561.8</ele>
   </trkpt>
   <trkpt lat="34.8750560" lon="-111.7260850">
    <ele>1561.9</ele>
   </trkpt>
   <trkpt lat="34.8750560" lon="-111.7261110">
    <ele>1561.9</ele>
   </trkpt>
   <trkpt lat="34.8750550" lon="-111.7261340">
    <ele>1562.0</ele>
   </trkpt>
   <trkpt lat="34.8750540" lon="-111.7261560">
    <ele>1562.0</ele>
   </trkpt>
   <trkpt lat="34.8750540" lon="-111.7261780">
    <ele>1562.1</ele>
   </trkpt>
   <trkpt lat="34.8750490" lon="-111.7262000">
    <ele>1562.1</ele>
   </trkpt>
   <trkpt lat="34.8750440" lon="-111.7262210">
    <ele>1562.1</ele>
   </trkpt>
   <trkpt lat="34.8750370" lon="-111.7262450">
    <ele>1562.2</ele>
   </trkpt>
   <trkpt lat="34.8750290" lon="-111.7262740">
    <ele>1562.2</ele>
   </trkpt>
   <trkpt lat="34.8750240" lon="-111.7263040">
    <ele>1562.2</ele>
   </trkpt>
   <trkpt lat="34.8750210" lon="-111.7263300">
    <ele>1562.2</ele>
   </trkpt>
   <trkpt lat="34.8750220" lon="-111.7263570">
    <ele>1562.3</ele>
   </trkpt>
   <trkpt lat="34.8750240" lon="-111.7263870">
    <ele>1562.3</ele>
   </trkpt>
   <trkpt lat="34.8750260" lon="-111.7264150">
    <ele>1562.3</ele>
   </trkpt>
   <trkpt lat="34.8750280" lon="-111.7264440">
    <ele>1562.3</ele>
   </trkpt>
   <trkpt lat="34.8750320" lon="-111.7264730">
    <ele>1562.3</ele>
   </trkpt>
   <trkpt lat="34.8750370" lon="-111.7264970">
    <ele>1562.3</ele>
   </trkpt>
   <trkpt lat="34.8750430" lon="-111.7265210">
    <ele>1562.3</ele>
   </trkpt>
   <trkpt lat="34.8750500" lon="-111.7265380">
    <ele>1563.3</ele>
   </trkpt>
   <trkpt lat="34.8750560" lon="-111.7265460">
    <ele>1564.4</ele>
   </trkpt>
   <trkpt lat="34.8750630" lon="-111.7265490">
    <ele>1564.4</ele>
   </trkpt>
   <trkpt lat="34.8750720" lon="-111.7265490">
    <ele>1564.4</ele>
   </trkpt>
   <trkpt lat="34.8750790" lon="-111.7265520">
    <ele>1564.4</ele>
   </trkpt>
   <trkpt lat="34.8750840" lon="-111.7265540">
    <ele>1564.4</ele>
   </trkpt>
   <trkpt lat="34.8750900" lon="-111.7265570">
    <ele>1565.5</ele>
   </trkpt>
   <trkpt lat="34.8751010" lon="-111.7265540">
    <ele>1565.5</ele>
   </trkpt>
   <trkpt lat="34.8751070" lon="-111.7265510">
    <ele>1565.5</ele>
   </trkpt>
   <trkpt lat="34.8751130" lon="-111.7265490">
    <ele>1565.5</ele>
   </trkpt>
   <trkpt lat="34.8751230" lon="-111.7265470">
    <ele>1566.7</ele>
   </trkpt>
   <trkpt lat="34.8751300" lon="-111.7265510">
    <ele>1566.7</ele>
   </trkpt>
   <trkpt lat="34.8751390" lon="-111.7265480">
    <ele>1566.7</ele>
   </trkpt>
   <trkpt lat="34.8751470" lon="-111.7265450">
    <ele>1566.7</ele>
   </trkpt>
   <trkpt lat="34.8751520" lon="-111.7265450">
    <ele>1566.7</ele>
   </trkpt>
   <trkpt lat="34.8751610" lon="-111.7265420">
    <ele>1568.1</ele>
   </trkpt>
   <trkpt lat="34.8751700" lon="-111.7265400">
    <ele>1568.1</ele>
   </trkpt>
   <trkpt lat="34.8751750" lon="-111.7265410">
    <ele>1568.1</ele>
   </trkpt>
   <trkpt lat="34.8751820" lon="-111.7265430">
    <ele>1568.1</ele>
   </trkpt>
   <trkpt lat="34.8751900" lon="-111.7265440">
    <ele>1568.1</ele>
   </trkpt>
   <trkpt lat="34.8752020" lon="-111.7265470">
    <ele>1569.5</ele>
   </trkpt>
   <trkpt lat="34.8752120" lon="-111.7265430">
    <ele>1569.5</ele>
   </trkpt>
   <trkpt lat="34.8752200" lon="-111.7265440">
    <ele>1569.5</ele>
   </trkpt>
   <trkpt lat="34.8752280" lon="-111.7265440">
    <ele>1569.5</ele>
   </trkpt>
   <trkpt lat="34.8752350" lon="-111.7265430">
    <ele>1571.0</ele>
   </trkpt>
   <trkpt lat="34.8752430" lon="-111.7265460">
    <ele>1571.0</ele>
   </trkpt>
   <trkpt lat="34.8752490" lon="-111.7265490">
    <ele>1571.0</ele>
   </trkpt>
   <trkpt lat="34.8752570" lon="-111.7265520">
    <ele>1571.0</ele>
   </trkpt>
   <trkpt lat="34.8752660" lon="-111.7265560">
    <ele>1572.5</ele>
   </trkpt>
   <trkpt lat="34.8752770" lon="-111.7265590">
    <ele>1572.5</ele>
   </trkpt>
   <trkpt lat="34.8752890" lon="-111.7265610">
    <ele>1572.5</ele>
   </trkpt>
   <trkpt lat="34.8752990" lon="-111.7265640">
    <ele>1573.9</ele>
   </trkpt>
   <trkpt lat="34.8753080" lon="-111.7265630">
    <ele>1573.9</ele>
   </trkpt>
   <trkpt lat="34.8753150" lon="-111.7265600">
    <ele>1573.9</ele>
   </trkpt>
   <trkpt lat="34.8753240" lon="-111.7265560">
    <ele>1573.9</ele>
   </trkpt>
   <trkpt lat="34.8753300" lon="-111.7265540">
    <ele>1573.9</ele>
   </trkpt>
   <trkpt lat="34.8753360" lon="-111.7265510">
    <ele>1575.3</ele>
   </trkpt>
   <trkpt lat="34.8753420" lon="-111.7265460">
    <ele>1575.3</ele>
   </trkpt>
   <trkpt lat="34.8753480" lon="-111.7265400">
    <ele>1575.3</ele>
   </trkpt>
   <trkpt lat="34.8753550" lon="-111.7265320">
    <ele>1574.8</ele>
   </trkpt>
   <trkpt lat="34.8753580" lon="-111.7265280">
    <ele>1574.8</ele>
   </trkpt>
   <trkpt lat="34.8753650" lon="-111.7265240">
    <ele>1574.8</ele>
   </trkpt>
   <trkpt lat="34.8753750" lon="-111.7265180">
    <ele>1576.2</ele>
   </trkpt>
   <trkpt lat="34.8753880" lon="-111.7265120">
    <ele>1576.2</ele>
   </trkpt>
   <trkpt lat="34.8753960" lon="-111.7265090">
    <ele>1576.2</ele>
   </trkpt>
   <trkpt lat="34.8754020" lon="-111.7265070">
    <ele>1576.2</ele>
   </trkpt>
   <trkpt lat="34.8754090" lon="-111.7265090">
    <ele>1577.6</ele>
   </trkpt>
   <trkpt lat="34.8754160" lon="-111.7265140">
    <ele>1577.6</ele>
   </trkpt>
   <trkpt lat="34.8754190" lon="-111.7265190">
    <ele>1577.6</ele>
   </trkpt>
   <trkpt lat="34.8754230" lon="-111.7265230">
    <ele>1577.6</ele>
   </trkpt>
   <trkpt lat="34.8754300" lon="-111.7265240">
    <ele>1577.6</ele>
   </trkpt>
   <trkpt lat="34.8754380" lon="-111.7265270">
    <ele>1577.6</ele>
   </trkpt>
   <trkpt lat="34.8754440" lon="-111.7265280">
    <ele>1579.1</ele>
   </trkpt>
   <trkpt lat="34.8754510" lon="-111.7265300">
    <ele>1579.1</ele>
   </trkpt>
   <trkpt lat="34.8754570" lon="-111.7265330">
    <ele>1579.1</ele>
   </trkpt>
   <trkpt lat="34.8754630" lon="-111.7265350">
    <ele>1579.1</ele>
   </trkpt>
   <trkpt lat="34.8754700" lon="-111.7265380">
    <ele>1579.4</ele>
   </trkpt>
   <trkpt lat="34.8754760" lon="-111.7265410">
    <ele>1580.8</ele>
   </trkpt>
   <trkpt lat="34.8754820" lon="-111.7265440">
    <ele>1580.8</ele>
   </trkpt>
   <trkpt lat="34.8754880" lon="-111.7265460">
    <ele>1580.8</ele>
   </trkpt>
   <trkpt lat="34.8754930" lon="-111.7265510">
    <ele>1580.8</ele>
   </trkpt>
   <trkpt lat="34.8754980" lon="-111.7265550">
    <ele>1580.8</ele>
   </trkpt>
   <trkpt lat="34.8755040" lon="-111.7265570">
    <ele>1580.8</ele>
   </trkpt>
   <trkpt lat="34.8755090" lon="-111.7265630">
    <ele>1580.8</ele>
   </trkpt>
   <trkpt lat="34.8755160" lon="-111.7265640">
    <ele>1582.3</ele>
   </trkpt>
   <trkpt lat="34.8755220" lon="-111.7265660">
    <ele>1582.3</ele>
   </trkpt>
   <trkpt lat="34.8755290" lon="-111.7265670">
    <ele>1582.3</ele>
   </trkpt>
   <trkpt lat="34.8755330" lon="-111.7265690">
    <ele>1582.3</ele>
   </trkpt>
   <trkpt lat="34.8755370" lon="-111.7265690">
    <ele>1582.3</ele>
   </trkpt>
   <trkpt lat="34.8755420" lon="-111.7265710">
    <ele>1582.3</ele>
   </trkpt>
   <trkpt lat="34.8755470" lon="-111.7265710">
    <ele>1583.7</ele>
   </trkpt>
   <trkpt lat="34.8755550" lon="-111.7265700">
    <ele>1583.7</ele>
   </trkpt>
   <trkpt lat="34.8755630" lon="-111.7265690">
    <ele>1583.7</ele>
   </trkpt>
   <trkpt lat="34.8755710" lon="-111.7265600">
    <ele>1583.7</ele>
   </trkpt>
   <trkpt lat="34.8755780" lon="-111.7265550">
    <ele>1583.7</ele>
   </trkpt>
   <trkpt lat="34.8755820" lon="-111.7265500">
    <ele>1585.2</ele>
   </trkpt>
   <trkpt lat="34.8755880" lon="-111.7265430">
    <ele>1585.2</ele>
   </trkpt>
   <trkpt lat="34.8755940" lon="-111.7265320">
    <ele>1584.9</ele>
   </trkpt>
   <trkpt lat="34.8756010" lon="-111.7265180">
    <ele>1584.9</ele>
   </trkpt>
   <trkpt lat="34.8756080" lon="-111.7265060">
    <ele>1584.9</ele>
   </trkpt>
   <trkpt lat="34.8756160" lon="-111.7264950">
    <ele>1586.5</ele>
   </trkpt>
   <trkpt lat="34.8756220" lon="-111.7264810">
    <ele>1586.2</ele>
   </trkpt>
   <trkpt lat="34.8756260" lon="-111.7264670">
    <ele>1586.2</ele>
   </trkpt>
   <trkpt lat="34.8756300" lon="-111.7264490">
    <ele>1585.8</ele>
   </trkpt>
   <trkpt lat="34.8756350" lon="-111.7264330">
    <ele>1585.8</ele>
   </trkpt>
   <trkpt lat="34.8756400" lon="-111.7264160">
    <ele>1585.8</ele>
   </trkpt>
   <trkpt lat="34.8756380" lon="-111.7264010">
    <ele>1585.3</ele>
   </trkpt>
   <trkpt lat="34.8756340" lon="-111.7263860">
    <ele>1585.3</ele>
   </trkpt>
   <trkpt lat="34.8756320" lon="-111.7263680">
    <ele>1585.3</ele>
   </trkpt>
   <trkpt lat="34.8756360" lon="-111.7263480">
    <ele>1584.9</ele>
   </trkpt>
   <trkpt lat="34.8756400" lon="-111.7263280">
    <ele>1584.9</ele>
   </trkpt>
   <trkpt lat="34.8756460" lon="-111.7263080">
    <ele>1584.5</ele>
   </trkpt>
   <trkpt lat="34.8756520" lon="-111.7262900">
    <ele>1586.5</ele>
   </trkpt>
   <trkpt lat="34.8756570" lon="-111.7262740">
    <ele>1586.2</ele>
   </trkpt>
   <trkpt lat="34.8756610" lon="-111.7262560">
    <ele>1586.2</ele>
   </trkpt>
   <trkpt lat="34.8756600" lon="-111.7262350">
    <ele>1585.9</ele>
   </trkpt>
   <trkpt lat="34.8756600" lon="-111.7262110">
    <ele>1585.9</ele>
   </trkpt>
   <trkpt lat="34.8756630" lon="-111.7261900">
    <ele>1585.8</ele>
   </trkpt>
   <trkpt lat="34.8756690" lon="-111.7261730">
    <ele>1585.8</ele>
   </trkpt>
   <trkpt lat="34.8756710" lon="-111.7261650">
    <ele>1585.8</ele>
   </trkpt>
   <trkpt lat="34.8756780" lon="-111.7261620">
    <ele>1585.8</ele>
   </trkpt>
   <trkpt lat="34.8756860" lon="-111.7261610">
    <ele>1585.8</ele>
   </trkpt>
   <trkpt lat="34.8756920" lon="-111.7261580">
    <ele>1587.6</ele>
   </trkpt>
   <trkpt lat="34.8756990" lon="-111.7261520">
    <ele>1587.6</ele>
   </trkpt>
   <trkpt lat="34.8757080" lon="-111.7261420">
    <ele>1587.6</ele>
   </trkpt>
   <trkpt lat="34.8757140" lon="-111.7261340">
    <ele>1587.6</ele>
   </trkpt>
   <trkpt lat="34.8757210" lon="-111.7261270">
    <ele>1587.6</ele>
   </trkpt>
   <trkpt lat="34.8757250" lon="-111.7261180">
    <ele>1589.4</ele>
   </trkpt>
   <trkpt lat="34.8757290" lon="-111.7261070">
    <ele>1589.4</ele>
   </trkpt>
   <trkpt lat="34.8757330" lon="-111.7261000">
    <ele>1589.4</ele>
   </trkpt>
   <trkpt lat="34.8757280" lon="-111.7260960">
    <ele>1589.4</ele>
   </trkpt>
   <trkpt lat="34.8757280" lon="-111.7260920">
    <ele>1589.4</ele>
   </trkpt>
   <trkpt lat="34.8757330" lon="-111.7260870">
    <ele>1589.4</ele>
   </trkpt>
   <trkpt lat="34.8757390" lon="-111.7260830">
    <ele>1589.4</ele>
   </trkpt>
   <trkpt lat="34.8757420" lon="-111.7260770">
    <ele>1589.4</ele>
   </trkpt>
   <trkpt lat="34.8757470" lon="-111.7260720">
    <ele>1589.4</ele>
   </trkpt>
   <trkpt lat="34.8757560" lon="-111.7260680">
    <ele>1589.4</ele>
   </trkpt>
   <trkpt lat="34.8757590" lon="-111.7260640">
    <ele>1591.1</ele>
   </trkpt>
   <trkpt lat="34.8757630" lon="-111.7260620">
    <ele>1591.1</ele>
   </trkpt>
   <trkpt lat="34.8757660" lon="-111.7260570">
    <ele>1591.1</ele>
   </trkpt>
   <trkpt lat="34.8757700" lon="-111.7260490">
    <ele>1591.1</ele>
   </trkpt>
   <trkpt lat="34.8757760" lon="-111.7260440">
    <ele>1591.1</ele>
   </trkpt>
   <trkpt lat="34.8757860" lon="-111.7260370">
    <ele>1591.1</ele>
   </trkpt>
   <trkpt lat="34.8757910" lon="-111.7260330">
    <ele>1591.1</ele>
   </trkpt>
   <trkpt lat="34.8757960" lon="-111.7260300">
    <ele>1593.0</ele>
   </trkpt>
   <trkpt lat="34.8758020" lon="-111.7260170">
    <ele>1592.6</ele>
   </trkpt>
   <trkpt lat="34.8758070" lon="-111.7260130">
    <ele>1592.6</ele>
   </trkpt>
   <trkpt lat="34.8758100" lon="-111.7260050">
    <ele>1592.6</ele>
   </trkpt>
   <trkpt lat="34.8758110" lon="-111.7259980">
    <ele>1592.6</ele>
   </trkpt>
   <trkpt lat="34.8758130" lon="-111.7259960">
    <ele>1592.6</ele>
   </trkpt>
   <trkpt lat="34.8758170" lon="-111.7259910">
    <ele>1592.6</ele>
   </trkpt>
   <trkpt lat="34.8758230" lon="-111.7259920">
    <ele>1592.6</ele>
   </trkpt>
   <trkpt lat="34.8758250" lon="-111.7259940">
    <ele>1592.6</ele>
   </trkpt>
   <trkpt lat="34.8758290" lon="-111.7259970">
    <ele>1594.1</ele>
   </trkpt>
   <trkpt lat="34.8758330" lon="-111.7260010">
    <ele>1594.1</ele>
   </trkpt>
   <trkpt lat="34.8758380" lon="-111.7260020">
    <ele>1594.1</ele>
   </trkpt>
   <trkpt lat="34.8758410" lon="-111.7260010">
    <ele>1594.1</ele>
   </trkpt>
   <trkpt lat="34.8758440" lon="-111.7260030">
    <ele>1594.1</ele>
   </trkpt>
   <trkpt lat="34.8758490" lon="-111.7260110">
    <ele>1594.1</ele>
   </trkpt>
   <trkpt lat="34.8758480" lon="-111.7260200">
    <ele>1594.1</ele>
   </trkpt>
   <trkpt lat="34.8758470" lon="-111.7260300">
    <ele>1594.8</ele>
   </trkpt>
   <trkpt lat="34.8758460" lon="-111.7260410">
    <ele>1594.8</ele>
   </trkpt>
   <trkpt lat="34.8758460" lon="-111.7260520">
    <ele>1594.8</ele>
   </trkpt>
   <trkpt lat="34.8758460" lon="-111.7260650">
    <ele>1595.0</ele>
   </trkpt>
   <trkpt lat="34.8758450" lon="-111.7260750">
    <ele>1595.0</ele>
   </trkpt>
   <trkpt lat="34.8758430" lon="-111.7260860">
    <ele>1595.0</ele>
   </trkpt>
   <trkpt lat="34.8758400" lon="-111.7261010">
    <ele>1595.0</ele>
   </trkpt>
   <trkpt lat="34.8758390" lon="-111.7261160">
    <ele>1594.9</ele>
   </trkpt>
   <trkpt lat="34.8758390" lon="-111.7261320">
    <ele>1594.9</ele>
   </trkpt>
   <trkpt lat="34.8758400" lon="-111.7261470">
    <ele>1594.9</ele>
   </trkpt>
   <trkpt lat="34.8758390" lon="-111.7261620">
    <ele>1594.8</ele>
   </trkpt>
   <trkpt lat="34.8758370" lon="-111.7261780">
    <ele>1594.8</ele>
   </trkpt>
   <trkpt lat="34.8758310" lon="-111.7261900">
    <ele>1594.8</ele>
   </trkpt>
   <trkpt lat="34.8758250" lon="-111.7262030">
    <ele>1593.3</ele>
   </trkpt>
   <trkpt lat="34.8758220" lon="-111.7262190">
    <ele>1593.3</ele>
   </trkpt>
   <trkpt lat="34.8758230" lon="-111.7262350">
    <ele>1593.3</ele>
   </trkpt>
   <trkpt lat="34.8758220" lon="-111.7262500">
    <ele>1593.8</ele>
   </trkpt>
   <trkpt lat="34.8758210" lon="-111.7262650">
    <ele>1593.8</ele>
   </trkpt>
   <trkpt lat="34.8758200" lon="-111.7262810">
    <ele>1594.3</ele>
   </trkpt>
   <trkpt lat="34.8758180" lon="-111.7262960">
    <ele>1594.3</ele>
   </trkpt>
   <trkpt lat="34.8758160" lon="-111.7263130">
    <ele>1594.3</ele>
   </trkpt>
   <trkpt lat="34.8758160" lon="-111.7263290">
    <ele>1594.7</ele>
   </trkpt>
   <trkpt lat="34.8758150" lon="-111.7263480">
    <ele>1594.7</ele>
   </trkpt>
   <trkpt lat="34.8758170" lon="-111.7263690">
    <ele>1595.0</ele>
   </trkpt>
   <trkpt lat="34.8758210" lon="-111.7263930">
    <ele>1595.0</ele>
   </trkpt>
   <trkpt lat="34.8758240" lon="-111.7264200">
    <ele>1595.0</ele>
   </trkpt>
   <trkpt lat="34.8758260" lon="-111.7264480">
    <ele>1595.0</ele>
   </trkpt>
   <trkpt lat="34.8758300" lon="-111.7264770">
    <ele>1596.5</ele>
   </trkpt>
   <trkpt lat="34.8758320" lon="-111.7265080">
    <ele>1596.0</ele>
   </trkpt>
   <trkpt lat="34.8758320" lon="-111.7265410">
    <ele>1595.4</ele>
   </trkpt>
   <trkpt lat="34.8758300" lon="-111.7265730">
    <ele>1595.4</ele>
   </trkpt>
   <trkpt lat="34.8758280" lon="-111.7266000">
    <ele>1594.7</ele>
   </trkpt>
   <trkpt lat="34.8758260" lon="-111.7266230">
    <ele>1593.0</ele>
   </trkpt>
   <trkpt lat="34.8758220" lon="-111.7266480">
    <ele>1593.0</ele>
   </trkpt>
   <trkpt lat="34.8758190" lon="-111.7266720">
    <ele>1592.3</ele>
   </trkpt>
   <trkpt lat="34.8758160" lon="-111.7266920">
    <ele>1592.3</ele>
   </trkpt>
   <trkpt lat="34.8758130" lon="-111.7267140">
    <ele>1591.6</ele>
   </trkpt>
   <trkpt lat="34.8758110" lon="-111.7267390">
    <ele>1591.6</ele>
   </trkpt>
   <trkpt lat="34.8758110" lon="-111.7267660">
    <ele>1591.0</ele>
   </trkpt>
   <trkpt lat="34.8758110" lon="-111.7267920">
    <ele>1591.0</ele>
   </trkpt>
   <trkpt lat="34.8758150" lon="-111.7268190">
    <ele>1590.4</ele>
   </trkpt>
   <trkpt lat="34.8758260" lon="-111.7268430">
    <ele>1589.8</ele>
   </trkpt>
   <trkpt lat="34.8758410" lon="-111.7268580">
    <ele>1590.1</ele>
   </trkpt>
   <trkpt lat="34.8758580" lon="-111.7268630">
    <ele>1590.1</ele>
   </trkpt>
   <trkpt lat="34.8758770" lon="-111.7268660">
    <ele>1590.3</ele>
   </trkpt>
   <trkpt lat="34.8758960" lon="-111.7268660">
    <ele>1590.3</ele>
   </trkpt>
   <trkpt lat="34.8759160" lon="-111.7268610">
    <ele>1590.3</ele>
   </trkpt>
   <trkpt lat="34.8759350" lon="-111.7268530">
    <ele>1590.1</ele>
   </trkpt>
   <trkpt lat="34.8759560" lon="-111.7268410">
    <ele>1590.1</ele>
   </trkpt>
   <trkpt lat="34.8759760" lon="-111.7268280">
    <ele>1590.8</ele>
   </trkpt>
   <trkpt lat="34.8759930" lon="-111.7268170">
    <ele>1590.8</ele>
   </trkpt>
   <trkpt lat="34.8760110" lon="-111.7268080">
    <ele>1590.0</ele>
   </trkpt>
   <trkpt lat="34.8760300" lon="-111.7267960">
    <ele>1590.0</ele>
   </trkpt>
   <trkpt lat="34.8760490" lon="-111.7267860">
    <ele>1590.2</ele>
   </trkpt>
   <trkpt lat="34.8760650" lon="-111.7267790">
    <ele>1590.2</ele>
   </trkpt>
   <trkpt lat="34.8760800" lon="-111.7267700">
    <ele>1589.2</ele>
   </trkpt>
   <trkpt lat="34.8760960" lon="-111.7267590">
    <ele>1589.2</ele>
   </trkpt>
   <trkpt lat="34.8761130" lon="-111.7267510">
    <ele>1589.2</ele>
   </trkpt>
   <trkpt lat="34.8761260" lon="-111.7267460">
    <ele>1589.2</ele>
   </trkpt>
   <trkpt lat="34.8761410" lon="-111.7267400">
    <ele>1589.2</ele>
   </trkpt>
   <trkpt lat="34.8761580" lon="-111.7267320">
    <ele>1588.3</ele>
   </trkpt>
   <trkpt lat="34.8761780" lon="-111.7267240">
    <ele>1588.3</ele>
   </trkpt>
   <trkpt lat="34.8761960" lon="-111.7267200">
    <ele>1587.6</ele>
   </trkpt>
   <trkpt lat="34.8762120" lon="-111.7267170">
    <ele>1587.6</ele>
   </trkpt>
   <trkpt lat="34.8762270" lon="-111.7267130">
    <ele>1587.0</ele>
   </trkpt>
   <trkpt lat="34.8762420" lon="-111.7267080">
    <ele>1588.3</ele>
   </trkpt>
   <trkpt lat="34.8762570" lon="-111.7267050">
    <ele>1587.9</ele>
   </trkpt>
   <trkpt lat="34.8762700" lon="-111.7267040">
    <ele>1587.9</ele>
   </trkpt>
   <trkpt lat="34.8762850" lon="-111.7267070">
    <ele>1587.6</ele>
   </trkpt>
   <trkpt lat="34.8763000" lon="-111.7267080">
    <ele>1587.6</ele>
   </trkpt>
   <trkpt lat="34.8763160" lon="-111.7266990">
    <ele>1587.6</ele>
   </trkpt>
   <trkpt lat="34.8763320" lon="-111.7266910">
    <ele>1587.4</ele>
   </trkpt>
   <trkpt lat="34.8763500" lon="-111.7266820">
    <ele>1587.4</ele>
   </trkpt>
   <trkpt lat="34.8763640" lon="-111.7266740">
    <ele>1587.2</ele>
   </trkpt>
   <trkpt lat="34.8763770" lon="-111.7266650">
    <ele>1589.2</ele>
   </trkpt>
   <trkpt lat="34.8763910" lon="-111.7266580">
    <ele>1589.4</ele>
   </trkpt>
   <trkpt lat="34.8764000" lon="-111.7266540">
    <ele>1589.4</ele>
   </trkpt>
   <trkpt lat="34.8764100" lon="-111.7266430">
    <ele>1589.4</ele>
   </trkpt>
   <trkpt lat="34.8764200" lon="-111.7266300">
    <ele>1589.4</ele>
   </trkpt>
   <trkpt lat="34.8764300" lon="-111.7266220">
    <ele>1591.6</ele>
   </trkpt>
   <trkpt lat="34.8764370" lon="-111.7266210">
    <ele>1591.6</ele>
   </trkpt>
   <trkpt lat="34.8764450" lon="-111.7266170">
    <ele>1591.6</ele>
   </trkpt>
   <trkpt lat="34.8764560" lon="-111.7266080">
    <ele>1591.6</ele>
   </trkpt>
   <trkpt lat="34.8764640" lon="-111.7265980">
    <ele>1592.1</ele>
   </trkpt>
   <trkpt lat="34.8764700" lon="-111.7265920">
    <ele>1592.1</ele>
   </trkpt>
   <trkpt lat="34.8764750" lon="-111.7265860">
    <ele>1592.1</ele>
   </trkpt>
   <trkpt lat="34.8764830" lon="-111.7265790">
    <ele>1594.0</ele>
   </trkpt>
   <trkpt lat="34.8764920" lon="-111.7265750">
    <ele>1594.0</ele>
   </trkpt>
   <trkpt lat="34.8765010" lon="-111.7265730">
    <ele>1594.7</ele>
   </trkpt>
   <trkpt lat="34.8765080" lon="-111.7265670">
    <ele>1594.7</ele>
   </trkpt>
   <trkpt lat="34.8765110" lon="-111.7265660">
    <ele>1594.7</ele>
   </trkpt>
   <trkpt lat="34.8765150" lon="-111.7265670">
    <ele>1594.7</ele>
   </trkpt>
   <trkpt lat="34.8765210" lon="-111.7265640">
    <ele>1594.7</ele>
   </trkpt>
   <trkpt lat="34.8765330" lon="-111.7265600">
    <ele>1594.9</ele>
   </trkpt>
   <trkpt lat="34.8765440" lon="-111.7265550">
    <ele>1594.9</ele>
   </trkpt>
   <trkpt lat="34.8765550" lon="-111.7265460">
    <ele>1594.9</ele>
   </trkpt>
   <trkpt lat="34.8765640" lon="-111.7265400">
    <ele>1594.9</ele>
   </trkpt>
   <trkpt lat="34.8765710" lon="-111.7265340">
    <ele>1596.5</ele>
   </trkpt>
   <trkpt lat="34.8765780" lon="-111.7265280">
    <ele>1596.5</ele>
   </trkpt>
   <trkpt lat="34.8765870" lon="-111.7265230">
    <ele>1596.5</ele>
   </trkpt>
   <trkpt lat="34.8765950" lon="-111.7265160">
    <ele>1596.5</ele>
   </trkpt>
   <trkpt lat="34.8766040" lon="-111.7265080">
    <ele>1596.2</ele>
   </trkpt>
   <trkpt lat="34.8766130" lon="-111.7264980">
    <ele>1596.2</ele>
   </trkpt>
   <trkpt lat="34.8766230" lon="-111.7264870">
    <ele>1597.5</ele>
   </trkpt>
   <trkpt lat="34.8766320" lon="-111.7264790">
    <ele>1597.5</ele>
   </trkpt>
   <trkpt lat="34.8766430" lon="-111.7264730">
    <ele>1597.3</ele>
   </trkpt>
   <trkpt lat="34.8766550" lon="-111.7264640">
    <ele>1597.3</ele>
   </trkpt>
   <trkpt lat="34.8766670" lon="-111.7264590">
    <ele>1597.3</ele>
   </trkpt>
   <trkpt lat="34.8766800" lon="-111.7264490">
    <ele>1598.1</ele>
   </trkpt>
   <trkpt lat="34.8766900" lon="-111.7264390">
    <ele>1598.1</ele>
   </trkpt>
   <trkpt lat="34.8767010" lon="-111.7264300">
    <ele>1598.1</ele>
   </trkpt>
   <trkpt lat="34.8767120" lon="-111.7264250">
    <ele>1598.0</ele>
   </trkpt>
   <trkpt lat="34.8767220" lon="-111.7264220">
    <ele>1598.0</ele>
   </trkpt>
   <trkpt lat="34.8767320" lon="-111.7264230">
    <ele>1598.0</ele>
   </trkpt>
   <trkpt lat="34.8767400" lon="-111.7264250">
    <ele>1598.0</ele>
   </trkpt>
   <trkpt lat="34.8767520" lon="-111.7264270">
    <ele>1597.9</ele>
   </trkpt>
   <trkpt lat="34.8767630" lon="-111.7264270">
    <ele>1597.9</ele>
   </trkpt>
   <trkpt lat="34.8767730" lon="-111.7264300">
    <ele>1597.9</ele>
   </trkpt>
   <trkpt lat="34.8767820" lon="-111.7264350">
    <ele>1597.8</ele>
   </trkpt>
   <trkpt lat="34.8767920" lon="-111.7264390">
    <ele>1597.8</ele>
   </trkpt>
   <trkpt lat="34.8768050" lon="-111.7264400">
    <ele>1597.8</ele>
   </trkpt>
   <trkpt lat="34.8768140" lon="-111.7264370">
    <ele>1597.7</ele>
   </trkpt>
   <trkpt lat="34.8768250" lon="-111.7264360">
    <ele>1597.7</ele>
   </trkpt>
   <trkpt lat="34.8768380" lon="-111.7264330">
    <ele>1597.7</ele>
   </trkpt>
   <trkpt lat="34.8768480" lon="-111.7264290">
    <ele>1597.7</ele>
   </trkpt>
   <trkpt lat="34.8768570" lon="-111.7264250">
    <ele>1597.7</ele>
   </trkpt>
   <trkpt lat="34.8768670" lon="-111.7264260">
    <ele>1597.7</ele>
   </trkpt>
   <trkpt lat="34.8768780" lon="-111.7264260">
    <ele>1597.7</ele>
   </trkpt>
   <trkpt lat="34.8768910" lon="-111.7264290">
    <ele>1597.8</ele>
   </trkpt>
   <trkpt lat="34.8769040" lon="-111.7264330">
    <ele>1597.8</ele>
   </trkpt>
   <trkpt lat="34.8769160" lon="-111.7264320">
    <ele>1597.8</ele>
   </trkpt>
   <trkpt lat="34.8769250" lon="-111.7264320">
    <ele>1598.0</ele>
   </trkpt>
   <trkpt lat="34.8769330" lon="-111.7264400">
    <ele>1598.0</ele>
   </trkpt>
   <trkpt lat="34.8769420" lon="-111.7264430">
    <ele>1598.0</ele>
   </trkpt>
   <trkpt lat="34.8769480" lon="-111.7264480">
    <ele>1598.0</ele>
   </trkpt>
   <trkpt lat="34.8769560" lon="-111.7264470">
    <ele>1598.2</ele>
   </trkpt>
   <trkpt lat="34.8769630" lon="-111.7264470">
    <ele>1598.2</ele>
   </trkpt>
   <trkpt lat="34.8769690" lon="-111.7264510">
    <ele>1596.2</ele>
   </trkpt>
   <trkpt lat="34.8769730" lon="-111.7264560">
    <ele>1596.2</ele>
   </trkpt>
   <trkpt lat="34.8769800" lon="-111.7264670">
    <ele>1596.2</ele>
   </trkpt>
   <trkpt lat="34.8769830" lon="-111.7264730">
    <ele>1596.2</ele>
   </trkpt>
   <trkpt lat="34.8769870" lon="-111.7264810">
    <ele>1596.2</ele>
   </trkpt>
   <trkpt lat="34.8769920" lon="-111.7264880">
    <ele>1596.5</ele>
   </trkpt>
   <trkpt lat="34.8770010" lon="-111.7265020">
    <ele>1594.4</ele>
   </trkpt>
   <trkpt lat="34.8770130" lon="-111.7265120">
    <ele>1594.4</ele>
   </trkpt>
   <trkpt lat="34.8770210" lon="-111.7265190">
    <ele>1594.4</ele>
   </trkpt>
   <trkpt lat="34.8770290" lon="-111.7265220">
    <ele>1594.7</ele>
   </trkpt>
   <trkpt lat="34.8770380" lon="-111.7265150">
    <ele>1594.7</ele>
   </trkpt>
   <trkpt lat="34.8770470" lon="-111.7265090">
    <ele>1594.7</ele>
   </trkpt>
   <trkpt lat="34.8770560" lon="-111.7265080">
    <ele>1594.7</ele>
   </trkpt>
   <trkpt lat="34.8770640" lon="-111.7265080">
    <ele>1595.1</ele>
   </trkpt>
   <trkpt lat="34.8770720" lon="-111.7265080">
    <ele>1595.1</ele>
   </trkpt>
   <trkpt lat="34.8770860" lon="-111.7265130">
    <ele>1595.1</ele>
   </trkpt>
   <trkpt lat="34.8771000" lon="-111.7265240">
    <ele>1595.4</ele>
   </trkpt>
   <trkpt lat="34.8771150" lon="-111.7265410">
    <ele>1592.9</ele>
   </trkpt>
   <trkpt lat="34.8771320" lon="-111.7265520">
    <ele>1593.0</ele>
   </trkpt>
   <trkpt lat="34.8771440" lon="-111.7265640">
    <ele>1593.0</ele>
   </trkpt>
   <trkpt lat="34.8771570" lon="-111.7265750">
    <ele>1593.0</ele>
   </trkpt>
   <trkpt lat="34.8771680" lon="-111.7265810">
    <ele>1590.3</ele>
   </trkpt>
   <trkpt lat="34.8771800" lon="-111.7265890">
    <ele>1590.3</ele>
   </trkpt>
   <trkpt lat="34.8771900" lon="-111.7265980">
    <ele>1590.3</ele>
   </trkpt>
   <trkpt lat="34.8772040" lon="-111.7266030">
    <ele>1590.0</ele>
   </trkpt>
   <trkpt lat="34.8772170" lon="-111.7266000">
    <ele>1590.0</ele>
   </trkpt>
   <trkpt lat="34.8772290" lon="-111.7265970">
    <ele>1590.0</ele>
   </trkpt>
   <trkpt lat="34.8772380" lon="-111.7265960">
    <ele>1589.6</ele>
   </trkpt>
   <trkpt lat="34.8772490" lon="-111.7265930">
    <ele>1589.6</ele>
   </trkpt>
   <trkpt lat="34.8772610" lon="-111.7265920">
    <ele>1589.6</ele>
   </trkpt>
   <trkpt lat="34.8772720" lon="-111.7265960">
    <ele>1589.0</ele>
   </trkpt>
   <trkpt lat="34.8772810" lon="-111.7266020">
    <ele>1589.0</ele>
   </trkpt>
   <trkpt lat="34.8772920" lon="-111.7266070">
    <ele>1589.0</ele>
   </trkpt>
   <trkpt lat="34.8773030" lon="-111.7266120">
    <ele>1589.0</ele>
   </trkpt>
   <trkpt lat="34.8773140" lon="-111.7266140">
    <ele>1588.6</ele>
   </trkpt>
   <trkpt lat="34.8773270" lon="-111.7266150">
    <ele>1588.6</ele>
   </trkpt>
   <trkpt lat="34.8773370" lon="-111.7266190">
    <ele>1588.6</ele>
   </trkpt>
   <trkpt lat="34.8773450" lon="-111.7266160">
    <ele>1588.2</ele>
   </trkpt>
   <trkpt lat="34.8773500" lon="-111.7266090">
    <ele>1588.2</ele>
   </trkpt>
   <trkpt lat="34.8773590" lon="-111.7266060">
    <ele>1588.2</ele>
   </trkpt>
   <trkpt lat="34.8773700" lon="-111.7266020">
    <ele>1588.2</ele>
   </trkpt>
   <trkpt lat="34.8773800" lon="-111.7266030">
    <ele>1588.0</ele>
   </trkpt>
   <trkpt lat="34.8773890" lon="-111.7265960">
    <ele>1588.0</ele>
   </trkpt>
   <trkpt lat="34.8773990" lon="-111.7265890">
    <ele>1588.0</ele>
   </trkpt>
   <trkpt lat="34.8774070" lon="-111.7265830">
    <ele>1588.0</ele>
   </trkpt>
   <trkpt lat="34.8774160" lon="-111.7265780">
    <ele>1590.9</ele>
   </trkpt>
   <trkpt lat="34.8774270" lon="-111.7265730">
    <ele>1590.9</ele>
   </trkpt>
   <trkpt lat="34.8774370" lon="-111.7265640">
    <ele>1590.9</ele>
   </trkpt>
   <trkpt lat="34.8774470" lon="-111.7265570">
    <ele>1590.8</ele>
   </trkpt>
   <trkpt lat="34.8774580" lon="-111.7265520">
    <ele>1590.8</ele>
   </trkpt>
   <trkpt lat="34.8774710" lon="-111.7265500">
    <ele>1590.8</ele>
   </trkpt>
   <trkpt lat="34.8774760" lon="-111.7265490">
    <ele>1590.8</ele>
   </trkpt>
   <trkpt lat="34.8774740" lon="-111.7265480">
    <ele>1590.8</ele>
   </trkpt>
   <trkpt lat="34.8774750" lon="-111.7265460">
    <ele>1590.8</ele>
   </trkpt>
   <trkpt lat="34.8774750" lon="-111.7265470">
    <ele>1590.8</ele>
   </trkpt>
   <trkpt lat="34.8774760" lon="-111.7265470">
    <ele>1590.8</ele>
   </trkpt>
   <trkpt lat="34.8774750" lon="-111.7265500">
    <ele>1590.8</ele>
   </trkpt>
   <trkpt lat="34.8774790" lon="-111.7265490">
    <ele>1590.8</ele>
   </trkpt>
   <trkpt lat="34.8774940" lon="-111.7265650">
    <ele>1590.9</ele>
   </trkpt>
   <trkpt lat="34.8775080" lon="-111.7265630">
    <ele>1590.9</ele>
   </trkpt>
   <trkpt lat="34.8775190" lon="-111.7265580">
    <ele>1591.1</ele>
   </trkpt>
   <trkpt lat="34.8775280" lon="-111.7265530">
    <ele>1591.1</ele>
   </trkpt>
   <trkpt lat="34.8775360" lon="-111.7265490">
    <ele>1591.1</ele>
   </trkpt>
   <trkpt lat="34.8775410" lon="-111.7265430">
    <ele>1591.1</ele>
   </trkpt>
   <trkpt lat="34.8775500" lon="-111.7265400">
    <ele>1591.1</ele>
   </trkpt>
   <trkpt lat="34.8775570" lon="-111.7265330">
    <ele>1594.3</ele>
   </trkpt>
   <trkpt lat="34.8775670" lon="-111.7265270">
    <ele>1594.3</ele>
   </trkpt>
   <trkpt lat="34.8775760" lon="-111.7265230">
    <ele>1594.3</ele>
   </trkpt>
   <trkpt lat="34.8775860" lon="-111.7265230">
    <ele>1594.3</ele>
   </trkpt>
   <trkpt lat="34.8775960" lon="-111.7265250">
    <ele>1594.7</ele>
   </trkpt>
   <trkpt lat="34.8776070" lon="-111.7265270">
    <ele>1594.7</ele>
   </trkpt>
   <trkpt lat="34.8776150" lon="-111.7265350">
    <ele>1594.7</ele>
   </trkpt>
   <trkpt lat="34.8776260" lon="-111.7265430">
    <ele>1592.5</ele>
   </trkpt>
   <trkpt lat="34.8776380" lon="-111.7265460">
    <ele>1592.5</ele>
   </trkpt>
   <trkpt lat="34.8776490" lon="-111.7265470">
    <ele>1592.5</ele>
   </trkpt>
   <trkpt lat="34.8776600" lon="-111.7265430">
    <ele>1593.3</ele>
   </trkpt>
   <trkpt lat="34.8776720" lon="-111.7265300">
    <ele>1596.0</ele>
   </trkpt>
   <trkpt lat="34.8776820" lon="-111.7265240">
    <ele>1596.0</ele>
   </trkpt>
   <trkpt lat="34.8776910" lon="-111.7265190">
    <ele>1596.0</ele>
   </trkpt>
   <trkpt lat="34.8776980" lon="-111.7265120">
    <ele>1596.7</ele>
   </trkpt>
   <trkpt lat="34.8777050" lon="-111.7265080">
    <ele>1596.7</ele>
   </trkpt>
   <trkpt lat="34.8777130" lon="-111.7265040">
    <ele>1596.7</ele>
   </trkpt>
   <trkpt lat="34.8777210" lon="-111.7264980">
    <ele>1596.7</ele>
   </trkpt>
   <trkpt lat="34.8777300" lon="-111.7264930">
    <ele>1599.7</ele>
   </trkpt>
   <trkpt lat="34.8777370" lon="-111.7264890">
    <ele>1599.7</ele>
   </trkpt>
   <trkpt lat="34.8777450" lon="-111.7264880">
    <ele>1599.7</ele>
   </trkpt>
   <trkpt lat="34.8777520" lon="-111.7264880">
    <ele>1599.7</ele>
   </trkpt>
   <trkpt lat="34.8777600" lon="-111.7264860">
    <ele>1599.7</ele>
   </trkpt>
   <trkpt lat="34.8777670" lon="-111.7264860">
    <ele>1600.4</ele>
   </trkpt>
   <trkpt lat="34.8777720" lon="-111.7264900">
    <ele>1600.4</ele>
   </trkpt>
   <trkpt lat="34.8777800" lon="-111.7265000">
    <ele>1598.4</ele>
   </trkpt>
   <trkpt lat="34.8777880" lon="-111.7265100">
    <ele>1598.4</ele>
   </trkpt>
   <trkpt lat="34.8777920" lon="-111.7265200">
    <ele>1598.4</ele>
   </trkpt>
   <trkpt lat="34.8777990" lon="-111.7265310">
    <ele>1599.2</ele>
   </trkpt>
   <trkpt lat="34.8778030" lon="-111.7265440">
    <ele>1597.2</ele>
   </trkpt>
   <trkpt lat="34.8778100" lon="-111.7265560">
    <ele>1597.2</ele>
   </trkpt>
   <trkpt lat="34.8778210" lon="-111.7265700">
    <ele>1597.2</ele>
   </trkpt>
   <trkpt lat="34.8778300" lon="-111.7265810">
    <ele>1594.9</ele>
   </trkpt>
   <trkpt lat="34.8778390" lon="-111.7265870">
    <ele>1596.1</ele>
   </trkpt>
   <trkpt lat="34.8778480" lon="-111.7265930">
    <ele>1596.1</ele>
   </trkpt>
   <trkpt lat="34.8778570" lon="-111.7266000">
    <ele>1596.1</ele>
   </trkpt>
   <trkpt lat="34.8778690" lon="-111.7266070">
    <ele>1596.1</ele>
   </trkpt>
   <trkpt lat="34.8778750" lon="-111.7266130">
    <ele>1597.3</ele>
   </trkpt>
   <trkpt lat="34.8778810" lon="-111.7266210">
    <ele>1597.3</ele>
   </trkpt>
   <trkpt lat="34.8778860" lon="-111.7266270">
    <ele>1595.1</ele>
   </trkpt>
   <trkpt lat="34.8778900" lon="-111.7266330">
    <ele>1595.1</ele>
   </trkpt>
   <trkpt lat="34.8778910" lon="-111.7266400">
    <ele>1595.1</ele>
   </trkpt>
   <trkpt lat="34.8778870" lon="-111.7266470">
    <ele>1595.1</ele>
   </trkpt>
   <trkpt lat="34.8778830" lon="-111.7266520">
    <ele>1595.1</ele>
   </trkpt>
   <trkpt lat="34.8778790" lon="-111.7266540">
    <ele>1595.1</ele>
   </trkpt>
   <trkpt lat="34.8778720" lon="-111.7266530">
    <ele>1595.1</ele>
   </trkpt>
   <trkpt lat="34.8778660" lon="-111.7266520">
    <ele>1593.8</ele>
   </trkpt>
   <trkpt lat="34.8778580" lon="-111.7266420">
    <ele>1593.8</ele>
   </trkpt>
   <trkpt lat="34.8778510" lon="-111.7266410">
    <ele>1593.8</ele>
   </trkpt>
   <trkpt lat="34.8778400" lon="-111.7266330">
    <ele>1593.8</ele>
   </trkpt>
   <trkpt lat="34.8778310" lon="-111.7266290">
    <ele>1592.5</ele>
   </trkpt>
   <trkpt lat="34.8778210" lon="-111.7266270">
    <ele>1592.5</ele>
   </trkpt>
   <trkpt lat="34.8778110" lon="-111.7266170">
    <ele>1594.9</ele>
   </trkpt>
   <trkpt lat="34.8777980" lon="-111.7266250">
    <ele>1591.1</ele>
   </trkpt>
   <trkpt lat="34.8777930" lon="-111.7266450">
    <ele>1591.1</ele>
   </trkpt>
   <trkpt lat="34.8777950" lon="-111.7266600">
    <ele>1591.1</ele>
   </trkpt>
   <trkpt lat="34.8777980" lon="-111.7266720">
    <ele>1588.4</ele>
   </trkpt>
   <trkpt lat="34.8778030" lon="-111.7266820">
    <ele>1589.8</ele>
   </trkpt>
   <trkpt lat="34.8778070" lon="-111.7266930">
    <ele>1589.8</ele>
   </trkpt>
   <trkpt lat="34.8778090" lon="-111.7267070">
    <ele>1589.8</ele>
   </trkpt>
   <trkpt lat="34.8778130" lon="-111.7267170">
    <ele>1586.9</ele>
   </trkpt>
   <trkpt lat="34.8778160" lon="-111.7267300">
    <ele>1586.9</ele>
   </trkpt>
   <trkpt lat="34.8778210" lon="-111.7267450">
    <ele>1586.9</ele>
   </trkpt>
   <trkpt lat="34.8778230" lon="-111.7267600">
    <ele>1583.9</ele>
   </trkpt>
   <trkpt lat="34.8778270" lon="-111.7267720">
    <ele>1583.9</ele>
   </trkpt>
   <trkpt lat="34.8778310" lon="-111.7267860">
    <ele>1583.9</ele>
   </trkpt>
   <trkpt lat="34.8778330" lon="-111.7267960">
    <ele>1580.9</ele>
   </trkpt>
   <trkpt lat="34.8778380" lon="-111.7268090">
    <ele>1581.8</ele>
   </trkpt>
   <trkpt lat="34.8778460" lon="-111.7268200">
    <ele>1581.8</ele>
   </trkpt>
   <trkpt lat="34.8778580" lon="-111.7268320">
    <ele>1581.8</ele>
   </trkpt>
   <trkpt lat="34.8778670" lon="-111.7268410">
    <ele>1578.9</ele>
   </trkpt>
   <trkpt lat="34.8778770" lon="-111.7268450">
    <ele>1579.6</ele>
   </trkpt>
   <trkpt lat="34.8778900" lon="-111.7268490">
    <ele>1579.6</ele>
   </trkpt>
   <trkpt lat="34.8779000" lon="-111.7268530">
    <ele>1579.6</ele>
   </trkpt>
   <trkpt lat="34.8779070" lon="-111.7268620">
    <ele>1580.2</ele>
   </trkpt>
   <trkpt lat="34.8779140" lon="-111.7268690">
    <ele>1580.2</ele>
   </trkpt>
   <trkpt lat="34.8779190" lon="-111.7268760">
    <ele>1580.2</ele>
   </trkpt>
   <trkpt lat="34.8779210" lon="-111.7268840">
    <ele>1577.5</ele>
   </trkpt>
   <trkpt lat="34.8779220" lon="-111.7268940">
    <ele>1577.5</ele>
   </trkpt>
   <trkpt lat="34.8779230" lon="-111.7269030">
    <ele>1577.5</ele>
   </trkpt>
   <trkpt lat="34.8779260" lon="-111.7269130">
    <ele>1577.5</ele>
   </trkpt>
   <trkpt lat="34.8779280" lon="-111.7269190">
    <ele>1577.5</ele>
   </trkpt>
   <trkpt lat="34.8779330" lon="-111.7269260">
    <ele>1575.4</ele>
   </trkpt>
   <trkpt lat="34.8779370" lon="-111.7269340">
    <ele>1575.4</ele>
   </trkpt>
   <trkpt lat="34.8779410" lon="-111.7269420">
    <ele>1575.8</ele>
   </trkpt>
   <trkpt lat="34.8779440" lon="-111.7269480">
    <ele>1575.8</ele>
   </trkpt>
   <trkpt lat="34.8779490" lon="-111.7269570">
    <ele>1575.8</ele>
   </trkpt>
   <trkpt lat="34.8779530" lon="-111.7269640">
    <ele>1575.8</ele>
   </trkpt>
   <trkpt lat="34.8779560" lon="-111.7269710">
    <ele>1573.8</ele>
   </trkpt>
   <trkpt lat="34.8779590" lon="-111.7269790">
    <ele>1573.8</ele>
   </trkpt>
   <trkpt lat="34.8779650" lon="-111.7269860">
    <ele>1573.8</ele>
   </trkpt>
   <trkpt lat="34.8779720" lon="-111.7269960">
    <ele>1573.8</ele>
   </trkpt>
   <trkpt lat="34.8779790" lon="-111.7270040">
    <ele>1574.0</ele>
   </trkpt>
   <trkpt lat="34.8779920" lon="-111.7270160">
    <ele>1572.0</ele>
   </trkpt>
   <trkpt lat="34.8780070" lon="-111.7270210">
    <ele>1572.0</ele>
   </trkpt>
   <trkpt lat="34.8780170" lon="-111.7270250">
    <ele>1571.8</ele>
   </trkpt>
   <trkpt lat="34.8780250" lon="-111.7270230">
    <ele>1571.8</ele>
   </trkpt>
   <trkpt lat="34.8780310" lon="-111.7270230">
    <ele>1571.8</ele>
   </trkpt>
   <trkpt lat="34.8780370" lon="-111.7270250">
    <ele>1571.8</ele>
   </trkpt>
   <trkpt lat="34.8780440" lon="-111.7270290">
    <ele>1571.8</ele>
   </trkpt>
   <trkpt lat="34.8780540" lon="-111.7270330">
    <ele>1571.5</ele>
   </trkpt>
   <trkpt lat="34.8780640" lon="-111.7270350">
    <ele>1571.5</ele>
   </trkpt>
   <trkpt lat="34.8780710" lon="-111.7270360">
    <ele>1571.5</ele>
   </trkpt>
   <trkpt lat="34.8780810" lon="-111.7270360">
    <ele>1571.2</ele>
   </trkpt>
   <trkpt lat="34.8780940" lon="-111.7270290">
    <ele>1571.2</ele>
   </trkpt>
   <trkpt lat="34.8781060" lon="-111.7270160">
    <ele>1571.2</ele>
   </trkpt>
   <trkpt lat="34.8781150" lon="-111.7270070">
    <ele>1573.5</ele>
   </trkpt>
   <trkpt lat="34.8781290" lon="-111.7269940">
    <ele>1573.5</ele>
   </trkpt>
   <trkpt lat="34.8781410" lon="-111.7269880">
    <ele>1573.5</ele>
   </trkpt>
   <trkpt lat="34.8781520" lon="-111.7269840">
    <ele>1573.9</ele>
   </trkpt>
   <trkpt lat="34.8781600" lon="-111.7269800">
    <ele>1573.9</ele>
   </trkpt>
   <trkpt lat="34.8781680" lon="-111.7269790">
    <ele>1573.9</ele>
   </trkpt>
   <trkpt lat="34.8781770" lon="-111.7269790">
    <ele>1573.9</ele>
   </trkpt>
   <trkpt lat="34.8781830" lon="-111.7269830">
    <ele>1573.9</ele>
   </trkpt>
   <trkpt lat="34.8781900" lon="-111.7269850">
    <ele>1574.7</ele>
   </trkpt>
   <trkpt lat="34.8781980" lon="-111.7269890">
    <ele>1574.7</ele>
   </trkpt>
   <trkpt lat="34.8782110" lon="-111.7269930">
    <ele>1574.7</ele>
   </trkpt>
   <trkpt lat="34.8782240" lon="-111.7269950">
    <ele>1575.8</ele>
   </trkpt>
   <trkpt lat="34.8782370" lon="-111.7270010">
    <ele>1575.8</ele>
   </trkpt>
   <trkpt lat="34.8782490" lon="-111.7270060">
    <ele>1575.8</ele>
   </trkpt>
   <trkpt lat="34.8782610" lon="-111.7270100">
    <ele>1574.5</ele>
   </trkpt>
   <trkpt lat="34.8782700" lon="-111.7270160">
    <ele>1574.5</ele>
   </trkpt>
   <trkpt lat="34.8782780" lon="-111.7270260">
    <ele>1574.5</ele>
   </trkpt>
   <trkpt lat="34.8782840" lon="-111.7270350">
    <ele>1574.5</ele>
   </trkpt>
   <trkpt lat="34.8782880" lon="-111.7270400">
    <ele>1574.5</ele>
   </trkpt>
   <trkpt lat="34.8782930" lon="-111.7270520">
    <ele>1573.5</ele>
   </trkpt>
   <trkpt lat="34.8782990" lon="-111.7270620">
    <ele>1573.5</ele>
   </trkpt>
   <trkpt lat="34.8783020" lon="-111.7270720">
    <ele>1573.5</ele>
   </trkpt>
   <trkpt lat="34.8783050" lon="-111.7270860">
    <ele>1573.5</ele>
   </trkpt>
   <trkpt lat="34.8783070" lon="-111.7271030">
    <ele>1571.1</ele>
   </trkpt>
   <trkpt lat="34.8783120" lon="-111.7271160">
    <ele>1571.1</ele>
   </trkpt>
   <trkpt lat="34.8783180" lon="-111.7271270">
    <ele>1571.1</ele>
   </trkpt>
   <trkpt lat="34.8783250" lon="-111.7271390">
    <ele>1569.0</ele>
   </trkpt>
   <trkpt lat="34.8783360" lon="-111.7271460">
    <ele>1570.4</ele>
   </trkpt>
   <trkpt lat="34.8783490" lon="-111.7271460">
    <ele>1570.4</ele>
   </trkpt>
   <trkpt lat="34.8783610" lon="-111.7271430">
    <ele>1570.4</ele>
   </trkpt>
   <trkpt lat="34.8783740" lon="-111.7271410">
    <ele>1571.7</ele>
   </trkpt>
   <trkpt lat="34.8783880" lon="-111.7271370">
    <ele>1573.9</ele>
   </trkpt>
   <trkpt lat="34.8784000" lon="-111.7271360">
    <ele>1575.2</ele>
   </trkpt>
   <trkpt lat="34.8784090" lon="-111.7271370">
    <ele>1575.2</ele>
   </trkpt>
   <trkpt lat="34.8784180" lon="-111.7271410">
    <ele>1572.8</ele>
   </trkpt>
   <trkpt lat="34.8784300" lon="-111.7271430">
    <ele>1572.8</ele>
   </trkpt>
   <trkpt lat="34.8784410" lon="-111.7271450">
    <ele>1573.8</ele>
   </trkpt>
   <trkpt lat="34.8784530" lon="-111.7271530">
    <ele>1573.8</ele>
   </trkpt>
   <trkpt lat="34.8784650" lon="-111.7271600">
    <ele>1573.8</ele>
   </trkpt>
   <trkpt lat="34.8784790" lon="-111.7271580">
    <ele>1574.7</ele>
   </trkpt>
   <trkpt lat="34.8784890" lon="-111.7271590">
    <ele>1574.7</ele>
   </trkpt>
   <trkpt lat="34.8784950" lon="-111.7271670">
    <ele>1574.7</ele>
   </trkpt>
   <trkpt lat="34.8785030" lon="-111.7271770">
    <ele>1575.5</ele>
   </trkpt>
   <trkpt lat="34.8785120" lon="-111.7271870">
    <ele>1573.1</ele>
   </trkpt>
   <trkpt lat="34.8785210" lon="-111.7271970">
    <ele>1573.1</ele>
   </trkpt>
   <trkpt lat="34.8785300" lon="-111.7272070">
    <ele>1573.1</ele>
   </trkpt>
   <trkpt lat="34.8785410" lon="-111.7272120">
    <ele>1573.9</ele>
   </trkpt>
   <trkpt lat="34.8785540" lon="-111.7272180">
    <ele>1573.9</ele>
   </trkpt>
   <trkpt lat="34.8785660" lon="-111.7272200">
    <ele>1573.9</ele>
   </trkpt>
   <trkpt lat="34.8785740" lon="-111.7272210">
    <ele>1574.8</ele>
   </trkpt>
   <trkpt lat="34.8785840" lon="-111.7272270">
    <ele>1572.3</ele>
   </trkpt>
   <trkpt lat="34.8785950" lon="-111.7272350">
    <ele>1572.3</ele>
   </trkpt>
   <trkpt lat="34.8786030" lon="-111.7272440">
    <ele>1572.3</ele>
   </trkpt>
   <trkpt lat="34.8786130" lon="-111.7272540">
    <ele>1573.1</ele>
   </trkpt>
   <trkpt lat="34.8786230" lon="-111.7272640">
    <ele>1573.1</ele>
   </trkpt>
   <trkpt lat="34.8786390" lon="-111.7272720">
    <ele>1570.5</ele>
   </trkpt>
   <trkpt lat="34.8786500" lon="-111.7272800">
    <ele>1571.1</ele>
   </trkpt>
   <trkpt lat="34.8786590" lon="-111.7272900">
    <ele>1571.1</ele>
   </trkpt>
   <trkpt lat="34.8786680" lon="-111.7273000">
    <ele>1571.1</ele>
   </trkpt>
   <trkpt lat="34.8786740" lon="-111.7273080">
    <ele>1571.1</ele>
   </trkpt>
   <trkpt lat="34.8786790" lon="-111.7273160">
    <ele>1569.1</ele>
   </trkpt>
   <trkpt lat="34.8786840" lon="-111.7273250">
    <ele>1569.1</ele>
   </trkpt>
   <trkpt lat="34.8786910" lon="-111.7273360">
    <ele>1569.1</ele>
   </trkpt>
   <trkpt lat="34.8786990" lon="-111.7273500">
    <ele>1569.1</ele>
   </trkpt>
   <trkpt lat="34.8787070" lon="-111.7273600">
    <ele>1566.6</ele>
   </trkpt>
   <trkpt lat="34.8787170" lon="-111.7273660">
    <ele>1567.2</ele>
   </trkpt>
   <trkpt lat="34.8787260" lon="-111.7273720">
    <ele>1567.2</ele>
   </trkpt>
   <trkpt lat="34.8787330" lon="-111.7273830">
    <ele>1567.2</ele>
   </trkpt>
   <trkpt lat="34.8787420" lon="-111.7273930">
    <ele>1567.2</ele>
   </trkpt>
   <trkpt lat="34.8787580" lon="-111.7274010">
    <ele>1565.5</ele>
   </trkpt>
   <trkpt lat="34.8787780" lon="-111.7274030">
    <ele>1565.5</ele>
   </trkpt>
   <trkpt lat="34.8787960" lon="-111.7274060">
    <ele>1566.4</ele>
   </trkpt>
   <trkpt lat="34.8788140" lon="-111.7274050">
    <ele>1566.4</ele>
   </trkpt>
   <trkpt lat="34.8788320" lon="-111.7274050">
    <ele>1567.4</ele>
   </trkpt>
   <trkpt lat="34.8788530" lon="-111.7274010">
    <ele>1567.4</ele>
   </trkpt>
   <trkpt lat="34.8788740" lon="-111.7274000">
    <ele>1568.5</ele>
   </trkpt>
   <trkpt lat="34.8788960" lon="-111.7274000">
    <ele>1569.6</ele>
   </trkpt>
   <trkpt lat="34.8789160" lon="-111.7274020">
    <ele>1569.6</ele>
   </trkpt>
   <trkpt lat="34.8789320" lon="-111.7274090">
    <ele>1570.7</ele>
   </trkpt>
   <trkpt lat="34.8789470" lon="-111.7274190">
    <ele>1570.7</ele>
   </trkpt>
   <trkpt lat="34.8789660" lon="-111.7274250">
    <ele>1571.9</ele>
   </trkpt>
   <trkpt lat="34.8789840" lon="-111.7274310">
    <ele>1571.9</ele>
   </trkpt>
   <trkpt lat="34.8790030" lon="-111.7274420">
    <ele>1570.5</ele>
   </trkpt>
   <trkpt lat="34.8790210" lon="-111.7274460">
    <ele>1570.5</ele>
   </trkpt>
   <trkpt lat="34.8790410" lon="-111.7274510">
    <ele>1571.5</ele>
   </trkpt>
   <trkpt lat="34.8790590" lon="-111.7274580">
    <ele>1571.5</ele>
   </trkpt>
   <trkpt lat="34.8790750" lon="-111.7274680">
    <ele>1572.5</ele>
   </trkpt>
   <trkpt lat="34.8790920" lon="-111.7274780">
    <ele>1572.5</ele>
   </trkpt>
   <trkpt lat="34.8791040" lon="-111.7274780">
    <ele>1573.7</ele>
   </trkpt>
   <trkpt lat="34.8791110" lon="-111.7274720">
    <ele>1573.7</ele>
   </trkpt>
   <trkpt lat="34.8791190" lon="-111.7274690">
    <ele>1573.7</ele>
   </trkpt>
   <trkpt lat="34.8791300" lon="-111.7274690">
    <ele>1573.7</ele>
   </trkpt>
   <trkpt lat="34.8791400" lon="-111.7274750">
    <ele>1575.0</ele>
   </trkpt>
   <trkpt lat="34.8791450" lon="-111.7274820">
    <ele>1572.6</ele>
   </trkpt>
   <trkpt lat="34.8791500" lon="-111.7274950">
    <ele>1572.6</ele>
   </trkpt>
   <trkpt lat="34.8791540" lon="-111.7275060">
    <ele>1572.6</ele>
   </trkpt>
   <trkpt lat="34.8791570" lon="-111.7275150">
    <ele>1572.6</ele>
   </trkpt>
   <trkpt lat="34.8791600" lon="-111.7275230">
    <ele>1572.6</ele>
   </trkpt>
   <trkpt lat="34.8791600" lon="-111.7275320">
    <ele>1570.3</ele>
   </trkpt>
   <trkpt lat="34.8791600" lon="-111.7275440">
    <ele>1570.3</ele>
   </trkpt>
   <trkpt lat="34.8791690" lon="-111.7275590">
    <ele>1570.3</ele>
   </trkpt>
   <trkpt lat="34.8791750" lon="-111.7275720">
    <ele>1569.3</ele>
   </trkpt>
   <trkpt lat="34.8791870" lon="-111.7275840">
    <ele>1569.3</ele>
   </trkpt>
   <trkpt lat="34.8791980" lon="-111.7275930">
    <ele>1569.3</ele>
   </trkpt>
   <trkpt lat="34.8792080" lon="-111.7275980">
    <ele>1570.5</ele>
   </trkpt>
   <trkpt lat="34.8792160" lon="-111.7276030">
    <ele>1570.5</ele>
   </trkpt>
   <trkpt lat="34.8792250" lon="-111.7276040">
    <ele>1570.5</ele>
   </trkpt>
   <trkpt lat="34.8792360" lon="-111.7276090">
    <ele>1570.5</ele>
   </trkpt>
   <trkpt lat="34.8792480" lon="-111.7276140">
    <ele>1569.1</ele>
   </trkpt>
   <trkpt lat="34.8792600" lon="-111.7276210">
    <ele>1569.1</ele>
   </trkpt>
   <trkpt lat="34.8792710" lon="-111.7276280">
    <ele>1569.1</ele>
   </trkpt>
   <trkpt lat="34.8792830" lon="-111.7276330">
    <ele>1570.4</ele>
   </trkpt>
   <trkpt lat="34.8792920" lon="-111.7276360">
    <ele>1570.4</ele>
   </trkpt>
   <trkpt lat="34.8793010" lon="-111.7276440">
    <ele>1570.4</ele>
   </trkpt>
   <trkpt lat="34.8793100" lon="-111.7276500">
    <ele>1570.4</ele>
   </trkpt>
   <trkpt lat="34.8793180" lon="-111.7276520">
    <ele>1571.7</ele>
   </trkpt>
   <trkpt lat="34.8793260" lon="-111.7276550">
    <ele>1569.0</ele>
   </trkpt>
   <trkpt lat="34.8793340" lon="-111.7276570">
    <ele>1569.0</ele>
   </trkpt>
   <trkpt lat="34.8793430" lon="-111.7276610">
    <ele>1569.0</ele>
   </trkpt>
   <trkpt lat="34.8793550" lon="-111.7276640">
    <ele>1570.5</ele>
   </trkpt>
   <trkpt lat="34.8793670" lon="-111.7276720">
    <ele>1570.5</ele>
   </trkpt>
   <trkpt lat="34.8793760" lon="-111.7276820">
    <ele>1570.5</ele>
   </trkpt>
   <trkpt lat="34.8793850" lon="-111.7276930">
    <ele>1572.1</ele>
   </trkpt>
   <trkpt lat="34.8793930" lon="-111.7277010">
    <ele>1569.4</ele>
   </trkpt>
   <trkpt lat="34.8794000" lon="-111.7277090">
    <ele>1569.4</ele>
   </trkpt>
   <trkpt lat="34.8794080" lon="-111.7277170">
    <ele>1569.4</ele>
   </trkpt>
   <trkpt lat="34.8794210" lon="-111.7277230">
    <ele>1570.9</ele>
   </trkpt>
   <trkpt lat="34.8794310" lon="-111.7277310">
    <ele>1570.9</ele>
   </trkpt>
   <trkpt lat="34.8794380" lon="-111.7277360">
    <ele>1570.9</ele>
   </trkpt>
   <trkpt lat="34.8794430" lon="-111.7277380">
    <ele>1570.9</ele>
   </trkpt>
  </trkseg>
 </trk>
</gpx>
