<?xml version="1.0" ?><gpx xmlns="http://www.topografix.com/GPX/1/1" creator="GaiaGPS" version="1.1" xmlns:xsi="http://www.w3.org/2001/XMLSchema-instance" xsi:schemaLocation="http://www.topografix.com/GPX/1/1 http://www.topografix.com/GPX/1/1/gpx.xsd"><rte><name>Longs Peak - Standard Keyhole</name><desc></desc><extensions><line xmlns="http://www.topografix.com/GPX/gpx_style/0/2"><color>2D3FC7</color></line></extensions><rtept lat="40.272248" lon="-105.556603"><ele>2858.199951171875</ele><time>2025-07-24T20:57:30Z</time></rtept><rtept lat="40.272184" lon="-105.556728"><ele>2861.0</ele><time>2025-07-24T20:57:30Z</time></rtept><rtept lat="40.27216" lon="-105.556839"><ele>2862.199951171875</ele><time>2025-07-24T20:57:30Z</time></rtept><rtept lat="40.27199" lon="-105.556933"><ele>2865.199951171875</ele><time>2025-07-24T20:57:30Z</time></rtept><rtept lat="40.271832" lon="-105.556996"><ele>2867.199951171875</ele><time>2025-07-24T20:57:30Z</time></rtept><rtept lat="40.271591" lon="-105.5571"><ele>2868.199951171875</ele><time>2025-07-24T20:57:30Z</time></rtept><rtept lat="40.271623" lon="-105.557157"><ele>2869.199951171875</ele><time>2025-07-24T20:57:30Z</time></rtept><rtept lat="40.271712" lon="-105.557302"><ele>2870.199951171875</ele><time>2025-07-24T20:57:30Z</time></rtept><rtept lat="40.271833" lon="-105.55756"><ele>2873.199951171875</ele><time>2025-07-24T20:57:30Z</time></rtept><rtept lat="40.271881" lon="-105.55767"><ele>2874.60009765625</ele><time>2025-07-24T20:57:30Z</time></rtept><rtept lat="40.272004" lon="-105.557767"><ele>2877.199951171875</ele><time>2025-07-24T20:57:30Z</time></rtept><rtept lat="40.272058" lon="-105.557846"><ele>2878.60009765625</ele><time>2025-07-24T20:57:30Z</time></rtept><rtept lat="40.272106" lon="-105.55795"><ele>2879.800048828125</ele><time>2025-07-24T20:57:30Z</time></rtept><rtept lat="40.272189" lon="-105.558057"><ele>2880.800048828125</ele><time>2025-07-24T20:57:30Z</time></rtept><rtept lat="40.272273" lon="-105.55813"><ele>2881.800048828125</ele><time>2025-07-24T20:57:30Z</time></rtept><rtept lat="40.272389" lon="-105.558285"><ele>2884.800048828125</ele><time>2025-07-24T20:57:30Z</time></rtept><rtept lat="40.272459" lon="-105.558427"><ele>2886.39990234375</ele><time>2025-07-24T20:57:30Z</time></rtept><rtept lat="40.272617" lon="-105.558622"><ele>2890.60009765625</ele><time>2025-07-24T20:57:30Z</time></rtept><rtept lat="40.272743" lon="-105.558807"><ele>2892.39990234375</ele><time>2025-07-24T20:57:30Z</time></rtept><rtept lat="40.272831" lon="-105.558929"><ele>2894.39990234375</ele><time>2025-07-24T20:57:30Z</time></rtept><rtept lat="40.273019" lon="-105.559207"><ele>2901.0</ele><time>2025-07-24T20:57:30Z</time></rtept><rtept lat="40.273131" lon="-105.559393"><ele>2904.199951171875</ele><time>2025-07-24T20:57:30Z</time></rtept><rtept lat="40.273274" lon="-105.559594"><ele>2905.0</ele><time>2025-07-24T20:57:30Z</time></rtept><rtept lat="40.273341" lon="-105.55965"><ele>2905.39990234375</ele><time>2025-07-24T20:57:30Z</time></rtept><rtept lat="40.273406" lon="-105.559748"><ele>2905.60009765625</ele><time>2025-07-24T20:57:30Z</time></rtept><rtept lat="40.273528" lon="-105.559942"><ele>2905.60009765625</ele><time>2025-07-24T20:57:30Z</time></rtept><rtept lat="40.273635" lon="-105.560088"><ele>2905.199951171875</ele><time>2025-07-24T20:57:30Z</time></rtept><rtept lat="40.273855" lon="-105.560551"><ele>2906.199951171875</ele><time>2025-07-24T20:57:30Z</time></rtept><rtept lat="40.273924" lon="-105.560675"><ele>2906.800048828125</ele><time>2025-07-24T20:57:30Z</time></rtept><rtept lat="40.273964" lon="-105.560784"><ele>2906.39990234375</ele><time>2025-07-24T20:57:30Z</time></rtept><rtept lat="40.273942" lon="-105.561044"><ele>2910.39990234375</ele><time>2025-07-24T20:57:30Z</time></rtept><rtept lat="40.273953" lon="-105.561167"><ele>2911.199951171875</ele><time>2025-07-24T20:57:30Z</time></rtept><rtept lat="40.27396" lon="-105.561265"><ele>2910.60009765625</ele><time>2025-07-24T20:57:30Z</time></rtept><rtept lat="40.273948" lon="-105.56135"><ele>2913.0</ele><time>2025-07-24T20:57:30Z</time></rtept><rtept lat="40.273954" lon="-105.561435"><ele>2914.0</ele><time>2025-07-24T20:57:30Z</time></rtept><rtept lat="40.273968" lon="-105.561528"><ele>2913.60009765625</ele><time>2025-07-24T20:57:30Z</time></rtept><rtept lat="40.273975" lon="-105.561789"><ele>2917.0</ele><time>2025-07-24T20:57:30Z</time></rtept><rtept lat="40.274049" lon="-105.562011"><ele>2922.0</ele><time>2025-07-24T20:57:30Z</time></rtept><rtept lat="40.274227" lon="-105.562301"><ele>2925.39990234375</ele><time>2025-07-24T20:57:30Z</time></rtept><rtept lat="40.274296" lon="-105.562424"><ele>2928.39990234375</ele><time>2025-07-24T20:57:30Z</time></rtept><rtept lat="40.274336" lon="-105.562524"><ele>2930.0</ele><time>2025-07-24T20:57:30Z</time></rtept><rtept lat="40.274439" lon="-105.562729"><ele>2931.0</ele><time>2025-07-24T20:57:30Z</time></rtept><rtept lat="40.274545" lon="-105.562934"><ele>2934.39990234375</ele><time>2025-07-24T20:57:30Z</time></rtept><rtept lat="40.274694" lon="-105.563196"><ele>2935.199951171875</ele><time>2025-07-24T20:57:30Z</time></rtept><rtept lat="40.274764" lon="-105.56335"><ele>2936.800048828125</ele><time>2025-07-24T20:57:30Z</time></rtept><rtept lat="40.274892" lon="-105.563671"><ele>2938.60009765625</ele><time>2025-07-24T20:57:30Z</time></rtept><rtept lat="40.274941" lon="-105.563872"><ele>2942.60009765625</ele><time>2025-07-24T20:57:30Z</time></rtept><rtept lat="40.27499" lon="-105.564168"><ele>2947.0</ele><time>2025-07-24T20:57:30Z</time></rtept><rtept lat="40.275016" lon="-105.564536"><ele>2952.800048828125</ele><time>2025-07-24T20:57:30Z</time></rtept><rtept lat="40.27507" lon="-105.564794"><ele>2957.60009765625</ele><time>2025-07-24T20:57:30Z</time></rtept><rtept lat="40.27515" lon="-105.564998"><ele>2961.60009765625</ele><time>2025-07-24T20:57:30Z</time></rtept><rtept lat="40.275254" lon="-105.565169"><ele>2964.0</ele><time>2025-07-24T20:57:30Z</time></rtept><rtept lat="40.275329" lon="-105.565224"><ele>2965.199951171875</ele><time>2025-07-24T20:57:30Z</time></rtept><rtept lat="40.275292" lon="-105.565277"><ele>2965.199951171875</ele><time>2025-07-24T20:57:30Z</time></rtept><rtept lat="40.275201" lon="-105.565311"><ele>2968.199951171875</ele><time>2025-07-24T20:57:30Z</time></rtept><rtept lat="40.275109" lon="-105.565327"><ele>2968.800048828125</ele><time>2025-07-24T20:57:30Z</time></rtept><rtept lat="40.274912" lon="-105.565304"><ele>2968.800048828125</ele><time>2025-07-24T20:57:30Z</time></rtept><rtept lat="40.274769" lon="-105.565269"><ele>2969.60009765625</ele><time>2025-07-24T20:57:30Z</time></rtept><rtept lat="40.274554" lon="-105.565287"><ele>2970.39990234375</ele><time>2025-07-24T20:57:30Z</time></rtept><rtept lat="40.274439" lon="-105.565261"><ele>2970.800048828125</ele><time>2025-07-24T20:57:30Z</time></rtept><rtept lat="40.274312" lon="-105.565284"><ele>2971.0</ele><time>2025-07-24T20:57:30Z</time></rtept><rtept lat="40.27419" lon="-105.565325"><ele>2973.0</ele><time>2025-07-24T20:57:30Z</time></rtept><rtept lat="40.274074" lon="-105.565385"><ele>2973.0</ele><time>2025-07-24T20:57:30Z</time></rtept><rtept lat="40.273933" lon="-105.565469"><ele>2975.199951171875</ele><time>2025-07-24T20:57:30Z</time></rtept><rtept lat="40.273783" lon="-105.565575"><ele>2979.199951171875</ele><time>2025-07-24T20:57:30Z</time></rtept><rtept lat="40.273635" lon="-105.565693"><ele>2981.0</ele><time>2025-07-24T20:57:30Z</time></rtept><rtept lat="40.273381" lon="-105.565928"><ele>2986.800048828125</ele><time>2025-07-24T20:57:30Z</time></rtept><rtept lat="40.273381" lon="-105.565928"><ele>2986.800048828125</ele><time>2025-07-24T20:57:30Z</time></rtept><rtept lat="40.273279" lon="-105.566023"><ele>2988.60009765625</ele><time>2025-07-24T20:57:30Z</time></rtept><rtept lat="40.273147" lon="-105.56613"><ele>2991.39990234375</ele><time>2025-07-24T20:57:30Z</time></rtept><rtept lat="40.273018" lon="-105.56623"><ele>2996.199951171875</ele><time>2025-07-24T20:57:30Z</time></rtept><rtept lat="40.272883" lon="-105.566315"><ele>3002.0</ele><time>2025-07-24T20:57:30Z</time></rtept><rtept lat="40.272799" lon="-105.566364"><ele>3005.39990234375</ele><time>2025-07-24T20:57:30Z</time></rtept><rtept lat="40.272652" lon="-105.566419"><ele>3008.199951171875</ele><time>2025-07-24T20:57:30Z</time></rtept><rtept lat="40.272439" lon="-105.566349"><ele>3012.60009765625</ele><time>2025-07-24T20:57:30Z</time></rtept><rtept lat="40.272308" lon="-105.566329"><ele>3011.60009765625</ele><time>2025-07-24T20:57:30Z</time></rtept><rtept lat="40.272205" lon="-105.566302"><ele>3012.0</ele><time>2025-07-24T20:57:30Z</time></rtept><rtept lat="40.27211" lon="-105.566321"><ele>3012.199951171875</ele><time>2025-07-24T20:57:30Z</time></rtept><rtept lat="40.272034" lon="-105.566379"><ele>3014.39990234375</ele><time>2025-07-24T20:57:30Z</time></rtept><rtept lat="40.27195" lon="-105.566477"><ele>3016.199951171875</ele><time>2025-07-24T20:57:30Z</time></rtept><rtept lat="40.271817" lon="-105.566594"><ele>3017.60009765625</ele><time>2025-07-24T20:57:30Z</time></rtept><rtept lat="40.271739" lon="-105.566696"><ele>3021.60009765625</ele><time>2025-07-24T20:57:30Z</time></rtept><rtept lat="40.271608" lon="-105.566849"><ele>3022.60009765625</ele><time>2025-07-24T20:57:30Z</time></rtept><rtept lat="40.271493" lon="-105.566944"><ele>3024.800048828125</ele><time>2025-07-24T20:57:30Z</time></rtept><rtept lat="40.271434" lon="-105.566999"><ele>3023.800048828125</ele><time>2025-07-24T20:57:30Z</time></rtept><rtept lat="40.271365" lon="-105.567042"><ele>3024.39990234375</ele><time>2025-07-24T20:57:30Z</time></rtept><rtept lat="40.271289" lon="-105.567064"><ele>3024.0</ele><time>2025-07-24T20:57:30Z</time></rtept><rtept lat="40.271242" lon="-105.567112"><ele>3026.0</ele><time>2025-07-24T20:57:30Z</time></rtept><rtept lat="40.271341" lon="-105.567209"><ele>3027.60009765625</ele><time>2025-07-24T20:57:30Z</time></rtept><rtept lat="40.271414" lon="-105.567301"><ele>3029.60009765625</ele><time>2025-07-24T20:57:30Z</time></rtept><rtept lat="40.271498" lon="-105.567332"><ele>3030.199951171875</ele><time>2025-07-24T20:57:30Z</time></rtept><rtept lat="40.271624" lon="-105.567314"><ele>3031.39990234375</ele><time>2025-07-24T20:57:30Z</time></rtept><rtept lat="40.27171" lon="-105.567283"><ele>3030.39990234375</ele><time>2025-07-24T20:57:30Z</time></rtept><rtept lat="40.27178" lon="-105.567303"><ele>3032.199951171875</ele><time>2025-07-24T20:57:30Z</time></rtept><rtept lat="40.271841" lon="-105.567345"><ele>3032.60009765625</ele><time>2025-07-24T20:57:30Z</time></rtept><rtept lat="40.271927" lon="-105.56744"><ele>3034.39990234375</ele><time>2025-07-24T20:57:30Z</time></rtept><rtept lat="40.272022" lon="-105.567569"><ele>3038.199951171875</ele><time>2025-07-24T20:57:30Z</time></rtept><rtept lat="40.272159" lon="-105.567735"><ele>3043.0</ele><time>2025-07-24T20:57:30Z</time></rtept><rtept lat="40.27239" lon="-105.567911"><ele>3046.800048828125</ele><time>2025-07-24T20:57:30Z</time></rtept><rtept lat="40.272504" lon="-105.568001"><ele>3049.39990234375</ele><time>2025-07-24T20:57:30Z</time></rtept><rtept lat="40.272584" lon="-105.568053"><ele>3049.199951171875</ele><time>2025-07-24T20:57:30Z</time></rtept><rtept lat="40.272697" lon="-105.568051"><ele>3050.0</ele><time>2025-07-24T20:57:30Z</time></rtept><rtept lat="40.27293" lon="-105.568019"><ele>3054.39990234375</ele><time>2025-07-24T20:57:30Z</time></rtept><rtept lat="40.273139" lon="-105.567933"><ele>3054.39990234375</ele><time>2025-07-24T20:57:30Z</time></rtept><rtept lat="40.27327" lon="-105.567925"><ele>3057.199951171875</ele><time>2025-07-24T20:57:30Z</time></rtept><rtept lat="40.273118" lon="-105.568123"><ele>3063.800048828125</ele><time>2025-07-24T20:57:30Z</time></rtept><rtept lat="40.273053" lon="-105.568193"><ele>3067.60009765625</ele><time>2025-07-24T20:57:30Z</time></rtept><rtept lat="40.272954" lon="-105.568346"><ele>3074.0</ele><time>2025-07-24T20:57:30Z</time></rtept><rtept lat="40.272804" lon="-105.568496"><ele>3077.800048828125</ele><time>2025-07-24T20:57:30Z</time></rtept><rtept lat="40.272698" lon="-105.568667"><ele>3078.60009765625</ele><time>2025-07-24T20:57:30Z</time></rtept><rtept lat="40.272643" lon="-105.568786"><ele>3078.60009765625</ele><time>2025-07-24T20:57:30Z</time></rtept><rtept lat="40.27263" lon="-105.568912"><ele>3080.39990234375</ele><time>2025-07-24T20:57:30Z</time></rtept><rtept lat="40.27268" lon="-105.569362"><ele>3082.800048828125</ele><time>2025-07-24T20:57:30Z</time></rtept><rtept lat="40.272831" lon="-105.56987"><ele>3085.199951171875</ele><time>2025-07-24T20:57:30Z</time></rtept><rtept lat="40.272968" lon="-105.570218"><ele>3089.39990234375</ele><time>2025-07-24T20:57:30Z</time></rtept><rtept lat="40.273074" lon="-105.570566"><ele>3093.0</ele><time>2025-07-24T20:57:30Z</time></rtept><rtept lat="40.273241" lon="-105.571253"><ele>3097.60009765625</ele><time>2025-07-24T20:57:30Z</time></rtept><rtept lat="40.273311" lon="-105.571456"><ele>3099.60009765625</ele><time>2025-07-24T20:57:30Z</time></rtept><rtept lat="40.273436" lon="-105.571754"><ele>3103.39990234375</ele><time>2025-07-24T20:57:30Z</time></rtept><rtept lat="40.273506" lon="-105.572029"><ele>3105.199951171875</ele><time>2025-07-24T20:57:30Z</time></rtept><rtept lat="40.27361" lon="-105.572322"><ele>3106.800048828125</ele><time>2025-07-24T20:57:30Z</time></rtept><rtept lat="40.273634" lon="-105.572436"><ele>3108.39990234375</ele><time>2025-07-24T20:57:30Z</time></rtept><rtept lat="40.27365" lon="-105.572761"><ele>3108.800048828125</ele><time>2025-07-24T20:57:30Z</time></rtept><rtept lat="40.273669" lon="-105.572877"><ele>3109.0</ele><time>2025-07-24T20:57:30Z</time></rtept><rtept lat="40.273756" lon="-105.573254"><ele>3111.60009765625</ele><time>2025-07-24T20:57:30Z</time></rtept><rtept lat="40.273829" lon="-105.57363"><ele>3116.60009765625</ele><time>2025-07-24T20:57:30Z</time></rtept><rtept lat="40.273868" lon="-105.573861"><ele>3116.0</ele><time>2025-07-24T20:57:30Z</time></rtept><rtept lat="40.273897" lon="-105.574137"><ele>3117.39990234375</ele><time>2025-07-24T20:57:30Z</time></rtept><rtept lat="40.274005" lon="-105.57445"><ele>3118.60009765625</ele><time>2025-07-24T20:57:30Z</time></rtept><rtept lat="40.274097" lon="-105.574681"><ele>3122.199951171875</ele><time>2025-07-24T20:57:30Z</time></rtept><rtept lat="40.274172" lon="-105.574945"><ele>3123.39990234375</ele><time>2025-07-24T20:57:30Z</time></rtept><rtept lat="40.274319" lon="-105.575276"><ele>3127.0</ele><time>2025-07-24T20:57:30Z</time></rtept><rtept lat="40.274469" lon="-105.575572"><ele>3131.800048828125</ele><time>2025-07-24T20:57:30Z</time></rtept><rtept lat="40.274616" lon="-105.576082"><ele>3140.199951171875</ele><time>2025-07-24T20:57:30Z</time></rtept><rtept lat="40.274729" lon="-105.576827"><ele>3140.199951171875</ele><time>2025-07-24T20:57:30Z</time></rtept><rtept lat="40.274833" lon="-105.577468"><ele>3144.199951171875</ele><time>2025-07-24T20:57:30Z</time></rtept><rtept lat="40.274856" lon="-105.57757"><ele>3144.0</ele><time>2025-07-24T20:57:30Z</time></rtept><rtept lat="40.274822" lon="-105.577645"><ele>3144.60009765625</ele><time>2025-07-24T20:57:30Z</time></rtept><rtept lat="40.274791" lon="-105.577677"><ele>3145.199951171875</ele><time>2025-07-24T20:57:30Z</time></rtept><rtept lat="40.274731" lon="-105.577677"><ele>3144.199951171875</ele><time>2025-07-24T20:57:30Z</time></rtept><rtept lat="40.274621" lon="-105.577685"><ele>3143.39990234375</ele><time>2025-07-24T20:57:30Z</time></rtept><rtept lat="40.274521" lon="-105.577735"><ele>3142.39990234375</ele><time>2025-07-24T20:57:30Z</time></rtept><rtept lat="40.274441" lon="-105.577774"><ele>3145.0</ele><time>2025-07-24T20:57:30Z</time></rtept><rtept lat="40.274344" lon="-105.577846"><ele>3147.60009765625</ele><time>2025-07-24T20:57:30Z</time></rtept><rtept lat="40.274181" lon="-105.577952"><ele>3150.39990234375</ele><time>2025-07-24T20:57:30Z</time></rtept><rtept lat="40.274272" lon="-105.577979"><ele>3151.0</ele><time>2025-07-24T20:57:30Z</time></rtept><rtept lat="40.274441" lon="-105.577994"><ele>3153.199951171875</ele><time>2025-07-24T20:57:30Z</time></rtept><rtept lat="40.274579" lon="-105.578055"><ele>3159.39990234375</ele><time>2025-07-24T20:57:30Z</time></rtept><rtept lat="40.274622" lon="-105.578093"><ele>3159.800048828125</ele><time>2025-07-24T20:57:30Z</time></rtept><rtept lat="40.274694" lon="-105.578151"><ele>3164.199951171875</ele><time>2025-07-24T20:57:30Z</time></rtept><rtept lat="40.274742" lon="-105.578204"><ele>3168.0</ele><time>2025-07-24T20:57:30Z</time></rtept><rtept lat="40.274795" lon="-105.578273"><ele>3171.60009765625</ele><time>2025-07-24T20:57:30Z</time></rtept><rtept lat="40.274843" lon="-105.578294"><ele>3171.60009765625</ele><time>2025-07-24T20:57:30Z</time></rtept><rtept lat="40.274854" lon="-105.578324"><ele>3171.60009765625</ele><time>2025-07-24T20:57:30Z</time></rtept><rtept lat="40.274756" lon="-105.578323"><ele>3171.60009765625</ele><time>2025-07-24T20:57:30Z</time></rtept><rtept lat="40.274568" lon="-105.578315"><ele>3171.0</ele><time>2025-07-24T20:57:30Z</time></rtept><rtept lat="40.274424" lon="-105.578345"><ele>3169.800048828125</ele><time>2025-07-24T20:57:30Z</time></rtept><rtept lat="40.274366" lon="-105.578329"><ele>3169.199951171875</ele><time>2025-07-24T20:57:30Z</time></rtept><rtept lat="40.274304" lon="-105.578365"><ele>3172.0</ele><time>2025-07-24T20:57:30Z</time></rtept><rtept lat="40.274406" lon="-105.578432"><ele>3172.60009765625</ele><time>2025-07-24T20:57:30Z</time></rtept><rtept lat="40.274532" lon="-105.578523"><ele>3176.0</ele><time>2025-07-24T20:57:30Z</time></rtept><rtept lat="40.274611" lon="-105.578601"><ele>3178.800048828125</ele><time>2025-07-24T20:57:30Z</time></rtept><rtept lat="40.274869" lon="-105.578753"><ele>3183.39990234375</ele><time>2025-07-24T20:57:30Z</time></rtept><rtept lat="40.275158" lon="-105.578961"><ele>3189.60009765625</ele><time>2025-07-24T20:57:30Z</time></rtept><rtept lat="40.275218" lon="-105.579016"><ele>3188.800048828125</ele><time>2025-07-24T20:57:30Z</time></rtept><rtept lat="40.275238" lon="-105.579055"><ele>3191.60009765625</ele><time>2025-07-24T20:57:30Z</time></rtept><rtept lat="40.2753" lon="-105.579101"><ele>3190.60009765625</ele><time>2025-07-24T20:57:30Z</time></rtept><rtept lat="40.275359" lon="-105.579171"><ele>3192.800048828125</ele><time>2025-07-24T20:57:30Z</time></rtept><rtept lat="40.275282" lon="-105.579241"><ele>3196.39990234375</ele><time>2025-07-24T20:57:30Z</time></rtept><rtept lat="40.275129" lon="-105.579276"><ele>3198.199951171875</ele><time>2025-07-24T20:57:30Z</time></rtept><rtept lat="40.275025" lon="-105.579362"><ele>3201.0</ele><time>2025-07-24T20:57:30Z</time></rtept><rtept lat="40.27486" lon="-105.579456"><ele>3204.800048828125</ele><time>2025-07-24T20:57:30Z</time></rtept><rtept lat="40.27474" lon="-105.57947"><ele>3205.39990234375</ele><time>2025-07-24T20:57:30Z</time></rtept><rtept lat="40.274631" lon="-105.579511"><ele>3208.199951171875</ele><time>2025-07-24T20:57:30Z</time></rtept><rtept lat="40.274491" lon="-105.579569"><ele>3211.0</ele><time>2025-07-24T20:57:30Z</time></rtept><rtept lat="40.274426" lon="-105.579579"><ele>3211.0</ele><time>2025-07-24T20:57:30Z</time></rtept><rtept lat="40.274339" lon="-105.579573"><ele>3211.199951171875</ele><time>2025-07-24T20:57:30Z</time></rtept><rtept lat="40.274254" lon="-105.579597"><ele>3211.0</ele><time>2025-07-24T20:57:30Z</time></rtept><rtept lat="40.27415" lon="-105.579657"><ele>3213.0</ele><time>2025-07-24T20:57:30Z</time></rtept><rtept lat="40.274" lon="-105.579702"><ele>3212.800048828125</ele><time>2025-07-24T20:57:30Z</time></rtept><rtept lat="40.273887" lon="-105.57976"><ele>3214.800048828125</ele><time>2025-07-24T20:57:30Z</time></rtept><rtept lat="40.273403" lon="-105.580065"><ele>3221.0</ele><time>2025-07-24T20:57:30Z</time></rtept><rtept lat="40.273338" lon="-105.580101"><ele>3223.800048828125</ele><time>2025-07-24T20:57:30Z</time></rtept><rtept lat="40.273227" lon="-105.58013"><ele>3225.39990234375</ele><time>2025-07-24T20:57:30Z</time></rtept><rtept lat="40.273213" lon="-105.580078"><ele>3225.39990234375</ele><time>2025-07-24T20:57:30Z</time></rtept><rtept lat="40.273174" lon="-105.580007"><ele>3223.39990234375</ele><time>2025-07-24T20:57:30Z</time></rtept><rtept lat="40.27313" lon="-105.579902"><ele>3225.39990234375</ele><time>2025-07-24T20:57:30Z</time></rtept><rtept lat="40.273068" lon="-105.579806"><ele>3227.199951171875</ele><time>2025-07-24T20:57:30Z</time></rtept><rtept lat="40.273041" lon="-105.579739"><ele>3230.0</ele><time>2025-07-24T20:57:30Z</time></rtept><rtept lat="40.273041" lon="-105.579739"><ele>3230.0</ele><time>2025-07-24T20:57:30Z</time></rtept><rtept lat="40.272996" lon="-105.579629"><ele>3228.199951171875</ele><time>2025-07-24T20:57:30Z</time></rtept><rtept lat="40.272836" lon="-105.5794"><ele>3233.199951171875</ele><time>2025-07-24T20:57:30Z</time></rtept><rtept lat="40.272798" lon="-105.579369"><ele>3232.0</ele><time>2025-07-24T20:57:30Z</time></rtept><rtept lat="40.272712" lon="-105.579337"><ele>3236.800048828125</ele><time>2025-07-24T20:57:30Z</time></rtept><rtept lat="40.272611" lon="-105.579245"><ele>3237.800048828125</ele><time>2025-07-24T20:57:30Z</time></rtept><rtept lat="40.272476" lon="-105.579086"><ele>3239.39990234375</ele><time>2025-07-24T20:57:30Z</time></rtept><rtept lat="40.27244" lon="-105.579035"><ele>3239.800048828125</ele><time>2025-07-24T20:57:30Z</time></rtept><rtept lat="40.272386" lon="-105.579"><ele>3242.199951171875</ele><time>2025-07-24T20:57:30Z</time></rtept><rtept lat="40.272198" lon="-105.578937"><ele>3244.800048828125</ele><time>2025-07-24T20:57:30Z</time></rtept><rtept lat="40.272095" lon="-105.578839"><ele>3246.800048828125</ele><time>2025-07-24T20:57:30Z</time></rtept><rtept lat="40.272038" lon="-105.578797"><ele>3248.0</ele><time>2025-07-24T20:57:30Z</time></rtept><rtept lat="40.271974" lon="-105.578771"><ele>3248.0</ele><time>2025-07-24T20:57:30Z</time></rtept><rtept lat="40.271908" lon="-105.57875"><ele>3249.39990234375</ele><time>2025-07-24T20:57:30Z</time></rtept><rtept lat="40.271786" lon="-105.578734"><ele>3251.60009765625</ele><time>2025-07-24T20:57:30Z</time></rtept><rtept lat="40.271678" lon="-105.578693"><ele>3251.39990234375</ele><time>2025-07-24T20:57:30Z</time></rtept><rtept lat="40.271462" lon="-105.578661"><ele>3256.39990234375</ele><time>2025-07-24T20:57:30Z</time></rtept><rtept lat="40.271295" lon="-105.578635"><ele>3258.39990234375</ele><time>2025-07-24T20:57:30Z</time></rtept><rtept lat="40.270925" lon="-105.578654"><ele>3262.800048828125</ele><time>2025-07-24T20:57:30Z</time></rtept><rtept lat="40.270842" lon="-105.578589"><ele>3262.0</ele><time>2025-07-24T20:57:30Z</time></rtept><rtept lat="40.270746" lon="-105.578579"><ele>3263.0</ele><time>2025-07-24T20:57:30Z</time></rtept><rtept lat="40.270697" lon="-105.578551"><ele>3263.0</ele><time>2025-07-24T20:57:30Z</time></rtept><rtept lat="40.270646" lon="-105.578535"><ele>3263.60009765625</ele><time>2025-07-24T20:57:30Z</time></rtept><rtept lat="40.270599" lon="-105.578529"><ele>3264.0</ele><time>2025-07-24T20:57:30Z</time></rtept><rtept lat="40.270431" lon="-105.578541"><ele>3265.0</ele><time>2025-07-24T20:57:30Z</time></rtept><rtept lat="40.270362" lon="-105.578567"><ele>3265.60009765625</ele><time>2025-07-24T20:57:30Z</time></rtept><rtept lat="40.270291" lon="-105.578643"><ele>3268.199951171875</ele><time>2025-07-24T20:57:30Z</time></rtept><rtept lat="40.270213" lon="-105.578694"><ele>3269.0</ele><time>2025-07-24T20:57:30Z</time></rtept><rtept lat="40.270045" lon="-105.578703"><ele>3272.60009765625</ele><time>2025-07-24T20:57:30Z</time></rtept><rtept lat="40.270038" lon="-105.578719"><ele>3272.60009765625</ele><time>2025-07-24T20:57:30Z</time></rtept><rtept lat="40.270043" lon="-105.578741"><ele>3272.60009765625</ele><time>2025-07-24T20:57:30Z</time></rtept><rtept lat="40.270104" lon="-105.578762"><ele>3271.60009765625</ele><time>2025-07-24T20:57:30Z</time></rtept><rtept lat="40.270132" lon="-105.578791"><ele>3273.39990234375</ele><time>2025-07-24T20:57:30Z</time></rtept><rtept lat="40.270184" lon="-105.57884"><ele>3272.60009765625</ele><time>2025-07-24T20:57:30Z</time></rtept><rtept lat="40.270281" lon="-105.578996"><ele>3275.39990234375</ele><time>2025-07-24T20:57:30Z</time></rtept><rtept lat="40.270336" lon="-105.579115"><ele>3276.39990234375</ele><time>2025-07-24T20:57:30Z</time></rtept><rtept lat="40.270418" lon="-105.579258"><ele>3278.800048828125</ele><time>2025-07-24T20:57:30Z</time></rtept><rtept lat="40.270497" lon="-105.579386"><ele>3280.0</ele><time>2025-07-24T20:57:30Z</time></rtept><rtept lat="40.270525" lon="-105.579469"><ele>3280.0</ele><time>2025-07-24T20:57:30Z</time></rtept><rtept lat="40.270527" lon="-105.579551"><ele>3281.39990234375</ele><time>2025-07-24T20:57:30Z</time></rtept><rtept lat="40.270552" lon="-105.579644"><ele>3284.0</ele><time>2025-07-24T20:57:30Z</time></rtept><rtept lat="40.270599" lon="-105.579761"><ele>3284.199951171875</ele><time>2025-07-24T20:57:30Z</time></rtept><rtept lat="40.270611" lon="-105.579878"><ele>3285.60009765625</ele><time>2025-07-24T20:57:30Z</time></rtept><rtept lat="40.270606" lon="-105.580166"><ele>3290.60009765625</ele><time>2025-07-24T20:57:30Z</time></rtept><rtept lat="40.270606" lon="-105.580219"><ele>3290.60009765625</ele><time>2025-07-24T20:57:30Z</time></rtept><rtept lat="40.270613" lon="-105.58028"><ele>3292.0</ele><time>2025-07-24T20:57:30Z</time></rtept><rtept lat="40.27064" lon="-105.580358"><ele>3292.0</ele><time>2025-07-24T20:57:30Z</time></rtept><rtept lat="40.270649" lon="-105.580391"><ele>3292.0</ele><time>2025-07-24T20:57:30Z</time></rtept><rtept lat="40.270657" lon="-105.580454"><ele>3293.39990234375</ele><time>2025-07-24T20:57:30Z</time></rtept><rtept lat="40.270665" lon="-105.580583"><ele>3294.60009765625</ele><time>2025-07-24T20:57:30Z</time></rtept><rtept lat="40.270687" lon="-105.580656"><ele>3294.60009765625</ele><time>2025-07-24T20:57:30Z</time></rtept><rtept lat="40.270729" lon="-105.58077"><ele>3297.199951171875</ele><time>2025-07-24T20:57:30Z</time></rtept><rtept lat="40.270743" lon="-105.580834"><ele>3297.199951171875</ele><time>2025-07-24T20:57:30Z</time></rtept><rtept lat="40.270756" lon="-105.580911"><ele>3297.0</ele><time>2025-07-24T20:57:30Z</time></rtept><rtept lat="40.27077" lon="-105.581011"><ele>3298.199951171875</ele><time>2025-07-24T20:57:30Z</time></rtept><rtept lat="40.270745" lon="-105.581116"><ele>3302.199951171875</ele><time>2025-07-24T20:57:30Z</time></rtept><rtept lat="40.270709" lon="-105.581234"><ele>3303.39990234375</ele><time>2025-07-24T20:57:30Z</time></rtept><rtept lat="40.270697" lon="-105.581306"><ele>3304.39990234375</ele><time>2025-07-24T20:57:30Z</time></rtept><rtept lat="40.270689" lon="-105.581409"><ele>3305.60009765625</ele><time>2025-07-24T20:57:30Z</time></rtept><rtept lat="40.270682" lon="-105.581525"><ele>3308.199951171875</ele><time>2025-07-24T20:57:30Z</time></rtept><rtept lat="40.270657" lon="-105.581716"><ele>3311.60009765625</ele><time>2025-07-24T20:57:30Z</time></rtept><rtept lat="40.270637" lon="-105.581895"><ele>3314.0</ele><time>2025-07-24T20:57:30Z</time></rtept><rtept lat="40.27063" lon="-105.582009"><ele>3315.199951171875</ele><time>2025-07-24T20:57:30Z</time></rtept><rtept lat="40.270615" lon="-105.582147"><ele>3319.0</ele><time>2025-07-24T20:57:30Z</time></rtept><rtept lat="40.270602" lon="-105.582202"><ele>3319.0</ele><time>2025-07-24T20:57:30Z</time></rtept><rtept lat="40.270581" lon="-105.582256"><ele>3320.0</ele><time>2025-07-24T20:57:30Z</time></rtept><rtept lat="40.270567" lon="-105.582303"><ele>3320.0</ele><time>2025-07-24T20:57:30Z</time></rtept><rtept lat="40.270554" lon="-105.582371"><ele>3322.39990234375</ele><time>2025-07-24T20:57:30Z</time></rtept><rtept lat="40.270542" lon="-105.582446"><ele>3323.39990234375</ele><time>2025-07-24T20:57:30Z</time></rtept><rtept lat="40.270547" lon="-105.582497"><ele>3324.39990234375</ele><time>2025-07-24T20:57:30Z</time></rtept><rtept lat="40.27056" lon="-105.58254"><ele>3323.199951171875</ele><time>2025-07-24T20:57:30Z</time></rtept><rtept lat="40.270658" lon="-105.582679"><ele>3323.800048828125</ele><time>2025-07-24T20:57:30Z</time></rtept><rtept lat="40.270696" lon="-105.582736"><ele>3323.60009765625</ele><time>2025-07-24T20:57:30Z</time></rtept><rtept lat="40.270707" lon="-105.58277"><ele>3323.60009765625</ele><time>2025-07-24T20:57:30Z</time></rtept><rtept lat="40.270719" lon="-105.58283"><ele>3324.39990234375</ele><time>2025-07-24T20:57:30Z</time></rtept><rtept lat="40.270741" lon="-105.582976"><ele>3325.199951171875</ele><time>2025-07-24T20:57:30Z</time></rtept><rtept lat="40.270761" lon="-105.583132"><ele>3325.800048828125</ele><time>2025-07-24T20:57:30Z</time></rtept><rtept lat="40.27077" lon="-105.583191"><ele>3326.800048828125</ele><time>2025-07-24T20:57:30Z</time></rtept><rtept lat="40.270757" lon="-105.583298"><ele>3327.60009765625</ele><time>2025-07-24T20:57:30Z</time></rtept><rtept lat="40.270743" lon="-105.583379"><ele>3329.800048828125</ele><time>2025-07-24T20:57:30Z</time></rtept><rtept lat="40.270735" lon="-105.583445"><ele>3330.800048828125</ele><time>2025-07-24T20:57:30Z</time></rtept><rtept lat="40.270738" lon="-105.583554"><ele>3331.60009765625</ele><time>2025-07-24T20:57:30Z</time></rtept><rtept lat="40.27076" lon="-105.583723"><ele>3332.199951171875</ele><time>2025-07-24T20:57:30Z</time></rtept><rtept lat="40.270757" lon="-105.583866"><ele>3334.0</ele><time>2025-07-24T20:57:30Z</time></rtept><rtept lat="40.27077" lon="-105.583944"><ele>3334.800048828125</ele><time>2025-07-24T20:57:30Z</time></rtept><rtept lat="40.270841" lon="-105.584236"><ele>3337.0</ele><time>2025-07-24T20:57:30Z</time></rtept><rtept lat="40.270772" lon="-105.584313"><ele>3338.39990234375</ele><time>2025-07-24T20:57:30Z</time></rtept><rtept lat="40.270725" lon="-105.584322"><ele>3339.39990234375</ele><time>2025-07-24T20:57:30Z</time></rtept><rtept lat="40.270662" lon="-105.584323"><ele>3340.199951171875</ele><time>2025-07-24T20:57:30Z</time></rtept><rtept lat="40.270609" lon="-105.584315"><ele>3341.199951171875</ele><time>2025-07-24T20:57:30Z</time></rtept><rtept lat="40.27053" lon="-105.584301"><ele>3342.60009765625</ele><time>2025-07-24T20:57:30Z</time></rtept><rtept lat="40.27047" lon="-105.584305"><ele>3344.199951171875</ele><time>2025-07-24T20:57:30Z</time></rtept><rtept lat="40.27042" lon="-105.58432"><ele>3345.800048828125</ele><time>2025-07-24T20:57:30Z</time></rtept><rtept lat="40.270362" lon="-105.584351"><ele>3345.800048828125</ele><time>2025-07-24T20:57:30Z</time></rtept><rtept lat="40.270281" lon="-105.584365"><ele>3350.60009765625</ele><time>2025-07-24T20:57:30Z</time></rtept><rtept lat="40.270134" lon="-105.584365"><ele>3354.199951171875</ele><time>2025-07-24T20:57:30Z</time></rtept><rtept lat="40.270014" lon="-105.584367"><ele>3357.199951171875</ele><time>2025-07-24T20:57:30Z</time></rtept><rtept lat="40.269948" lon="-105.58438"><ele>3358.60009765625</ele><time>2025-07-24T20:57:30Z</time></rtept><rtept lat="40.269924" lon="-105.584396"><ele>3358.60009765625</ele><time>2025-07-24T20:57:30Z</time></rtept><rtept lat="40.269906" lon="-105.584416"><ele>3358.60009765625</ele><time>2025-07-24T20:57:30Z</time></rtept><rtept lat="40.269876" lon="-105.584437"><ele>3360.0</ele><time>2025-07-24T20:57:30Z</time></rtept><rtept lat="40.269841" lon="-105.584424"><ele>3360.0</ele><time>2025-07-24T20:57:30Z</time></rtept><rtept lat="40.269825" lon="-105.5844"><ele>3361.60009765625</ele><time>2025-07-24T20:57:30Z</time></rtept><rtept lat="40.269728" lon="-105.584272"><ele>3361.800048828125</ele><time>2025-07-24T20:57:30Z</time></rtept><rtept lat="40.269636" lon="-105.584156"><ele>3364.199951171875</ele><time>2025-07-24T20:57:30Z</time></rtept><rtept lat="40.269567" lon="-105.584088"><ele>3365.0</ele><time>2025-07-24T20:57:30Z</time></rtept><rtept lat="40.269533" lon="-105.584056"><ele>3365.0</ele><time>2025-07-24T20:57:30Z</time></rtept><rtept lat="40.269491" lon="-105.584028"><ele>3366.39990234375</ele><time>2025-07-24T20:57:30Z</time></rtept><rtept lat="40.26945" lon="-105.584015"><ele>3365.800048828125</ele><time>2025-07-24T20:57:30Z</time></rtept><rtept lat="40.269409" lon="-105.584009"><ele>3367.0</ele><time>2025-07-24T20:57:30Z</time></rtept><rtept lat="40.269357" lon="-105.58403"><ele>3368.60009765625</ele><time>2025-07-24T20:57:30Z</time></rtept><rtept lat="40.26928" lon="-105.584093"><ele>3369.60009765625</ele><time>2025-07-24T20:57:30Z</time></rtept><rtept lat="40.26923" lon="-105.584165"><ele>3371.0</ele><time>2025-07-24T20:57:30Z</time></rtept><rtept lat="40.269214" lon="-105.584274"><ele>3371.199951171875</ele><time>2025-07-24T20:57:30Z</time></rtept><rtept lat="40.269193" lon="-105.584418"><ele>3372.0</ele><time>2025-07-24T20:57:30Z</time></rtept><rtept lat="40.269165" lon="-105.584555"><ele>3373.60009765625</ele><time>2025-07-24T20:57:30Z</time></rtept><rtept lat="40.269153" lon="-105.584657"><ele>3373.800048828125</ele><time>2025-07-24T20:57:30Z</time></rtept><rtept lat="40.269129" lon="-105.584739"><ele>3374.199951171875</ele><time>2025-07-24T20:57:30Z</time></rtept><rtept lat="40.269089" lon="-105.584839"><ele>3375.39990234375</ele><time>2025-07-24T20:57:30Z</time></rtept><rtept lat="40.268974" lon="-105.585076"><ele>3378.0</ele><time>2025-07-24T20:57:30Z</time></rtept><rtept lat="40.268962" lon="-105.585103"><ele>3378.0</ele><time>2025-07-24T20:57:30Z</time></rtept><rtept lat="40.268962" lon="-105.585103"><ele>3378.0</ele><time>2025-07-24T20:57:30Z</time></rtept><rtept lat="40.268835" lon="-105.585377"><ele>3381.0</ele><time>2025-07-24T20:57:30Z</time></rtept><rtept lat="40.268779" lon="-105.585548"><ele>3382.800048828125</ele><time>2025-07-24T20:57:30Z</time></rtept><rtept lat="40.268727" lon="-105.585646"><ele>3383.199951171875</ele><time>2025-07-24T20:57:30Z</time></rtept><rtept lat="40.268673" lon="-105.585724"><ele>3384.39990234375</ele><time>2025-07-24T20:57:30Z</time></rtept><rtept lat="40.2686" lon="-105.585865"><ele>3386.0</ele><time>2025-07-24T20:57:30Z</time></rtept><rtept lat="40.268559" lon="-105.585991"><ele>3387.0</ele><time>2025-07-24T20:57:30Z</time></rtept><rtept lat="40.268454" lon="-105.586275"><ele>3390.0</ele><time>2025-07-24T20:57:30Z</time></rtept><rtept lat="40.268412" lon="-105.586388"><ele>3390.60009765625</ele><time>2025-07-24T20:57:30Z</time></rtept><rtept lat="40.2683" lon="-105.58659"><ele>3394.0</ele><time>2025-07-24T20:57:30Z</time></rtept><rtept lat="40.268238" lon="-105.586679"><ele>3396.0</ele><time>2025-07-24T20:57:30Z</time></rtept><rtept lat="40.268213" lon="-105.586713"><ele>3396.60009765625</ele><time>2025-07-24T20:57:30Z</time></rtept><rtept lat="40.268203" lon="-105.586784"><ele>3397.39990234375</ele><time>2025-07-24T20:57:30Z</time></rtept><rtept lat="40.26821" lon="-105.586865"><ele>3397.800048828125</ele><time>2025-07-24T20:57:30Z</time></rtept><rtept lat="40.268212" lon="-105.586906"><ele>3397.800048828125</ele><time>2025-07-24T20:57:30Z</time></rtept><rtept lat="40.268202" lon="-105.586956"><ele>3398.39990234375</ele><time>2025-07-24T20:57:30Z</time></rtept><rtept lat="40.268173" lon="-105.587009"><ele>3399.39990234375</ele><time>2025-07-24T20:57:30Z</time></rtept><rtept lat="40.268154" lon="-105.587065"><ele>3399.800048828125</ele><time>2025-07-24T20:57:30Z</time></rtept><rtept lat="40.268155" lon="-105.587214"><ele>3400.60009765625</ele><time>2025-07-24T20:57:30Z</time></rtept><rtept lat="40.268126" lon="-105.587526"><ele>3403.199951171875</ele><time>2025-07-24T20:57:30Z</time></rtept><rtept lat="40.268126" lon="-105.587673"><ele>3404.800048828125</ele><time>2025-07-24T20:57:30Z</time></rtept><rtept lat="40.268096" lon="-105.587845"><ele>3406.39990234375</ele><time>2025-07-24T20:57:30Z</time></rtept><rtept lat="40.268071" lon="-105.587917"><ele>3407.199951171875</ele><time>2025-07-24T20:57:30Z</time></rtept><rtept lat="40.268018" lon="-105.588037"><ele>3409.39990234375</ele><time>2025-07-24T20:57:30Z</time></rtept><rtept lat="40.267887" lon="-105.588223"><ele>3414.39990234375</ele><time>2025-07-24T20:57:30Z</time></rtept><rtept lat="40.267855" lon="-105.588267"><ele>3416.39990234375</ele><time>2025-07-24T20:57:30Z</time></rtept><rtept lat="40.267833" lon="-105.588348"><ele>3417.199951171875</ele><time>2025-07-24T20:57:30Z</time></rtept><rtept lat="40.267805" lon="-105.588426"><ele>3418.0</ele><time>2025-07-24T20:57:30Z</time></rtept><rtept lat="40.267782" lon="-105.588522"><ele>3420.199951171875</ele><time>2025-07-24T20:57:30Z</time></rtept><rtept lat="40.267778" lon="-105.58861"><ele>3420.800048828125</ele><time>2025-07-24T20:57:30Z</time></rtept><rtept lat="40.267776" lon="-105.588702"><ele>3421.800048828125</ele><time>2025-07-24T20:57:30Z</time></rtept><rtept lat="40.267773" lon="-105.588816"><ele>3422.60009765625</ele><time>2025-07-24T20:57:30Z</time></rtept><rtept lat="40.267807" lon="-105.588958"><ele>3423.39990234375</ele><time>2025-07-24T20:57:30Z</time></rtept><rtept lat="40.267816" lon="-105.589063"><ele>3424.800048828125</ele><time>2025-07-24T20:57:30Z</time></rtept><rtept lat="40.267833" lon="-105.58916"><ele>3426.199951171875</ele><time>2025-07-24T20:57:30Z</time></rtept><rtept lat="40.267821" lon="-105.589284"><ele>3429.39990234375</ele><time>2025-07-24T20:57:30Z</time></rtept><rtept lat="40.267818" lon="-105.589341"><ele>3429.39990234375</ele><time>2025-07-24T20:57:30Z</time></rtept><rtept lat="40.267809" lon="-105.589406"><ele>3431.199951171875</ele><time>2025-07-24T20:57:30Z</time></rtept><rtept lat="40.267759" lon="-105.589566"><ele>3436.800048828125</ele><time>2025-07-24T20:57:30Z</time></rtept><rtept lat="40.267745" lon="-105.589643"><ele>3438.800048828125</ele><time>2025-07-24T20:57:30Z</time></rtept><rtept lat="40.267764" lon="-105.589732"><ele>3440.39990234375</ele><time>2025-07-24T20:57:30Z</time></rtept><rtept lat="40.267776" lon="-105.589856"><ele>3441.800048828125</ele><time>2025-07-24T20:57:30Z</time></rtept><rtept lat="40.267788" lon="-105.589939"><ele>3443.0</ele><time>2025-07-24T20:57:30Z</time></rtept><rtept lat="40.267822" lon="-105.59005"><ele>3444.199951171875</ele><time>2025-07-24T20:57:30Z</time></rtept><rtept lat="40.267836" lon="-105.590169"><ele>3445.0</ele><time>2025-07-24T20:57:30Z</time></rtept><rtept lat="40.267847" lon="-105.590255"><ele>3446.0</ele><time>2025-07-24T20:57:30Z</time></rtept><rtept lat="40.267834" lon="-105.59038"><ele>3447.800048828125</ele><time>2025-07-24T20:57:30Z</time></rtept><rtept lat="40.267834" lon="-105.590467"><ele>3448.60009765625</ele><time>2025-07-24T20:57:30Z</time></rtept><rtept lat="40.267819" lon="-105.590576"><ele>3449.60009765625</ele><time>2025-07-24T20:57:30Z</time></rtept><rtept lat="40.267801" lon="-105.590692"><ele>3451.199951171875</ele><time>2025-07-24T20:57:30Z</time></rtept><rtept lat="40.267751" lon="-105.590872"><ele>3453.60009765625</ele><time>2025-07-24T20:57:30Z</time></rtept><rtept lat="40.267723" lon="-105.590922"><ele>3455.60009765625</ele><time>2025-07-24T20:57:30Z</time></rtept><rtept lat="40.267684" lon="-105.591"><ele>3456.800048828125</ele><time>2025-07-24T20:57:30Z</time></rtept><rtept lat="40.267613" lon="-105.591167"><ele>3460.0</ele><time>2025-07-24T20:57:30Z</time></rtept><rtept lat="40.267531" lon="-105.591428"><ele>3465.0</ele><time>2025-07-24T20:57:30Z</time></rtept><rtept lat="40.267515" lon="-105.591457"><ele>3465.0</ele><time>2025-07-24T20:57:30Z</time></rtept><rtept lat="40.267499" lon="-105.591513"><ele>3466.199951171875</ele><time>2025-07-24T20:57:30Z</time></rtept><rtept lat="40.267502" lon="-105.591556"><ele>3466.199951171875</ele><time>2025-07-24T20:57:30Z</time></rtept><rtept lat="40.26753" lon="-105.591631"><ele>3467.39990234375</ele><time>2025-07-24T20:57:30Z</time></rtept><rtept lat="40.267578" lon="-105.591753"><ele>3469.39990234375</ele><time>2025-07-24T20:57:30Z</time></rtept><rtept lat="40.267602" lon="-105.591845"><ele>3470.60009765625</ele><time>2025-07-24T20:57:30Z</time></rtept><rtept lat="40.267599" lon="-105.591881"><ele>3470.60009765625</ele><time>2025-07-24T20:57:30Z</time></rtept><rtept lat="40.267613" lon="-105.591936"><ele>3471.39990234375</ele><time>2025-07-24T20:57:30Z</time></rtept><rtept lat="40.267663" lon="-105.592066"><ele>3472.60009765625</ele><time>2025-07-24T20:57:30Z</time></rtept><rtept lat="40.267701" lon="-105.59219"><ele>3474.60009765625</ele><time>2025-07-24T20:57:30Z</time></rtept><rtept lat="40.267735" lon="-105.592362"><ele>3477.199951171875</ele><time>2025-07-24T20:57:30Z</time></rtept><rtept lat="40.267739" lon="-105.592389"><ele>3476.60009765625</ele><time>2025-07-24T20:57:30Z</time></rtept><rtept lat="40.267739" lon="-105.592418"><ele>3476.60009765625</ele><time>2025-07-24T20:57:30Z</time></rtept><rtept lat="40.267732" lon="-105.592442"><ele>3478.60009765625</ele><time>2025-07-24T20:57:30Z</time></rtept><rtept lat="40.267717" lon="-105.592459"><ele>3478.60009765625</ele><time>2025-07-24T20:57:30Z</time></rtept><rtept lat="40.267659" lon="-105.592509"><ele>3479.199951171875</ele><time>2025-07-24T20:57:30Z</time></rtept><rtept lat="40.267583" lon="-105.592552"><ele>3481.0</ele><time>2025-07-24T20:57:30Z</time></rtept><rtept lat="40.267493" lon="-105.592611"><ele>3483.0</ele><time>2025-07-24T20:57:30Z</time></rtept><rtept lat="40.267425" lon="-105.592629"><ele>3483.800048828125</ele><time>2025-07-24T20:57:30Z</time></rtept><rtept lat="40.267378" lon="-105.592633"><ele>3484.60009765625</ele><time>2025-07-24T20:57:30Z</time></rtept><rtept lat="40.267327" lon="-105.59264"><ele>3485.60009765625</ele><time>2025-07-24T20:57:30Z</time></rtept><rtept lat="40.267284" lon="-105.59264"><ele>3485.60009765625</ele><time>2025-07-24T20:57:30Z</time></rtept><rtept lat="40.267234" lon="-105.592621"><ele>3486.60009765625</ele><time>2025-07-24T20:57:30Z</time></rtept><rtept lat="40.267205" lon="-105.592606"><ele>3487.800048828125</ele><time>2025-07-24T20:57:30Z</time></rtept><rtept lat="40.267169" lon="-105.592593"><ele>3486.39990234375</ele><time>2025-07-24T20:57:30Z</time></rtept><rtept lat="40.267069" lon="-105.592591"><ele>3488.800048828125</ele><time>2025-07-24T20:57:30Z</time></rtept><rtept lat="40.267033" lon="-105.592591"><ele>3488.800048828125</ele><time>2025-07-24T20:57:30Z</time></rtept><rtept lat="40.267005" lon="-105.59258"><ele>3490.199951171875</ele><time>2025-07-24T20:57:30Z</time></rtept><rtept lat="40.266951" lon="-105.592553"><ele>3491.60009765625</ele><time>2025-07-24T20:57:30Z</time></rtept><rtept lat="40.266871" lon="-105.592534"><ele>3493.60009765625</ele><time>2025-07-24T20:57:30Z</time></rtept><rtept lat="40.266828" lon="-105.592553"><ele>3493.60009765625</ele><time>2025-07-24T20:57:30Z</time></rtept><rtept lat="40.266809" lon="-105.592572"><ele>3495.60009765625</ele><time>2025-07-24T20:57:30Z</time></rtept><rtept lat="40.266792" lon="-105.592585"><ele>3495.60009765625</ele><time>2025-07-24T20:57:30Z</time></rtept><rtept lat="40.266779" lon="-105.592576"><ele>3495.60009765625</ele><time>2025-07-24T20:57:30Z</time></rtept><rtept lat="40.266769" lon="-105.592553"><ele>3495.60009765625</ele><time>2025-07-24T20:57:30Z</time></rtept><rtept lat="40.266759" lon="-105.592517"><ele>3493.800048828125</ele><time>2025-07-24T20:57:30Z</time></rtept><rtept lat="40.266735" lon="-105.592461"><ele>3496.60009765625</ele><time>2025-07-24T20:57:30Z</time></rtept><rtept lat="40.266715" lon="-105.592435"><ele>3496.60009765625</ele><time>2025-07-24T20:57:30Z</time></rtept><rtept lat="40.266678" lon="-105.592422"><ele>3498.199951171875</ele><time>2025-07-24T20:57:30Z</time></rtept><rtept lat="40.266639" lon="-105.592395"><ele>3498.199951171875</ele><time>2025-07-24T20:57:30Z</time></rtept><rtept lat="40.266566" lon="-105.59233"><ele>3500.199951171875</ele><time>2025-07-24T20:57:30Z</time></rtept><rtept lat="40.266542" lon="-105.592304"><ele>3502.60009765625</ele><time>2025-07-24T20:57:30Z</time></rtept><rtept lat="40.266523" lon="-105.592293"><ele>3502.60009765625</ele><time>2025-07-24T20:57:30Z</time></rtept><rtept lat="40.266496" lon="-105.592296"><ele>3502.60009765625</ele><time>2025-07-24T20:57:30Z</time></rtept><rtept lat="40.266306" lon="-105.592341"><ele>3507.39990234375</ele><time>2025-07-24T20:57:30Z</time></rtept><rtept lat="40.266172" lon="-105.592325"><ele>3510.199951171875</ele><time>2025-07-24T20:57:30Z</time></rtept><rtept lat="40.266095" lon="-105.592344"><ele>3512.800048828125</ele><time>2025-07-24T20:57:30Z</time></rtept><rtept lat="40.266031" lon="-105.592366"><ele>3514.39990234375</ele><time>2025-07-24T20:57:30Z</time></rtept><rtept lat="40.265959" lon="-105.592424"><ele>3515.199951171875</ele><time>2025-07-24T20:57:30Z</time></rtept><rtept lat="40.265875" lon="-105.592514"><ele>3516.60009765625</ele><time>2025-07-24T20:57:30Z</time></rtept><rtept lat="40.265751" lon="-105.59256"><ele>3517.60009765625</ele><time>2025-07-24T20:57:30Z</time></rtept><rtept lat="40.265651" lon="-105.592548"><ele>3517.199951171875</ele><time>2025-07-24T20:57:30Z</time></rtept><rtept lat="40.265654" lon="-105.592558"><ele>3517.199951171875</ele><time>2025-07-24T20:57:30Z</time></rtept><rtept lat="40.26573" lon="-105.592669"><ele>3518.199951171875</ele><time>2025-07-24T20:57:30Z</time></rtept><rtept lat="40.265802" lon="-105.592682"><ele>3518.199951171875</ele><time>2025-07-24T20:57:30Z</time></rtept><rtept lat="40.265854" lon="-105.592749"><ele>3518.800048828125</ele><time>2025-07-24T20:57:30Z</time></rtept><rtept lat="40.265897" lon="-105.592773"><ele>3518.800048828125</ele><time>2025-07-24T20:57:30Z</time></rtept><rtept lat="40.265931" lon="-105.59281"><ele>3519.39990234375</ele><time>2025-07-24T20:57:30Z</time></rtept><rtept lat="40.266031" lon="-105.59301"><ele>3521.0</ele><time>2025-07-24T20:57:30Z</time></rtept><rtept lat="40.266085" lon="-105.59313"><ele>3522.800048828125</ele><time>2025-07-24T20:57:30Z</time></rtept><rtept lat="40.266137" lon="-105.593209"><ele>3523.60009765625</ele><time>2025-07-24T20:57:30Z</time></rtept><rtept lat="40.26616" lon="-105.59326"><ele>3523.60009765625</ele><time>2025-07-24T20:57:30Z</time></rtept><rtept lat="40.26615" lon="-105.593353"><ele>3525.199951171875</ele><time>2025-07-24T20:57:30Z</time></rtept><rtept lat="40.266159" lon="-105.593397"><ele>3526.60009765625</ele><time>2025-07-24T20:57:30Z</time></rtept><rtept lat="40.266208" lon="-105.593567"><ele>3528.60009765625</ele><time>2025-07-24T20:57:30Z</time></rtept><rtept lat="40.266288" lon="-105.593754"><ele>3530.60009765625</ele><time>2025-07-24T20:57:30Z</time></rtept><rtept lat="40.266315" lon="-105.593879"><ele>3531.0</ele><time>2025-07-24T20:57:30Z</time></rtept><rtept lat="40.266367" lon="-105.594032"><ele>3533.0</ele><time>2025-07-24T20:57:30Z</time></rtept><rtept lat="40.266421" lon="-105.594321"><ele>3539.800048828125</ele><time>2025-07-24T20:57:30Z</time></rtept><rtept lat="40.266467" lon="-105.594597"><ele>3543.0</ele><time>2025-07-24T20:57:30Z</time></rtept><rtept lat="40.266507" lon="-105.594743"><ele>3542.800048828125</ele><time>2025-07-24T20:57:30Z</time></rtept><rtept lat="40.266524" lon="-105.594847"><ele>3545.800048828125</ele><time>2025-07-24T20:57:30Z</time></rtept><rtept lat="40.266505" lon="-105.594992"><ele>3547.199951171875</ele><time>2025-07-24T20:57:30Z</time></rtept><rtept lat="40.266514" lon="-105.595131"><ele>3550.199951171875</ele><time>2025-07-24T20:57:30Z</time></rtept><rtept lat="40.266542" lon="-105.595325"><ele>3553.0</ele><time>2025-07-24T20:57:30Z</time></rtept><rtept lat="40.26659" lon="-105.59556"><ele>3555.60009765625</ele><time>2025-07-24T20:57:30Z</time></rtept><rtept lat="40.266599" lon="-105.595747"><ele>3558.60009765625</ele><time>2025-07-24T20:57:30Z</time></rtept><rtept lat="40.266636" lon="-105.595931"><ele>3559.60009765625</ele><time>2025-07-24T20:57:30Z</time></rtept><rtept lat="40.266654" lon="-105.596132"><ele>3563.800048828125</ele><time>2025-07-24T20:57:30Z</time></rtept><rtept lat="40.266654" lon="-105.596132"><ele>3563.800048828125</ele><time>2025-07-24T20:57:30Z</time></rtept><rtept lat="40.266669" lon="-105.596297"><ele>3566.800048828125</ele><time>2025-07-24T20:57:30Z</time></rtept><rtept lat="40.266681" lon="-105.596371"><ele>3566.800048828125</ele><time>2025-07-24T20:57:30Z</time></rtept><rtept lat="40.266698" lon="-105.596462"><ele>3566.199951171875</ele><time>2025-07-24T20:57:30Z</time></rtept><rtept lat="40.266742" lon="-105.596556"><ele>3569.0</ele><time>2025-07-24T20:57:30Z</time></rtept><rtept lat="40.266797" lon="-105.596753"><ele>3569.60009765625</ele><time>2025-07-24T20:57:30Z</time></rtept><rtept lat="40.266841" lon="-105.597036"><ele>3571.39990234375</ele><time>2025-07-24T20:57:30Z</time></rtept><rtept lat="40.266862" lon="-105.597103"><ele>3572.39990234375</ele><time>2025-07-24T20:57:30Z</time></rtept><rtept lat="40.266851" lon="-105.597251"><ele>3574.39990234375</ele><time>2025-07-24T20:57:30Z</time></rtept><rtept lat="40.266872" lon="-105.597416"><ele>3576.199951171875</ele><time>2025-07-24T20:57:30Z</time></rtept><rtept lat="40.266926" lon="-105.597669"><ele>3577.0</ele><time>2025-07-24T20:57:30Z</time></rtept><rtept lat="40.266968" lon="-105.598047"><ele>3579.0</ele><time>2025-07-24T20:57:30Z</time></rtept><rtept lat="40.267046" lon="-105.598295"><ele>3580.800048828125</ele><time>2025-07-24T20:57:30Z</time></rtept><rtept lat="40.267052" lon="-105.598439"><ele>3581.800048828125</ele><time>2025-07-24T20:57:30Z</time></rtept><rtept lat="40.267071" lon="-105.59865"><ele>3584.800048828125</ele><time>2025-07-24T20:57:30Z</time></rtept><rtept lat="40.267082" lon="-105.598733"><ele>3586.0</ele><time>2025-07-24T20:57:30Z</time></rtept><rtept lat="40.267135" lon="-105.598805"><ele>3586.0</ele><time>2025-07-24T20:57:30Z</time></rtept><rtept lat="40.267154" lon="-105.598914"><ele>3586.0</ele><time>2025-07-24T20:57:30Z</time></rtept><rtept lat="40.267197" lon="-105.598943"><ele>3586.0</ele><time>2025-07-24T20:57:30Z</time></rtept><rtept lat="40.267334" lon="-105.599014"><ele>3585.199951171875</ele><time>2025-07-24T20:57:30Z</time></rtept><rtept lat="40.267397" lon="-105.599106"><ele>3585.800048828125</ele><time>2025-07-24T20:57:30Z</time></rtept><rtept lat="40.267429" lon="-105.599199"><ele>3586.199951171875</ele><time>2025-07-24T20:57:30Z</time></rtept><rtept lat="40.267443" lon="-105.599307"><ele>3589.800048828125</ele><time>2025-07-24T20:57:30Z</time></rtept><rtept lat="40.267455" lon="-105.599383"><ele>3589.800048828125</ele><time>2025-07-24T20:57:30Z</time></rtept><rtept lat="40.267472" lon="-105.599436"><ele>3591.800048828125</ele><time>2025-07-24T20:57:30Z</time></rtept><rtept lat="40.267487" lon="-105.599474"><ele>3592.800048828125</ele><time>2025-07-24T20:57:30Z</time></rtept><rtept lat="40.267509" lon="-105.599507"><ele>3592.800048828125</ele><time>2025-07-24T20:57:30Z</time></rtept><rtept lat="40.267548" lon="-105.59954"><ele>3592.0</ele><time>2025-07-24T20:57:30Z</time></rtept><rtept lat="40.267645" lon="-105.599583"><ele>3593.199951171875</ele><time>2025-07-24T20:57:30Z</time></rtept><rtept lat="40.267758" lon="-105.59968"><ele>3593.60009765625</ele><time>2025-07-24T20:57:30Z</time></rtept><rtept lat="40.267803" lon="-105.599704"><ele>3593.60009765625</ele><time>2025-07-24T20:57:30Z</time></rtept><rtept lat="40.267844" lon="-105.599704"><ele>3592.800048828125</ele><time>2025-07-24T20:57:30Z</time></rtept><rtept lat="40.267887" lon="-105.599719"><ele>3592.0</ele><time>2025-07-24T20:57:30Z</time></rtept><rtept lat="40.26794" lon="-105.599741"><ele>3593.39990234375</ele><time>2025-07-24T20:57:30Z</time></rtept><rtept lat="40.268013" lon="-105.599811"><ele>3592.60009765625</ele><time>2025-07-24T20:57:30Z</time></rtept><rtept lat="40.268128" lon="-105.599965"><ele>3596.60009765625</ele><time>2025-07-24T20:57:30Z</time></rtept><rtept lat="40.268175" lon="-105.600014"><ele>3598.60009765625</ele><time>2025-07-24T20:57:30Z</time></rtept><rtept lat="40.268285" lon="-105.600052"><ele>3596.800048828125</ele><time>2025-07-24T20:57:30Z</time></rtept><rtept lat="40.268344" lon="-105.600071"><ele>3598.60009765625</ele><time>2025-07-24T20:57:30Z</time></rtept><rtept lat="40.268393" lon="-105.600113"><ele>3598.60009765625</ele><time>2025-07-24T20:57:30Z</time></rtept><rtept lat="40.268427" lon="-105.600182"><ele>3600.39990234375</ele><time>2025-07-24T20:57:30Z</time></rtept><rtept lat="40.268456" lon="-105.600217"><ele>3600.39990234375</ele><time>2025-07-24T20:57:30Z</time></rtept><rtept lat="40.268548" lon="-105.600228"><ele>3598.60009765625</ele><time>2025-07-24T20:57:30Z</time></rtept><rtept lat="40.268602" lon="-105.600302"><ele>3600.800048828125</ele><time>2025-07-24T20:57:30Z</time></rtept><rtept lat="40.268744" lon="-105.600457"><ele>3605.199951171875</ele><time>2025-07-24T20:57:30Z</time></rtept><rtept lat="40.2688" lon="-105.600494"><ele>3604.39990234375</ele><time>2025-07-24T20:57:30Z</time></rtept><rtept lat="40.268874" lon="-105.600511"><ele>3606.60009765625</ele><time>2025-07-24T20:57:30Z</time></rtept><rtept lat="40.268956" lon="-105.600568"><ele>3605.800048828125</ele><time>2025-07-24T20:57:30Z</time></rtept><rtept lat="40.269103" lon="-105.600691"><ele>3610.199951171875</ele><time>2025-07-24T20:57:30Z</time></rtept><rtept lat="40.269439" lon="-105.600913"><ele>3611.800048828125</ele><time>2025-07-24T20:57:30Z</time></rtept><rtept lat="40.269481" lon="-105.600949"><ele>3614.39990234375</ele><time>2025-07-24T20:57:30Z</time></rtept><rtept lat="40.269531" lon="-105.601023"><ele>3617.0</ele><time>2025-07-24T20:57:30Z</time></rtept><rtept lat="40.269718" lon="-105.601164"><ele>3616.800048828125</ele><time>2025-07-24T20:57:30Z</time></rtept><rtept lat="40.269821" lon="-105.601261"><ele>3618.60009765625</ele><time>2025-07-24T20:57:30Z</time></rtept><rtept lat="40.269905" lon="-105.601399"><ele>3620.60009765625</ele><time>2025-07-24T20:57:30Z</time></rtept><rtept lat="40.270032" lon="-105.601554"><ele>3621.60009765625</ele><time>2025-07-24T20:57:30Z</time></rtept><rtept lat="40.270079" lon="-105.601647"><ele>3623.60009765625</ele><time>2025-07-24T20:57:30Z</time></rtept><rtept lat="40.270108" lon="-105.601749"><ele>3623.39990234375</ele><time>2025-07-24T20:57:30Z</time></rtept><rtept lat="40.270185" lon="-105.601834"><ele>3623.199951171875</ele><time>2025-07-24T20:57:30Z</time></rtept><rtept lat="40.270218" lon="-105.601891"><ele>3625.0</ele><time>2025-07-24T20:57:30Z</time></rtept><rtept lat="40.270233" lon="-105.601948"><ele>3623.199951171875</ele><time>2025-07-24T20:57:30Z</time></rtept><rtept lat="40.270277" lon="-105.602047"><ele>3626.60009765625</ele><time>2025-07-24T20:57:30Z</time></rtept><rtept lat="40.27042" lon="-105.602232"><ele>3626.39990234375</ele><time>2025-07-24T20:57:30Z</time></rtept><rtept lat="40.270484" lon="-105.60232"><ele>3626.60009765625</ele><time>2025-07-24T20:57:30Z</time></rtept><rtept lat="40.270534" lon="-105.60241"><ele>3626.800048828125</ele><time>2025-07-24T20:57:30Z</time></rtept><rtept lat="40.270612" lon="-105.602591"><ele>3629.60009765625</ele><time>2025-07-24T20:57:30Z</time></rtept><rtept lat="40.270789" lon="-105.602877"><ele>3632.39990234375</ele><time>2025-07-24T20:57:30Z</time></rtept><rtept lat="40.270829" lon="-105.60292"><ele>3633.39990234375</ele><time>2025-07-24T20:57:30Z</time></rtept><rtept lat="40.270852" lon="-105.60293"><ele>3633.39990234375</ele><time>2025-07-24T20:57:30Z</time></rtept><rtept lat="40.270876" lon="-105.60293"><ele>3633.39990234375</ele><time>2025-07-24T20:57:30Z</time></rtept><rtept lat="40.270899" lon="-105.602908"><ele>3632.800048828125</ele><time>2025-07-24T20:57:30Z</time></rtept><rtept lat="40.270951" lon="-105.602901"><ele>3630.39990234375</ele><time>2025-07-24T20:57:30Z</time></rtept><rtept lat="40.270984" lon="-105.602933"><ele>3632.39990234375</ele><time>2025-07-24T20:57:30Z</time></rtept><rtept lat="40.271102" lon="-105.603042"><ele>3633.39990234375</ele><time>2025-07-24T20:57:30Z</time></rtept><rtept lat="40.27122" lon="-105.603114"><ele>3634.39990234375</ele><time>2025-07-24T20:57:30Z</time></rtept><rtept lat="40.271278" lon="-105.603206"><ele>3636.0</ele><time>2025-07-24T20:57:30Z</time></rtept><rtept lat="40.271348" lon="-105.603266"><ele>3637.60009765625</ele><time>2025-07-24T20:57:30Z</time></rtept><rtept lat="40.271405" lon="-105.603311"><ele>3637.60009765625</ele><time>2025-07-24T20:57:30Z</time></rtept><rtept lat="40.271455" lon="-105.603336"><ele>3639.39990234375</ele><time>2025-07-24T20:57:30Z</time></rtept><rtept lat="40.271744" lon="-105.603401"><ele>3638.39990234375</ele><time>2025-07-24T20:57:30Z</time></rtept><rtept lat="40.271951" lon="-105.603417"><ele>3638.0</ele><time>2025-07-24T20:57:30Z</time></rtept><rtept lat="40.272071" lon="-105.603451"><ele>3640.0</ele><time>2025-07-24T20:57:30Z</time></rtept><rtept lat="40.272234" lon="-105.603487"><ele>3640.0</ele><time>2025-07-24T20:57:30Z</time></rtept><rtept lat="40.272385" lon="-105.603518"><ele>3642.39990234375</ele><time>2025-07-24T20:57:30Z</time></rtept><rtept lat="40.272427" lon="-105.603523"><ele>3642.39990234375</ele><time>2025-07-24T20:57:30Z</time></rtept><rtept lat="40.2726" lon="-105.603552"><ele>3642.60009765625</ele><time>2025-07-24T20:57:30Z</time></rtept><rtept lat="40.272738" lon="-105.603639"><ele>3645.39990234375</ele><time>2025-07-24T20:57:30Z</time></rtept><rtept lat="40.27282" lon="-105.603713"><ele>3647.800048828125</ele><time>2025-07-24T20:57:30Z</time></rtept><rtept lat="40.272849" lon="-105.603721"><ele>3648.0</ele><time>2025-07-24T20:57:30Z</time></rtept><rtept lat="40.272906" lon="-105.603734"><ele>3648.0</ele><time>2025-07-24T20:57:30Z</time></rtept><rtept lat="40.273004" lon="-105.603755"><ele>3648.60009765625</ele><time>2025-07-24T20:57:30Z</time></rtept><rtept lat="40.273038" lon="-105.603771"><ele>3650.800048828125</ele><time>2025-07-24T20:57:30Z</time></rtept><rtept lat="40.273069" lon="-105.603829"><ele>3651.0</ele><time>2025-07-24T20:57:30Z</time></rtept><rtept lat="40.273122" lon="-105.603929"><ele>3653.39990234375</ele><time>2025-07-24T20:57:30Z</time></rtept><rtept lat="40.273154" lon="-105.603951"><ele>3655.39990234375</ele><time>2025-07-24T20:57:30Z</time></rtept><rtept lat="40.27319" lon="-105.603954"><ele>3655.800048828125</ele><time>2025-07-24T20:57:30Z</time></rtept><rtept lat="40.273227" lon="-105.603925"><ele>3653.800048828125</ele><time>2025-07-24T20:57:30Z</time></rtept><rtept lat="40.273285" lon="-105.603915"><ele>3654.199951171875</ele><time>2025-07-24T20:57:30Z</time></rtept><rtept lat="40.273361" lon="-105.6039"><ele>3654.60009765625</ele><time>2025-07-24T20:57:30Z</time></rtept><rtept lat="40.273387" lon="-105.603913"><ele>3655.0</ele><time>2025-07-24T20:57:30Z</time></rtept><rtept lat="40.273444" lon="-105.603947"><ele>3657.39990234375</ele><time>2025-07-24T20:57:30Z</time></rtept><rtept lat="40.2735" lon="-105.603969"><ele>3657.39990234375</ele><time>2025-07-24T20:57:30Z</time></rtept><rtept lat="40.273587" lon="-105.603981"><ele>3658.199951171875</ele><time>2025-07-24T20:57:30Z</time></rtept><rtept lat="40.273646" lon="-105.604021"><ele>3660.199951171875</ele><time>2025-07-24T20:57:30Z</time></rtept><rtept lat="40.273686" lon="-105.604054"><ele>3660.199951171875</ele><time>2025-07-24T20:57:30Z</time></rtept><rtept lat="40.273726" lon="-105.60408"><ele>3660.60009765625</ele><time>2025-07-24T20:57:30Z</time></rtept><rtept lat="40.27386" lon="-105.604126"><ele>3662.39990234375</ele><time>2025-07-24T20:57:30Z</time></rtept><rtept lat="40.273957" lon="-105.604151"><ele>3662.60009765625</ele><time>2025-07-24T20:57:30Z</time></rtept><rtept lat="40.274024" lon="-105.604223"><ele>3664.199951171875</ele><time>2025-07-24T20:57:30Z</time></rtept><rtept lat="40.274273" lon="-105.604388"><ele>3668.60009765625</ele><time>2025-07-24T20:57:30Z</time></rtept><rtept lat="40.274311" lon="-105.604443"><ele>3669.60009765625</ele><time>2025-07-24T20:57:30Z</time></rtept><rtept lat="40.27432" lon="-105.60452"><ele>3670.39990234375</ele><time>2025-07-24T20:57:30Z</time></rtept><rtept lat="40.274341" lon="-105.604594"><ele>3671.39990234375</ele><time>2025-07-24T20:57:30Z</time></rtept><rtept lat="40.274344" lon="-105.604672"><ele>3672.39990234375</ele><time>2025-07-24T20:57:30Z</time></rtept><rtept lat="40.274365" lon="-105.604751"><ele>3674.800048828125</ele><time>2025-07-24T20:57:30Z</time></rtept><rtept lat="40.274385" lon="-105.604814"><ele>3675.800048828125</ele><time>2025-07-24T20:57:30Z</time></rtept><rtept lat="40.27439" lon="-105.604875"><ele>3675.800048828125</ele><time>2025-07-24T20:57:30Z</time></rtept><rtept lat="40.274411" lon="-105.604973"><ele>3677.800048828125</ele><time>2025-07-24T20:57:30Z</time></rtept><rtept lat="40.274433" lon="-105.60503"><ele>3679.199951171875</ele><time>2025-07-24T20:57:30Z</time></rtept><rtept lat="40.274442" lon="-105.605082"><ele>3680.0</ele><time>2025-07-24T20:57:30Z</time></rtept><rtept lat="40.274442" lon="-105.60515"><ele>3680.800048828125</ele><time>2025-07-24T20:57:30Z</time></rtept><rtept lat="40.274431" lon="-105.605221"><ele>3681.39990234375</ele><time>2025-07-24T20:57:30Z</time></rtept><rtept lat="40.274396" lon="-105.605298"><ele>3680.39990234375</ele><time>2025-07-24T20:57:30Z</time></rtept><rtept lat="40.274377" lon="-105.60533"><ele>3681.0</ele><time>2025-07-24T20:57:30Z</time></rtept><rtept lat="40.274349" lon="-105.605355"><ele>3680.39990234375</ele><time>2025-07-24T20:57:30Z</time></rtept><rtept lat="40.274276" lon="-105.6054"><ele>3680.60009765625</ele><time>2025-07-24T20:57:30Z</time></rtept><rtept lat="40.274196" lon="-105.60541"><ele>3680.60009765625</ele><time>2025-07-24T20:57:30Z</time></rtept><rtept lat="40.274071" lon="-105.605414"><ele>3681.0</ele><time>2025-07-24T20:57:30Z</time></rtept><rtept lat="40.274043" lon="-105.605422"><ele>3681.0</ele><time>2025-07-24T20:57:30Z</time></rtept><rtept lat="40.274002" lon="-105.605439"><ele>3681.39990234375</ele><time>2025-07-24T20:57:30Z</time></rtept><rtept lat="40.273895" lon="-105.605568"><ele>3683.60009765625</ele><time>2025-07-24T20:57:30Z</time></rtept><rtept lat="40.273862" lon="-105.605631"><ele>3684.0</ele><time>2025-07-24T20:57:30Z</time></rtept><rtept lat="40.273839" lon="-105.605652"><ele>3684.39990234375</ele><time>2025-07-24T20:57:30Z</time></rtept><rtept lat="40.273815" lon="-105.605659"><ele>3684.800048828125</ele><time>2025-07-24T20:57:30Z</time></rtept><rtept lat="40.273791" lon="-105.605661"><ele>3684.800048828125</ele><time>2025-07-24T20:57:30Z</time></rtept><rtept lat="40.273762" lon="-105.605667"><ele>3685.199951171875</ele><time>2025-07-24T20:57:30Z</time></rtept><rtept lat="40.273722" lon="-105.605701"><ele>3685.199951171875</ele><time>2025-07-24T20:57:30Z</time></rtept><rtept lat="40.273683" lon="-105.605726"><ele>3685.60009765625</ele><time>2025-07-24T20:57:30Z</time></rtept><rtept lat="40.273651" lon="-105.605737"><ele>3686.199951171875</ele><time>2025-07-24T20:57:30Z</time></rtept><rtept lat="40.273622" lon="-105.605753"><ele>3686.60009765625</ele><time>2025-07-24T20:57:30Z</time></rtept><rtept lat="40.273585" lon="-105.605782"><ele>3686.60009765625</ele><time>2025-07-24T20:57:30Z</time></rtept><rtept lat="40.273545" lon="-105.605825"><ele>3687.60009765625</ele><time>2025-07-24T20:57:30Z</time></rtept><rtept lat="40.273496" lon="-105.605854"><ele>3688.0</ele><time>2025-07-24T20:57:30Z</time></rtept><rtept lat="40.273429" lon="-105.605863"><ele>3688.60009765625</ele><time>2025-07-24T20:57:30Z</time></rtept><rtept lat="40.273392" lon="-105.605867"><ele>3688.60009765625</ele><time>2025-07-24T20:57:30Z</time></rtept><rtept lat="40.273353" lon="-105.6059"><ele>3689.199951171875</ele><time>2025-07-24T20:57:30Z</time></rtept><rtept lat="40.273331" lon="-105.605938"><ele>3689.800048828125</ele><time>2025-07-24T20:57:30Z</time></rtept><rtept lat="40.273306" lon="-105.605957"><ele>3689.800048828125</ele><time>2025-07-24T20:57:30Z</time></rtept><rtept lat="40.273279" lon="-105.605992"><ele>3690.39990234375</ele><time>2025-07-24T20:57:30Z</time></rtept><rtept lat="40.27324" lon="-105.606058"><ele>3690.800048828125</ele><time>2025-07-24T20:57:30Z</time></rtept><rtept lat="40.273197" lon="-105.606168"><ele>3692.0</ele><time>2025-07-24T20:57:30Z</time></rtept><rtept lat="40.273196" lon="-105.606217"><ele>3692.0</ele><time>2025-07-24T20:57:30Z</time></rtept><rtept lat="40.273202" lon="-105.606274"><ele>3692.39990234375</ele><time>2025-07-24T20:57:30Z</time></rtept><rtept lat="40.273229" lon="-105.606385"><ele>3692.60009765625</ele><time>2025-07-24T20:57:30Z</time></rtept><rtept lat="40.273248" lon="-105.606524"><ele>3692.800048828125</ele><time>2025-07-24T20:57:30Z</time></rtept><rtept lat="40.273262" lon="-105.606634"><ele>3692.800048828125</ele><time>2025-07-24T20:57:30Z</time></rtept><rtept lat="40.27325" lon="-105.60677"><ele>3693.199951171875</ele><time>2025-07-24T20:57:30Z</time></rtept><rtept lat="40.273254" lon="-105.606865"><ele>3693.60009765625</ele><time>2025-07-24T20:57:30Z</time></rtept><rtept lat="40.273274" lon="-105.606942"><ele>3693.800048828125</ele><time>2025-07-24T20:57:30Z</time></rtept><rtept lat="40.273266" lon="-105.607032"><ele>3694.0</ele><time>2025-07-24T20:57:30Z</time></rtept><rtept lat="40.273273" lon="-105.607141"><ele>3694.39990234375</ele><time>2025-07-24T20:57:30Z</time></rtept><rtept lat="40.273294" lon="-105.607231"><ele>3694.60009765625</ele><time>2025-07-24T20:57:30Z</time></rtept><rtept lat="40.273336" lon="-105.607326"><ele>3694.199951171875</ele><time>2025-07-24T20:57:30Z</time></rtept><rtept lat="40.273474" lon="-105.607499"><ele>3694.0</ele><time>2025-07-24T20:57:30Z</time></rtept><rtept lat="40.273522" lon="-105.607575"><ele>3694.0</ele><time>2025-07-24T20:57:30Z</time></rtept><rtept lat="40.273549" lon="-105.607631"><ele>3694.60009765625</ele><time>2025-07-24T20:57:30Z</time></rtept><rtept lat="40.273578" lon="-105.607697"><ele>3694.0</ele><time>2025-07-24T20:57:30Z</time></rtept><rtept lat="40.273591" lon="-105.607819"><ele>3695.199951171875</ele><time>2025-07-24T20:57:30Z</time></rtept><rtept lat="40.273595" lon="-105.60791"><ele>3696.199951171875</ele><time>2025-07-24T20:57:30Z</time></rtept><rtept lat="40.273621" lon="-105.608018"><ele>3697.199951171875</ele><time>2025-07-24T20:57:30Z</time></rtept><rtept lat="40.273658" lon="-105.60814"><ele>3698.0</ele><time>2025-07-24T20:57:30Z</time></rtept><rtept lat="40.273683" lon="-105.608215"><ele>3698.0</ele><time>2025-07-24T20:57:30Z</time></rtept><rtept lat="40.273702" lon="-105.608312"><ele>3698.60009765625</ele><time>2025-07-24T20:57:30Z</time></rtept><rtept lat="40.273705" lon="-105.608394"><ele>3698.60009765625</ele><time>2025-07-24T20:57:30Z</time></rtept><rtept lat="40.27371" lon="-105.60848"><ele>3699.60009765625</ele><time>2025-07-24T20:57:30Z</time></rtept><rtept lat="40.273732" lon="-105.608586"><ele>3701.60009765625</ele><time>2025-07-24T20:57:30Z</time></rtept><rtept lat="40.273751" lon="-105.608649"><ele>3701.60009765625</ele><time>2025-07-24T20:57:30Z</time></rtept><rtept lat="40.273778" lon="-105.608765"><ele>3700.39990234375</ele><time>2025-07-24T20:57:30Z</time></rtept><rtept lat="40.273798" lon="-105.60885"><ele>3701.0</ele><time>2025-07-24T20:57:30Z</time></rtept><rtept lat="40.273807" lon="-105.608897"><ele>3701.0</ele><time>2025-07-24T20:57:30Z</time></rtept><rtept lat="40.27381" lon="-105.608936"><ele>3701.60009765625</ele><time>2025-07-24T20:57:30Z</time></rtept><rtept lat="40.273806" lon="-105.608958"><ele>3701.60009765625</ele><time>2025-07-24T20:57:30Z</time></rtept><rtept lat="40.273792" lon="-105.608976"><ele>3701.60009765625</ele><time>2025-07-24T20:57:30Z</time></rtept><rtept lat="40.273773" lon="-105.608974"><ele>3701.60009765625</ele><time>2025-07-24T20:57:30Z</time></rtept><rtept lat="40.273758" lon="-105.608962"><ele>3704.39990234375</ele><time>2025-07-24T20:57:30Z</time></rtept><rtept lat="40.273693" lon="-105.608888"><ele>3707.0</ele><time>2025-07-24T20:57:30Z</time></rtept><rtept lat="40.273637" lon="-105.608837"><ele>3707.0</ele><time>2025-07-24T20:57:30Z</time></rtept><rtept lat="40.273591" lon="-105.608805"><ele>3708.800048828125</ele><time>2025-07-24T20:57:30Z</time></rtept><rtept lat="40.273486" lon="-105.608767"><ele>3713.0</ele><time>2025-07-24T20:57:30Z</time></rtept><rtept lat="40.273417" lon="-105.608738"><ele>3713.800048828125</ele><time>2025-07-24T20:57:30Z</time></rtept><rtept lat="40.273306" lon="-105.608649"><ele>3714.199951171875</ele><time>2025-07-24T20:57:30Z</time></rtept><rtept lat="40.273224" lon="-105.608573"><ele>3717.60009765625</ele><time>2025-07-24T20:57:30Z</time></rtept><rtept lat="40.273155" lon="-105.608536"><ele>3717.39990234375</ele><time>2025-07-24T20:57:30Z</time></rtept><rtept lat="40.273102" lon="-105.608503"><ele>3718.60009765625</ele><time>2025-07-24T20:57:30Z</time></rtept><rtept lat="40.272959" lon="-105.608387"><ele>3717.60009765625</ele><time>2025-07-24T20:57:30Z</time></rtept><rtept lat="40.272864" lon="-105.608296"><ele>3717.199951171875</ele><time>2025-07-24T20:57:30Z</time></rtept><rtept lat="40.27284" lon="-105.608273"><ele>3718.39990234375</ele><time>2025-07-24T20:57:30Z</time></rtept><rtept lat="40.272804" lon="-105.608249"><ele>3718.39990234375</ele><time>2025-07-24T20:57:30Z</time></rtept><rtept lat="40.272776" lon="-105.608246"><ele>3719.60009765625</ele><time>2025-07-24T20:57:30Z</time></rtept><rtept lat="40.272747" lon="-105.608254"><ele>3719.60009765625</ele><time>2025-07-24T20:57:30Z</time></rtept><rtept lat="40.272723" lon="-105.608288"><ele>3719.60009765625</ele><time>2025-07-24T20:57:30Z</time></rtept><rtept lat="40.272693" lon="-105.608359"><ele>3722.199951171875</ele><time>2025-07-24T20:57:30Z</time></rtept><rtept lat="40.27269" lon="-105.608408"><ele>3723.39990234375</ele><time>2025-07-24T20:57:30Z</time></rtept><rtept lat="40.272694" lon="-105.608467"><ele>3723.39990234375</ele><time>2025-07-24T20:57:30Z</time></rtept><rtept lat="40.27271" lon="-105.608543"><ele>3724.39990234375</ele><time>2025-07-24T20:57:30Z</time></rtept><rtept lat="40.272722" lon="-105.608624"><ele>3724.199951171875</ele><time>2025-07-24T20:57:30Z</time></rtept><rtept lat="40.272719" lon="-105.608689"><ele>3725.39990234375</ele><time>2025-07-24T20:57:30Z</time></rtept><rtept lat="40.2727" lon="-105.608765"><ele>3727.199951171875</ele><time>2025-07-24T20:57:30Z</time></rtept><rtept lat="40.272644" lon="-105.608871"><ele>3728.800048828125</ele><time>2025-07-24T20:57:30Z</time></rtept><rtept lat="40.27262" lon="-105.608974"><ele>3729.39990234375</ele><time>2025-07-24T20:57:30Z</time></rtept><rtept lat="40.272598" lon="-105.609143"><ele>3730.39990234375</ele><time>2025-07-24T20:57:30Z</time></rtept><rtept lat="40.272558" lon="-105.609343"><ele>3733.199951171875</ele><time>2025-07-24T20:57:30Z</time></rtept><rtept lat="40.272538" lon="-105.609423"><ele>3733.199951171875</ele><time>2025-07-24T20:57:30Z</time></rtept><rtept lat="40.272524" lon="-105.60952"><ele>3734.39990234375</ele><time>2025-07-24T20:57:30Z</time></rtept><rtept lat="40.272528" lon="-105.609634"><ele>3735.0</ele><time>2025-07-24T20:57:30Z</time></rtept><rtept lat="40.272505" lon="-105.609733"><ele>3736.60009765625</ele><time>2025-07-24T20:57:30Z</time></rtept><rtept lat="40.272452" lon="-105.609868"><ele>3738.60009765625</ele><time>2025-07-24T20:57:30Z</time></rtept><rtept lat="40.272435" lon="-105.609924"><ele>3738.60009765625</ele><time>2025-07-24T20:57:30Z</time></rtept><rtept lat="40.272416" lon="-105.609944"><ele>3739.0</ele><time>2025-07-24T20:57:30Z</time></rtept><rtept lat="40.272402" lon="-105.609942"><ele>3739.0</ele><time>2025-07-24T20:57:30Z</time></rtept><rtept lat="40.272388" lon="-105.609932"><ele>3738.60009765625</ele><time>2025-07-24T20:57:30Z</time></rtept><rtept lat="40.272342" lon="-105.6098"><ele>3739.199951171875</ele><time>2025-07-24T20:57:30Z</time></rtept><rtept lat="40.272312" lon="-105.609743"><ele>3739.800048828125</ele><time>2025-07-24T20:57:30Z</time></rtept><rtept lat="40.272289" lon="-105.6097"><ele>3739.800048828125</ele><time>2025-07-24T20:57:30Z</time></rtept><rtept lat="40.27222" lon="-105.60953"><ele>3740.0</ele><time>2025-07-24T20:57:30Z</time></rtept><rtept lat="40.272082" lon="-105.609201"><ele>3740.800048828125</ele><time>2025-07-24T20:57:30Z</time></rtept><rtept lat="40.272032" lon="-105.609088"><ele>3741.60009765625</ele><time>2025-07-24T20:57:30Z</time></rtept><rtept lat="40.271987" lon="-105.609"><ele>3743.0</ele><time>2025-07-24T20:57:30Z</time></rtept><rtept lat="40.271924" lon="-105.608902"><ele>3744.39990234375</ele><time>2025-07-24T20:57:30Z</time></rtept><rtept lat="40.271889" lon="-105.608849"><ele>3744.39990234375</ele><time>2025-07-24T20:57:30Z</time></rtept><rtept lat="40.271856" lon="-105.60878"><ele>3747.0</ele><time>2025-07-24T20:57:30Z</time></rtept><rtept lat="40.271839" lon="-105.608738"><ele>3747.39990234375</ele><time>2025-07-24T20:57:30Z</time></rtept><rtept lat="40.271827" lon="-105.608698"><ele>3747.39990234375</ele><time>2025-07-24T20:57:30Z</time></rtept><rtept lat="40.271814" lon="-105.608629"><ele>3747.800048828125</ele><time>2025-07-24T20:57:30Z</time></rtept><rtept lat="40.271805" lon="-105.608562"><ele>3748.199951171875</ele><time>2025-07-24T20:57:30Z</time></rtept><rtept lat="40.271792" lon="-105.608489"><ele>3750.800048828125</ele><time>2025-07-24T20:57:30Z</time></rtept><rtept lat="40.271784" lon="-105.608446"><ele>3751.199951171875</ele><time>2025-07-24T20:57:30Z</time></rtept><rtept lat="40.27178" lon="-105.608402"><ele>3751.199951171875</ele><time>2025-07-24T20:57:30Z</time></rtept><rtept lat="40.271774" lon="-105.608371"><ele>3751.60009765625</ele><time>2025-07-24T20:57:30Z</time></rtept><rtept lat="40.271762" lon="-105.608365"><ele>3751.60009765625</ele><time>2025-07-24T20:57:30Z</time></rtept><rtept lat="40.271738" lon="-105.608419"><ele>3751.199951171875</ele><time>2025-07-24T20:57:30Z</time></rtept><rtept lat="40.271727" lon="-105.608464"><ele>3753.800048828125</ele><time>2025-07-24T20:57:30Z</time></rtept><rtept lat="40.271709" lon="-105.608617"><ele>3753.199951171875</ele><time>2025-07-24T20:57:30Z</time></rtept><rtept lat="40.271707" lon="-105.608764"><ele>3752.60009765625</ele><time>2025-07-24T20:57:30Z</time></rtept><rtept lat="40.271719" lon="-105.608989"><ele>3752.39990234375</ele><time>2025-07-24T20:57:30Z</time></rtept><rtept lat="40.271713" lon="-105.609133"><ele>3752.800048828125</ele><time>2025-07-24T20:57:30Z</time></rtept><rtept lat="40.271713" lon="-105.609133"><ele>3752.800048828125</ele><time>2025-07-24T20:57:30Z</time></rtept><rtept lat="40.271713" lon="-105.609133"><ele>3752.800048828125</ele><time>2025-07-24T20:57:30Z</time></rtept><rtept lat="40.271694" lon="-105.609215"><ele>3753.39990234375</ele><time>2025-07-24T20:57:30Z</time></rtept><rtept lat="40.271638" lon="-105.609435"><ele>3759.199951171875</ele><time>2025-07-24T20:57:30Z</time></rtept><rtept lat="40.271614" lon="-105.609549"><ele>3760.199951171875</ele><time>2025-07-24T20:57:30Z</time></rtept><rtept lat="40.271604" lon="-105.609653"><ele>3761.39990234375</ele><time>2025-07-24T20:57:30Z</time></rtept><rtept lat="40.271624" lon="-105.60998"><ele>3766.199951171875</ele><time>2025-07-24T20:57:30Z</time></rtept><rtept lat="40.271618" lon="-105.61015"><ele>3768.199951171875</ele><time>2025-07-24T20:57:30Z</time></rtept><rtept lat="40.27162" lon="-105.610298"><ele>3770.0</ele><time>2025-07-24T20:57:30Z</time></rtept><rtept lat="40.271649" lon="-105.61063"><ele>3773.199951171875</ele><time>2025-07-24T20:57:30Z</time></rtept><rtept lat="40.271622" lon="-105.610832"><ele>3774.39990234375</ele><time>2025-07-24T20:57:30Z</time></rtept><rtept lat="40.271598" lon="-105.610922"><ele>3777.800048828125</ele><time>2025-07-24T20:57:30Z</time></rtept><rtept lat="40.271549" lon="-105.611007"><ele>3778.0</ele><time>2025-07-24T20:57:30Z</time></rtept><rtept lat="40.271468" lon="-105.611076"><ele>3782.800048828125</ele><time>2025-07-24T20:57:30Z</time></rtept><rtept lat="40.271411" lon="-105.611165"><ele>3782.60009765625</ele><time>2025-07-24T20:57:30Z</time></rtept><rtept lat="40.271378" lon="-105.611235"><ele>3784.0</ele><time>2025-07-24T20:57:30Z</time></rtept><rtept lat="40.271346" lon="-105.611252"><ele>3784.0</ele><time>2025-07-24T20:57:30Z</time></rtept><rtept lat="40.271304" lon="-105.611224"><ele>3786.0</ele><time>2025-07-24T20:57:30Z</time></rtept><rtept lat="40.271222" lon="-105.611133"><ele>3787.800048828125</ele><time>2025-07-24T20:57:30Z</time></rtept><rtept lat="40.27114" lon="-105.610951"><ele>3791.60009765625</ele><time>2025-07-24T20:57:30Z</time></rtept><rtept lat="40.271052" lon="-105.610795"><ele>3793.199951171875</ele><time>2025-07-24T20:57:30Z</time></rtept><rtept lat="40.270878" lon="-105.610503"><ele>3795.39990234375</ele><time>2025-07-24T20:57:30Z</time></rtept><rtept lat="40.270665" lon="-105.61009"><ele>3794.60009765625</ele><time>2025-07-24T20:57:30Z</time></rtept><rtept lat="40.270567" lon="-105.609832"><ele>3793.0</ele><time>2025-07-24T20:57:30Z</time></rtept><rtept lat="40.270527" lon="-105.60975"><ele>3793.0</ele><time>2025-07-24T20:57:30Z</time></rtept><rtept lat="40.270509" lon="-105.609715"><ele>3793.0</ele><time>2025-07-24T20:57:30Z</time></rtept><rtept lat="40.270497" lon="-105.609702"><ele>3793.0</ele><time>2025-07-24T20:57:30Z</time></rtept><rtept lat="40.270478" lon="-105.609707"><ele>3793.800048828125</ele><time>2025-07-24T20:57:30Z</time></rtept><rtept lat="40.270462" lon="-105.609716"><ele>3793.800048828125</ele><time>2025-07-24T20:57:30Z</time></rtept><rtept lat="40.270372" lon="-105.609911"><ele>3796.800048828125</ele><time>2025-07-24T20:57:30Z</time></rtept><rtept lat="40.270322" lon="-105.609959"><ele>3799.199951171875</ele><time>2025-07-24T20:57:30Z</time></rtept><rtept lat="40.270263" lon="-105.610011"><ele>3800.60009765625</ele><time>2025-07-24T20:57:30Z</time></rtept><rtept lat="40.270202" lon="-105.610042"><ele>3802.39990234375</ele><time>2025-07-24T20:57:30Z</time></rtept><rtept lat="40.270173" lon="-105.610059"><ele>3802.39990234375</ele><time>2025-07-24T20:57:30Z</time></rtept><rtept lat="40.270149" lon="-105.610082"><ele>3803.60009765625</ele><time>2025-07-24T20:57:30Z</time></rtept><rtept lat="40.270048" lon="-105.610169"><ele>3805.0</ele><time>2025-07-24T20:57:30Z</time></rtept><rtept lat="40.270012" lon="-105.610217"><ele>3806.60009765625</ele><time>2025-07-24T20:57:30Z</time></rtept><rtept lat="40.269993" lon="-105.61027"><ele>3806.60009765625</ele><time>2025-07-24T20:57:30Z</time></rtept><rtept lat="40.269973" lon="-105.610348"><ele>3806.800048828125</ele><time>2025-07-24T20:57:30Z</time></rtept><rtept lat="40.269939" lon="-105.610422"><ele>3808.0</ele><time>2025-07-24T20:57:30Z</time></rtept><rtept lat="40.26988" lon="-105.610455"><ele>3809.199951171875</ele><time>2025-07-24T20:57:30Z</time></rtept><rtept lat="40.269839" lon="-105.610468"><ele>3809.39990234375</ele><time>2025-07-24T20:57:30Z</time></rtept><rtept lat="40.269768" lon="-105.610461"><ele>3811.800048828125</ele><time>2025-07-24T20:57:30Z</time></rtept><rtept lat="40.26972" lon="-105.610432"><ele>3812.0</ele><time>2025-07-24T20:57:30Z</time></rtept><rtept lat="40.269656" lon="-105.610418"><ele>3813.39990234375</ele><time>2025-07-24T20:57:30Z</time></rtept><rtept lat="40.2696" lon="-105.610413"><ele>3814.60009765625</ele><time>2025-07-24T20:57:30Z</time></rtept><rtept lat="40.269529" lon="-105.610414"><ele>3815.800048828125</ele><time>2025-07-24T20:57:30Z</time></rtept><rtept lat="40.26944" lon="-105.610449"><ele>3818.0</ele><time>2025-07-24T20:57:30Z</time></rtept><rtept lat="40.269383" lon="-105.610483"><ele>3817.60009765625</ele><time>2025-07-24T20:57:30Z</time></rtept><rtept lat="40.269318" lon="-105.6105"><ele>3818.60009765625</ele><time>2025-07-24T20:57:30Z</time></rtept><rtept lat="40.269136" lon="-105.61049"><ele>3822.0</ele><time>2025-07-24T20:57:30Z</time></rtept><rtept lat="40.269078" lon="-105.610475"><ele>3823.0</ele><time>2025-07-24T20:57:30Z</time></rtept><rtept lat="40.269024" lon="-105.610443"><ele>3824.60009765625</ele><time>2025-07-24T20:57:30Z</time></rtept><rtept lat="40.26899" lon="-105.610424"><ele>3824.60009765625</ele><time>2025-07-24T20:57:30Z</time></rtept><rtept lat="40.268897" lon="-105.610422"><ele>3826.39990234375</ele><time>2025-07-24T20:57:30Z</time></rtept><rtept lat="40.268832" lon="-105.610446"><ele>3827.39990234375</ele><time>2025-07-24T20:57:30Z</time></rtept><rtept lat="40.2688" lon="-105.61046"><ele>3827.199951171875</ele><time>2025-07-24T20:57:30Z</time></rtept><rtept lat="40.268765" lon="-105.610454"><ele>3828.199951171875</ele><time>2025-07-24T20:57:30Z</time></rtept><rtept lat="40.268727" lon="-105.610449"><ele>3828.199951171875</ele><time>2025-07-24T20:57:30Z</time></rtept><rtept lat="40.268689" lon="-105.610468"><ele>3829.199951171875</ele><time>2025-07-24T20:57:30Z</time></rtept><rtept lat="40.268667" lon="-105.610506"><ele>3829.199951171875</ele><time>2025-07-24T20:57:30Z</time></rtept><rtept lat="40.26863" lon="-105.610599"><ele>3830.39990234375</ele><time>2025-07-24T20:57:30Z</time></rtept><rtept lat="40.268589" lon="-105.610674"><ele>3831.800048828125</ele><time>2025-07-24T20:57:30Z</time></rtept><rtept lat="40.268567" lon="-105.610741"><ele>3831.800048828125</ele><time>2025-07-24T20:57:30Z</time></rtept><rtept lat="40.268561" lon="-105.610824"><ele>3832.0</ele><time>2025-07-24T20:57:30Z</time></rtept><rtept lat="40.268451" lon="-105.611116"><ele>3834.199951171875</ele><time>2025-07-24T20:57:30Z</time></rtept><rtept lat="40.268429" lon="-105.611173"><ele>3834.199951171875</ele><time>2025-07-24T20:57:30Z</time></rtept><rtept lat="40.268408" lon="-105.611239"><ele>3834.199951171875</ele><time>2025-07-24T20:57:30Z</time></rtept><rtept lat="40.268402" lon="-105.611323"><ele>3834.0</ele><time>2025-07-24T20:57:30Z</time></rtept><rtept lat="40.268391" lon="-105.611397"><ele>3835.0</ele><time>2025-07-24T20:57:30Z</time></rtept><rtept lat="40.268376" lon="-105.611452"><ele>3834.800048828125</ele><time>2025-07-24T20:57:30Z</time></rtept><rtept lat="40.268342" lon="-105.611475"><ele>3834.800048828125</ele><time>2025-07-24T20:57:30Z</time></rtept><rtept lat="40.268316" lon="-105.611482"><ele>3835.60009765625</ele><time>2025-07-24T20:57:30Z</time></rtept><rtept lat="40.268255" lon="-105.611493"><ele>3836.199951171875</ele><time>2025-07-24T20:57:30Z</time></rtept><rtept lat="40.268201" lon="-105.611516"><ele>3836.199951171875</ele><time>2025-07-24T20:57:30Z</time></rtept><rtept lat="40.268123" lon="-105.611522"><ele>3838.199951171875</ele><time>2025-07-24T20:57:30Z</time></rtept><rtept lat="40.268039" lon="-105.611545"><ele>3839.0</ele><time>2025-07-24T20:57:30Z</time></rtept><rtept lat="40.268006" lon="-105.611548"><ele>3839.0</ele><time>2025-07-24T20:57:30Z</time></rtept><rtept lat="40.267964" lon="-105.611566"><ele>3839.800048828125</ele><time>2025-07-24T20:57:30Z</time></rtept><rtept lat="40.267931" lon="-105.611604"><ele>3840.39990234375</ele><time>2025-07-24T20:57:30Z</time></rtept><rtept lat="40.267911" lon="-105.611648"><ele>3840.39990234375</ele><time>2025-07-24T20:57:30Z</time></rtept><rtept lat="40.267865" lon="-105.611745"><ele>3840.39990234375</ele><time>2025-07-24T20:57:30Z</time></rtept><rtept lat="40.267818" lon="-105.611816"><ele>3840.39990234375</ele><time>2025-07-24T20:57:30Z</time></rtept><rtept lat="40.267775" lon="-105.611843"><ele>3841.0</ele><time>2025-07-24T20:57:30Z</time></rtept><rtept lat="40.267693" lon="-105.61185"><ele>3841.800048828125</ele><time>2025-07-24T20:57:30Z</time></rtept><rtept lat="40.267595" lon="-105.611858"><ele>3843.0</ele><time>2025-07-24T20:57:30Z</time></rtept><rtept lat="40.267525" lon="-105.611886"><ele>3843.39990234375</ele><time>2025-07-24T20:57:30Z</time></rtept><rtept lat="40.267453" lon="-105.611906"><ele>3844.0</ele><time>2025-07-24T20:57:30Z</time></rtept><rtept lat="40.267376" lon="-105.611935"><ele>3844.199951171875</ele><time>2025-07-24T20:57:30Z</time></rtept><rtept lat="40.267257" lon="-105.611988"><ele>3845.199951171875</ele><time>2025-07-24T20:57:30Z</time></rtept><rtept lat="40.267153" lon="-105.612017"><ele>3845.60009765625</ele><time>2025-07-24T20:57:30Z</time></rtept><rtept lat="40.267073" lon="-105.61208"><ele>3846.800048828125</ele><time>2025-07-24T20:57:30Z</time></rtept><rtept lat="40.267016" lon="-105.612157"><ele>3847.199951171875</ele><time>2025-07-24T20:57:30Z</time></rtept><rtept lat="40.266983" lon="-105.612228"><ele>3847.199951171875</ele><time>2025-07-24T20:57:30Z</time></rtept><rtept lat="40.266944" lon="-105.612281"><ele>3847.800048828125</ele><time>2025-07-24T20:57:30Z</time></rtept><rtept lat="40.266914" lon="-105.612296"><ele>3847.800048828125</ele><time>2025-07-24T20:57:30Z</time></rtept><rtept lat="40.266868" lon="-105.612311"><ele>3848.199951171875</ele><time>2025-07-24T20:57:30Z</time></rtept><rtept lat="40.266787" lon="-105.612426"><ele>3848.60009765625</ele><time>2025-07-24T20:57:30Z</time></rtept><rtept lat="40.266758" lon="-105.612527"><ele>3848.800048828125</ele><time>2025-07-24T20:57:30Z</time></rtept><rtept lat="40.266749" lon="-105.612662"><ele>3849.39990234375</ele><time>2025-07-24T20:57:30Z</time></rtept><rtept lat="40.266588" lon="-105.612818"><ele>3850.800048828125</ele><time>2025-07-24T20:57:30Z</time></rtept><rtept lat="40.266534" lon="-105.612919"><ele>3851.39990234375</ele><time>2025-07-24T20:57:30Z</time></rtept><rtept lat="40.26649" lon="-105.612948"><ele>3852.39990234375</ele><time>2025-07-24T20:57:30Z</time></rtept><rtept lat="40.266433" lon="-105.612962"><ele>3852.39990234375</ele><time>2025-07-24T20:57:30Z</time></rtept><rtept lat="40.266351" lon="-105.61304"><ele>3853.60009765625</ele><time>2025-07-24T20:57:30Z</time></rtept><rtept lat="40.26628" lon="-105.613093"><ele>3854.199951171875</ele><time>2025-07-24T20:57:30Z</time></rtept><rtept lat="40.266209" lon="-105.613098"><ele>3854.60009765625</ele><time>2025-07-24T20:57:30Z</time></rtept><rtept lat="40.266122" lon="-105.613111"><ele>3855.199951171875</ele><time>2025-07-24T20:57:30Z</time></rtept><rtept lat="40.265977" lon="-105.613223"><ele>3856.39990234375</ele><time>2025-07-24T20:57:30Z</time></rtept><rtept lat="40.265854" lon="-105.613304"><ele>3857.60009765625</ele><time>2025-07-24T20:57:30Z</time></rtept><rtept lat="40.265778" lon="-105.613317"><ele>3858.199951171875</ele><time>2025-07-24T20:57:30Z</time></rtept><rtept lat="40.265693" lon="-105.613347"><ele>3859.0</ele><time>2025-07-24T20:57:30Z</time></rtept><rtept lat="40.26554" lon="-105.613405"><ele>3860.0</ele><time>2025-07-24T20:57:30Z</time></rtept><rtept lat="40.265518" lon="-105.613427"><ele>3860.0</ele><time>2025-07-24T20:57:30Z</time></rtept><rtept lat="40.26551" lon="-105.613458"><ele>3860.199951171875</ele><time>2025-07-24T20:57:30Z</time></rtept><rtept lat="40.2655" lon="-105.613542"><ele>3860.39990234375</ele><time>2025-07-24T20:57:30Z</time></rtept><rtept lat="40.265487" lon="-105.613585"><ele>3860.60009765625</ele><time>2025-07-24T20:57:30Z</time></rtept><rtept lat="40.265364" lon="-105.613675"><ele>3861.60009765625</ele><time>2025-07-24T20:57:30Z</time></rtept><rtept lat="40.265276" lon="-105.613733"><ele>3862.199951171875</ele><time>2025-07-24T20:57:30Z</time></rtept><rtept lat="40.265207" lon="-105.613733"><ele>3862.60009765625</ele><time>2025-07-24T20:57:30Z</time></rtept><rtept lat="40.26518" lon="-105.61374"><ele>3863.199951171875</ele><time>2025-07-24T20:57:30Z</time></rtept><rtept lat="40.265154" lon="-105.613762"><ele>3863.199951171875</ele><time>2025-07-24T20:57:30Z</time></rtept><rtept lat="40.265128" lon="-105.61382"><ele>3863.39990234375</ele><time>2025-07-24T20:57:30Z</time></rtept><rtept lat="40.265119" lon="-105.613842"><ele>3863.39990234375</ele><time>2025-07-24T20:57:30Z</time></rtept><rtept lat="40.265119" lon="-105.613869"><ele>3863.39990234375</ele><time>2025-07-24T20:57:30Z</time></rtept><rtept lat="40.265146" lon="-105.613967"><ele>3863.60009765625</ele><time>2025-07-24T20:57:30Z</time></rtept><rtept lat="40.265161" lon="-105.614067"><ele>3864.0</ele><time>2025-07-24T20:57:30Z</time></rtept><rtept lat="40.265136" lon="-105.614138"><ele>3864.0</ele><time>2025-07-24T20:57:30Z</time></rtept><rtept lat="40.265015" lon="-105.614236"><ele>3865.39990234375</ele><time>2025-07-24T20:57:30Z</time></rtept><rtept lat="40.2649" lon="-105.6144"><ele>3866.800048828125</ele><time>2025-07-24T20:57:30Z</time></rtept><rtept lat="40.264671" lon="-105.614584"><ele>3869.199951171875</ele><time>2025-07-24T20:57:30Z</time></rtept><rtept lat="40.264421" lon="-105.614904"><ele>3872.800048828125</ele><time>2025-07-24T20:57:30Z</time></rtept><rtept lat="40.264334" lon="-105.614948"><ele>3873.60009765625</ele><time>2025-07-24T20:57:30Z</time></rtept><rtept lat="40.264193" lon="-105.615077"><ele>3875.0</ele><time>2025-07-24T20:57:30Z</time></rtept><rtept lat="40.264118" lon="-105.615135"><ele>3875.800048828125</ele><time>2025-07-24T20:57:30Z</time></rtept><rtept lat="40.263968" lon="-105.615193"><ele>3876.60009765625</ele><time>2025-07-24T20:57:30Z</time></rtept><rtept lat="40.263879" lon="-105.615268"><ele>3877.199951171875</ele><time>2025-07-24T20:57:30Z</time></rtept><rtept lat="40.263838" lon="-105.615345"><ele>3877.60009765625</ele><time>2025-07-24T20:57:30Z</time></rtept><rtept lat="40.263787" lon="-105.615445"><ele>3878.39990234375</ele><time>2025-07-24T20:57:30Z</time></rtept><rtept lat="40.263681" lon="-105.615514"><ele>3879.0</ele><time>2025-07-24T20:57:30Z</time></rtept><rtept lat="40.263488" lon="-105.615655"><ele>3882.0</ele><time>2025-07-24T20:57:30Z</time></rtept><rtept lat="40.263306" lon="-105.615816"><ele>3884.800048828125</ele><time>2025-07-24T20:57:30Z</time></rtept><rtept lat="40.263255" lon="-105.615932"><ele>3885.800048828125</ele><time>2025-07-24T20:57:30Z</time></rtept><rtept lat="40.263191" lon="-105.616057"><ele>3887.199951171875</ele><time>2025-07-24T20:57:30Z</time></rtept><rtept lat="40.263113" lon="-105.616184"><ele>3888.199951171875</ele><time>2025-07-24T20:57:30Z</time></rtept><rtept lat="40.262928" lon="-105.61641"><ele>3892.199951171875</ele><time>2025-07-24T20:57:30Z</time></rtept><rtept lat="40.262789" lon="-105.61668"><ele>3897.60009765625</ele><time>2025-07-24T20:57:30Z</time></rtept><rtept lat="40.262699" lon="-105.616848"><ele>3901.199951171875</ele><time>2025-07-24T20:57:30Z</time></rtept><rtept lat="40.262493" lon="-105.617114"><ele>3908.0</ele><time>2025-07-24T20:57:30Z</time></rtept><rtept lat="40.26242" lon="-105.617234"><ele>3909.800048828125</ele><time>2025-07-24T20:57:30Z</time></rtept><rtept lat="40.262311" lon="-105.617347"><ele>3912.60009765625</ele><time>2025-07-24T20:57:30Z</time></rtept><rtept lat="40.262264" lon="-105.617452"><ele>3914.60009765625</ele><time>2025-07-24T20:57:30Z</time></rtept><rtept lat="40.26201" lon="-105.617711"><ele>3920.39990234375</ele><time>2025-07-24T20:57:30Z</time></rtept><rtept lat="40.261945" lon="-105.617993"><ele>3924.60009765625</ele><time>2025-07-24T20:57:30Z</time></rtept><rtept lat="40.261753" lon="-105.618165"><ele>3929.199951171875</ele><time>2025-07-24T20:57:30Z</time></rtept><rtept lat="40.26155" lon="-105.618387"><ele>3936.800048828125</ele><time>2025-07-24T20:57:30Z</time></rtept><rtept lat="40.261473" lon="-105.618491"><ele>3939.199951171875</ele><time>2025-07-24T20:57:30Z</time></rtept><rtept lat="40.261422" lon="-105.618611"><ele>3942.60009765625</ele><time>2025-07-24T20:57:30Z</time></rtept><rtept lat="40.261349" lon="-105.618784"><ele>3945.800048828125</ele><time>2025-07-24T20:57:30Z</time></rtept><rtept lat="40.261301" lon="-105.619108"><ele>3950.800048828125</ele><time>2025-07-24T20:57:30Z</time></rtept><rtept lat="40.261291" lon="-105.619199"><ele>3953.0</ele><time>2025-07-24T20:57:30Z</time></rtept><rtept lat="40.261134" lon="-105.619367"><ele>3958.199951171875</ele><time>2025-07-24T20:57:30Z</time></rtept><rtept lat="40.261109" lon="-105.619468"><ele>3960.39990234375</ele><time>2025-07-24T20:57:30Z</time></rtept><rtept lat="40.261061" lon="-105.619658"><ele>3968.199951171875</ele><time>2025-07-24T20:57:30Z</time></rtept><rtept lat="40.260954" lon="-105.619799"><ele>3968.60009765625</ele><time>2025-07-24T20:57:30Z</time></rtept><rtept lat="40.260879" lon="-105.619976"><ele>3973.0</ele><time>2025-07-24T20:57:30Z</time></rtept><rtept lat="40.260772" lon="-105.620361"><ele>3985.199951171875</ele><time>2025-07-24T20:57:30Z</time></rtept><rtept lat="40.260675" lon="-105.620476"><ele>3987.60009765625</ele><time>2025-07-24T20:57:30Z</time></rtept><rtept lat="40.260562" lon="-105.620706"><ele>4000.199951171875</ele><time>2025-07-24T20:57:30Z</time></rtept><rtept lat="40.260333" lon="-105.620988"><ele>4024.60009765625</ele><time>2025-07-24T20:57:30Z</time></rtept><rtept lat="40.260233" lon="-105.62098"><ele>4028.199951171875</ele><time>2025-07-24T20:57:30Z</time></rtept><rtept lat="40.260114" lon="-105.621001"><ele>4036.60009765625</ele><time>2025-07-24T20:57:30Z</time></rtept><rtept lat="40.260052" lon="-105.621007"><ele>4039.0</ele><time>2025-07-24T20:57:30Z</time></rtept><rtept lat="40.259927" lon="-105.620978"><ele>4037.199951171875</ele><time>2025-07-24T20:57:30Z</time></rtept><rtept lat="40.25987" lon="-105.620989"><ele>4035.39990234375</ele><time>2025-07-24T20:57:30Z</time></rtept><rtept lat="40.259699" lon="-105.62091"><ele>4039.60009765625</ele><time>2025-07-24T20:57:30Z</time></rtept><rtept lat="40.259549" lon="-105.62087"><ele>4034.800048828125</ele><time>2025-07-24T20:57:30Z</time></rtept><rtept lat="40.259484" lon="-105.620818"><ele>4040.199951171875</ele><time>2025-07-24T20:57:30Z</time></rtept><rtept lat="40.259401" lon="-105.620804"><ele>4038.60009765625</ele><time>2025-07-24T20:57:30Z</time></rtept><rtept lat="40.259307" lon="-105.620744"><ele>4043.199951171875</ele><time>2025-07-24T20:57:30Z</time></rtept><rtept lat="40.259133" lon="-105.620617"><ele>4044.60009765625</ele><time>2025-07-24T20:57:30Z</time></rtept><rtept lat="40.259022" lon="-105.620583"><ele>4046.60009765625</ele><time>2025-07-24T20:57:30Z</time></rtept><rtept lat="40.258966" lon="-105.620566"><ele>4046.60009765625</ele><time>2025-07-24T20:57:30Z</time></rtept><rtept lat="40.258921" lon="-105.620494"><ele>4050.60009765625</ele><time>2025-07-24T20:57:30Z</time></rtept><rtept lat="40.258884" lon="-105.620442"><ele>4049.199951171875</ele><time>2025-07-24T20:57:30Z</time></rtept><rtept lat="40.258844" lon="-105.620347"><ele>4054.800048828125</ele><time>2025-07-24T20:57:30Z</time></rtept><rtept lat="40.25885" lon="-105.62022"><ele>4067.60009765625</ele><time>2025-07-24T20:57:30Z</time></rtept><rtept lat="40.258795" lon="-105.620146"><ele>4072.60009765625</ele><time>2025-07-24T20:57:30Z</time></rtept><rtept lat="40.258709" lon="-105.620098"><ele>4070.800048828125</ele><time>2025-07-24T20:57:30Z</time></rtept><rtept lat="40.258625" lon="-105.620109"><ele>4067.39990234375</ele><time>2025-07-24T20:57:30Z</time></rtept><rtept lat="40.258567" lon="-105.620104"><ele>4065.60009765625</ele><time>2025-07-24T20:57:30Z</time></rtept><rtept lat="40.258499" lon="-105.62009"><ele>4064.199951171875</ele><time>2025-07-24T20:57:30Z</time></rtept><rtept lat="40.258392" lon="-105.620114"><ele>4062.60009765625</ele><time>2025-07-24T20:57:30Z</time></rtept><rtept lat="40.258173" lon="-105.620212"><ele>4050.199951171875</ele><time>2025-07-24T20:57:30Z</time></rtept><rtept lat="40.258028" lon="-105.620285"><ele>4042.39990234375</ele><time>2025-07-24T20:57:30Z</time></rtept><rtept lat="40.257904" lon="-105.620368"><ele>4042.60009765625</ele><time>2025-07-24T20:57:30Z</time></rtept><rtept lat="40.257832" lon="-105.620396"><ele>4044.800048828125</ele><time>2025-07-24T20:57:30Z</time></rtept><rtept lat="40.25771" lon="-105.620376"><ele>4041.199951171875</ele><time>2025-07-24T20:57:30Z</time></rtept><rtept lat="40.257572" lon="-105.620319"><ele>4043.199951171875</ele><time>2025-07-24T20:57:30Z</time></rtept><rtept lat="40.257408" lon="-105.620275"><ele>4037.800048828125</ele><time>2025-07-24T20:57:30Z</time></rtept><rtept lat="40.257162" lon="-105.620341"><ele>4027.0</ele><time>2025-07-24T20:57:30Z</time></rtept><rtept lat="40.256996" lon="-105.620325"><ele>4045.60009765625</ele><time>2025-07-24T20:57:30Z</time></rtept><rtept lat="40.256872" lon="-105.620372"><ele>4040.39990234375</ele><time>2025-07-24T20:57:30Z</time></rtept><rtept lat="40.256755" lon="-105.6204"><ele>4044.199951171875</ele><time>2025-07-24T20:57:30Z</time></rtept><rtept lat="40.256621" lon="-105.620397"><ele>4047.39990234375</ele><time>2025-07-24T20:57:30Z</time></rtept><rtept lat="40.256554" lon="-105.620378"><ele>4049.0</ele><time>2025-07-24T20:57:30Z</time></rtept><rtept lat="40.256458" lon="-105.620392"><ele>4052.39990234375</ele><time>2025-07-24T20:57:30Z</time></rtept><rtept lat="40.256297" lon="-105.620357"><ele>4054.60009765625</ele><time>2025-07-24T20:57:30Z</time></rtept><rtept lat="40.256179" lon="-105.620304"><ele>4059.39990234375</ele><time>2025-07-24T20:57:30Z</time></rtept><rtept lat="40.256079" lon="-105.620216"><ele>4065.199951171875</ele><time>2025-07-24T20:57:30Z</time></rtept><rtept lat="40.255986" lon="-105.620155"><ele>4070.800048828125</ele><time>2025-07-24T20:57:30Z</time></rtept><rtept lat="40.255877" lon="-105.619967"><ele>4084.800048828125</ele><time>2025-07-24T20:57:30Z</time></rtept><rtept lat="40.25577" lon="-105.619831"><ele>4094.0</ele><time>2025-07-24T20:57:30Z</time></rtept><rtept lat="40.255703" lon="-105.619749"><ele>4101.7998046875</ele><time>2025-07-24T20:57:30Z</time></rtept><rtept lat="40.255613" lon="-105.619701"><ele>4109.39990234375</ele><time>2025-07-24T20:57:30Z</time></rtept><rtept lat="40.255573" lon="-105.619677"><ele>4109.39990234375</ele><time>2025-07-24T20:57:30Z</time></rtept><rtept lat="40.255548" lon="-105.619556"><ele>4116.60009765625</ele><time>2025-07-24T20:57:30Z</time></rtept><rtept lat="40.255475" lon="-105.619477"><ele>4124.0</ele><time>2025-07-24T20:57:30Z</time></rtept><rtept lat="40.25538" lon="-105.619312"><ele>4135.60009765625</ele><time>2025-07-24T20:57:30Z</time></rtept><rtept lat="40.255383" lon="-105.619228"><ele>4140.60009765625</ele><time>2025-07-24T20:57:30Z</time></rtept><rtept lat="40.255343" lon="-105.619176"><ele>4146.7998046875</ele><time>2025-07-24T20:57:30Z</time></rtept><rtept lat="40.255272" lon="-105.6191"><ele>4152.60009765625</ele><time>2025-07-24T20:57:30Z</time></rtept><rtept lat="40.25521" lon="-105.618931"><ele>4162.60009765625</ele><time>2025-07-24T20:57:30Z</time></rtept><rtept lat="40.255043" lon="-105.618726"><ele>4175.60009765625</ele><time>2025-07-24T20:57:30Z</time></rtept><rtept lat="40.254806" lon="-105.618579"><ele>4194.2001953125</ele><time>2025-07-24T20:57:30Z</time></rtept><rtept lat="40.254705" lon="-105.618481"><ele>4203.60009765625</ele><time>2025-07-24T20:57:30Z</time></rtept><rtept lat="40.254601" lon="-105.618425"><ele>4216.0</ele><time>2025-07-24T20:57:30Z</time></rtept><rtept lat="40.254523" lon="-105.618411"><ele>4220.2001953125</ele><time>2025-07-24T20:57:30Z</time></rtept><rtept lat="40.254347" lon="-105.618241"><ele>4243.7998046875</ele><time>2025-07-24T20:57:30Z</time></rtept><rtept lat="40.254311" lon="-105.618116"><ele>4249.0</ele><time>2025-07-24T20:57:30Z</time></rtept><rtept lat="40.254259" lon="-105.617982"><ele>4260.60009765625</ele><time>2025-07-24T20:57:30Z</time></rtept><rtept lat="40.254234" lon="-105.61793"><ele>4260.0</ele><time>2025-07-24T20:57:30Z</time></rtept><rtept lat="40.254216" lon="-105.617883"><ele>4265.7998046875</ele><time>2025-07-24T20:57:30Z</time></rtept><rtept lat="40.254169" lon="-105.617734"><ele>4264.60009765625</ele><time>2025-07-24T20:57:30Z</time></rtept><rtept lat="40.254104" lon="-105.617586"><ele>4258.39990234375</ele><time>2025-07-24T20:57:30Z</time></rtept><rtept lat="40.254093" lon="-105.61757"><ele>4261.2001953125</ele><time>2025-07-24T20:57:30Z</time></rtept><rtept lat="40.254093" lon="-105.61757"><ele>4261.2001953125</ele><time>2025-07-24T20:57:30Z</time></rtept><rtept lat="40.254067" lon="-105.617533"><ele>4261.2001953125</ele><time>2025-07-24T20:57:30Z</time></rtept><rtept lat="40.254016" lon="-105.617452"><ele>4256.0</ele><time>2025-07-24T20:57:30Z</time></rtept><rtept lat="40.253932" lon="-105.617239"><ele>4254.0</ele><time>2025-07-24T20:57:30Z</time></rtept><rtept lat="40.253894" lon="-105.617177"><ele>4248.60009765625</ele><time>2025-07-24T20:57:30Z</time></rtept><rtept lat="40.253864" lon="-105.617113"><ele>4252.0</ele><time>2025-07-24T20:57:30Z</time></rtept><rtept lat="40.253771" lon="-105.616937"><ele>4241.0</ele><time>2025-07-24T20:57:30Z</time></rtept><rtept lat="40.253761" lon="-105.616817"><ele>4243.2001953125</ele><time>2025-07-24T20:57:30Z</time></rtept><rtept lat="40.253793" lon="-105.616735"><ele>4252.0</ele><time>2025-07-24T20:57:30Z</time></rtept><rtept lat="40.253834" lon="-105.616678"><ele>4251.39990234375</ele><time>2025-07-24T20:57:30Z</time></rtept><rtept lat="40.25387" lon="-105.616628"><ele>4257.39990234375</ele><time>2025-07-24T20:57:30Z</time></rtept><rtept lat="40.253896" lon="-105.616535"><ele>4256.2001953125</ele><time>2025-07-24T20:57:30Z</time></rtept><rtept lat="40.253896" lon="-105.616535"><ele>4256.2001953125</ele><time>2025-07-24T20:57:30Z</time></rtept><rtept lat="40.253901" lon="-105.616517"><ele>4256.2001953125</ele><time>2025-07-24T20:57:30Z</time></rtept><rtept lat="40.253977" lon="-105.616377"><ele>4259.7998046875</ele><time>2025-07-24T20:57:30Z</time></rtept><rtept lat="40.254051" lon="-105.616301"><ele>4276.2001953125</ele><time>2025-07-24T20:57:30Z</time></rtept><rtept lat="40.25411" lon="-105.616229"><ele>4273.60009765625</ele><time>2025-07-24T20:57:30Z</time></rtept><rtept lat="40.254183" lon="-105.616133"><ele>4294.2001953125</ele><time>2025-07-24T20:57:30Z</time></rtept><rtept lat="40.254364" lon="-105.615859"><ele>4308.7998046875</ele><time>2025-07-24T20:57:30Z</time></rtept><rtept lat="40.254589" lon="-105.615551"><ele>4338.0</ele><time>2025-07-24T20:57:30Z</time></rtept><rtept lat="40.254589" lon="-105.615551"><ele>4338.0</ele><time>2025-07-24T20:57:30Z</time></rtept><rtept lat="40.254669" lon="-105.615441"><ele>4342.0</ele><time>2025-07-24T20:57:30Z</time></rtept><rtept lat="40.254775" lon="-105.615302"><ele>4344.7998046875</ele><time>2025-07-24T20:57:30Z</time></rtept><rtept lat="40.254846" lon="-105.615215"><ele>4345.60009765625</ele><time>2025-07-24T20:57:30Z</time></rtept><rtept lat="40.254846" lon="-105.615215"><ele>4345.60009765625</ele><time>2025-07-24T20:57:30Z</time></rtept><rtept lat="40.254846" lon="-105.615215"><ele>4345.60009765625</ele><time>2025-07-24T20:57:30Z</time></rtept><rtept lat="40.254775" lon="-105.615302"><ele>4344.7998046875</ele><time>2025-07-24T20:57:30Z</time></rtept><rtept lat="40.254669" lon="-105.615441"><ele>4342.0</ele><time>2025-07-24T20:57:30Z</time></rtept><rtept lat="40.254651" lon="-105.615466"><ele>4342.0</ele><time>2025-07-24T20:57:30Z</time></rtept><rtept lat="40.254651" lon="-105.615466"><ele>4342.0</ele><time>2025-07-24T20:57:30Z</time></rtept><rtept lat="40.254364" lon="-105.615859"><ele>4308.7998046875</ele><time>2025-07-24T20:57:30Z</time></rtept><rtept lat="40.254183" lon="-105.616133"><ele>4294.2001953125</ele><time>2025-07-24T20:57:30Z</time></rtept><rtept lat="40.25411" lon="-105.616229"><ele>4273.60009765625</ele><time>2025-07-24T20:57:30Z</time></rtept><rtept lat="40.254051" lon="-105.616301"><ele>4276.2001953125</ele><time>2025-07-24T20:57:30Z</time></rtept><rtept lat="40.253977" lon="-105.616377"><ele>4259.7998046875</ele><time>2025-07-24T20:57:30Z</time></rtept><rtept lat="40.253945" lon="-105.616437"><ele>4261.60009765625</ele><time>2025-07-24T20:57:30Z</time></rtept><rtept lat="40.253945" lon="-105.616437"><ele>4261.60009765625</ele><time>2025-07-24T20:57:30Z</time></rtept><rtept lat="40.253901" lon="-105.616517"><ele>4256.2001953125</ele><time>2025-07-24T20:57:30Z</time></rtept><rtept lat="40.25387" lon="-105.616628"><ele>4257.39990234375</ele><time>2025-07-24T20:57:30Z</time></rtept><rtept lat="40.253834" lon="-105.616678"><ele>4251.39990234375</ele><time>2025-07-24T20:57:30Z</time></rtept><rtept lat="40.253793" lon="-105.616735"><ele>4252.0</ele><time>2025-07-24T20:57:30Z</time></rtept><rtept lat="40.253761" lon="-105.616817"><ele>4243.2001953125</ele><time>2025-07-24T20:57:30Z</time></rtept><rtept lat="40.253771" lon="-105.616937"><ele>4241.0</ele><time>2025-07-24T20:57:30Z</time></rtept><rtept lat="40.253864" lon="-105.617113"><ele>4252.0</ele><time>2025-07-24T20:57:30Z</time></rtept><rtept lat="40.253894" lon="-105.617177"><ele>4248.60009765625</ele><time>2025-07-24T20:57:30Z</time></rtept><rtept lat="40.253932" lon="-105.617239"><ele>4254.0</ele><time>2025-07-24T20:57:30Z</time></rtept><rtept lat="40.254016" lon="-105.617452"><ele>4256.0</ele><time>2025-07-24T20:57:30Z</time></rtept><rtept lat="40.254034" lon="-105.617481"><ele>4256.0</ele><time>2025-07-24T20:57:30Z</time></rtept><rtept lat="40.254034" lon="-105.617481"><ele>4256.0</ele><time>2025-07-24T20:57:30Z</time></rtept><rtept lat="40.254067" lon="-105.617533"><ele>4261.2001953125</ele><time>2025-07-24T20:57:30Z</time></rtept><rtept lat="40.254104" lon="-105.617586"><ele>4258.39990234375</ele><time>2025-07-24T20:57:30Z</time></rtept><rtept lat="40.254169" lon="-105.617734"><ele>4264.60009765625</ele><time>2025-07-24T20:57:30Z</time></rtept><rtept lat="40.254216" lon="-105.617883"><ele>4265.7998046875</ele><time>2025-07-24T20:57:30Z</time></rtept><rtept lat="40.254234" lon="-105.61793"><ele>4260.0</ele><time>2025-07-24T20:57:30Z</time></rtept><rtept lat="40.254259" lon="-105.617982"><ele>4260.60009765625</ele><time>2025-07-24T20:57:30Z</time></rtept><rtept lat="40.254311" lon="-105.618116"><ele>4249.0</ele><time>2025-07-24T20:57:30Z</time></rtept><rtept lat="40.254347" lon="-105.618241"><ele>4243.7998046875</ele><time>2025-07-24T20:57:30Z</time></rtept><rtept lat="40.254523" lon="-105.618411"><ele>4220.2001953125</ele><time>2025-07-24T20:57:30Z</time></rtept><rtept lat="40.254601" lon="-105.618425"><ele>4216.0</ele><time>2025-07-24T20:57:30Z</time></rtept><rtept lat="40.254705" lon="-105.618481"><ele>4203.60009765625</ele><time>2025-07-24T20:57:30Z</time></rtept><rtept lat="40.254806" lon="-105.618579"><ele>4194.2001953125</ele><time>2025-07-24T20:57:30Z</time></rtept><rtept lat="40.255043" lon="-105.618726"><ele>4175.60009765625</ele><time>2025-07-24T20:57:30Z</time></rtept><rtept lat="40.25521" lon="-105.618931"><ele>4162.60009765625</ele><time>2025-07-24T20:57:30Z</time></rtept><rtept lat="40.255272" lon="-105.6191"><ele>4152.60009765625</ele><time>2025-07-24T20:57:30Z</time></rtept><rtept lat="40.255343" lon="-105.619176"><ele>4146.7998046875</ele><time>2025-07-24T20:57:30Z</time></rtept><rtept lat="40.255383" lon="-105.619228"><ele>4140.60009765625</ele><time>2025-07-24T20:57:30Z</time></rtept><rtept lat="40.25538" lon="-105.619312"><ele>4135.60009765625</ele><time>2025-07-24T20:57:30Z</time></rtept><rtept lat="40.255475" lon="-105.619477"><ele>4124.0</ele><time>2025-07-24T20:57:30Z</time></rtept><rtept lat="40.255548" lon="-105.619556"><ele>4116.60009765625</ele><time>2025-07-24T20:57:30Z</time></rtept><rtept lat="40.255573" lon="-105.619677"><ele>4109.39990234375</ele><time>2025-07-24T20:57:30Z</time></rtept><rtept lat="40.255613" lon="-105.619701"><ele>4109.39990234375</ele><time>2025-07-24T20:57:30Z</time></rtept><rtept lat="40.255703" lon="-105.619749"><ele>4101.7998046875</ele><time>2025-07-24T20:57:30Z</time></rtept><rtept lat="40.25577" lon="-105.619831"><ele>4094.0</ele><time>2025-07-24T20:57:30Z</time></rtept><rtept lat="40.255877" lon="-105.619967"><ele>4084.800048828125</ele><time>2025-07-24T20:57:30Z</time></rtept><rtept lat="40.255986" lon="-105.620155"><ele>4070.800048828125</ele><time>2025-07-24T20:57:30Z</time></rtept><rtept lat="40.256079" lon="-105.620216"><ele>4065.199951171875</ele><time>2025-07-24T20:57:30Z</time></rtept><rtept lat="40.256179" lon="-105.620304"><ele>4059.39990234375</ele><time>2025-07-24T20:57:30Z</time></rtept><rtept lat="40.256297" lon="-105.620357"><ele>4054.60009765625</ele><time>2025-07-24T20:57:30Z</time></rtept><rtept lat="40.256458" lon="-105.620392"><ele>4052.39990234375</ele><time>2025-07-24T20:57:30Z</time></rtept><rtept lat="40.256554" lon="-105.620378"><ele>4049.0</ele><time>2025-07-24T20:57:30Z</time></rtept><rtept lat="40.256621" lon="-105.620397"><ele>4047.39990234375</ele><time>2025-07-24T20:57:30Z</time></rtept><rtept lat="40.256755" lon="-105.6204"><ele>4044.199951171875</ele><time>2025-07-24T20:57:30Z</time></rtept><rtept lat="40.256872" lon="-105.620372"><ele>4040.39990234375</ele><time>2025-07-24T20:57:30Z</time></rtept><rtept lat="40.256996" lon="-105.620325"><ele>4045.60009765625</ele><time>2025-07-24T20:57:30Z</time></rtept><rtept lat="40.257162" lon="-105.620341"><ele>4027.0</ele><time>2025-07-24T20:57:30Z</time></rtept><rtept lat="40.257408" lon="-105.620275"><ele>4037.800048828125</ele><time>2025-07-24T20:57:30Z</time></rtept><rtept lat="40.257572" lon="-105.620319"><ele>4043.199951171875</ele><time>2025-07-24T20:57:30Z</time></rtept><rtept lat="40.25771" lon="-105.620376"><ele>4041.199951171875</ele><time>2025-07-24T20:57:30Z</time></rtept><rtept lat="40.257832" lon="-105.620396"><ele>4044.800048828125</ele><time>2025-07-24T20:57:30Z</time></rtept><rtept lat="40.257904" lon="-105.620368"><ele>4042.60009765625</ele><time>2025-07-24T20:57:30Z</time></rtept><rtept lat="40.258028" lon="-105.620285"><ele>4042.39990234375</ele><time>2025-07-24T20:57:30Z</time></rtept><rtept lat="40.258173" lon="-105.620212"><ele>4050.199951171875</ele><time>2025-07-24T20:57:30Z</time></rtept><rtept lat="40.258392" lon="-105.620114"><ele>4062.60009765625</ele><time>2025-07-24T20:57:30Z</time></rtept><rtept lat="40.258499" lon="-105.62009"><ele>4064.199951171875</ele><time>2025-07-24T20:57:30Z</time></rtept><rtept lat="40.258567" lon="-105.620104"><ele>4065.60009765625</ele><time>2025-07-24T20:57:30Z</time></rtept><rtept lat="40.258625" lon="-105.620109"><ele>4067.39990234375</ele><time>2025-07-24T20:57:30Z</time></rtept><rtept lat="40.258709" lon="-105.620098"><ele>4070.800048828125</ele><time>2025-07-24T20:57:30Z</time></rtept><rtept lat="40.258795" lon="-105.620146"><ele>4072.60009765625</ele><time>2025-07-24T20:57:30Z</time></rtept><rtept lat="40.25885" lon="-105.62022"><ele>4067.60009765625</ele><time>2025-07-24T20:57:30Z</time></rtept><rtept lat="40.258844" lon="-105.620347"><ele>4054.800048828125</ele><time>2025-07-24T20:57:30Z</time></rtept><rtept lat="40.258884" lon="-105.620442"><ele>4049.199951171875</ele><time>2025-07-24T20:57:30Z</time></rtept><rtept lat="40.258921" lon="-105.620494"><ele>4050.60009765625</ele><time>2025-07-24T20:57:30Z</time></rtept><rtept lat="40.258966" lon="-105.620566"><ele>4046.60009765625</ele><time>2025-07-24T20:57:30Z</time></rtept><rtept lat="40.259022" lon="-105.620583"><ele>4046.60009765625</ele><time>2025-07-24T20:57:30Z</time></rtept><rtept lat="40.259133" lon="-105.620617"><ele>4044.60009765625</ele><time>2025-07-24T20:57:30Z</time></rtept><rtept lat="40.259307" lon="-105.620744"><ele>4043.199951171875</ele><time>2025-07-24T20:57:30Z</time></rtept><rtept lat="40.259401" lon="-105.620804"><ele>4038.60009765625</ele><time>2025-07-24T20:57:30Z</time></rtept><rtept lat="40.259484" lon="-105.620818"><ele>4040.199951171875</ele><time>2025-07-24T20:57:30Z</time></rtept><rtept lat="40.259549" lon="-105.62087"><ele>4034.800048828125</ele><time>2025-07-24T20:57:30Z</time></rtept><rtept lat="40.259699" lon="-105.62091"><ele>4039.60009765625</ele><time>2025-07-24T20:57:30Z</time></rtept><rtept lat="40.25987" lon="-105.620989"><ele>4035.39990234375</ele><time>2025-07-24T20:57:30Z</time></rtept><rtept lat="40.259927" lon="-105.620978"><ele>4037.199951171875</ele><time>2025-07-24T20:57:30Z</time></rtept><rtept lat="40.260052" lon="-105.621007"><ele>4039.0</ele><time>2025-07-24T20:57:30Z</time></rtept><rtept lat="40.260114" lon="-105.621001"><ele>4036.60009765625</ele><time>2025-07-24T20:57:30Z</time></rtept><rtept lat="40.260233" lon="-105.62098"><ele>4028.199951171875</ele><time>2025-07-24T20:57:30Z</time></rtept><rtept lat="40.260333" lon="-105.620988"><ele>4024.60009765625</ele><time>2025-07-24T20:57:30Z</time></rtept><rtept lat="40.260562" lon="-105.620706"><ele>4000.199951171875</ele><time>2025-07-24T20:57:30Z</time></rtept><rtept lat="40.260675" lon="-105.620476"><ele>3987.60009765625</ele><time>2025-07-24T20:57:30Z</time></rtept><rtept lat="40.260772" lon="-105.620361"><ele>3985.199951171875</ele><time>2025-07-24T20:57:30Z</time></rtept><rtept lat="40.260879" lon="-105.619976"><ele>3973.0</ele><time>2025-07-24T20:57:30Z</time></rtept><rtept lat="40.260954" lon="-105.619799"><ele>3968.60009765625</ele><time>2025-07-24T20:57:30Z</time></rtept><rtept lat="40.261061" lon="-105.619658"><ele>3968.199951171875</ele><time>2025-07-24T20:57:30Z</time></rtept><rtept lat="40.261109" lon="-105.619468"><ele>3960.39990234375</ele><time>2025-07-24T20:57:30Z</time></rtept><rtept lat="40.261134" lon="-105.619367"><ele>3958.199951171875</ele><time>2025-07-24T20:57:30Z</time></rtept><rtept lat="40.261291" lon="-105.619199"><ele>3953.0</ele><time>2025-07-24T20:57:30Z</time></rtept><rtept lat="40.261301" lon="-105.619108"><ele>3950.800048828125</ele><time>2025-07-24T20:57:30Z</time></rtept><rtept lat="40.261349" lon="-105.618784"><ele>3945.800048828125</ele><time>2025-07-24T20:57:30Z</time></rtept><rtept lat="40.261422" lon="-105.618611"><ele>3942.60009765625</ele><time>2025-07-24T20:57:30Z</time></rtept><rtept lat="40.261473" lon="-105.618491"><ele>3939.199951171875</ele><time>2025-07-24T20:57:30Z</time></rtept><rtept lat="40.26155" lon="-105.618387"><ele>3936.800048828125</ele><time>2025-07-24T20:57:30Z</time></rtept><rtept lat="40.261753" lon="-105.618165"><ele>3929.199951171875</ele><time>2025-07-24T20:57:30Z</time></rtept><rtept lat="40.261945" lon="-105.617993"><ele>3924.60009765625</ele><time>2025-07-24T20:57:30Z</time></rtept><rtept lat="40.26201" lon="-105.617711"><ele>3920.39990234375</ele><time>2025-07-24T20:57:30Z</time></rtept><rtept lat="40.262264" lon="-105.617452"><ele>3914.60009765625</ele><time>2025-07-24T20:57:30Z</time></rtept><rtept lat="40.262311" lon="-105.617347"><ele>3912.60009765625</ele><time>2025-07-24T20:57:30Z</time></rtept><rtept lat="40.26242" lon="-105.617234"><ele>3909.800048828125</ele><time>2025-07-24T20:57:30Z</time></rtept><rtept lat="40.262493" lon="-105.617114"><ele>3908.0</ele><time>2025-07-24T20:57:30Z</time></rtept><rtept lat="40.262699" lon="-105.616848"><ele>3901.199951171875</ele><time>2025-07-24T20:57:30Z</time></rtept><rtept lat="40.262789" lon="-105.61668"><ele>3897.60009765625</ele><time>2025-07-24T20:57:30Z</time></rtept><rtept lat="40.262928" lon="-105.61641"><ele>3892.199951171875</ele><time>2025-07-24T20:57:30Z</time></rtept><rtept lat="40.263113" lon="-105.616184"><ele>3888.199951171875</ele><time>2025-07-24T20:57:30Z</time></rtept><rtept lat="40.263191" lon="-105.616057"><ele>3887.199951171875</ele><time>2025-07-24T20:57:30Z</time></rtept><rtept lat="40.263255" lon="-105.615932"><ele>3885.800048828125</ele><time>2025-07-24T20:57:30Z</time></rtept><rtept lat="40.263306" lon="-105.615816"><ele>3884.800048828125</ele><time>2025-07-24T20:57:30Z</time></rtept><rtept lat="40.263488" lon="-105.615655"><ele>3882.0</ele><time>2025-07-24T20:57:30Z</time></rtept><rtept lat="40.263681" lon="-105.615514"><ele>3879.0</ele><time>2025-07-24T20:57:30Z</time></rtept><rtept lat="40.263787" lon="-105.615445"><ele>3878.39990234375</ele><time>2025-07-24T20:57:30Z</time></rtept><rtept lat="40.263838" lon="-105.615345"><ele>3877.60009765625</ele><time>2025-07-24T20:57:30Z</time></rtept><rtept lat="40.263879" lon="-105.615268"><ele>3877.199951171875</ele><time>2025-07-24T20:57:30Z</time></rtept><rtept lat="40.263968" lon="-105.615193"><ele>3876.60009765625</ele><time>2025-07-24T20:57:30Z</time></rtept><rtept lat="40.264118" lon="-105.615135"><ele>3875.800048828125</ele><time>2025-07-24T20:57:30Z</time></rtept><rtept lat="40.264193" lon="-105.615077"><ele>3875.0</ele><time>2025-07-24T20:57:30Z</time></rtept><rtept lat="40.264334" lon="-105.614948"><ele>3873.60009765625</ele><time>2025-07-24T20:57:30Z</time></rtept><rtept lat="40.264421" lon="-105.614904"><ele>3872.800048828125</ele><time>2025-07-24T20:57:30Z</time></rtept><rtept lat="40.264671" lon="-105.614584"><ele>3869.199951171875</ele><time>2025-07-24T20:57:30Z</time></rtept><rtept lat="40.2649" lon="-105.6144"><ele>3866.800048828125</ele><time>2025-07-24T20:57:30Z</time></rtept><rtept lat="40.265015" lon="-105.614236"><ele>3865.39990234375</ele><time>2025-07-24T20:57:30Z</time></rtept><rtept lat="40.265136" lon="-105.614138"><ele>3864.0</ele><time>2025-07-24T20:57:30Z</time></rtept><rtept lat="40.265161" lon="-105.614067"><ele>3864.0</ele><time>2025-07-24T20:57:30Z</time></rtept><rtept lat="40.265146" lon="-105.613967"><ele>3863.60009765625</ele><time>2025-07-24T20:57:30Z</time></rtept><rtept lat="40.265119" lon="-105.613869"><ele>3863.39990234375</ele><time>2025-07-24T20:57:30Z</time></rtept><rtept lat="40.265119" lon="-105.613842"><ele>3863.39990234375</ele><time>2025-07-24T20:57:30Z</time></rtept><rtept lat="40.265128" lon="-105.61382"><ele>3863.39990234375</ele><time>2025-07-24T20:57:30Z</time></rtept><rtept lat="40.265154" lon="-105.613762"><ele>3863.199951171875</ele><time>2025-07-24T20:57:30Z</time></rtept><rtept lat="40.26518" lon="-105.61374"><ele>3863.199951171875</ele><time>2025-07-24T20:57:30Z</time></rtept><rtept lat="40.265207" lon="-105.613733"><ele>3862.60009765625</ele><time>2025-07-24T20:57:30Z</time></rtept><rtept lat="40.265276" lon="-105.613733"><ele>3862.199951171875</ele><time>2025-07-24T20:57:30Z</time></rtept><rtept lat="40.265364" lon="-105.613675"><ele>3861.60009765625</ele><time>2025-07-24T20:57:30Z</time></rtept><rtept lat="40.265487" lon="-105.613585"><ele>3860.60009765625</ele><time>2025-07-24T20:57:30Z</time></rtept><rtept lat="40.2655" lon="-105.613542"><ele>3860.39990234375</ele><time>2025-07-24T20:57:30Z</time></rtept><rtept lat="40.26551" lon="-105.613458"><ele>3860.199951171875</ele><time>2025-07-24T20:57:30Z</time></rtept><rtept lat="40.265518" lon="-105.613427"><ele>3860.0</ele><time>2025-07-24T20:57:30Z</time></rtept><rtept lat="40.26554" lon="-105.613405"><ele>3860.0</ele><time>2025-07-24T20:57:30Z</time></rtept><rtept lat="40.265693" lon="-105.613347"><ele>3859.0</ele><time>2025-07-24T20:57:30Z</time></rtept><rtept lat="40.265778" lon="-105.613317"><ele>3858.199951171875</ele><time>2025-07-24T20:57:30Z</time></rtept><rtept lat="40.265854" lon="-105.613304"><ele>3857.60009765625</ele><time>2025-07-24T20:57:30Z</time></rtept><rtept lat="40.265977" lon="-105.613223"><ele>3856.39990234375</ele><time>2025-07-24T20:57:30Z</time></rtept><rtept lat="40.266122" lon="-105.613111"><ele>3855.199951171875</ele><time>2025-07-24T20:57:30Z</time></rtept><rtept lat="40.266209" lon="-105.613098"><ele>3854.60009765625</ele><time>2025-07-24T20:57:30Z</time></rtept><rtept lat="40.26628" lon="-105.613093"><ele>3854.199951171875</ele><time>2025-07-24T20:57:30Z</time></rtept><rtept lat="40.266351" lon="-105.61304"><ele>3853.60009765625</ele><time>2025-07-24T20:57:30Z</time></rtept><rtept lat="40.266433" lon="-105.612962"><ele>3852.39990234375</ele><time>2025-07-24T20:57:30Z</time></rtept><rtept lat="40.26649" lon="-105.612948"><ele>3852.39990234375</ele><time>2025-07-24T20:57:30Z</time></rtept><rtept lat="40.266534" lon="-105.612919"><ele>3851.39990234375</ele><time>2025-07-24T20:57:30Z</time></rtept><rtept lat="40.266588" lon="-105.612818"><ele>3850.800048828125</ele><time>2025-07-24T20:57:30Z</time></rtept><rtept lat="40.266749" lon="-105.612662"><ele>3849.39990234375</ele><time>2025-07-24T20:57:30Z</time></rtept><rtept lat="40.266758" lon="-105.612527"><ele>3848.800048828125</ele><time>2025-07-24T20:57:30Z</time></rtept><rtept lat="40.266787" lon="-105.612426"><ele>3848.60009765625</ele><time>2025-07-24T20:57:30Z</time></rtept><rtept lat="40.266868" lon="-105.612311"><ele>3848.199951171875</ele><time>2025-07-24T20:57:30Z</time></rtept><rtept lat="40.266914" lon="-105.612296"><ele>3847.800048828125</ele><time>2025-07-24T20:57:30Z</time></rtept><rtept lat="40.266944" lon="-105.612281"><ele>3847.800048828125</ele><time>2025-07-24T20:57:30Z</time></rtept><rtept lat="40.266983" lon="-105.612228"><ele>3847.199951171875</ele><time>2025-07-24T20:57:30Z</time></rtept><rtept lat="40.267016" lon="-105.612157"><ele>3847.199951171875</ele><time>2025-07-24T20:57:30Z</time></rtept><rtept lat="40.267073" lon="-105.61208"><ele>3846.800048828125</ele><time>2025-07-24T20:57:30Z</time></rtept><rtept lat="40.267153" lon="-105.612017"><ele>3845.60009765625</ele><time>2025-07-24T20:57:30Z</time></rtept><rtept lat="40.267257" lon="-105.611988"><ele>3845.199951171875</ele><time>2025-07-24T20:57:30Z</time></rtept><rtept lat="40.267376" lon="-105.611935"><ele>3844.199951171875</ele><time>2025-07-24T20:57:30Z</time></rtept><rtept lat="40.267453" lon="-105.611906"><ele>3844.0</ele><time>2025-07-24T20:57:30Z</time></rtept><rtept lat="40.267525" lon="-105.611886"><ele>3843.39990234375</ele><time>2025-07-24T20:57:30Z</time></rtept><rtept lat="40.267595" lon="-105.611858"><ele>3843.0</ele><time>2025-07-24T20:57:30Z</time></rtept><rtept lat="40.267693" lon="-105.61185"><ele>3841.800048828125</ele><time>2025-07-24T20:57:30Z</time></rtept><rtept lat="40.267775" lon="-105.611843"><ele>3841.0</ele><time>2025-07-24T20:57:30Z</time></rtept><rtept lat="40.267818" lon="-105.611816"><ele>3840.39990234375</ele><time>2025-07-24T20:57:30Z</time></rtept><rtept lat="40.267865" lon="-105.611745"><ele>3840.39990234375</ele><time>2025-07-24T20:57:30Z</time></rtept><rtept lat="40.267911" lon="-105.611648"><ele>3840.39990234375</ele><time>2025-07-24T20:57:30Z</time></rtept><rtept lat="40.267931" lon="-105.611604"><ele>3840.39990234375</ele><time>2025-07-24T20:57:30Z</time></rtept><rtept lat="40.267964" lon="-105.611566"><ele>3839.800048828125</ele><time>2025-07-24T20:57:30Z</time></rtept><rtept lat="40.268006" lon="-105.611548"><ele>3839.0</ele><time>2025-07-24T20:57:30Z</time></rtept><rtept lat="40.268039" lon="-105.611545"><ele>3839.0</ele><time>2025-07-24T20:57:30Z</time></rtept><rtept lat="40.268123" lon="-105.611522"><ele>3838.199951171875</ele><time>2025-07-24T20:57:30Z</time></rtept><rtept lat="40.268201" lon="-105.611516"><ele>3836.199951171875</ele><time>2025-07-24T20:57:30Z</time></rtept><rtept lat="40.268255" lon="-105.611493"><ele>3836.199951171875</ele><time>2025-07-24T20:57:30Z</time></rtept><rtept lat="40.268316" lon="-105.611482"><ele>3835.60009765625</ele><time>2025-07-24T20:57:30Z</time></rtept><rtept lat="40.268342" lon="-105.611475"><ele>3834.800048828125</ele><time>2025-07-24T20:57:30Z</time></rtept><rtept lat="40.268376" lon="-105.611452"><ele>3834.800048828125</ele><time>2025-07-24T20:57:30Z</time></rtept><rtept lat="40.268391" lon="-105.611397"><ele>3835.0</ele><time>2025-07-24T20:57:30Z</time></rtept><rtept lat="40.268402" lon="-105.611323"><ele>3834.0</ele><time>2025-07-24T20:57:30Z</time></rtept><rtept lat="40.268408" lon="-105.611239"><ele>3834.199951171875</ele><time>2025-07-24T20:57:30Z</time></rtept><rtept lat="40.268429" lon="-105.611173"><ele>3834.199951171875</ele><time>2025-07-24T20:57:30Z</time></rtept><rtept lat="40.268451" lon="-105.611116"><ele>3834.199951171875</ele><time>2025-07-24T20:57:30Z</time></rtept><rtept lat="40.268561" lon="-105.610824"><ele>3832.0</ele><time>2025-07-24T20:57:30Z</time></rtept><rtept lat="40.268567" lon="-105.610741"><ele>3831.800048828125</ele><time>2025-07-24T20:57:30Z</time></rtept><rtept lat="40.268589" lon="-105.610674"><ele>3831.800048828125</ele><time>2025-07-24T20:57:30Z</time></rtept><rtept lat="40.26863" lon="-105.610599"><ele>3830.39990234375</ele><time>2025-07-24T20:57:30Z</time></rtept><rtept lat="40.268667" lon="-105.610506"><ele>3829.199951171875</ele><time>2025-07-24T20:57:30Z</time></rtept><rtept lat="40.268689" lon="-105.610468"><ele>3829.199951171875</ele><time>2025-07-24T20:57:30Z</time></rtept><rtept lat="40.268727" lon="-105.610449"><ele>3828.199951171875</ele><time>2025-07-24T20:57:30Z</time></rtept><rtept lat="40.268765" lon="-105.610454"><ele>3828.199951171875</ele><time>2025-07-24T20:57:30Z</time></rtept><rtept lat="40.2688" lon="-105.61046"><ele>3827.199951171875</ele><time>2025-07-24T20:57:30Z</time></rtept><rtept lat="40.268832" lon="-105.610446"><ele>3827.39990234375</ele><time>2025-07-24T20:57:30Z</time></rtept><rtept lat="40.268897" lon="-105.610422"><ele>3826.39990234375</ele><time>2025-07-24T20:57:30Z</time></rtept><rtept lat="40.26899" lon="-105.610424"><ele>3824.60009765625</ele><time>2025-07-24T20:57:30Z</time></rtept><rtept lat="40.269024" lon="-105.610443"><ele>3824.60009765625</ele><time>2025-07-24T20:57:30Z</time></rtept><rtept lat="40.269078" lon="-105.610475"><ele>3823.0</ele><time>2025-07-24T20:57:30Z</time></rtept><rtept lat="40.269136" lon="-105.61049"><ele>3822.0</ele><time>2025-07-24T20:57:30Z</time></rtept><rtept lat="40.269318" lon="-105.6105"><ele>3818.60009765625</ele><time>2025-07-24T20:57:30Z</time></rtept><rtept lat="40.269383" lon="-105.610483"><ele>3817.60009765625</ele><time>2025-07-24T20:57:30Z</time></rtept><rtept lat="40.26944" lon="-105.610449"><ele>3818.0</ele><time>2025-07-24T20:57:30Z</time></rtept><rtept lat="40.269529" lon="-105.610414"><ele>3815.800048828125</ele><time>2025-07-24T20:57:30Z</time></rtept><rtept lat="40.2696" lon="-105.610413"><ele>3814.60009765625</ele><time>2025-07-24T20:57:30Z</time></rtept><rtept lat="40.269656" lon="-105.610418"><ele>3813.39990234375</ele><time>2025-07-24T20:57:30Z</time></rtept><rtept lat="40.26972" lon="-105.610432"><ele>3812.0</ele><time>2025-07-24T20:57:30Z</time></rtept><rtept lat="40.269768" lon="-105.610461"><ele>3811.800048828125</ele><time>2025-07-24T20:57:30Z</time></rtept><rtept lat="40.269839" lon="-105.610468"><ele>3809.39990234375</ele><time>2025-07-24T20:57:30Z</time></rtept><rtept lat="40.26988" lon="-105.610455"><ele>3809.199951171875</ele><time>2025-07-24T20:57:30Z</time></rtept><rtept lat="40.269939" lon="-105.610422"><ele>3808.0</ele><time>2025-07-24T20:57:30Z</time></rtept><rtept lat="40.269973" lon="-105.610348"><ele>3806.800048828125</ele><time>2025-07-24T20:57:30Z</time></rtept><rtept lat="40.269993" lon="-105.61027"><ele>3806.60009765625</ele><time>2025-07-24T20:57:30Z</time></rtept><rtept lat="40.270012" lon="-105.610217"><ele>3806.60009765625</ele><time>2025-07-24T20:57:30Z</time></rtept><rtept lat="40.270048" lon="-105.610169"><ele>3805.0</ele><time>2025-07-24T20:57:30Z</time></rtept><rtept lat="40.270149" lon="-105.610082"><ele>3803.60009765625</ele><time>2025-07-24T20:57:30Z</time></rtept><rtept lat="40.270173" lon="-105.610059"><ele>3802.39990234375</ele><time>2025-07-24T20:57:30Z</time></rtept><rtept lat="40.270202" lon="-105.610042"><ele>3802.39990234375</ele><time>2025-07-24T20:57:30Z</time></rtept><rtept lat="40.270263" lon="-105.610011"><ele>3800.60009765625</ele><time>2025-07-24T20:57:30Z</time></rtept><rtept lat="40.270322" lon="-105.609959"><ele>3799.199951171875</ele><time>2025-07-24T20:57:30Z</time></rtept><rtept lat="40.270372" lon="-105.609911"><ele>3796.800048828125</ele><time>2025-07-24T20:57:30Z</time></rtept><rtept lat="40.270462" lon="-105.609716"><ele>3793.800048828125</ele><time>2025-07-24T20:57:30Z</time></rtept><rtept lat="40.270478" lon="-105.609707"><ele>3793.800048828125</ele><time>2025-07-24T20:57:30Z</time></rtept><rtept lat="40.270497" lon="-105.609702"><ele>3793.0</ele><time>2025-07-24T20:57:30Z</time></rtept><rtept lat="40.270509" lon="-105.609715"><ele>3793.0</ele><time>2025-07-24T20:57:30Z</time></rtept><rtept lat="40.270527" lon="-105.60975"><ele>3793.0</ele><time>2025-07-24T20:57:30Z</time></rtept><rtept lat="40.270567" lon="-105.609832"><ele>3793.0</ele><time>2025-07-24T20:57:30Z</time></rtept><rtept lat="40.270665" lon="-105.61009"><ele>3794.60009765625</ele><time>2025-07-24T20:57:30Z</time></rtept><rtept lat="40.270878" lon="-105.610503"><ele>3795.39990234375</ele><time>2025-07-24T20:57:30Z</time></rtept><rtept lat="40.271052" lon="-105.610795"><ele>3793.199951171875</ele><time>2025-07-24T20:57:30Z</time></rtept><rtept lat="40.27114" lon="-105.610951"><ele>3791.60009765625</ele><time>2025-07-24T20:57:30Z</time></rtept><rtept lat="40.271222" lon="-105.611133"><ele>3787.800048828125</ele><time>2025-07-24T20:57:30Z</time></rtept><rtept lat="40.271304" lon="-105.611224"><ele>3786.0</ele><time>2025-07-24T20:57:30Z</time></rtept><rtept lat="40.271346" lon="-105.611252"><ele>3784.0</ele><time>2025-07-24T20:57:30Z</time></rtept><rtept lat="40.271378" lon="-105.611235"><ele>3784.0</ele><time>2025-07-24T20:57:30Z</time></rtept><rtept lat="40.271411" lon="-105.611165"><ele>3782.60009765625</ele><time>2025-07-24T20:57:30Z</time></rtept><rtept lat="40.271468" lon="-105.611076"><ele>3782.800048828125</ele><time>2025-07-24T20:57:30Z</time></rtept><rtept lat="40.271549" lon="-105.611007"><ele>3778.0</ele><time>2025-07-24T20:57:30Z</time></rtept><rtept lat="40.271598" lon="-105.610922"><ele>3777.800048828125</ele><time>2025-07-24T20:57:30Z</time></rtept><rtept lat="40.271622" lon="-105.610832"><ele>3774.39990234375</ele><time>2025-07-24T20:57:30Z</time></rtept><rtept lat="40.271649" lon="-105.61063"><ele>3773.199951171875</ele><time>2025-07-24T20:57:30Z</time></rtept><rtept lat="40.27162" lon="-105.610298"><ele>3770.0</ele><time>2025-07-24T20:57:30Z</time></rtept><rtept lat="40.271618" lon="-105.61015"><ele>3768.199951171875</ele><time>2025-07-24T20:57:30Z</time></rtept><rtept lat="40.271624" lon="-105.60998"><ele>3766.199951171875</ele><time>2025-07-24T20:57:30Z</time></rtept><rtept lat="40.271604" lon="-105.609653"><ele>3761.39990234375</ele><time>2025-07-24T20:57:30Z</time></rtept><rtept lat="40.271614" lon="-105.609549"><ele>3760.199951171875</ele><time>2025-07-24T20:57:30Z</time></rtept><rtept lat="40.271638" lon="-105.609435"><ele>3759.199951171875</ele><time>2025-07-24T20:57:30Z</time></rtept><rtept lat="40.271686" lon="-105.609246"><ele>3753.39990234375</ele><time>2025-07-24T20:57:30Z</time></rtept><rtept lat="40.271686" lon="-105.609246"><ele>3753.39990234375</ele><time>2025-07-24T20:57:30Z</time></rtept><rtept lat="40.271694" lon="-105.609215"><ele>3753.39990234375</ele><time>2025-07-24T20:57:30Z</time></rtept><rtept lat="40.271713" lon="-105.609133"><ele>3752.800048828125</ele><time>2025-07-24T20:57:30Z</time></rtept><rtept lat="40.271719" lon="-105.608989"><ele>3752.39990234375</ele><time>2025-07-24T20:57:30Z</time></rtept><rtept lat="40.271707" lon="-105.608764"><ele>3752.60009765625</ele><time>2025-07-24T20:57:30Z</time></rtept><rtept lat="40.271709" lon="-105.608617"><ele>3753.199951171875</ele><time>2025-07-24T20:57:30Z</time></rtept><rtept lat="40.271727" lon="-105.608464"><ele>3753.800048828125</ele><time>2025-07-24T20:57:30Z</time></rtept><rtept lat="40.271738" lon="-105.608419"><ele>3751.199951171875</ele><time>2025-07-24T20:57:30Z</time></rtept><rtept lat="40.271762" lon="-105.608365"><ele>3751.60009765625</ele><time>2025-07-24T20:57:30Z</time></rtept><rtept lat="40.271774" lon="-105.608371"><ele>3751.60009765625</ele><time>2025-07-24T20:57:30Z</time></rtept><rtept lat="40.27178" lon="-105.608402"><ele>3751.199951171875</ele><time>2025-07-24T20:57:30Z</time></rtept><rtept lat="40.271784" lon="-105.608446"><ele>3751.199951171875</ele><time>2025-07-24T20:57:30Z</time></rtept><rtept lat="40.271792" lon="-105.608489"><ele>3750.800048828125</ele><time>2025-07-24T20:57:30Z</time></rtept><rtept lat="40.271805" lon="-105.608562"><ele>3748.199951171875</ele><time>2025-07-24T20:57:30Z</time></rtept><rtept lat="40.271814" lon="-105.608629"><ele>3747.800048828125</ele><time>2025-07-24T20:57:30Z</time></rtept><rtept lat="40.271827" lon="-105.608698"><ele>3747.39990234375</ele><time>2025-07-24T20:57:30Z</time></rtept><rtept lat="40.271839" lon="-105.608738"><ele>3747.39990234375</ele><time>2025-07-24T20:57:30Z</time></rtept><rtept lat="40.271856" lon="-105.60878"><ele>3747.0</ele><time>2025-07-24T20:57:30Z</time></rtept><rtept lat="40.271889" lon="-105.608849"><ele>3744.39990234375</ele><time>2025-07-24T20:57:30Z</time></rtept><rtept lat="40.271924" lon="-105.608902"><ele>3744.39990234375</ele><time>2025-07-24T20:57:30Z</time></rtept><rtept lat="40.271987" lon="-105.609"><ele>3743.0</ele><time>2025-07-24T20:57:30Z</time></rtept><rtept lat="40.272032" lon="-105.609088"><ele>3741.60009765625</ele><time>2025-07-24T20:57:30Z</time></rtept><rtept lat="40.272082" lon="-105.609201"><ele>3740.800048828125</ele><time>2025-07-24T20:57:30Z</time></rtept><rtept lat="40.27222" lon="-105.60953"><ele>3740.0</ele><time>2025-07-24T20:57:30Z</time></rtept><rtept lat="40.272289" lon="-105.6097"><ele>3739.800048828125</ele><time>2025-07-24T20:57:30Z</time></rtept><rtept lat="40.272312" lon="-105.609743"><ele>3739.800048828125</ele><time>2025-07-24T20:57:30Z</time></rtept><rtept lat="40.272342" lon="-105.6098"><ele>3739.199951171875</ele><time>2025-07-24T20:57:30Z</time></rtept><rtept lat="40.272388" lon="-105.609932"><ele>3738.60009765625</ele><time>2025-07-24T20:57:30Z</time></rtept><rtept lat="40.272402" lon="-105.609942"><ele>3739.0</ele><time>2025-07-24T20:57:30Z</time></rtept><rtept lat="40.272416" lon="-105.609944"><ele>3739.0</ele><time>2025-07-24T20:57:30Z</time></rtept><rtept lat="40.272435" lon="-105.609924"><ele>3738.60009765625</ele><time>2025-07-24T20:57:30Z</time></rtept><rtept lat="40.272452" lon="-105.609868"><ele>3738.60009765625</ele><time>2025-07-24T20:57:30Z</time></rtept><rtept lat="40.272505" lon="-105.609733"><ele>3736.60009765625</ele><time>2025-07-24T20:57:30Z</time></rtept><rtept lat="40.272528" lon="-105.609634"><ele>3735.0</ele><time>2025-07-24T20:57:30Z</time></rtept><rtept lat="40.272524" lon="-105.60952"><ele>3734.39990234375</ele><time>2025-07-24T20:57:30Z</time></rtept><rtept lat="40.272538" lon="-105.609423"><ele>3733.199951171875</ele><time>2025-07-24T20:57:30Z</time></rtept><rtept lat="40.272558" lon="-105.609343"><ele>3733.199951171875</ele><time>2025-07-24T20:57:30Z</time></rtept><rtept lat="40.272598" lon="-105.609143"><ele>3730.39990234375</ele><time>2025-07-24T20:57:30Z</time></rtept><rtept lat="40.27262" lon="-105.608974"><ele>3729.39990234375</ele><time>2025-07-24T20:57:30Z</time></rtept><rtept lat="40.272644" lon="-105.608871"><ele>3728.800048828125</ele><time>2025-07-24T20:57:30Z</time></rtept><rtept lat="40.2727" lon="-105.608765"><ele>3727.199951171875</ele><time>2025-07-24T20:57:30Z</time></rtept><rtept lat="40.272719" lon="-105.608689"><ele>3725.39990234375</ele><time>2025-07-24T20:57:30Z</time></rtept><rtept lat="40.272722" lon="-105.608624"><ele>3724.199951171875</ele><time>2025-07-24T20:57:30Z</time></rtept><rtept lat="40.27271" lon="-105.608543"><ele>3724.39990234375</ele><time>2025-07-24T20:57:30Z</time></rtept><rtept lat="40.272694" lon="-105.608467"><ele>3723.39990234375</ele><time>2025-07-24T20:57:30Z</time></rtept><rtept lat="40.27269" lon="-105.608408"><ele>3723.39990234375</ele><time>2025-07-24T20:57:30Z</time></rtept><rtept lat="40.272693" lon="-105.608359"><ele>3722.199951171875</ele><time>2025-07-24T20:57:30Z</time></rtept><rtept lat="40.272723" lon="-105.608288"><ele>3719.60009765625</ele><time>2025-07-24T20:57:30Z</time></rtept><rtept lat="40.272747" lon="-105.608254"><ele>3719.60009765625</ele><time>2025-07-24T20:57:30Z</time></rtept><rtept lat="40.272776" lon="-105.608246"><ele>3719.60009765625</ele><time>2025-07-24T20:57:30Z</time></rtept><rtept lat="40.272804" lon="-105.608249"><ele>3718.39990234375</ele><time>2025-07-24T20:57:30Z</time></rtept><rtept lat="40.27284" lon="-105.608273"><ele>3718.39990234375</ele><time>2025-07-24T20:57:30Z</time></rtept><rtept lat="40.272864" lon="-105.608296"><ele>3717.199951171875</ele><time>2025-07-24T20:57:30Z</time></rtept><rtept lat="40.272959" lon="-105.608387"><ele>3717.60009765625</ele><time>2025-07-24T20:57:30Z</time></rtept><rtept lat="40.273102" lon="-105.608503"><ele>3718.60009765625</ele><time>2025-07-24T20:57:30Z</time></rtept><rtept lat="40.273155" lon="-105.608536"><ele>3717.39990234375</ele><time>2025-07-24T20:57:30Z</time></rtept><rtept lat="40.273224" lon="-105.608573"><ele>3717.60009765625</ele><time>2025-07-24T20:57:30Z</time></rtept><rtept lat="40.273306" lon="-105.608649"><ele>3714.199951171875</ele><time>2025-07-24T20:57:30Z</time></rtept><rtept lat="40.273417" lon="-105.608738"><ele>3713.800048828125</ele><time>2025-07-24T20:57:30Z</time></rtept><rtept lat="40.273486" lon="-105.608767"><ele>3713.0</ele><time>2025-07-24T20:57:30Z</time></rtept><rtept lat="40.273591" lon="-105.608805"><ele>3708.800048828125</ele><time>2025-07-24T20:57:30Z</time></rtept><rtept lat="40.273637" lon="-105.608837"><ele>3707.0</ele><time>2025-07-24T20:57:30Z</time></rtept><rtept lat="40.273693" lon="-105.608888"><ele>3707.0</ele><time>2025-07-24T20:57:30Z</time></rtept><rtept lat="40.273758" lon="-105.608962"><ele>3704.39990234375</ele><time>2025-07-24T20:57:30Z</time></rtept><rtept lat="40.273773" lon="-105.608974"><ele>3701.60009765625</ele><time>2025-07-24T20:57:30Z</time></rtept><rtept lat="40.273792" lon="-105.608976"><ele>3701.60009765625</ele><time>2025-07-24T20:57:30Z</time></rtept><rtept lat="40.273806" lon="-105.608958"><ele>3701.60009765625</ele><time>2025-07-24T20:57:30Z</time></rtept><rtept lat="40.27381" lon="-105.608936"><ele>3701.60009765625</ele><time>2025-07-24T20:57:30Z</time></rtept><rtept lat="40.273807" lon="-105.608897"><ele>3701.0</ele><time>2025-07-24T20:57:30Z</time></rtept><rtept lat="40.273798" lon="-105.60885"><ele>3701.0</ele><time>2025-07-24T20:57:30Z</time></rtept><rtept lat="40.273778" lon="-105.608765"><ele>3700.39990234375</ele><time>2025-07-24T20:57:30Z</time></rtept><rtept lat="40.273751" lon="-105.608649"><ele>3701.60009765625</ele><time>2025-07-24T20:57:30Z</time></rtept><rtept lat="40.273732" lon="-105.608586"><ele>3701.60009765625</ele><time>2025-07-24T20:57:30Z</time></rtept><rtept lat="40.27371" lon="-105.60848"><ele>3699.60009765625</ele><time>2025-07-24T20:57:30Z</time></rtept><rtept lat="40.273705" lon="-105.608394"><ele>3698.60009765625</ele><time>2025-07-24T20:57:30Z</time></rtept><rtept lat="40.273702" lon="-105.608312"><ele>3698.60009765625</ele><time>2025-07-24T20:57:30Z</time></rtept><rtept lat="40.273683" lon="-105.608215"><ele>3698.0</ele><time>2025-07-24T20:57:30Z</time></rtept><rtept lat="40.273658" lon="-105.60814"><ele>3698.0</ele><time>2025-07-24T20:57:30Z</time></rtept><rtept lat="40.273621" lon="-105.608018"><ele>3697.199951171875</ele><time>2025-07-24T20:57:30Z</time></rtept><rtept lat="40.273595" lon="-105.60791"><ele>3696.199951171875</ele><time>2025-07-24T20:57:30Z</time></rtept><rtept lat="40.273591" lon="-105.607819"><ele>3695.199951171875</ele><time>2025-07-24T20:57:30Z</time></rtept><rtept lat="40.273578" lon="-105.607697"><ele>3694.0</ele><time>2025-07-24T20:57:30Z</time></rtept><rtept lat="40.273549" lon="-105.607631"><ele>3694.60009765625</ele><time>2025-07-24T20:57:30Z</time></rtept><rtept lat="40.273522" lon="-105.607575"><ele>3694.0</ele><time>2025-07-24T20:57:30Z</time></rtept><rtept lat="40.273474" lon="-105.607499"><ele>3694.0</ele><time>2025-07-24T20:57:30Z</time></rtept><rtept lat="40.273336" lon="-105.607326"><ele>3694.199951171875</ele><time>2025-07-24T20:57:30Z</time></rtept><rtept lat="40.273294" lon="-105.607231"><ele>3694.60009765625</ele><time>2025-07-24T20:57:30Z</time></rtept><rtept lat="40.273273" lon="-105.607141"><ele>3694.39990234375</ele><time>2025-07-24T20:57:30Z</time></rtept><rtept lat="40.273266" lon="-105.607032"><ele>3694.0</ele><time>2025-07-24T20:57:30Z</time></rtept><rtept lat="40.273274" lon="-105.606942"><ele>3693.800048828125</ele><time>2025-07-24T20:57:30Z</time></rtept><rtept lat="40.273254" lon="-105.606865"><ele>3693.60009765625</ele><time>2025-07-24T20:57:30Z</time></rtept><rtept lat="40.27325" lon="-105.60677"><ele>3693.199951171875</ele><time>2025-07-24T20:57:30Z</time></rtept><rtept lat="40.273262" lon="-105.606634"><ele>3692.800048828125</ele><time>2025-07-24T20:57:30Z</time></rtept><rtept lat="40.273248" lon="-105.606524"><ele>3692.800048828125</ele><time>2025-07-24T20:57:30Z</time></rtept><rtept lat="40.273229" lon="-105.606385"><ele>3692.60009765625</ele><time>2025-07-24T20:57:30Z</time></rtept><rtept lat="40.273202" lon="-105.606274"><ele>3692.39990234375</ele><time>2025-07-24T20:57:30Z</time></rtept><rtept lat="40.273196" lon="-105.606217"><ele>3692.0</ele><time>2025-07-24T20:57:30Z</time></rtept><rtept lat="40.273197" lon="-105.606168"><ele>3692.0</ele><time>2025-07-24T20:57:30Z</time></rtept><rtept lat="40.27324" lon="-105.606058"><ele>3690.800048828125</ele><time>2025-07-24T20:57:30Z</time></rtept><rtept lat="40.273279" lon="-105.605992"><ele>3690.39990234375</ele><time>2025-07-24T20:57:30Z</time></rtept><rtept lat="40.273306" lon="-105.605957"><ele>3689.800048828125</ele><time>2025-07-24T20:57:30Z</time></rtept><rtept lat="40.273331" lon="-105.605938"><ele>3689.800048828125</ele><time>2025-07-24T20:57:30Z</time></rtept><rtept lat="40.273353" lon="-105.6059"><ele>3689.199951171875</ele><time>2025-07-24T20:57:30Z</time></rtept><rtept lat="40.273392" lon="-105.605867"><ele>3688.60009765625</ele><time>2025-07-24T20:57:30Z</time></rtept><rtept lat="40.273429" lon="-105.605863"><ele>3688.60009765625</ele><time>2025-07-24T20:57:30Z</time></rtept><rtept lat="40.273496" lon="-105.605854"><ele>3688.0</ele><time>2025-07-24T20:57:30Z</time></rtept><rtept lat="40.273545" lon="-105.605825"><ele>3687.60009765625</ele><time>2025-07-24T20:57:30Z</time></rtept><rtept lat="40.273585" lon="-105.605782"><ele>3686.60009765625</ele><time>2025-07-24T20:57:30Z</time></rtept><rtept lat="40.273622" lon="-105.605753"><ele>3686.60009765625</ele><time>2025-07-24T20:57:30Z</time></rtept><rtept lat="40.273651" lon="-105.605737"><ele>3686.199951171875</ele><time>2025-07-24T20:57:30Z</time></rtept><rtept lat="40.273683" lon="-105.605726"><ele>3685.60009765625</ele><time>2025-07-24T20:57:30Z</time></rtept><rtept lat="40.273722" lon="-105.605701"><ele>3685.199951171875</ele><time>2025-07-24T20:57:30Z</time></rtept><rtept lat="40.273762" lon="-105.605667"><ele>3685.199951171875</ele><time>2025-07-24T20:57:30Z</time></rtept><rtept lat="40.273791" lon="-105.605661"><ele>3684.800048828125</ele><time>2025-07-24T20:57:30Z</time></rtept><rtept lat="40.273815" lon="-105.605659"><ele>3684.800048828125</ele><time>2025-07-24T20:57:30Z</time></rtept><rtept lat="40.273839" lon="-105.605652"><ele>3684.39990234375</ele><time>2025-07-24T20:57:30Z</time></rtept><rtept lat="40.273862" lon="-105.605631"><ele>3684.0</ele><time>2025-07-24T20:57:30Z</time></rtept><rtept lat="40.273895" lon="-105.605568"><ele>3683.60009765625</ele><time>2025-07-24T20:57:30Z</time></rtept><rtept lat="40.274002" lon="-105.605439"><ele>3681.39990234375</ele><time>2025-07-24T20:57:30Z</time></rtept><rtept lat="40.274043" lon="-105.605422"><ele>3681.0</ele><time>2025-07-24T20:57:30Z</time></rtept><rtept lat="40.274071" lon="-105.605414"><ele>3681.0</ele><time>2025-07-24T20:57:30Z</time></rtept><rtept lat="40.274196" lon="-105.60541"><ele>3680.60009765625</ele><time>2025-07-24T20:57:30Z</time></rtept><rtept lat="40.274276" lon="-105.6054"><ele>3680.60009765625</ele><time>2025-07-24T20:57:30Z</time></rtept><rtept lat="40.274349" lon="-105.605355"><ele>3680.39990234375</ele><time>2025-07-24T20:57:30Z</time></rtept><rtept lat="40.274377" lon="-105.60533"><ele>3681.0</ele><time>2025-07-24T20:57:30Z</time></rtept><rtept lat="40.274396" lon="-105.605298"><ele>3680.39990234375</ele><time>2025-07-24T20:57:30Z</time></rtept><rtept lat="40.274431" lon="-105.605221"><ele>3681.39990234375</ele><time>2025-07-24T20:57:30Z</time></rtept><rtept lat="40.274442" lon="-105.60515"><ele>3680.800048828125</ele><time>2025-07-24T20:57:30Z</time></rtept><rtept lat="40.274442" lon="-105.605082"><ele>3680.0</ele><time>2025-07-24T20:57:30Z</time></rtept><rtept lat="40.274433" lon="-105.60503"><ele>3679.199951171875</ele><time>2025-07-24T20:57:30Z</time></rtept><rtept lat="40.274411" lon="-105.604973"><ele>3677.800048828125</ele><time>2025-07-24T20:57:30Z</time></rtept><rtept lat="40.27439" lon="-105.604875"><ele>3675.800048828125</ele><time>2025-07-24T20:57:30Z</time></rtept><rtept lat="40.274385" lon="-105.604814"><ele>3675.800048828125</ele><time>2025-07-24T20:57:30Z</time></rtept><rtept lat="40.274365" lon="-105.604751"><ele>3674.800048828125</ele><time>2025-07-24T20:57:30Z</time></rtept><rtept lat="40.274344" lon="-105.604672"><ele>3672.39990234375</ele><time>2025-07-24T20:57:30Z</time></rtept><rtept lat="40.274341" lon="-105.604594"><ele>3671.39990234375</ele><time>2025-07-24T20:57:30Z</time></rtept><rtept lat="40.27432" lon="-105.60452"><ele>3670.39990234375</ele><time>2025-07-24T20:57:30Z</time></rtept><rtept lat="40.274311" lon="-105.604443"><ele>3669.60009765625</ele><time>2025-07-24T20:57:30Z</time></rtept><rtept lat="40.274273" lon="-105.604388"><ele>3668.60009765625</ele><time>2025-07-24T20:57:30Z</time></rtept><rtept lat="40.274024" lon="-105.604223"><ele>3664.199951171875</ele><time>2025-07-24T20:57:30Z</time></rtept><rtept lat="40.273957" lon="-105.604151"><ele>3662.60009765625</ele><time>2025-07-24T20:57:30Z</time></rtept><rtept lat="40.27386" lon="-105.604126"><ele>3662.39990234375</ele><time>2025-07-24T20:57:30Z</time></rtept><rtept lat="40.273726" lon="-105.60408"><ele>3660.60009765625</ele><time>2025-07-24T20:57:30Z</time></rtept><rtept lat="40.273686" lon="-105.604054"><ele>3660.199951171875</ele><time>2025-07-24T20:57:30Z</time></rtept><rtept lat="40.273646" lon="-105.604021"><ele>3660.199951171875</ele><time>2025-07-24T20:57:30Z</time></rtept><rtept lat="40.273587" lon="-105.603981"><ele>3658.199951171875</ele><time>2025-07-24T20:57:30Z</time></rtept><rtept lat="40.2735" lon="-105.603969"><ele>3657.39990234375</ele><time>2025-07-24T20:57:30Z</time></rtept><rtept lat="40.273444" lon="-105.603947"><ele>3657.39990234375</ele><time>2025-07-24T20:57:30Z</time></rtept><rtept lat="40.273387" lon="-105.603913"><ele>3655.0</ele><time>2025-07-24T20:57:30Z</time></rtept><rtept lat="40.273361" lon="-105.6039"><ele>3654.60009765625</ele><time>2025-07-24T20:57:30Z</time></rtept><rtept lat="40.273285" lon="-105.603915"><ele>3654.199951171875</ele><time>2025-07-24T20:57:30Z</time></rtept><rtept lat="40.273227" lon="-105.603925"><ele>3653.800048828125</ele><time>2025-07-24T20:57:30Z</time></rtept><rtept lat="40.27319" lon="-105.603954"><ele>3655.800048828125</ele><time>2025-07-24T20:57:30Z</time></rtept><rtept lat="40.273154" lon="-105.603951"><ele>3655.39990234375</ele><time>2025-07-24T20:57:30Z</time></rtept><rtept lat="40.273122" lon="-105.603929"><ele>3653.39990234375</ele><time>2025-07-24T20:57:30Z</time></rtept><rtept lat="40.273069" lon="-105.603829"><ele>3651.0</ele><time>2025-07-24T20:57:30Z</time></rtept><rtept lat="40.273038" lon="-105.603771"><ele>3650.800048828125</ele><time>2025-07-24T20:57:30Z</time></rtept><rtept lat="40.273004" lon="-105.603755"><ele>3648.60009765625</ele><time>2025-07-24T20:57:30Z</time></rtept><rtept lat="40.272906" lon="-105.603734"><ele>3648.0</ele><time>2025-07-24T20:57:30Z</time></rtept><rtept lat="40.272849" lon="-105.603721"><ele>3648.0</ele><time>2025-07-24T20:57:30Z</time></rtept><rtept lat="40.27282" lon="-105.603713"><ele>3647.800048828125</ele><time>2025-07-24T20:57:30Z</time></rtept><rtept lat="40.272738" lon="-105.603639"><ele>3645.39990234375</ele><time>2025-07-24T20:57:30Z</time></rtept><rtept lat="40.2726" lon="-105.603552"><ele>3642.60009765625</ele><time>2025-07-24T20:57:30Z</time></rtept><rtept lat="40.272427" lon="-105.603523"><ele>3642.39990234375</ele><time>2025-07-24T20:57:30Z</time></rtept><rtept lat="40.272385" lon="-105.603518"><ele>3642.39990234375</ele><time>2025-07-24T20:57:30Z</time></rtept><rtept lat="40.272234" lon="-105.603487"><ele>3640.0</ele><time>2025-07-24T20:57:30Z</time></rtept><rtept lat="40.272071" lon="-105.603451"><ele>3640.0</ele><time>2025-07-24T20:57:30Z</time></rtept><rtept lat="40.271951" lon="-105.603417"><ele>3638.0</ele><time>2025-07-24T20:57:30Z</time></rtept><rtept lat="40.271744" lon="-105.603401"><ele>3638.39990234375</ele><time>2025-07-24T20:57:30Z</time></rtept><rtept lat="40.271455" lon="-105.603336"><ele>3639.39990234375</ele><time>2025-07-24T20:57:30Z</time></rtept><rtept lat="40.271405" lon="-105.603311"><ele>3637.60009765625</ele><time>2025-07-24T20:57:30Z</time></rtept><rtept lat="40.271348" lon="-105.603266"><ele>3637.60009765625</ele><time>2025-07-24T20:57:30Z</time></rtept><rtept lat="40.271278" lon="-105.603206"><ele>3636.0</ele><time>2025-07-24T20:57:30Z</time></rtept><rtept lat="40.27122" lon="-105.603114"><ele>3634.39990234375</ele><time>2025-07-24T20:57:30Z</time></rtept><rtept lat="40.271102" lon="-105.603042"><ele>3633.39990234375</ele><time>2025-07-24T20:57:30Z</time></rtept><rtept lat="40.270984" lon="-105.602933"><ele>3632.39990234375</ele><time>2025-07-24T20:57:30Z</time></rtept><rtept lat="40.270951" lon="-105.602901"><ele>3630.39990234375</ele><time>2025-07-24T20:57:30Z</time></rtept><rtept lat="40.270899" lon="-105.602908"><ele>3632.800048828125</ele><time>2025-07-24T20:57:30Z</time></rtept><rtept lat="40.270876" lon="-105.60293"><ele>3633.39990234375</ele><time>2025-07-24T20:57:30Z</time></rtept><rtept lat="40.270852" lon="-105.60293"><ele>3633.39990234375</ele><time>2025-07-24T20:57:30Z</time></rtept><rtept lat="40.270829" lon="-105.60292"><ele>3633.39990234375</ele><time>2025-07-24T20:57:30Z</time></rtept><rtept lat="40.270789" lon="-105.602877"><ele>3632.39990234375</ele><time>2025-07-24T20:57:30Z</time></rtept><rtept lat="40.270612" lon="-105.602591"><ele>3629.60009765625</ele><time>2025-07-24T20:57:30Z</time></rtept><rtept lat="40.270534" lon="-105.60241"><ele>3626.800048828125</ele><time>2025-07-24T20:57:30Z</time></rtept><rtept lat="40.270484" lon="-105.60232"><ele>3626.60009765625</ele><time>2025-07-24T20:57:30Z</time></rtept><rtept lat="40.27042" lon="-105.602232"><ele>3626.39990234375</ele><time>2025-07-24T20:57:30Z</time></rtept><rtept lat="40.270277" lon="-105.602047"><ele>3626.60009765625</ele><time>2025-07-24T20:57:30Z</time></rtept><rtept lat="40.270233" lon="-105.601948"><ele>3623.199951171875</ele><time>2025-07-24T20:57:30Z</time></rtept><rtept lat="40.270218" lon="-105.601891"><ele>3625.0</ele><time>2025-07-24T20:57:30Z</time></rtept><rtept lat="40.270185" lon="-105.601834"><ele>3623.199951171875</ele><time>2025-07-24T20:57:30Z</time></rtept><rtept lat="40.270108" lon="-105.601749"><ele>3623.39990234375</ele><time>2025-07-24T20:57:30Z</time></rtept><rtept lat="40.270079" lon="-105.601647"><ele>3623.60009765625</ele><time>2025-07-24T20:57:30Z</time></rtept><rtept lat="40.270032" lon="-105.601554"><ele>3621.60009765625</ele><time>2025-07-24T20:57:30Z</time></rtept><rtept lat="40.269905" lon="-105.601399"><ele>3620.60009765625</ele><time>2025-07-24T20:57:30Z</time></rtept><rtept lat="40.269821" lon="-105.601261"><ele>3618.60009765625</ele><time>2025-07-24T20:57:30Z</time></rtept><rtept lat="40.269718" lon="-105.601164"><ele>3616.800048828125</ele><time>2025-07-24T20:57:30Z</time></rtept><rtept lat="40.269531" lon="-105.601023"><ele>3617.0</ele><time>2025-07-24T20:57:30Z</time></rtept><rtept lat="40.269481" lon="-105.600949"><ele>3614.39990234375</ele><time>2025-07-24T20:57:30Z</time></rtept><rtept lat="40.269439" lon="-105.600913"><ele>3611.800048828125</ele><time>2025-07-24T20:57:30Z</time></rtept><rtept lat="40.269103" lon="-105.600691"><ele>3610.199951171875</ele><time>2025-07-24T20:57:30Z</time></rtept><rtept lat="40.268956" lon="-105.600568"><ele>3605.800048828125</ele><time>2025-07-24T20:57:30Z</time></rtept><rtept lat="40.268874" lon="-105.600511"><ele>3606.60009765625</ele><time>2025-07-24T20:57:30Z</time></rtept><rtept lat="40.2688" lon="-105.600494"><ele>3604.39990234375</ele><time>2025-07-24T20:57:30Z</time></rtept><rtept lat="40.268744" lon="-105.600457"><ele>3605.199951171875</ele><time>2025-07-24T20:57:30Z</time></rtept><rtept lat="40.268602" lon="-105.600302"><ele>3600.800048828125</ele><time>2025-07-24T20:57:30Z</time></rtept><rtept lat="40.268548" lon="-105.600228"><ele>3598.60009765625</ele><time>2025-07-24T20:57:30Z</time></rtept><rtept lat="40.268456" lon="-105.600217"><ele>3600.39990234375</ele><time>2025-07-24T20:57:30Z</time></rtept><rtept lat="40.268427" lon="-105.600182"><ele>3600.39990234375</ele><time>2025-07-24T20:57:30Z</time></rtept><rtept lat="40.268393" lon="-105.600113"><ele>3598.60009765625</ele><time>2025-07-24T20:57:30Z</time></rtept><rtept lat="40.268344" lon="-105.600071"><ele>3598.60009765625</ele><time>2025-07-24T20:57:30Z</time></rtept><rtept lat="40.268285" lon="-105.600052"><ele>3596.800048828125</ele><time>2025-07-24T20:57:30Z</time></rtept><rtept lat="40.268175" lon="-105.600014"><ele>3598.60009765625</ele><time>2025-07-24T20:57:30Z</time></rtept><rtept lat="40.268128" lon="-105.599965"><ele>3596.60009765625</ele><time>2025-07-24T20:57:30Z</time></rtept><rtept lat="40.268013" lon="-105.599811"><ele>3592.60009765625</ele><time>2025-07-24T20:57:30Z</time></rtept><rtept lat="40.26794" lon="-105.599741"><ele>3593.39990234375</ele><time>2025-07-24T20:57:30Z</time></rtept><rtept lat="40.267887" lon="-105.599719"><ele>3592.0</ele><time>2025-07-24T20:57:30Z</time></rtept><rtept lat="40.267844" lon="-105.599704"><ele>3592.800048828125</ele><time>2025-07-24T20:57:30Z</time></rtept><rtept lat="40.267803" lon="-105.599704"><ele>3593.60009765625</ele><time>2025-07-24T20:57:30Z</time></rtept><rtept lat="40.267758" lon="-105.59968"><ele>3593.60009765625</ele><time>2025-07-24T20:57:30Z</time></rtept><rtept lat="40.267645" lon="-105.599583"><ele>3593.199951171875</ele><time>2025-07-24T20:57:30Z</time></rtept><rtept lat="40.267548" lon="-105.59954"><ele>3592.0</ele><time>2025-07-24T20:57:30Z</time></rtept><rtept lat="40.267509" lon="-105.599507"><ele>3592.800048828125</ele><time>2025-07-24T20:57:30Z</time></rtept><rtept lat="40.267487" lon="-105.599474"><ele>3592.800048828125</ele><time>2025-07-24T20:57:30Z</time></rtept><rtept lat="40.267472" lon="-105.599436"><ele>3591.800048828125</ele><time>2025-07-24T20:57:30Z</time></rtept><rtept lat="40.267455" lon="-105.599383"><ele>3589.800048828125</ele><time>2025-07-24T20:57:30Z</time></rtept><rtept lat="40.267443" lon="-105.599307"><ele>3589.800048828125</ele><time>2025-07-24T20:57:30Z</time></rtept><rtept lat="40.267429" lon="-105.599199"><ele>3586.199951171875</ele><time>2025-07-24T20:57:30Z</time></rtept><rtept lat="40.267397" lon="-105.599106"><ele>3585.800048828125</ele><time>2025-07-24T20:57:30Z</time></rtept><rtept lat="40.267334" lon="-105.599014"><ele>3585.199951171875</ele><time>2025-07-24T20:57:30Z</time></rtept><rtept lat="40.267197" lon="-105.598943"><ele>3586.0</ele><time>2025-07-24T20:57:30Z</time></rtept><rtept lat="40.267154" lon="-105.598914"><ele>3586.0</ele><time>2025-07-24T20:57:30Z</time></rtept><rtept lat="40.267135" lon="-105.598805"><ele>3586.0</ele><time>2025-07-24T20:57:30Z</time></rtept><rtept lat="40.267082" lon="-105.598733"><ele>3586.0</ele><time>2025-07-24T20:57:30Z</time></rtept><rtept lat="40.267071" lon="-105.59865"><ele>3584.800048828125</ele><time>2025-07-24T20:57:30Z</time></rtept><rtept lat="40.267052" lon="-105.598439"><ele>3581.800048828125</ele><time>2025-07-24T20:57:30Z</time></rtept><rtept lat="40.267046" lon="-105.598295"><ele>3580.800048828125</ele><time>2025-07-24T20:57:30Z</time></rtept><rtept lat="40.266968" lon="-105.598047"><ele>3579.0</ele><time>2025-07-24T20:57:30Z</time></rtept><rtept lat="40.266926" lon="-105.597669"><ele>3577.0</ele><time>2025-07-24T20:57:30Z</time></rtept><rtept lat="40.266872" lon="-105.597416"><ele>3576.199951171875</ele><time>2025-07-24T20:57:30Z</time></rtept><rtept lat="40.266851" lon="-105.597251"><ele>3574.39990234375</ele><time>2025-07-24T20:57:30Z</time></rtept><rtept lat="40.266862" lon="-105.597103"><ele>3572.39990234375</ele><time>2025-07-24T20:57:30Z</time></rtept><rtept lat="40.266841" lon="-105.597036"><ele>3571.39990234375</ele><time>2025-07-24T20:57:30Z</time></rtept><rtept lat="40.266797" lon="-105.596753"><ele>3569.60009765625</ele><time>2025-07-24T20:57:30Z</time></rtept><rtept lat="40.266742" lon="-105.596556"><ele>3569.0</ele><time>2025-07-24T20:57:30Z</time></rtept><rtept lat="40.266698" lon="-105.596462"><ele>3566.199951171875</ele><time>2025-07-24T20:57:30Z</time></rtept><rtept lat="40.266681" lon="-105.596371"><ele>3566.800048828125</ele><time>2025-07-24T20:57:30Z</time></rtept><rtept lat="40.266669" lon="-105.596297"><ele>3566.800048828125</ele><time>2025-07-24T20:57:30Z</time></rtept><rtept lat="40.266665" lon="-105.596249"><ele>3565.39990234375</ele><time>2025-07-24T20:57:30Z</time></rtept><rtept lat="40.266665" lon="-105.596249"><ele>3565.39990234375</ele><time>2025-07-24T20:57:30Z</time></rtept><rtept lat="40.266636" lon="-105.595931"><ele>3559.60009765625</ele><time>2025-07-24T20:57:30Z</time></rtept><rtept lat="40.266599" lon="-105.595747"><ele>3558.60009765625</ele><time>2025-07-24T20:57:30Z</time></rtept><rtept lat="40.26659" lon="-105.59556"><ele>3555.60009765625</ele><time>2025-07-24T20:57:30Z</time></rtept><rtept lat="40.266542" lon="-105.595325"><ele>3553.0</ele><time>2025-07-24T20:57:30Z</time></rtept><rtept lat="40.266514" lon="-105.595131"><ele>3550.199951171875</ele><time>2025-07-24T20:57:30Z</time></rtept><rtept lat="40.266505" lon="-105.594992"><ele>3547.199951171875</ele><time>2025-07-24T20:57:30Z</time></rtept><rtept lat="40.266524" lon="-105.594847"><ele>3545.800048828125</ele><time>2025-07-24T20:57:30Z</time></rtept><rtept lat="40.266507" lon="-105.594743"><ele>3542.800048828125</ele><time>2025-07-24T20:57:30Z</time></rtept><rtept lat="40.266467" lon="-105.594597"><ele>3543.0</ele><time>2025-07-24T20:57:30Z</time></rtept><rtept lat="40.266421" lon="-105.594321"><ele>3539.800048828125</ele><time>2025-07-24T20:57:30Z</time></rtept><rtept lat="40.266367" lon="-105.594032"><ele>3533.0</ele><time>2025-07-24T20:57:30Z</time></rtept><rtept lat="40.266315" lon="-105.593879"><ele>3531.0</ele><time>2025-07-24T20:57:30Z</time></rtept><rtept lat="40.266288" lon="-105.593754"><ele>3530.60009765625</ele><time>2025-07-24T20:57:30Z</time></rtept><rtept lat="40.266208" lon="-105.593567"><ele>3528.60009765625</ele><time>2025-07-24T20:57:30Z</time></rtept><rtept lat="40.266159" lon="-105.593397"><ele>3526.60009765625</ele><time>2025-07-24T20:57:30Z</time></rtept><rtept lat="40.26615" lon="-105.593353"><ele>3525.199951171875</ele><time>2025-07-24T20:57:30Z</time></rtept><rtept lat="40.26616" lon="-105.59326"><ele>3523.60009765625</ele><time>2025-07-24T20:57:30Z</time></rtept><rtept lat="40.266137" lon="-105.593209"><ele>3523.60009765625</ele><time>2025-07-24T20:57:30Z</time></rtept><rtept lat="40.266085" lon="-105.59313"><ele>3522.800048828125</ele><time>2025-07-24T20:57:30Z</time></rtept><rtept lat="40.266031" lon="-105.59301"><ele>3521.0</ele><time>2025-07-24T20:57:30Z</time></rtept><rtept lat="40.265931" lon="-105.59281"><ele>3519.39990234375</ele><time>2025-07-24T20:57:30Z</time></rtept><rtept lat="40.265897" lon="-105.592773"><ele>3518.800048828125</ele><time>2025-07-24T20:57:30Z</time></rtept><rtept lat="40.265854" lon="-105.592749"><ele>3518.800048828125</ele><time>2025-07-24T20:57:30Z</time></rtept><rtept lat="40.265802" lon="-105.592682"><ele>3518.199951171875</ele><time>2025-07-24T20:57:30Z</time></rtept><rtept lat="40.26573" lon="-105.592669"><ele>3518.199951171875</ele><time>2025-07-24T20:57:30Z</time></rtept><rtept lat="40.265654" lon="-105.592558"><ele>3517.199951171875</ele><time>2025-07-24T20:57:30Z</time></rtept><rtept lat="40.265651" lon="-105.592548"><ele>3517.199951171875</ele><time>2025-07-24T20:57:30Z</time></rtept><rtept lat="40.265751" lon="-105.59256"><ele>3517.60009765625</ele><time>2025-07-24T20:57:30Z</time></rtept><rtept lat="40.265875" lon="-105.592514"><ele>3516.60009765625</ele><time>2025-07-24T20:57:30Z</time></rtept><rtept lat="40.265959" lon="-105.592424"><ele>3515.199951171875</ele><time>2025-07-24T20:57:30Z</time></rtept><rtept lat="40.266031" lon="-105.592366"><ele>3514.39990234375</ele><time>2025-07-24T20:57:30Z</time></rtept><rtept lat="40.266095" lon="-105.592344"><ele>3512.800048828125</ele><time>2025-07-24T20:57:30Z</time></rtept><rtept lat="40.266172" lon="-105.592325"><ele>3510.199951171875</ele><time>2025-07-24T20:57:30Z</time></rtept><rtept lat="40.266306" lon="-105.592341"><ele>3507.39990234375</ele><time>2025-07-24T20:57:30Z</time></rtept><rtept lat="40.266496" lon="-105.592296"><ele>3502.60009765625</ele><time>2025-07-24T20:57:30Z</time></rtept><rtept lat="40.266523" lon="-105.592293"><ele>3502.60009765625</ele><time>2025-07-24T20:57:30Z</time></rtept><rtept lat="40.266542" lon="-105.592304"><ele>3502.60009765625</ele><time>2025-07-24T20:57:30Z</time></rtept><rtept lat="40.266566" lon="-105.59233"><ele>3500.199951171875</ele><time>2025-07-24T20:57:30Z</time></rtept><rtept lat="40.266639" lon="-105.592395"><ele>3498.199951171875</ele><time>2025-07-24T20:57:30Z</time></rtept><rtept lat="40.266678" lon="-105.592422"><ele>3498.199951171875</ele><time>2025-07-24T20:57:30Z</time></rtept><rtept lat="40.266715" lon="-105.592435"><ele>3496.60009765625</ele><time>2025-07-24T20:57:30Z</time></rtept><rtept lat="40.266735" lon="-105.592461"><ele>3496.60009765625</ele><time>2025-07-24T20:57:30Z</time></rtept><rtept lat="40.266759" lon="-105.592517"><ele>3493.800048828125</ele><time>2025-07-24T20:57:30Z</time></rtept><rtept lat="40.266769" lon="-105.592553"><ele>3495.60009765625</ele><time>2025-07-24T20:57:30Z</time></rtept><rtept lat="40.266779" lon="-105.592576"><ele>3495.60009765625</ele><time>2025-07-24T20:57:30Z</time></rtept><rtept lat="40.266792" lon="-105.592585"><ele>3495.60009765625</ele><time>2025-07-24T20:57:30Z</time></rtept><rtept lat="40.266809" lon="-105.592572"><ele>3495.60009765625</ele><time>2025-07-24T20:57:30Z</time></rtept><rtept lat="40.266828" lon="-105.592553"><ele>3493.60009765625</ele><time>2025-07-24T20:57:30Z</time></rtept><rtept lat="40.266871" lon="-105.592534"><ele>3493.60009765625</ele><time>2025-07-24T20:57:30Z</time></rtept><rtept lat="40.266951" lon="-105.592553"><ele>3491.60009765625</ele><time>2025-07-24T20:57:30Z</time></rtept><rtept lat="40.267005" lon="-105.59258"><ele>3490.199951171875</ele><time>2025-07-24T20:57:30Z</time></rtept><rtept lat="40.267033" lon="-105.592591"><ele>3488.800048828125</ele><time>2025-07-24T20:57:30Z</time></rtept><rtept lat="40.267069" lon="-105.592591"><ele>3488.800048828125</ele><time>2025-07-24T20:57:30Z</time></rtept><rtept lat="40.267169" lon="-105.592593"><ele>3486.39990234375</ele><time>2025-07-24T20:57:30Z</time></rtept><rtept lat="40.267205" lon="-105.592606"><ele>3487.800048828125</ele><time>2025-07-24T20:57:30Z</time></rtept><rtept lat="40.267234" lon="-105.592621"><ele>3486.60009765625</ele><time>2025-07-24T20:57:30Z</time></rtept><rtept lat="40.267284" lon="-105.59264"><ele>3485.60009765625</ele><time>2025-07-24T20:57:30Z</time></rtept><rtept lat="40.267327" lon="-105.59264"><ele>3485.60009765625</ele><time>2025-07-24T20:57:30Z</time></rtept><rtept lat="40.267378" lon="-105.592633"><ele>3484.60009765625</ele><time>2025-07-24T20:57:30Z</time></rtept><rtept lat="40.267425" lon="-105.592629"><ele>3483.800048828125</ele><time>2025-07-24T20:57:30Z</time></rtept><rtept lat="40.267493" lon="-105.592611"><ele>3483.0</ele><time>2025-07-24T20:57:30Z</time></rtept><rtept lat="40.267583" lon="-105.592552"><ele>3481.0</ele><time>2025-07-24T20:57:30Z</time></rtept><rtept lat="40.267659" lon="-105.592509"><ele>3479.199951171875</ele><time>2025-07-24T20:57:30Z</time></rtept><rtept lat="40.267717" lon="-105.592459"><ele>3478.60009765625</ele><time>2025-07-24T20:57:30Z</time></rtept><rtept lat="40.267732" lon="-105.592442"><ele>3478.60009765625</ele><time>2025-07-24T20:57:30Z</time></rtept><rtept lat="40.267739" lon="-105.592418"><ele>3476.60009765625</ele><time>2025-07-24T20:57:30Z</time></rtept><rtept lat="40.267739" lon="-105.592389"><ele>3476.60009765625</ele><time>2025-07-24T20:57:30Z</time></rtept><rtept lat="40.267735" lon="-105.592362"><ele>3477.199951171875</ele><time>2025-07-24T20:57:30Z</time></rtept><rtept lat="40.267701" lon="-105.59219"><ele>3474.60009765625</ele><time>2025-07-24T20:57:30Z</time></rtept><rtept lat="40.267663" lon="-105.592066"><ele>3472.60009765625</ele><time>2025-07-24T20:57:30Z</time></rtept><rtept lat="40.267613" lon="-105.591936"><ele>3471.39990234375</ele><time>2025-07-24T20:57:30Z</time></rtept><rtept lat="40.267599" lon="-105.591881"><ele>3470.60009765625</ele><time>2025-07-24T20:57:30Z</time></rtept><rtept lat="40.267602" lon="-105.591845"><ele>3470.60009765625</ele><time>2025-07-24T20:57:30Z</time></rtept><rtept lat="40.267578" lon="-105.591753"><ele>3469.39990234375</ele><time>2025-07-24T20:57:30Z</time></rtept><rtept lat="40.26753" lon="-105.591631"><ele>3467.39990234375</ele><time>2025-07-24T20:57:30Z</time></rtept><rtept lat="40.267502" lon="-105.591556"><ele>3466.199951171875</ele><time>2025-07-24T20:57:30Z</time></rtept><rtept lat="40.267499" lon="-105.591513"><ele>3466.199951171875</ele><time>2025-07-24T20:57:30Z</time></rtept><rtept lat="40.267515" lon="-105.591457"><ele>3465.0</ele><time>2025-07-24T20:57:30Z</time></rtept><rtept lat="40.267531" lon="-105.591428"><ele>3465.0</ele><time>2025-07-24T20:57:30Z</time></rtept><rtept lat="40.267613" lon="-105.591167"><ele>3460.0</ele><time>2025-07-24T20:57:30Z</time></rtept><rtept lat="40.267684" lon="-105.591"><ele>3456.800048828125</ele><time>2025-07-24T20:57:30Z</time></rtept><rtept lat="40.267723" lon="-105.590922"><ele>3455.60009765625</ele><time>2025-07-24T20:57:30Z</time></rtept><rtept lat="40.267751" lon="-105.590872"><ele>3453.60009765625</ele><time>2025-07-24T20:57:30Z</time></rtept><rtept lat="40.267801" lon="-105.590692"><ele>3451.199951171875</ele><time>2025-07-24T20:57:30Z</time></rtept><rtept lat="40.267819" lon="-105.590576"><ele>3449.60009765625</ele><time>2025-07-24T20:57:30Z</time></rtept><rtept lat="40.267834" lon="-105.590467"><ele>3448.60009765625</ele><time>2025-07-24T20:57:30Z</time></rtept><rtept lat="40.267834" lon="-105.59038"><ele>3447.800048828125</ele><time>2025-07-24T20:57:30Z</time></rtept><rtept lat="40.267847" lon="-105.590255"><ele>3446.0</ele><time>2025-07-24T20:57:30Z</time></rtept><rtept lat="40.267836" lon="-105.590169"><ele>3445.0</ele><time>2025-07-24T20:57:30Z</time></rtept><rtept lat="40.267822" lon="-105.59005"><ele>3444.199951171875</ele><time>2025-07-24T20:57:30Z</time></rtept><rtept lat="40.267788" lon="-105.589939"><ele>3443.0</ele><time>2025-07-24T20:57:30Z</time></rtept><rtept lat="40.267776" lon="-105.589856"><ele>3441.800048828125</ele><time>2025-07-24T20:57:30Z</time></rtept><rtept lat="40.267764" lon="-105.589732"><ele>3440.39990234375</ele><time>2025-07-24T20:57:30Z</time></rtept><rtept lat="40.267745" lon="-105.589643"><ele>3438.800048828125</ele><time>2025-07-24T20:57:30Z</time></rtept><rtept lat="40.267759" lon="-105.589566"><ele>3436.800048828125</ele><time>2025-07-24T20:57:30Z</time></rtept><rtept lat="40.267809" lon="-105.589406"><ele>3431.199951171875</ele><time>2025-07-24T20:57:30Z</time></rtept><rtept lat="40.267818" lon="-105.589341"><ele>3429.39990234375</ele><time>2025-07-24T20:57:30Z</time></rtept><rtept lat="40.267821" lon="-105.589284"><ele>3429.39990234375</ele><time>2025-07-24T20:57:30Z</time></rtept><rtept lat="40.267833" lon="-105.58916"><ele>3426.199951171875</ele><time>2025-07-24T20:57:30Z</time></rtept><rtept lat="40.267816" lon="-105.589063"><ele>3424.800048828125</ele><time>2025-07-24T20:57:30Z</time></rtept><rtept lat="40.267807" lon="-105.588958"><ele>3423.39990234375</ele><time>2025-07-24T20:57:30Z</time></rtept><rtept lat="40.267773" lon="-105.588816"><ele>3422.60009765625</ele><time>2025-07-24T20:57:30Z</time></rtept><rtept lat="40.267776" lon="-105.588702"><ele>3421.800048828125</ele><time>2025-07-24T20:57:30Z</time></rtept><rtept lat="40.267778" lon="-105.58861"><ele>3420.800048828125</ele><time>2025-07-24T20:57:30Z</time></rtept><rtept lat="40.267782" lon="-105.588522"><ele>3420.199951171875</ele><time>2025-07-24T20:57:30Z</time></rtept><rtept lat="40.267805" lon="-105.588426"><ele>3418.0</ele><time>2025-07-24T20:57:30Z</time></rtept><rtept lat="40.267833" lon="-105.588348"><ele>3417.199951171875</ele><time>2025-07-24T20:57:30Z</time></rtept><rtept lat="40.267855" lon="-105.588267"><ele>3416.39990234375</ele><time>2025-07-24T20:57:30Z</time></rtept><rtept lat="40.267887" lon="-105.588223"><ele>3414.39990234375</ele><time>2025-07-24T20:57:30Z</time></rtept><rtept lat="40.268018" lon="-105.588037"><ele>3409.39990234375</ele><time>2025-07-24T20:57:30Z</time></rtept><rtept lat="40.268071" lon="-105.587917"><ele>3407.199951171875</ele><time>2025-07-24T20:57:30Z</time></rtept><rtept lat="40.268096" lon="-105.587845"><ele>3406.39990234375</ele><time>2025-07-24T20:57:30Z</time></rtept><rtept lat="40.268126" lon="-105.587673"><ele>3404.800048828125</ele><time>2025-07-24T20:57:30Z</time></rtept><rtept lat="40.268126" lon="-105.587526"><ele>3403.199951171875</ele><time>2025-07-24T20:57:30Z</time></rtept><rtept lat="40.268155" lon="-105.587214"><ele>3400.60009765625</ele><time>2025-07-24T20:57:30Z</time></rtept><rtept lat="40.268154" lon="-105.587065"><ele>3399.800048828125</ele><time>2025-07-24T20:57:30Z</time></rtept><rtept lat="40.268173" lon="-105.587009"><ele>3399.39990234375</ele><time>2025-07-24T20:57:30Z</time></rtept><rtept lat="40.268202" lon="-105.586956"><ele>3398.39990234375</ele><time>2025-07-24T20:57:30Z</time></rtept><rtept lat="40.268212" lon="-105.586906"><ele>3397.800048828125</ele><time>2025-07-24T20:57:30Z</time></rtept><rtept lat="40.26821" lon="-105.586865"><ele>3397.800048828125</ele><time>2025-07-24T20:57:30Z</time></rtept><rtept lat="40.268203" lon="-105.586784"><ele>3397.39990234375</ele><time>2025-07-24T20:57:30Z</time></rtept><rtept lat="40.268213" lon="-105.586713"><ele>3396.60009765625</ele><time>2025-07-24T20:57:30Z</time></rtept><rtept lat="40.268238" lon="-105.586679"><ele>3396.0</ele><time>2025-07-24T20:57:30Z</time></rtept><rtept lat="40.2683" lon="-105.58659"><ele>3394.0</ele><time>2025-07-24T20:57:30Z</time></rtept><rtept lat="40.268412" lon="-105.586388"><ele>3390.60009765625</ele><time>2025-07-24T20:57:30Z</time></rtept><rtept lat="40.268454" lon="-105.586275"><ele>3390.0</ele><time>2025-07-24T20:57:30Z</time></rtept><rtept lat="40.268559" lon="-105.585991"><ele>3387.0</ele><time>2025-07-24T20:57:30Z</time></rtept><rtept lat="40.2686" lon="-105.585865"><ele>3386.0</ele><time>2025-07-24T20:57:30Z</time></rtept><rtept lat="40.268673" lon="-105.585724"><ele>3384.39990234375</ele><time>2025-07-24T20:57:30Z</time></rtept><rtept lat="40.268727" lon="-105.585646"><ele>3383.199951171875</ele><time>2025-07-24T20:57:30Z</time></rtept><rtept lat="40.268779" lon="-105.585548"><ele>3382.800048828125</ele><time>2025-07-24T20:57:30Z</time></rtept><rtept lat="40.268835" lon="-105.585377"><ele>3381.0</ele><time>2025-07-24T20:57:30Z</time></rtept><rtept lat="40.268915" lon="-105.585204"><ele>3379.39990234375</ele><time>2025-07-24T20:57:30Z</time></rtept><rtept lat="40.268915" lon="-105.585204"><ele>3379.39990234375</ele><time>2025-07-24T20:57:30Z</time></rtept><rtept lat="40.268974" lon="-105.585076"><ele>3378.0</ele><time>2025-07-24T20:57:30Z</time></rtept><rtept lat="40.269089" lon="-105.584839"><ele>3375.39990234375</ele><time>2025-07-24T20:57:30Z</time></rtept><rtept lat="40.269129" lon="-105.584739"><ele>3374.199951171875</ele><time>2025-07-24T20:57:30Z</time></rtept><rtept lat="40.269153" lon="-105.584657"><ele>3373.800048828125</ele><time>2025-07-24T20:57:30Z</time></rtept><rtept lat="40.269165" lon="-105.584555"><ele>3373.60009765625</ele><time>2025-07-24T20:57:30Z</time></rtept><rtept lat="40.269193" lon="-105.584418"><ele>3372.0</ele><time>2025-07-24T20:57:30Z</time></rtept><rtept lat="40.269214" lon="-105.584274"><ele>3371.199951171875</ele><time>2025-07-24T20:57:30Z</time></rtept><rtept lat="40.26923" lon="-105.584165"><ele>3371.0</ele><time>2025-07-24T20:57:30Z</time></rtept><rtept lat="40.26928" lon="-105.584093"><ele>3369.60009765625</ele><time>2025-07-24T20:57:30Z</time></rtept><rtept lat="40.269357" lon="-105.58403"><ele>3368.60009765625</ele><time>2025-07-24T20:57:30Z</time></rtept><rtept lat="40.269409" lon="-105.584009"><ele>3367.0</ele><time>2025-07-24T20:57:30Z</time></rtept><rtept lat="40.26945" lon="-105.584015"><ele>3365.800048828125</ele><time>2025-07-24T20:57:30Z</time></rtept><rtept lat="40.269491" lon="-105.584028"><ele>3366.39990234375</ele><time>2025-07-24T20:57:30Z</time></rtept><rtept lat="40.269533" lon="-105.584056"><ele>3365.0</ele><time>2025-07-24T20:57:30Z</time></rtept><rtept lat="40.269567" lon="-105.584088"><ele>3365.0</ele><time>2025-07-24T20:57:30Z</time></rtept><rtept lat="40.269636" lon="-105.584156"><ele>3364.199951171875</ele><time>2025-07-24T20:57:30Z</time></rtept><rtept lat="40.269728" lon="-105.584272"><ele>3361.800048828125</ele><time>2025-07-24T20:57:30Z</time></rtept><rtept lat="40.269825" lon="-105.5844"><ele>3361.60009765625</ele><time>2025-07-24T20:57:30Z</time></rtept><rtept lat="40.269841" lon="-105.584424"><ele>3360.0</ele><time>2025-07-24T20:57:30Z</time></rtept><rtept lat="40.269876" lon="-105.584437"><ele>3360.0</ele><time>2025-07-24T20:57:30Z</time></rtept><rtept lat="40.269906" lon="-105.584416"><ele>3358.60009765625</ele><time>2025-07-24T20:57:30Z</time></rtept><rtept lat="40.269924" lon="-105.584396"><ele>3358.60009765625</ele><time>2025-07-24T20:57:30Z</time></rtept><rtept lat="40.269948" lon="-105.58438"><ele>3358.60009765625</ele><time>2025-07-24T20:57:30Z</time></rtept><rtept lat="40.270014" lon="-105.584367"><ele>3357.199951171875</ele><time>2025-07-24T20:57:30Z</time></rtept><rtept lat="40.270134" lon="-105.584365"><ele>3354.199951171875</ele><time>2025-07-24T20:57:30Z</time></rtept><rtept lat="40.270281" lon="-105.584365"><ele>3350.60009765625</ele><time>2025-07-24T20:57:30Z</time></rtept><rtept lat="40.270362" lon="-105.584351"><ele>3345.800048828125</ele><time>2025-07-24T20:57:30Z</time></rtept><rtept lat="40.27042" lon="-105.58432"><ele>3345.800048828125</ele><time>2025-07-24T20:57:30Z</time></rtept><rtept lat="40.27047" lon="-105.584305"><ele>3344.199951171875</ele><time>2025-07-24T20:57:30Z</time></rtept><rtept lat="40.27053" lon="-105.584301"><ele>3342.60009765625</ele><time>2025-07-24T20:57:30Z</time></rtept><rtept lat="40.270609" lon="-105.584315"><ele>3341.199951171875</ele><time>2025-07-24T20:57:30Z</time></rtept><rtept lat="40.270662" lon="-105.584323"><ele>3340.199951171875</ele><time>2025-07-24T20:57:30Z</time></rtept><rtept lat="40.270725" lon="-105.584322"><ele>3339.39990234375</ele><time>2025-07-24T20:57:30Z</time></rtept><rtept lat="40.270772" lon="-105.584313"><ele>3338.39990234375</ele><time>2025-07-24T20:57:30Z</time></rtept><rtept lat="40.270841" lon="-105.584236"><ele>3337.0</ele><time>2025-07-24T20:57:30Z</time></rtept><rtept lat="40.27077" lon="-105.583944"><ele>3334.800048828125</ele><time>2025-07-24T20:57:30Z</time></rtept><rtept lat="40.270757" lon="-105.583866"><ele>3334.0</ele><time>2025-07-24T20:57:30Z</time></rtept><rtept lat="40.27076" lon="-105.583723"><ele>3332.199951171875</ele><time>2025-07-24T20:57:30Z</time></rtept><rtept lat="40.270738" lon="-105.583554"><ele>3331.60009765625</ele><time>2025-07-24T20:57:30Z</time></rtept><rtept lat="40.270735" lon="-105.583445"><ele>3330.800048828125</ele><time>2025-07-24T20:57:30Z</time></rtept><rtept lat="40.270743" lon="-105.583379"><ele>3329.800048828125</ele><time>2025-07-24T20:57:30Z</time></rtept><rtept lat="40.270757" lon="-105.583298"><ele>3327.60009765625</ele><time>2025-07-24T20:57:30Z</time></rtept><rtept lat="40.27077" lon="-105.583191"><ele>3326.800048828125</ele><time>2025-07-24T20:57:30Z</time></rtept><rtept lat="40.270761" lon="-105.583132"><ele>3325.800048828125</ele><time>2025-07-24T20:57:30Z</time></rtept><rtept lat="40.270741" lon="-105.582976"><ele>3325.199951171875</ele><time>2025-07-24T20:57:30Z</time></rtept><rtept lat="40.270719" lon="-105.58283"><ele>3324.39990234375</ele><time>2025-07-24T20:57:30Z</time></rtept><rtept lat="40.270707" lon="-105.58277"><ele>3323.60009765625</ele><time>2025-07-24T20:57:30Z</time></rtept><rtept lat="40.270696" lon="-105.582736"><ele>3323.60009765625</ele><time>2025-07-24T20:57:30Z</time></rtept><rtept lat="40.270658" lon="-105.582679"><ele>3323.800048828125</ele><time>2025-07-24T20:57:30Z</time></rtept><rtept lat="40.27056" lon="-105.58254"><ele>3323.199951171875</ele><time>2025-07-24T20:57:30Z</time></rtept><rtept lat="40.270547" lon="-105.582497"><ele>3324.39990234375</ele><time>2025-07-24T20:57:30Z</time></rtept><rtept lat="40.270542" lon="-105.582446"><ele>3323.39990234375</ele><time>2025-07-24T20:57:30Z</time></rtept><rtept lat="40.270554" lon="-105.582371"><ele>3322.39990234375</ele><time>2025-07-24T20:57:30Z</time></rtept><rtept lat="40.270567" lon="-105.582303"><ele>3320.0</ele><time>2025-07-24T20:57:30Z</time></rtept><rtept lat="40.270581" lon="-105.582256"><ele>3320.0</ele><time>2025-07-24T20:57:30Z</time></rtept><rtept lat="40.270602" lon="-105.582202"><ele>3319.0</ele><time>2025-07-24T20:57:30Z</time></rtept><rtept lat="40.270615" lon="-105.582147"><ele>3319.0</ele><time>2025-07-24T20:57:30Z</time></rtept><rtept lat="40.27063" lon="-105.582009"><ele>3315.199951171875</ele><time>2025-07-24T20:57:30Z</time></rtept><rtept lat="40.270637" lon="-105.581895"><ele>3314.0</ele><time>2025-07-24T20:57:30Z</time></rtept><rtept lat="40.270657" lon="-105.581716"><ele>3311.60009765625</ele><time>2025-07-24T20:57:30Z</time></rtept><rtept lat="40.270682" lon="-105.581525"><ele>3308.199951171875</ele><time>2025-07-24T20:57:30Z</time></rtept><rtept lat="40.270689" lon="-105.581409"><ele>3305.60009765625</ele><time>2025-07-24T20:57:30Z</time></rtept><rtept lat="40.270697" lon="-105.581306"><ele>3304.39990234375</ele><time>2025-07-24T20:57:30Z</time></rtept><rtept lat="40.270709" lon="-105.581234"><ele>3303.39990234375</ele><time>2025-07-24T20:57:30Z</time></rtept><rtept lat="40.270745" lon="-105.581116"><ele>3302.199951171875</ele><time>2025-07-24T20:57:30Z</time></rtept><rtept lat="40.27077" lon="-105.581011"><ele>3298.199951171875</ele><time>2025-07-24T20:57:30Z</time></rtept><rtept lat="40.270756" lon="-105.580911"><ele>3297.0</ele><time>2025-07-24T20:57:30Z</time></rtept><rtept lat="40.270743" lon="-105.580834"><ele>3297.199951171875</ele><time>2025-07-24T20:57:30Z</time></rtept><rtept lat="40.270729" lon="-105.58077"><ele>3297.199951171875</ele><time>2025-07-24T20:57:30Z</time></rtept><rtept lat="40.270687" lon="-105.580656"><ele>3294.60009765625</ele><time>2025-07-24T20:57:30Z</time></rtept><rtept lat="40.270665" lon="-105.580583"><ele>3294.60009765625</ele><time>2025-07-24T20:57:30Z</time></rtept><rtept lat="40.270657" lon="-105.580454"><ele>3293.39990234375</ele><time>2025-07-24T20:57:30Z</time></rtept><rtept lat="40.270649" lon="-105.580391"><ele>3292.0</ele><time>2025-07-24T20:57:30Z</time></rtept><rtept lat="40.27064" lon="-105.580358"><ele>3292.0</ele><time>2025-07-24T20:57:30Z</time></rtept><rtept lat="40.270613" lon="-105.58028"><ele>3292.0</ele><time>2025-07-24T20:57:30Z</time></rtept><rtept lat="40.270606" lon="-105.580219"><ele>3290.60009765625</ele><time>2025-07-24T20:57:30Z</time></rtept><rtept lat="40.270606" lon="-105.580166"><ele>3290.60009765625</ele><time>2025-07-24T20:57:30Z</time></rtept><rtept lat="40.270611" lon="-105.579878"><ele>3285.60009765625</ele><time>2025-07-24T20:57:30Z</time></rtept><rtept lat="40.270599" lon="-105.579761"><ele>3284.199951171875</ele><time>2025-07-24T20:57:30Z</time></rtept><rtept lat="40.270552" lon="-105.579644"><ele>3284.0</ele><time>2025-07-24T20:57:30Z</time></rtept><rtept lat="40.270527" lon="-105.579551"><ele>3281.39990234375</ele><time>2025-07-24T20:57:30Z</time></rtept><rtept lat="40.270525" lon="-105.579469"><ele>3280.0</ele><time>2025-07-24T20:57:30Z</time></rtept><rtept lat="40.270497" lon="-105.579386"><ele>3280.0</ele><time>2025-07-24T20:57:30Z</time></rtept><rtept lat="40.270418" lon="-105.579258"><ele>3278.800048828125</ele><time>2025-07-24T20:57:30Z</time></rtept><rtept lat="40.270336" lon="-105.579115"><ele>3276.39990234375</ele><time>2025-07-24T20:57:30Z</time></rtept><rtept lat="40.270281" lon="-105.578996"><ele>3275.39990234375</ele><time>2025-07-24T20:57:30Z</time></rtept><rtept lat="40.270184" lon="-105.57884"><ele>3272.60009765625</ele><time>2025-07-24T20:57:30Z</time></rtept><rtept lat="40.270132" lon="-105.578791"><ele>3273.39990234375</ele><time>2025-07-24T20:57:30Z</time></rtept><rtept lat="40.270104" lon="-105.578762"><ele>3271.60009765625</ele><time>2025-07-24T20:57:30Z</time></rtept><rtept lat="40.270043" lon="-105.578741"><ele>3272.60009765625</ele><time>2025-07-24T20:57:30Z</time></rtept><rtept lat="40.270038" lon="-105.578719"><ele>3272.60009765625</ele><time>2025-07-24T20:57:30Z</time></rtept><rtept lat="40.270045" lon="-105.578703"><ele>3272.60009765625</ele><time>2025-07-24T20:57:30Z</time></rtept><rtept lat="40.270213" lon="-105.578694"><ele>3269.0</ele><time>2025-07-24T20:57:30Z</time></rtept><rtept lat="40.270291" lon="-105.578643"><ele>3268.199951171875</ele><time>2025-07-24T20:57:30Z</time></rtept><rtept lat="40.270362" lon="-105.578567"><ele>3265.60009765625</ele><time>2025-07-24T20:57:30Z</time></rtept><rtept lat="40.270431" lon="-105.578541"><ele>3265.0</ele><time>2025-07-24T20:57:30Z</time></rtept><rtept lat="40.270599" lon="-105.578529"><ele>3264.0</ele><time>2025-07-24T20:57:30Z</time></rtept><rtept lat="40.270646" lon="-105.578535"><ele>3263.60009765625</ele><time>2025-07-24T20:57:30Z</time></rtept><rtept lat="40.270697" lon="-105.578551"><ele>3263.0</ele><time>2025-07-24T20:57:30Z</time></rtept><rtept lat="40.270746" lon="-105.578579"><ele>3263.0</ele><time>2025-07-24T20:57:30Z</time></rtept><rtept lat="40.270842" lon="-105.578589"><ele>3262.0</ele><time>2025-07-24T20:57:30Z</time></rtept><rtept lat="40.270925" lon="-105.578654"><ele>3262.800048828125</ele><time>2025-07-24T20:57:30Z</time></rtept><rtept lat="40.271295" lon="-105.578635"><ele>3258.39990234375</ele><time>2025-07-24T20:57:30Z</time></rtept><rtept lat="40.271462" lon="-105.578661"><ele>3256.39990234375</ele><time>2025-07-24T20:57:30Z</time></rtept><rtept lat="40.271678" lon="-105.578693"><ele>3251.39990234375</ele><time>2025-07-24T20:57:30Z</time></rtept><rtept lat="40.271786" lon="-105.578734"><ele>3251.60009765625</ele><time>2025-07-24T20:57:30Z</time></rtept><rtept lat="40.271908" lon="-105.57875"><ele>3249.39990234375</ele><time>2025-07-24T20:57:30Z</time></rtept><rtept lat="40.271974" lon="-105.578771"><ele>3248.0</ele><time>2025-07-24T20:57:30Z</time></rtept><rtept lat="40.272038" lon="-105.578797"><ele>3248.0</ele><time>2025-07-24T20:57:30Z</time></rtept><rtept lat="40.272095" lon="-105.578839"><ele>3246.800048828125</ele><time>2025-07-24T20:57:30Z</time></rtept><rtept lat="40.272198" lon="-105.578937"><ele>3244.800048828125</ele><time>2025-07-24T20:57:30Z</time></rtept><rtept lat="40.272386" lon="-105.579"><ele>3242.199951171875</ele><time>2025-07-24T20:57:30Z</time></rtept><rtept lat="40.27244" lon="-105.579035"><ele>3239.800048828125</ele><time>2025-07-24T20:57:30Z</time></rtept><rtept lat="40.272476" lon="-105.579086"><ele>3239.39990234375</ele><time>2025-07-24T20:57:30Z</time></rtept><rtept lat="40.272611" lon="-105.579245"><ele>3237.800048828125</ele><time>2025-07-24T20:57:30Z</time></rtept><rtept lat="40.272712" lon="-105.579337"><ele>3236.800048828125</ele><time>2025-07-24T20:57:30Z</time></rtept><rtept lat="40.272798" lon="-105.579369"><ele>3232.0</ele><time>2025-07-24T20:57:30Z</time></rtept><rtept lat="40.272836" lon="-105.5794"><ele>3233.199951171875</ele><time>2025-07-24T20:57:30Z</time></rtept><rtept lat="40.272996" lon="-105.579629"><ele>3228.199951171875</ele><time>2025-07-24T20:57:30Z</time></rtept><rtept lat="40.272999" lon="-105.579635"><ele>3228.199951171875</ele><time>2025-07-24T20:57:30Z</time></rtept><rtept lat="40.272999" lon="-105.579635"><ele>3228.199951171875</ele><time>2025-07-24T20:57:30Z</time></rtept><rtept lat="40.273068" lon="-105.579806"><ele>3227.199951171875</ele><time>2025-07-24T20:57:30Z</time></rtept><rtept lat="40.27313" lon="-105.579902"><ele>3225.39990234375</ele><time>2025-07-24T20:57:30Z</time></rtept><rtept lat="40.273174" lon="-105.580007"><ele>3223.39990234375</ele><time>2025-07-24T20:57:30Z</time></rtept><rtept lat="40.273213" lon="-105.580078"><ele>3225.39990234375</ele><time>2025-07-24T20:57:30Z</time></rtept><rtept lat="40.273227" lon="-105.58013"><ele>3225.39990234375</ele><time>2025-07-24T20:57:30Z</time></rtept><rtept lat="40.273338" lon="-105.580101"><ele>3223.800048828125</ele><time>2025-07-24T20:57:30Z</time></rtept><rtept lat="40.273403" lon="-105.580065"><ele>3221.0</ele><time>2025-07-24T20:57:30Z</time></rtept><rtept lat="40.273887" lon="-105.57976"><ele>3214.800048828125</ele><time>2025-07-24T20:57:30Z</time></rtept><rtept lat="40.274" lon="-105.579702"><ele>3212.800048828125</ele><time>2025-07-24T20:57:30Z</time></rtept><rtept lat="40.27415" lon="-105.579657"><ele>3213.0</ele><time>2025-07-24T20:57:30Z</time></rtept><rtept lat="40.274254" lon="-105.579597"><ele>3211.0</ele><time>2025-07-24T20:57:30Z</time></rtept><rtept lat="40.274339" lon="-105.579573"><ele>3211.199951171875</ele><time>2025-07-24T20:57:30Z</time></rtept><rtept lat="40.274426" lon="-105.579579"><ele>3211.0</ele><time>2025-07-24T20:57:30Z</time></rtept><rtept lat="40.274491" lon="-105.579569"><ele>3211.0</ele><time>2025-07-24T20:57:30Z</time></rtept><rtept lat="40.274631" lon="-105.579511"><ele>3208.199951171875</ele><time>2025-07-24T20:57:30Z</time></rtept><rtept lat="40.27474" lon="-105.57947"><ele>3205.39990234375</ele><time>2025-07-24T20:57:30Z</time></rtept><rtept lat="40.27486" lon="-105.579456"><ele>3204.800048828125</ele><time>2025-07-24T20:57:30Z</time></rtept><rtept lat="40.275025" lon="-105.579362"><ele>3201.0</ele><time>2025-07-24T20:57:30Z</time></rtept><rtept lat="40.275129" lon="-105.579276"><ele>3198.199951171875</ele><time>2025-07-24T20:57:30Z</time></rtept><rtept lat="40.275282" lon="-105.579241"><ele>3196.39990234375</ele><time>2025-07-24T20:57:30Z</time></rtept><rtept lat="40.275359" lon="-105.579171"><ele>3192.800048828125</ele><time>2025-07-24T20:57:30Z</time></rtept><rtept lat="40.2753" lon="-105.579101"><ele>3190.60009765625</ele><time>2025-07-24T20:57:30Z</time></rtept><rtept lat="40.275238" lon="-105.579055"><ele>3191.60009765625</ele><time>2025-07-24T20:57:30Z</time></rtept><rtept lat="40.275218" lon="-105.579016"><ele>3188.800048828125</ele><time>2025-07-24T20:57:30Z</time></rtept><rtept lat="40.275158" lon="-105.578961"><ele>3189.60009765625</ele><time>2025-07-24T20:57:30Z</time></rtept><rtept lat="40.274869" lon="-105.578753"><ele>3183.39990234375</ele><time>2025-07-24T20:57:30Z</time></rtept><rtept lat="40.274611" lon="-105.578601"><ele>3178.800048828125</ele><time>2025-07-24T20:57:30Z</time></rtept><rtept lat="40.274532" lon="-105.578523"><ele>3176.0</ele><time>2025-07-24T20:57:30Z</time></rtept><rtept lat="40.274406" lon="-105.578432"><ele>3172.60009765625</ele><time>2025-07-24T20:57:30Z</time></rtept><rtept lat="40.274304" lon="-105.578365"><ele>3172.0</ele><time>2025-07-24T20:57:30Z</time></rtept><rtept lat="40.274366" lon="-105.578329"><ele>3169.199951171875</ele><time>2025-07-24T20:57:30Z</time></rtept><rtept lat="40.274424" lon="-105.578345"><ele>3169.800048828125</ele><time>2025-07-24T20:57:30Z</time></rtept><rtept lat="40.274568" lon="-105.578315"><ele>3171.0</ele><time>2025-07-24T20:57:30Z</time></rtept><rtept lat="40.274756" lon="-105.578323"><ele>3171.60009765625</ele><time>2025-07-24T20:57:30Z</time></rtept><rtept lat="40.274854" lon="-105.578324"><ele>3171.60009765625</ele><time>2025-07-24T20:57:30Z</time></rtept><rtept lat="40.274843" lon="-105.578294"><ele>3171.60009765625</ele><time>2025-07-24T20:57:30Z</time></rtept><rtept lat="40.274795" lon="-105.578273"><ele>3171.60009765625</ele><time>2025-07-24T20:57:30Z</time></rtept><rtept lat="40.274742" lon="-105.578204"><ele>3168.0</ele><time>2025-07-24T20:57:30Z</time></rtept><rtept lat="40.274694" lon="-105.578151"><ele>3164.199951171875</ele><time>2025-07-24T20:57:30Z</time></rtept><rtept lat="40.274622" lon="-105.578093"><ele>3159.800048828125</ele><time>2025-07-24T20:57:30Z</time></rtept><rtept lat="40.274579" lon="-105.578055"><ele>3159.39990234375</ele><time>2025-07-24T20:57:30Z</time></rtept><rtept lat="40.274441" lon="-105.577994"><ele>3153.199951171875</ele><time>2025-07-24T20:57:30Z</time></rtept><rtept lat="40.274272" lon="-105.577979"><ele>3151.0</ele><time>2025-07-24T20:57:30Z</time></rtept><rtept lat="40.274181" lon="-105.577952"><ele>3150.39990234375</ele><time>2025-07-24T20:57:30Z</time></rtept><rtept lat="40.274344" lon="-105.577846"><ele>3147.60009765625</ele><time>2025-07-24T20:57:30Z</time></rtept><rtept lat="40.274441" lon="-105.577774"><ele>3145.0</ele><time>2025-07-24T20:57:30Z</time></rtept><rtept lat="40.274521" lon="-105.577735"><ele>3142.39990234375</ele><time>2025-07-24T20:57:30Z</time></rtept><rtept lat="40.274621" lon="-105.577685"><ele>3143.39990234375</ele><time>2025-07-24T20:57:30Z</time></rtept><rtept lat="40.274731" lon="-105.577677"><ele>3144.199951171875</ele><time>2025-07-24T20:57:30Z</time></rtept><rtept lat="40.274791" lon="-105.577677"><ele>3145.199951171875</ele><time>2025-07-24T20:57:30Z</time></rtept><rtept lat="40.274822" lon="-105.577645"><ele>3144.60009765625</ele><time>2025-07-24T20:57:30Z</time></rtept><rtept lat="40.274856" lon="-105.57757"><ele>3144.0</ele><time>2025-07-24T20:57:30Z</time></rtept><rtept lat="40.274833" lon="-105.577468"><ele>3144.199951171875</ele><time>2025-07-24T20:57:30Z</time></rtept><rtept lat="40.274729" lon="-105.576827"><ele>3140.199951171875</ele><time>2025-07-24T20:57:30Z</time></rtept><rtept lat="40.274616" lon="-105.576082"><ele>3140.199951171875</ele><time>2025-07-24T20:57:30Z</time></rtept><rtept lat="40.274469" lon="-105.575572"><ele>3131.800048828125</ele><time>2025-07-24T20:57:30Z</time></rtept><rtept lat="40.274319" lon="-105.575276"><ele>3127.0</ele><time>2025-07-24T20:57:30Z</time></rtept><rtept lat="40.274172" lon="-105.574945"><ele>3123.39990234375</ele><time>2025-07-24T20:57:30Z</time></rtept><rtept lat="40.274097" lon="-105.574681"><ele>3122.199951171875</ele><time>2025-07-24T20:57:30Z</time></rtept><rtept lat="40.274005" lon="-105.57445"><ele>3118.60009765625</ele><time>2025-07-24T20:57:30Z</time></rtept><rtept lat="40.273897" lon="-105.574137"><ele>3117.39990234375</ele><time>2025-07-24T20:57:30Z</time></rtept><rtept lat="40.273868" lon="-105.573861"><ele>3116.0</ele><time>2025-07-24T20:57:30Z</time></rtept><rtept lat="40.273829" lon="-105.57363"><ele>3116.60009765625</ele><time>2025-07-24T20:57:30Z</time></rtept><rtept lat="40.273756" lon="-105.573254"><ele>3111.60009765625</ele><time>2025-07-24T20:57:30Z</time></rtept><rtept lat="40.273669" lon="-105.572877"><ele>3109.0</ele><time>2025-07-24T20:57:30Z</time></rtept><rtept lat="40.27365" lon="-105.572761"><ele>3108.800048828125</ele><time>2025-07-24T20:57:30Z</time></rtept><rtept lat="40.273634" lon="-105.572436"><ele>3108.39990234375</ele><time>2025-07-24T20:57:30Z</time></rtept><rtept lat="40.27361" lon="-105.572322"><ele>3106.800048828125</ele><time>2025-07-24T20:57:30Z</time></rtept><rtept lat="40.273506" lon="-105.572029"><ele>3105.199951171875</ele><time>2025-07-24T20:57:30Z</time></rtept><rtept lat="40.273436" lon="-105.571754"><ele>3103.39990234375</ele><time>2025-07-24T20:57:30Z</time></rtept><rtept lat="40.273311" lon="-105.571456"><ele>3099.60009765625</ele><time>2025-07-24T20:57:30Z</time></rtept><rtept lat="40.273241" lon="-105.571253"><ele>3097.60009765625</ele><time>2025-07-24T20:57:30Z</time></rtept><rtept lat="40.273074" lon="-105.570566"><ele>3093.0</ele><time>2025-07-24T20:57:30Z</time></rtept><rtept lat="40.272968" lon="-105.570218"><ele>3089.39990234375</ele><time>2025-07-24T20:57:30Z</time></rtept><rtept lat="40.272831" lon="-105.56987"><ele>3085.199951171875</ele><time>2025-07-24T20:57:30Z</time></rtept><rtept lat="40.27268" lon="-105.569362"><ele>3082.800048828125</ele><time>2025-07-24T20:57:30Z</time></rtept><rtept lat="40.27263" lon="-105.568912"><ele>3080.39990234375</ele><time>2025-07-24T20:57:30Z</time></rtept><rtept lat="40.272643" lon="-105.568786"><ele>3078.60009765625</ele><time>2025-07-24T20:57:30Z</time></rtept><rtept lat="40.272698" lon="-105.568667"><ele>3078.60009765625</ele><time>2025-07-24T20:57:30Z</time></rtept><rtept lat="40.272804" lon="-105.568496"><ele>3077.800048828125</ele><time>2025-07-24T20:57:30Z</time></rtept><rtept lat="40.272954" lon="-105.568346"><ele>3074.0</ele><time>2025-07-24T20:57:30Z</time></rtept><rtept lat="40.273053" lon="-105.568193"><ele>3067.60009765625</ele><time>2025-07-24T20:57:30Z</time></rtept><rtept lat="40.273118" lon="-105.568123"><ele>3063.800048828125</ele><time>2025-07-24T20:57:30Z</time></rtept><rtept lat="40.27327" lon="-105.567925"><ele>3057.199951171875</ele><time>2025-07-24T20:57:30Z</time></rtept><rtept lat="40.273139" lon="-105.567933"><ele>3054.39990234375</ele><time>2025-07-24T20:57:30Z</time></rtept><rtept lat="40.27293" lon="-105.568019"><ele>3054.39990234375</ele><time>2025-07-24T20:57:30Z</time></rtept><rtept lat="40.272697" lon="-105.568051"><ele>3050.0</ele><time>2025-07-24T20:57:30Z</time></rtept><rtept lat="40.272584" lon="-105.568053"><ele>3049.199951171875</ele><time>2025-07-24T20:57:30Z</time></rtept><rtept lat="40.272504" lon="-105.568001"><ele>3049.39990234375</ele><time>2025-07-24T20:57:30Z</time></rtept><rtept lat="40.27239" lon="-105.567911"><ele>3046.800048828125</ele><time>2025-07-24T20:57:30Z</time></rtept><rtept lat="40.272159" lon="-105.567735"><ele>3043.0</ele><time>2025-07-24T20:57:30Z</time></rtept><rtept lat="40.272022" lon="-105.567569"><ele>3038.199951171875</ele><time>2025-07-24T20:57:30Z</time></rtept><rtept lat="40.271927" lon="-105.56744"><ele>3034.39990234375</ele><time>2025-07-24T20:57:30Z</time></rtept><rtept lat="40.271841" lon="-105.567345"><ele>3032.60009765625</ele><time>2025-07-24T20:57:30Z</time></rtept><rtept lat="40.27178" lon="-105.567303"><ele>3032.199951171875</ele><time>2025-07-24T20:57:30Z</time></rtept><rtept lat="40.27171" lon="-105.567283"><ele>3030.39990234375</ele><time>2025-07-24T20:57:30Z</time></rtept><rtept lat="40.271624" lon="-105.567314"><ele>3031.39990234375</ele><time>2025-07-24T20:57:30Z</time></rtept><rtept lat="40.271498" lon="-105.567332"><ele>3030.199951171875</ele><time>2025-07-24T20:57:30Z</time></rtept><rtept lat="40.271414" lon="-105.567301"><ele>3029.60009765625</ele><time>2025-07-24T20:57:30Z</time></rtept><rtept lat="40.271341" lon="-105.567209"><ele>3027.60009765625</ele><time>2025-07-24T20:57:30Z</time></rtept><rtept lat="40.271242" lon="-105.567112"><ele>3026.0</ele><time>2025-07-24T20:57:30Z</time></rtept><rtept lat="40.271289" lon="-105.567064"><ele>3024.0</ele><time>2025-07-24T20:57:30Z</time></rtept><rtept lat="40.271365" lon="-105.567042"><ele>3024.39990234375</ele><time>2025-07-24T20:57:30Z</time></rtept><rtept lat="40.271434" lon="-105.566999"><ele>3023.800048828125</ele><time>2025-07-24T20:57:30Z</time></rtept><rtept lat="40.271493" lon="-105.566944"><ele>3024.800048828125</ele><time>2025-07-24T20:57:30Z</time></rtept><rtept lat="40.271608" lon="-105.566849"><ele>3022.60009765625</ele><time>2025-07-24T20:57:30Z</time></rtept><rtept lat="40.271739" lon="-105.566696"><ele>3021.60009765625</ele><time>2025-07-24T20:57:30Z</time></rtept><rtept lat="40.271817" lon="-105.566594"><ele>3017.60009765625</ele><time>2025-07-24T20:57:30Z</time></rtept><rtept lat="40.27195" lon="-105.566477"><ele>3016.199951171875</ele><time>2025-07-24T20:57:30Z</time></rtept><rtept lat="40.272034" lon="-105.566379"><ele>3014.39990234375</ele><time>2025-07-24T20:57:30Z</time></rtept><rtept lat="40.27211" lon="-105.566321"><ele>3012.199951171875</ele><time>2025-07-24T20:57:30Z</time></rtept><rtept lat="40.272205" lon="-105.566302"><ele>3012.0</ele><time>2025-07-24T20:57:30Z</time></rtept><rtept lat="40.272308" lon="-105.566329"><ele>3011.60009765625</ele><time>2025-07-24T20:57:30Z</time></rtept><rtept lat="40.272439" lon="-105.566349"><ele>3012.60009765625</ele><time>2025-07-24T20:57:30Z</time></rtept><rtept lat="40.272652" lon="-105.566419"><ele>3008.199951171875</ele><time>2025-07-24T20:57:30Z</time></rtept><rtept lat="40.272799" lon="-105.566364"><ele>3005.39990234375</ele><time>2025-07-24T20:57:30Z</time></rtept><rtept lat="40.272883" lon="-105.566315"><ele>3002.0</ele><time>2025-07-24T20:57:30Z</time></rtept><rtept lat="40.273018" lon="-105.56623"><ele>2996.199951171875</ele><time>2025-07-24T20:57:30Z</time></rtept><rtept lat="40.273147" lon="-105.56613"><ele>2991.39990234375</ele><time>2025-07-24T20:57:30Z</time></rtept><rtept lat="40.273279" lon="-105.566023"><ele>2988.60009765625</ele><time>2025-07-24T20:57:30Z</time></rtept><rtept lat="40.273308" lon="-105.565996"><ele>2986.800048828125</ele><time>2025-07-24T20:57:30Z</time></rtept><rtept lat="40.273308" lon="-105.565996"><ele>2986.800048828125</ele><time>2025-07-24T20:57:30Z</time></rtept><rtept lat="40.273635" lon="-105.565693"><ele>2981.0</ele><time>2025-07-24T20:57:30Z</time></rtept><rtept lat="40.273783" lon="-105.565575"><ele>2979.199951171875</ele><time>2025-07-24T20:57:30Z</time></rtept><rtept lat="40.273933" lon="-105.565469"><ele>2975.199951171875</ele><time>2025-07-24T20:57:30Z</time></rtept><rtept lat="40.274074" lon="-105.565385"><ele>2973.0</ele><time>2025-07-24T20:57:30Z</time></rtept><rtept lat="40.27419" lon="-105.565325"><ele>2973.0</ele><time>2025-07-24T20:57:30Z</time></rtept><rtept lat="40.274312" lon="-105.565284"><ele>2971.0</ele><time>2025-07-24T20:57:30Z</time></rtept><rtept lat="40.274439" lon="-105.565261"><ele>2970.800048828125</ele><time>2025-07-24T20:57:30Z</time></rtept><rtept lat="40.274554" lon="-105.565287"><ele>2970.39990234375</ele><time>2025-07-24T20:57:30Z</time></rtept><rtept lat="40.274769" lon="-105.565269"><ele>2969.60009765625</ele><time>2025-07-24T20:57:30Z</time></rtept><rtept lat="40.274912" lon="-105.565304"><ele>2968.800048828125</ele><time>2025-07-24T20:57:30Z</time></rtept><rtept lat="40.275109" lon="-105.565327"><ele>2968.800048828125</ele><time>2025-07-24T20:57:30Z</time></rtept><rtept lat="40.275201" lon="-105.565311"><ele>2968.199951171875</ele><time>2025-07-24T20:57:30Z</time></rtept><rtept lat="40.275292" lon="-105.565277"><ele>2965.199951171875</ele><time>2025-07-24T20:57:30Z</time></rtept><rtept lat="40.275329" lon="-105.565224"><ele>2965.199951171875</ele><time>2025-07-24T20:57:30Z</time></rtept><rtept lat="40.275254" lon="-105.565169"><ele>2964.0</ele><time>2025-07-24T20:57:30Z</time></rtept><rtept lat="40.27515" lon="-105.564998"><ele>2961.60009765625</ele><time>2025-07-24T20:57:30Z</time></rtept><rtept lat="40.27507" lon="-105.564794"><ele>2957.60009765625</ele><time>2025-07-24T20:57:30Z</time></rtept><rtept lat="40.275016" lon="-105.564536"><ele>2952.800048828125</ele><time>2025-07-24T20:57:30Z</time></rtept><rtept lat="40.27499" lon="-105.564168"><ele>2947.0</ele><time>2025-07-24T20:57:30Z</time></rtept><rtept lat="40.274941" lon="-105.563872"><ele>2942.60009765625</ele><time>2025-07-24T20:57:30Z</time></rtept><rtept lat="40.274892" lon="-105.563671"><ele>2938.60009765625</ele><time>2025-07-24T20:57:30Z</time></rtept><rtept lat="40.274764" lon="-105.56335"><ele>2936.800048828125</ele><time>2025-07-24T20:57:30Z</time></rtept><rtept lat="40.274694" lon="-105.563196"><ele>2935.199951171875</ele><time>2025-07-24T20:57:30Z</time></rtept><rtept lat="40.274545" lon="-105.562934"><ele>2934.39990234375</ele><time>2025-07-24T20:57:30Z</time></rtept><rtept lat="40.274439" lon="-105.562729"><ele>2931.0</ele><time>2025-07-24T20:57:30Z</time></rtept><rtept lat="40.274336" lon="-105.562524"><ele>2930.0</ele><time>2025-07-24T20:57:30Z</time></rtept><rtept lat="40.274296" lon="-105.562424"><ele>2928.39990234375</ele><time>2025-07-24T20:57:30Z</time></rtept><rtept lat="40.274227" lon="-105.562301"><ele>2925.39990234375</ele><time>2025-07-24T20:57:30Z</time></rtept><rtept lat="40.274049" lon="-105.562011"><ele>2922.0</ele><time>2025-07-24T20:57:30Z</time></rtept><rtept lat="40.273975" lon="-105.561789"><ele>2917.0</ele><time>2025-07-24T20:57:30Z</time></rtept><rtept lat="40.273968" lon="-105.561528"><ele>2913.60009765625</ele><time>2025-07-24T20:57:30Z</time></rtept><rtept lat="40.273954" lon="-105.561435"><ele>2914.0</ele><time>2025-07-24T20:57:30Z</time></rtept><rtept lat="40.273948" lon="-105.56135"><ele>2913.0</ele><time>2025-07-24T20:57:30Z</time></rtept><rtept lat="40.27396" lon="-105.561265"><ele>2910.60009765625</ele><time>2025-07-24T20:57:30Z</time></rtept><rtept lat="40.273953" lon="-105.561167"><ele>2911.199951171875</ele><time>2025-07-24T20:57:30Z</time></rtept><rtept lat="40.273942" lon="-105.561044"><ele>2910.39990234375</ele><time>2025-07-24T20:57:30Z</time></rtept><rtept lat="40.273964" lon="-105.560784"><ele>2906.39990234375</ele><time>2025-07-24T20:57:30Z</time></rtept><rtept lat="40.273924" lon="-105.560675"><ele>2906.800048828125</ele><time>2025-07-24T20:57:30Z</time></rtept><rtept lat="40.273855" lon="-105.560551"><ele>2906.199951171875</ele><time>2025-07-24T20:57:30Z</time></rtept><rtept lat="40.273635" lon="-105.560088"><ele>2905.199951171875</ele><time>2025-07-24T20:57:30Z</time></rtept><rtept lat="40.273528" lon="-105.559942"><ele>2905.60009765625</ele><time>2025-07-24T20:57:30Z</time></rtept><rtept lat="40.273406" lon="-105.559748"><ele>2905.60009765625</ele><time>2025-07-24T20:57:30Z</time></rtept><rtept lat="40.273341" lon="-105.55965"><ele>2905.39990234375</ele><time>2025-07-24T20:57:30Z</time></rtept><rtept lat="40.273274" lon="-105.559594"><ele>2905.0</ele><time>2025-07-24T20:57:30Z</time></rtept><rtept lat="40.273131" lon="-105.559393"><ele>2904.199951171875</ele><time>2025-07-24T20:57:30Z</time></rtept><rtept lat="40.273019" lon="-105.559207"><ele>2901.0</ele><time>2025-07-24T20:57:30Z</time></rtept><rtept lat="40.272831" lon="-105.558929"><ele>2894.39990234375</ele><time>2025-07-24T20:57:30Z</time></rtept><rtept lat="40.272743" lon="-105.558807"><ele>2892.39990234375</ele><time>2025-07-24T20:57:30Z</time></rtept><rtept lat="40.272617" lon="-105.558622"><ele>2890.60009765625</ele><time>2025-07-24T20:57:30Z</time></rtept><rtept lat="40.272459" lon="-105.558427"><ele>2886.39990234375</ele><time>2025-07-24T20:57:30Z</time></rtept><rtept lat="40.272389" lon="-105.558285"><ele>2884.800048828125</ele><time>2025-07-24T20:57:30Z</time></rtept><rtept lat="40.272273" lon="-105.55813"><ele>2881.800048828125</ele><time>2025-07-24T20:57:30Z</time></rtept><rtept lat="40.272189" lon="-105.558057"><ele>2880.800048828125</ele><time>2025-07-24T20:57:30Z</time></rtept><rtept lat="40.272106" lon="-105.55795"><ele>2879.800048828125</ele><time>2025-07-24T20:57:30Z</time></rtept><rtept lat="40.272058" lon="-105.557846"><ele>2878.60009765625</ele><time>2025-07-24T20:57:30Z</time></rtept><rtept lat="40.272004" lon="-105.557767"><ele>2877.199951171875</ele><time>2025-07-24T20:57:30Z</time></rtept><rtept lat="40.271881" lon="-105.55767"><ele>2874.60009765625</ele><time>2025-07-24T20:57:30Z</time></rtept><rtept lat="40.271833" lon="-105.55756"><ele>2873.199951171875</ele><time>2025-07-24T20:57:30Z</time></rtept><rtept lat="40.271712" lon="-105.557302"><ele>2870.199951171875</ele><time>2025-07-24T20:57:30Z</time></rtept><rtept lat="40.271623" lon="-105.557157"><ele>2869.199951171875</ele><time>2025-07-24T20:57:30Z</time></rtept><rtept lat="40.271591" lon="-105.5571"><ele>2868.199951171875</ele><time>2025-07-24T20:57:30Z</time></rtept><rtept lat="40.271832" lon="-105.556996"><ele>2867.199951171875</ele><time>2025-07-24T20:57:30Z</time></rtept><rtept lat="40.27199" lon="-105.556933"><ele>2865.199951171875</ele><time>2025-07-24T20:57:30Z</time></rtept><rtept lat="40.27216" lon="-105.556839"><ele>2862.199951171875</ele><time>2025-07-24T20:57:30Z</time></rtept><rtept lat="40.272184" lon="-105.556728"><ele>2861.0</ele><time>2025-07-24T20:57:30Z</time></rtept><rtept lat="40.272198" lon="-105.556701"><ele>2859.199951171875</ele><time>2025-07-24T20:57:30Z</time></rtept></rte></gpx>