<?xml version="1.0" encoding="UTF-8"?>
<gpx xmlns:xsi="http://www.w3.org/2001/XMLSchema-instance" xsi:schemaLocation="http://www.topografix.com/GPX/1/1 http://www.topografix.com/GPX/1/1/gpx.xsd" creator="StravaGPX" version="1.1" xmlns="http://www.topografix.com/GPX/1/1">
 <trk>
  <name>Mt. Wilson KOM!!!</name>
  <type>running</type>
  <trkseg>
   <trkpt lat="36.0812880" lon="-115.4481820">
    <ele>1105.6</ele>
   </trkpt>
   <trkpt lat="36.0812880" lon="-115.4481820">
    <ele>1105.4</ele>
   </trkpt>
   <trkpt lat="36.0812880" lon="-115.4481820">
    <ele>1105.4</ele>
   </trkpt>
   <trkpt lat="36.0812820" lon="-115.4481830">
    <ele>1105.4</ele>
   </trkpt>
   <trkpt lat="36.0812510" lon="-115.4482000">
    <ele>1105.2</ele>
   </trkpt>
   <trkpt lat="36.0812200" lon="-115.4482220">
    <ele>1105.2</ele>
   </trkpt>
   <trkpt lat="36.0811910" lon="-115.4482440">
    <ele>1105.2</ele>
   </trkpt>
   <trkpt lat="36.0811590" lon="-115.4482720">
    <ele>1105.0</ele>
   </trkpt>
   <trkpt lat="36.0811040" lon="-115.4483370">
    <ele>1104.4</ele>
   </trkpt>
   <trkpt lat="36.0810450" lon="-115.4484160">
    <ele>1104.0</ele>
   </trkpt>
   <trkpt lat="36.0810100" lon="-115.4484830">
    <ele>1104.0</ele>
   </trkpt>
   <trkpt lat="36.0810000" lon="-115.4485460">
    <ele>1104.4</ele>
   </trkpt>
   <trkpt lat="36.0809880" lon="-115.4486240">
    <ele>1104.8</ele>
   </trkpt>
   <trkpt lat="36.0809780" lon="-115.4486840">
    <ele>1105.4</ele>
   </trkpt>
   <trkpt lat="36.0809810" lon="-115.4487500">
    <ele>1106.0</ele>
   </trkpt>
   <trkpt lat="36.0809920" lon="-115.4487840">
    <ele>1106.6</ele>
   </trkpt>
   <trkpt lat="36.0810390" lon="-115.4488890">
    <ele>1107.2</ele>
   </trkpt>
   <trkpt lat="36.0810600" lon="-115.4489880">
    <ele>1107.6</ele>
   </trkpt>
   <trkpt lat="36.0810560" lon="-115.4490230">
    <ele>1107.8</ele>
   </trkpt>
   <trkpt lat="36.0809980" lon="-115.4491620">
    <ele>1108.0</ele>
   </trkpt>
   <trkpt lat="36.0809720" lon="-115.4492320">
    <ele>1108.4</ele>
   </trkpt>
   <trkpt lat="36.0809490" lon="-115.4493020">
    <ele>1108.8</ele>
   </trkpt>
   <trkpt lat="36.0808810" lon="-115.4495170">
    <ele>1109.4</ele>
   </trkpt>
   <trkpt lat="36.0808710" lon="-115.4495920">
    <ele>1109.6</ele>
   </trkpt>
   <trkpt lat="36.0808720" lon="-115.4496640">
    <ele>1109.8</ele>
   </trkpt>
   <trkpt lat="36.0808660" lon="-115.4497850">
    <ele>1110.8</ele>
   </trkpt>
   <trkpt lat="36.0808660" lon="-115.4498220">
    <ele>1111.0</ele>
   </trkpt>
   <trkpt lat="36.0808650" lon="-115.4499300">
    <ele>1111.4</ele>
   </trkpt>
   <trkpt lat="36.0808570" lon="-115.4500950">
    <ele>1111.8</ele>
   </trkpt>
   <trkpt lat="36.0808370" lon="-115.4503340">
    <ele>1112.8</ele>
   </trkpt>
   <trkpt lat="36.0808300" lon="-115.4503720">
    <ele>1113.0</ele>
   </trkpt>
   <trkpt lat="36.0808020" lon="-115.4506090">
    <ele>1114.0</ele>
   </trkpt>
   <trkpt lat="36.0808030" lon="-115.4506480">
    <ele>1114.2</ele>
   </trkpt>
   <trkpt lat="36.0808020" lon="-115.4506890">
    <ele>1114.2</ele>
   </trkpt>
   <trkpt lat="36.0808030" lon="-115.4509250">
    <ele>1115.4</ele>
   </trkpt>
   <trkpt lat="36.0807830" lon="-115.4511560">
    <ele>1116.4</ele>
   </trkpt>
   <trkpt lat="36.0807460" lon="-115.4513040">
    <ele>1116.8</ele>
   </trkpt>
   <trkpt lat="36.0807010" lon="-115.4514520">
    <ele>1117.4</ele>
   </trkpt>
   <trkpt lat="36.0806580" lon="-115.4515990">
    <ele>1117.4</ele>
   </trkpt>
   <trkpt lat="36.0806440" lon="-115.4516340">
    <ele>1117.6</ele>
   </trkpt>
   <trkpt lat="36.0805830" lon="-115.4518470">
    <ele>1118.8</ele>
   </trkpt>
   <trkpt lat="36.0805620" lon="-115.4520680">
    <ele>1119.4</ele>
   </trkpt>
   <trkpt lat="36.0805550" lon="-115.4521410">
    <ele>1119.8</ele>
   </trkpt>
   <trkpt lat="36.0805270" lon="-115.4523600">
    <ele>1120.6</ele>
   </trkpt>
   <trkpt lat="36.0805200" lon="-115.4523950">
    <ele>1120.8</ele>
   </trkpt>
   <trkpt lat="36.0804790" lon="-115.4526150">
    <ele>1121.4</ele>
   </trkpt>
   <trkpt lat="36.0804810" lon="-115.4527320">
    <ele>1121.8</ele>
   </trkpt>
   <trkpt lat="36.0804820" lon="-115.4528080">
    <ele>1122.0</ele>
   </trkpt>
   <trkpt lat="36.0804190" lon="-115.4530130">
    <ele>1122.8</ele>
   </trkpt>
   <trkpt lat="36.0804080" lon="-115.4530480">
    <ele>1123.0</ele>
   </trkpt>
   <trkpt lat="36.0804010" lon="-115.4530830">
    <ele>1123.0</ele>
   </trkpt>
   <trkpt lat="36.0803950" lon="-115.4532290">
    <ele>1123.4</ele>
   </trkpt>
   <trkpt lat="36.0803830" lon="-115.4534560">
    <ele>1124.2</ele>
   </trkpt>
   <trkpt lat="36.0803660" lon="-115.4535270">
    <ele>1124.6</ele>
   </trkpt>
   <trkpt lat="36.0803640" lon="-115.4537020">
    <ele>1125.4</ele>
   </trkpt>
   <trkpt lat="36.0803710" lon="-115.4537740">
    <ele>1125.6</ele>
   </trkpt>
   <trkpt lat="36.0803870" lon="-115.4540210">
    <ele>1126.6</ele>
   </trkpt>
   <trkpt lat="36.0803840" lon="-115.4540580">
    <ele>1126.8</ele>
   </trkpt>
   <trkpt lat="36.0803730" lon="-115.4542840">
    <ele>1127.6</ele>
   </trkpt>
   <trkpt lat="36.0803860" lon="-115.4544330">
    <ele>1128.2</ele>
   </trkpt>
   <trkpt lat="36.0803990" lon="-115.4545100">
    <ele>1128.6</ele>
   </trkpt>
   <trkpt lat="36.0804520" lon="-115.4547360">
    <ele>1129.2</ele>
   </trkpt>
   <trkpt lat="36.0804610" lon="-115.4548560">
    <ele>1129.6</ele>
   </trkpt>
   <trkpt lat="36.0804610" lon="-115.4548950">
    <ele>1129.6</ele>
   </trkpt>
   <trkpt lat="36.0804570" lon="-115.4550410">
    <ele>1130.6</ele>
   </trkpt>
   <trkpt lat="36.0804650" lon="-115.4552720">
    <ele>1131.4</ele>
   </trkpt>
   <trkpt lat="36.0804470" lon="-115.4553820">
    <ele>1131.8</ele>
   </trkpt>
   <trkpt lat="36.0804400" lon="-115.4554170">
    <ele>1131.8</ele>
   </trkpt>
   <trkpt lat="36.0804310" lon="-115.4555270">
    <ele>1132.4</ele>
   </trkpt>
   <trkpt lat="36.0804440" lon="-115.4556380">
    <ele>1133.0</ele>
   </trkpt>
   <trkpt lat="36.0804720" lon="-115.4558260">
    <ele>1133.4</ele>
   </trkpt>
   <trkpt lat="36.0804770" lon="-115.4560190">
    <ele>1134.2</ele>
   </trkpt>
   <trkpt lat="36.0804960" lon="-115.4561300">
    <ele>1134.4</ele>
   </trkpt>
   <trkpt lat="36.0805270" lon="-115.4561940">
    <ele>1134.6</ele>
   </trkpt>
   <trkpt lat="36.0805690" lon="-115.4563020">
    <ele>1135.0</ele>
   </trkpt>
   <trkpt lat="36.0806000" lon="-115.4565190">
    <ele>1135.8</ele>
   </trkpt>
   <trkpt lat="36.0805860" lon="-115.4566230">
    <ele>1136.4</ele>
   </trkpt>
   <trkpt lat="36.0805550" lon="-115.4567630">
    <ele>1137.0</ele>
   </trkpt>
   <trkpt lat="36.0805070" lon="-115.4569380">
    <ele>1137.6</ele>
   </trkpt>
   <trkpt lat="36.0804850" lon="-115.4570410">
    <ele>1138.2</ele>
   </trkpt>
   <trkpt lat="36.0804740" lon="-115.4572220">
    <ele>1138.6</ele>
   </trkpt>
   <trkpt lat="36.0804700" lon="-115.4573960">
    <ele>1139.2</ele>
   </trkpt>
   <trkpt lat="36.0804580" lon="-115.4575710">
    <ele>1139.8</ele>
   </trkpt>
   <trkpt lat="36.0804300" lon="-115.4578020">
    <ele>1139.8</ele>
   </trkpt>
   <trkpt lat="36.0803920" lon="-115.4580450">
    <ele>1140.2</ele>
   </trkpt>
   <trkpt lat="36.0804030" lon="-115.4580760">
    <ele>1140.6</ele>
   </trkpt>
   <trkpt lat="36.0804240" lon="-115.4581690">
    <ele>1141.2</ele>
   </trkpt>
   <trkpt lat="36.0804300" lon="-115.4583020">
    <ele>1141.8</ele>
   </trkpt>
   <trkpt lat="36.0804250" lon="-115.4584380">
    <ele>1142.4</ele>
   </trkpt>
   <trkpt lat="36.0804100" lon="-115.4585800">
    <ele>1142.8</ele>
   </trkpt>
   <trkpt lat="36.0803480" lon="-115.4587800">
    <ele>1143.4</ele>
   </trkpt>
   <trkpt lat="36.0803310" lon="-115.4588490">
    <ele>1143.8</ele>
   </trkpt>
   <trkpt lat="36.0803130" lon="-115.4589580">
    <ele>1144.4</ele>
   </trkpt>
   <trkpt lat="36.0803000" lon="-115.4589910">
    <ele>1144.6</ele>
   </trkpt>
   <trkpt lat="36.0802550" lon="-115.4590340">
    <ele>1144.6</ele>
   </trkpt>
   <trkpt lat="36.0800790" lon="-115.4590950">
    <ele>1145.2</ele>
   </trkpt>
   <trkpt lat="36.0799260" lon="-115.4592380">
    <ele>1145.6</ele>
   </trkpt>
   <trkpt lat="36.0798980" lon="-115.4592530">
    <ele>1145.6</ele>
   </trkpt>
   <trkpt lat="36.0797520" lon="-115.4593530">
    <ele>1146.8</ele>
   </trkpt>
   <trkpt lat="36.0797310" lon="-115.4593800">
    <ele>1146.8</ele>
   </trkpt>
   <trkpt lat="36.0796750" lon="-115.4595360">
    <ele>1147.8</ele>
   </trkpt>
   <trkpt lat="36.0796680" lon="-115.4595710">
    <ele>1147.8</ele>
   </trkpt>
   <trkpt lat="36.0796800" lon="-115.4597770">
    <ele>1148.8</ele>
   </trkpt>
   <trkpt lat="36.0797260" lon="-115.4600160">
    <ele>1149.4</ele>
   </trkpt>
   <trkpt lat="36.0797410" lon="-115.4601590">
    <ele>1150.0</ele>
   </trkpt>
   <trkpt lat="36.0797870" lon="-115.4602850">
    <ele>1150.6</ele>
   </trkpt>
   <trkpt lat="36.0798360" lon="-115.4603740">
    <ele>1151.0</ele>
   </trkpt>
   <trkpt lat="36.0798880" lon="-115.4605420">
    <ele>1151.6</ele>
   </trkpt>
   <trkpt lat="36.0799020" lon="-115.4606110">
    <ele>1152.0</ele>
   </trkpt>
   <trkpt lat="36.0799300" lon="-115.4608550">
    <ele>1153.0</ele>
   </trkpt>
   <trkpt lat="36.0799420" lon="-115.4609230">
    <ele>1153.0</ele>
   </trkpt>
   <trkpt lat="36.0800290" lon="-115.4611460">
    <ele>1154.2</ele>
   </trkpt>
   <trkpt lat="36.0800820" lon="-115.4613000">
    <ele>1155.2</ele>
   </trkpt>
   <trkpt lat="36.0800760" lon="-115.4615410">
    <ele>1156.2</ele>
   </trkpt>
   <trkpt lat="36.0800760" lon="-115.4615740">
    <ele>1156.2</ele>
   </trkpt>
   <trkpt lat="36.0800830" lon="-115.4617740">
    <ele>1157.2</ele>
   </trkpt>
   <trkpt lat="36.0801010" lon="-115.4619130">
    <ele>1157.8</ele>
   </trkpt>
   <trkpt lat="36.0801190" lon="-115.4620150">
    <ele>1158.2</ele>
   </trkpt>
   <trkpt lat="36.0801520" lon="-115.4622480">
    <ele>1159.2</ele>
   </trkpt>
   <trkpt lat="36.0801430" lon="-115.4622750">
    <ele>1159.4</ele>
   </trkpt>
   <trkpt lat="36.0800830" lon="-115.4624230">
    <ele>1160.2</ele>
   </trkpt>
   <trkpt lat="36.0800590" lon="-115.4625270">
    <ele>1160.6</ele>
   </trkpt>
   <trkpt lat="36.0800600" lon="-115.4627380">
    <ele>1161.2</ele>
   </trkpt>
   <trkpt lat="36.0800700" lon="-115.4628080">
    <ele>1161.8</ele>
   </trkpt>
   <trkpt lat="36.0800960" lon="-115.4630150">
    <ele>1162.8</ele>
   </trkpt>
   <trkpt lat="36.0801000" lon="-115.4630500">
    <ele>1163.0</ele>
   </trkpt>
   <trkpt lat="36.0801250" lon="-115.4632540">
    <ele>1164.0</ele>
   </trkpt>
   <trkpt lat="36.0801570" lon="-115.4634900">
    <ele>1165.0</ele>
   </trkpt>
   <trkpt lat="36.0801530" lon="-115.4635230">
    <ele>1165.4</ele>
   </trkpt>
   <trkpt lat="36.0801010" lon="-115.4636310">
    <ele>1166.2</ele>
   </trkpt>
   <trkpt lat="36.0800800" lon="-115.4636560">
    <ele>1166.2</ele>
   </trkpt>
   <trkpt lat="36.0800140" lon="-115.4638040">
    <ele>1166.6</ele>
   </trkpt>
   <trkpt lat="36.0800200" lon="-115.4638390">
    <ele>1166.6</ele>
   </trkpt>
   <trkpt lat="36.0800510" lon="-115.4639340">
    <ele>1166.8</ele>
   </trkpt>
   <trkpt lat="36.0800650" lon="-115.4640280">
    <ele>1167.2</ele>
   </trkpt>
   <trkpt lat="36.0800980" lon="-115.4641770">
    <ele>1168.4</ele>
   </trkpt>
   <trkpt lat="36.0801340" lon="-115.4642590">
    <ele>1169.0</ele>
   </trkpt>
   <trkpt lat="36.0801470" lon="-115.4644290">
    <ele>1169.2</ele>
   </trkpt>
   <trkpt lat="36.0801380" lon="-115.4644600">
    <ele>1169.6</ele>
   </trkpt>
   <trkpt lat="36.0801100" lon="-115.4645690">
    <ele>1170.0</ele>
   </trkpt>
   <trkpt lat="36.0800930" lon="-115.4645910">
    <ele>1170.4</ele>
   </trkpt>
   <trkpt lat="36.0799950" lon="-115.4646670">
    <ele>1170.6</ele>
   </trkpt>
   <trkpt lat="36.0799070" lon="-115.4647590">
    <ele>1170.8</ele>
   </trkpt>
   <trkpt lat="36.0797900" lon="-115.4649480">
    <ele>1171.6</ele>
   </trkpt>
   <trkpt lat="36.0797750" lon="-115.4649790">
    <ele>1171.6</ele>
   </trkpt>
   <trkpt lat="36.0797610" lon="-115.4650100">
    <ele>1171.6</ele>
   </trkpt>
   <trkpt lat="36.0797140" lon="-115.4652390">
    <ele>1172.6</ele>
   </trkpt>
   <trkpt lat="36.0797120" lon="-115.4652740">
    <ele>1172.8</ele>
   </trkpt>
   <trkpt lat="36.0796810" lon="-115.4654610">
    <ele>1173.8</ele>
   </trkpt>
   <trkpt lat="36.0796720" lon="-115.4654950">
    <ele>1173.8</ele>
   </trkpt>
   <trkpt lat="36.0796200" lon="-115.4656830">
    <ele>1175.0</ele>
   </trkpt>
   <trkpt lat="36.0795930" lon="-115.4657430">
    <ele>1175.2</ele>
   </trkpt>
   <trkpt lat="36.0795820" lon="-115.4659170">
    <ele>1176.0</ele>
   </trkpt>
   <trkpt lat="36.0796680" lon="-115.4660820">
    <ele>1177.2</ele>
   </trkpt>
   <trkpt lat="36.0796900" lon="-115.4661430">
    <ele>1177.4</ele>
   </trkpt>
   <trkpt lat="36.0797260" lon="-115.4663620">
    <ele>1178.2</ele>
   </trkpt>
   <trkpt lat="36.0797190" lon="-115.4664290">
    <ele>1178.6</ele>
   </trkpt>
   <trkpt lat="36.0796890" lon="-115.4666600">
    <ele>1179.2</ele>
   </trkpt>
   <trkpt lat="36.0796870" lon="-115.4666900">
    <ele>1179.4</ele>
   </trkpt>
   <trkpt lat="36.0796630" lon="-115.4668140">
    <ele>1180.0</ele>
   </trkpt>
   <trkpt lat="36.0795840" lon="-115.4669010">
    <ele>1180.4</ele>
   </trkpt>
   <trkpt lat="36.0794740" lon="-115.4670810">
    <ele>1181.6</ele>
   </trkpt>
   <trkpt lat="36.0794280" lon="-115.4671940">
    <ele>1182.4</ele>
   </trkpt>
   <trkpt lat="36.0794340" lon="-115.4672300">
    <ele>1182.6</ele>
   </trkpt>
   <trkpt lat="36.0794420" lon="-115.4674710">
    <ele>1182.8</ele>
   </trkpt>
   <trkpt lat="36.0794240" lon="-115.4675010">
    <ele>1182.8</ele>
   </trkpt>
   <trkpt lat="36.0793010" lon="-115.4677120">
    <ele>1183.4</ele>
   </trkpt>
   <trkpt lat="36.0792360" lon="-115.4678290">
    <ele>1183.8</ele>
   </trkpt>
   <trkpt lat="36.0791730" lon="-115.4679500">
    <ele>1184.2</ele>
   </trkpt>
   <trkpt lat="36.0791470" lon="-115.4681270">
    <ele>1184.4</ele>
   </trkpt>
   <trkpt lat="36.0791240" lon="-115.4683080">
    <ele>1183.8</ele>
   </trkpt>
   <trkpt lat="36.0790550" lon="-115.4684450">
    <ele>1184.2</ele>
   </trkpt>
   <trkpt lat="36.0789900" lon="-115.4685000">
    <ele>1184.8</ele>
   </trkpt>
   <trkpt lat="36.0789530" lon="-115.4685510">
    <ele>1185.2</ele>
   </trkpt>
   <trkpt lat="36.0788920" lon="-115.4687460">
    <ele>1185.6</ele>
   </trkpt>
   <trkpt lat="36.0788900" lon="-115.4688390">
    <ele>1186.0</ele>
   </trkpt>
   <trkpt lat="36.0788960" lon="-115.4688900">
    <ele>1186.4</ele>
   </trkpt>
   <trkpt lat="36.0789060" lon="-115.4689060">
    <ele>1187.0</ele>
   </trkpt>
   <trkpt lat="36.0789200" lon="-115.4689230">
    <ele>1187.2</ele>
   </trkpt>
   <trkpt lat="36.0789290" lon="-115.4689460">
    <ele>1187.4</ele>
   </trkpt>
   <trkpt lat="36.0789330" lon="-115.4689720">
    <ele>1187.6</ele>
   </trkpt>
   <trkpt lat="36.0789080" lon="-115.4690590">
    <ele>1188.4</ele>
   </trkpt>
   <trkpt lat="36.0788910" lon="-115.4690820">
    <ele>1188.4</ele>
   </trkpt>
   <trkpt lat="36.0787700" lon="-115.4692040">
    <ele>1189.4</ele>
   </trkpt>
   <trkpt lat="36.0786850" lon="-115.4693470">
    <ele>1190.6</ele>
   </trkpt>
   <trkpt lat="36.0785950" lon="-115.4694380">
    <ele>1192.0</ele>
   </trkpt>
   <trkpt lat="36.0785770" lon="-115.4694890">
    <ele>1193.0</ele>
   </trkpt>
   <trkpt lat="36.0785780" lon="-115.4695170">
    <ele>1193.2</ele>
   </trkpt>
   <trkpt lat="36.0786460" lon="-115.4696270">
    <ele>1193.8</ele>
   </trkpt>
   <trkpt lat="36.0786930" lon="-115.4697430">
    <ele>1193.0</ele>
   </trkpt>
   <trkpt lat="36.0786950" lon="-115.4697780">
    <ele>1193.0</ele>
   </trkpt>
   <trkpt lat="36.0787000" lon="-115.4698750">
    <ele>1192.6</ele>
   </trkpt>
   <trkpt lat="36.0786800" lon="-115.4699360">
    <ele>1192.8</ele>
   </trkpt>
   <trkpt lat="36.0785860" lon="-115.4701240">
    <ele>1193.8</ele>
   </trkpt>
   <trkpt lat="36.0785750" lon="-115.4701530">
    <ele>1194.2</ele>
   </trkpt>
   <trkpt lat="36.0785700" lon="-115.4702830">
    <ele>1195.0</ele>
   </trkpt>
   <trkpt lat="36.0785550" lon="-115.4704630">
    <ele>1195.2</ele>
   </trkpt>
   <trkpt lat="36.0785210" lon="-115.4705330">
    <ele>1196.4</ele>
   </trkpt>
   <trkpt lat="36.0784990" lon="-115.4706020">
    <ele>1197.2</ele>
   </trkpt>
   <trkpt lat="36.0785040" lon="-115.4706620">
    <ele>1197.2</ele>
   </trkpt>
   <trkpt lat="36.0785440" lon="-115.4708190">
    <ele>1197.0</ele>
   </trkpt>
   <trkpt lat="36.0785980" lon="-115.4710320">
    <ele>1197.2</ele>
   </trkpt>
   <trkpt lat="36.0785990" lon="-115.4710620">
    <ele>1197.4</ele>
   </trkpt>
   <trkpt lat="36.0786020" lon="-115.4711710">
    <ele>1198.4</ele>
   </trkpt>
   <trkpt lat="36.0786060" lon="-115.4711980">
    <ele>1198.8</ele>
   </trkpt>
   <trkpt lat="36.0786230" lon="-115.4713650">
    <ele>1200.0</ele>
   </trkpt>
   <trkpt lat="36.0786430" lon="-115.4714070">
    <ele>1200.6</ele>
   </trkpt>
   <trkpt lat="36.0786710" lon="-115.4714510">
    <ele>1201.2</ele>
   </trkpt>
   <trkpt lat="36.0787310" lon="-115.4715300">
    <ele>1201.4</ele>
   </trkpt>
   <trkpt lat="36.0787910" lon="-115.4716840">
    <ele>1202.2</ele>
   </trkpt>
   <trkpt lat="36.0787890" lon="-115.4717060">
    <ele>1202.6</ele>
   </trkpt>
   <trkpt lat="36.0787860" lon="-115.4717500">
    <ele>1203.0</ele>
   </trkpt>
   <trkpt lat="36.0787960" lon="-115.4717610">
    <ele>1203.4</ele>
   </trkpt>
   <trkpt lat="36.0788060" lon="-115.4717750">
    <ele>1203.6</ele>
   </trkpt>
   <trkpt lat="36.0788240" lon="-115.4718060">
    <ele>1204.6</ele>
   </trkpt>
   <trkpt lat="36.0788240" lon="-115.4718030">
    <ele>1204.8</ele>
   </trkpt>
   <trkpt lat="36.0788110" lon="-115.4717950">
    <ele>1204.8</ele>
   </trkpt>
   <trkpt lat="36.0787840" lon="-115.4718420">
    <ele>1206.0</ele>
   </trkpt>
   <trkpt lat="36.0787950" lon="-115.4718620">
    <ele>1207.0</ele>
   </trkpt>
   <trkpt lat="36.0788080" lon="-115.4718740">
    <ele>1207.2</ele>
   </trkpt>
   <trkpt lat="36.0788330" lon="-115.4719070">
    <ele>1207.8</ele>
   </trkpt>
   <trkpt lat="36.0788950" lon="-115.4720270">
    <ele>1207.8</ele>
   </trkpt>
   <trkpt lat="36.0788980" lon="-115.4720620">
    <ele>1207.8</ele>
   </trkpt>
   <trkpt lat="36.0788790" lon="-115.4720940">
    <ele>1208.0</ele>
   </trkpt>
   <trkpt lat="36.0788780" lon="-115.4721080">
    <ele>1208.4</ele>
   </trkpt>
   <trkpt lat="36.0788670" lon="-115.4721660">
    <ele>1209.6</ele>
   </trkpt>
   <trkpt lat="36.0788670" lon="-115.4721780">
    <ele>1209.8</ele>
   </trkpt>
   <trkpt lat="36.0788640" lon="-115.4722020">
    <ele>1210.6</ele>
   </trkpt>
   <trkpt lat="36.0788560" lon="-115.4722360">
    <ele>1211.8</ele>
   </trkpt>
   <trkpt lat="36.0788440" lon="-115.4722770">
    <ele>1213.2</ele>
   </trkpt>
   <trkpt lat="36.0788440" lon="-115.4722910">
    <ele>1213.6</ele>
   </trkpt>
   <trkpt lat="36.0788330" lon="-115.4723160">
    <ele>1214.4</ele>
   </trkpt>
   <trkpt lat="36.0788280" lon="-115.4723330">
    <ele>1214.8</ele>
   </trkpt>
   <trkpt lat="36.0788340" lon="-115.4723530">
    <ele>1215.0</ele>
   </trkpt>
   <trkpt lat="36.0788660" lon="-115.4723900">
    <ele>1215.2</ele>
   </trkpt>
   <trkpt lat="36.0789160" lon="-115.4724200">
    <ele>1215.2</ele>
   </trkpt>
   <trkpt lat="36.0789380" lon="-115.4724350">
    <ele>1215.2</ele>
   </trkpt>
   <trkpt lat="36.0789900" lon="-115.4724840">
    <ele>1215.6</ele>
   </trkpt>
   <trkpt lat="36.0790400" lon="-115.4725380">
    <ele>1216.2</ele>
   </trkpt>
   <trkpt lat="36.0790930" lon="-115.4726460">
    <ele>1217.0</ele>
   </trkpt>
   <trkpt lat="36.0791200" lon="-115.4726840">
    <ele>1217.8</ele>
   </trkpt>
   <trkpt lat="36.0791310" lon="-115.4727040">
    <ele>1218.0</ele>
   </trkpt>
   <trkpt lat="36.0791670" lon="-115.4727920">
    <ele>1219.2</ele>
   </trkpt>
   <trkpt lat="36.0791920" lon="-115.4728480">
    <ele>1219.6</ele>
   </trkpt>
   <trkpt lat="36.0791820" lon="-115.4729270">
    <ele>1219.8</ele>
   </trkpt>
   <trkpt lat="36.0791540" lon="-115.4729690">
    <ele>1220.6</ele>
   </trkpt>
   <trkpt lat="36.0791370" lon="-115.4730980">
    <ele>1221.8</ele>
   </trkpt>
   <trkpt lat="36.0791330" lon="-115.4731510">
    <ele>1222.2</ele>
   </trkpt>
   <trkpt lat="36.0791200" lon="-115.4732050">
    <ele>1222.8</ele>
   </trkpt>
   <trkpt lat="36.0791190" lon="-115.4732870">
    <ele>1223.4</ele>
   </trkpt>
   <trkpt lat="36.0791270" lon="-115.4733420">
    <ele>1224.0</ele>
   </trkpt>
   <trkpt lat="36.0791420" lon="-115.4735130">
    <ele>1224.8</ele>
   </trkpt>
   <trkpt lat="36.0791470" lon="-115.4735640">
    <ele>1225.2</ele>
   </trkpt>
   <trkpt lat="36.0791350" lon="-115.4736390">
    <ele>1226.2</ele>
   </trkpt>
   <trkpt lat="36.0790550" lon="-115.4738140">
    <ele>1227.4</ele>
   </trkpt>
   <trkpt lat="36.0790010" lon="-115.4738880">
    <ele>1228.6</ele>
   </trkpt>
   <trkpt lat="36.0789780" lon="-115.4739390">
    <ele>1229.0</ele>
   </trkpt>
   <trkpt lat="36.0789220" lon="-115.4740600">
    <ele>1230.0</ele>
   </trkpt>
   <trkpt lat="36.0788990" lon="-115.4741270">
    <ele>1230.6</ele>
   </trkpt>
   <trkpt lat="36.0788910" lon="-115.4741920">
    <ele>1231.0</ele>
   </trkpt>
   <trkpt lat="36.0788930" lon="-115.4742550">
    <ele>1232.0</ele>
   </trkpt>
   <trkpt lat="36.0788720" lon="-115.4744460">
    <ele>1232.2</ele>
   </trkpt>
   <trkpt lat="36.0788750" lon="-115.4745670">
    <ele>1233.4</ele>
   </trkpt>
   <trkpt lat="36.0788740" lon="-115.4745790">
    <ele>1233.8</ele>
   </trkpt>
   <trkpt lat="36.0788740" lon="-115.4745910">
    <ele>1234.4</ele>
   </trkpt>
   <trkpt lat="36.0789150" lon="-115.4746880">
    <ele>1235.2</ele>
   </trkpt>
   <trkpt lat="36.0789280" lon="-115.4747370">
    <ele>1235.0</ele>
   </trkpt>
   <trkpt lat="36.0789290" lon="-115.4748100">
    <ele>1234.0</ele>
   </trkpt>
   <trkpt lat="36.0789600" lon="-115.4749260">
    <ele>1233.2</ele>
   </trkpt>
   <trkpt lat="36.0789690" lon="-115.4749830">
    <ele>1233.4</ele>
   </trkpt>
   <trkpt lat="36.0789560" lon="-115.4751020">
    <ele>1234.4</ele>
   </trkpt>
   <trkpt lat="36.0789650" lon="-115.4752310">
    <ele>1235.2</ele>
   </trkpt>
   <trkpt lat="36.0789750" lon="-115.4753360">
    <ele>1235.2</ele>
   </trkpt>
   <trkpt lat="36.0789720" lon="-115.4753630">
    <ele>1235.2</ele>
   </trkpt>
   <trkpt lat="36.0789600" lon="-115.4753920">
    <ele>1235.8</ele>
   </trkpt>
   <trkpt lat="36.0789470" lon="-115.4754310">
    <ele>1237.0</ele>
   </trkpt>
   <trkpt lat="36.0789500" lon="-115.4754970">
    <ele>1238.0</ele>
   </trkpt>
   <trkpt lat="36.0789530" lon="-115.4755260">
    <ele>1238.4</ele>
   </trkpt>
   <trkpt lat="36.0789190" lon="-115.4756040">
    <ele>1239.0</ele>
   </trkpt>
   <trkpt lat="36.0789130" lon="-115.4756230">
    <ele>1239.4</ele>
   </trkpt>
   <trkpt lat="36.0789080" lon="-115.4756840">
    <ele>1240.6</ele>
   </trkpt>
   <trkpt lat="36.0788960" lon="-115.4757250">
    <ele>1241.8</ele>
   </trkpt>
   <trkpt lat="36.0788750" lon="-115.4757810">
    <ele>1243.0</ele>
   </trkpt>
   <trkpt lat="36.0788550" lon="-115.4758180">
    <ele>1243.6</ele>
   </trkpt>
   <trkpt lat="36.0788360" lon="-115.4758320">
    <ele>1244.2</ele>
   </trkpt>
   <trkpt lat="36.0788300" lon="-115.4758510">
    <ele>1245.0</ele>
   </trkpt>
   <trkpt lat="36.0788360" lon="-115.4758700">
    <ele>1245.2</ele>
   </trkpt>
   <trkpt lat="36.0788570" lon="-115.4759030">
    <ele>1245.8</ele>
   </trkpt>
   <trkpt lat="36.0788920" lon="-115.4759590">
    <ele>1246.4</ele>
   </trkpt>
   <trkpt lat="36.0788940" lon="-115.4760910">
    <ele>1247.0</ele>
   </trkpt>
   <trkpt lat="36.0789380" lon="-115.4761650">
    <ele>1246.8</ele>
   </trkpt>
   <trkpt lat="36.0790180" lon="-115.4762660">
    <ele>1245.6</ele>
   </trkpt>
   <trkpt lat="36.0790680" lon="-115.4763700">
    <ele>1246.2</ele>
   </trkpt>
   <trkpt lat="36.0790680" lon="-115.4763880">
    <ele>1246.6</ele>
   </trkpt>
   <trkpt lat="36.0790610" lon="-115.4764160">
    <ele>1247.6</ele>
   </trkpt>
   <trkpt lat="36.0790690" lon="-115.4764290">
    <ele>1248.0</ele>
   </trkpt>
   <trkpt lat="36.0790790" lon="-115.4764640">
    <ele>1248.0</ele>
   </trkpt>
   <trkpt lat="36.0790850" lon="-115.4765630">
    <ele>1247.2</ele>
   </trkpt>
   <trkpt lat="36.0790800" lon="-115.4765750">
    <ele>1246.6</ele>
   </trkpt>
   <trkpt lat="36.0790710" lon="-115.4766320">
    <ele>1245.4</ele>
   </trkpt>
   <trkpt lat="36.0790780" lon="-115.4766620">
    <ele>1245.4</ele>
   </trkpt>
   <trkpt lat="36.0791190" lon="-115.4767530">
    <ele>1246.2</ele>
   </trkpt>
   <trkpt lat="36.0791340" lon="-115.4767610">
    <ele>1246.4</ele>
   </trkpt>
   <trkpt lat="36.0791460" lon="-115.4767850">
    <ele>1246.4</ele>
   </trkpt>
   <trkpt lat="36.0791600" lon="-115.4768040">
    <ele>1246.6</ele>
   </trkpt>
   <trkpt lat="36.0791810" lon="-115.4768510">
    <ele>1246.8</ele>
   </trkpt>
   <trkpt lat="36.0792060" lon="-115.4768890">
    <ele>1248.0</ele>
   </trkpt>
   <trkpt lat="36.0792400" lon="-115.4769490">
    <ele>1248.6</ele>
   </trkpt>
   <trkpt lat="36.0792850" lon="-115.4770130">
    <ele>1249.0</ele>
   </trkpt>
   <trkpt lat="36.0793160" lon="-115.4770940">
    <ele>1249.8</ele>
   </trkpt>
   <trkpt lat="36.0793210" lon="-115.4771500">
    <ele>1250.2</ele>
   </trkpt>
   <trkpt lat="36.0793450" lon="-115.4772070">
    <ele>1251.0</ele>
   </trkpt>
   <trkpt lat="36.0793580" lon="-115.4772240">
    <ele>1251.2</ele>
   </trkpt>
   <trkpt lat="36.0793840" lon="-115.4773190">
    <ele>1252.4</ele>
   </trkpt>
   <trkpt lat="36.0793960" lon="-115.4773830">
    <ele>1253.0</ele>
   </trkpt>
   <trkpt lat="36.0794140" lon="-115.4774330">
    <ele>1253.4</ele>
   </trkpt>
   <trkpt lat="36.0794170" lon="-115.4774910">
    <ele>1254.4</ele>
   </trkpt>
   <trkpt lat="36.0794030" lon="-115.4775460">
    <ele>1255.6</ele>
   </trkpt>
   <trkpt lat="36.0794230" lon="-115.4775780">
    <ele>1256.8</ele>
   </trkpt>
   <trkpt lat="36.0794170" lon="-115.4776170">
    <ele>1257.6</ele>
   </trkpt>
   <trkpt lat="36.0794210" lon="-115.4776400">
    <ele>1258.0</ele>
   </trkpt>
   <trkpt lat="36.0794360" lon="-115.4776780">
    <ele>1259.0</ele>
   </trkpt>
   <trkpt lat="36.0794420" lon="-115.4776960">
    <ele>1259.6</ele>
   </trkpt>
   <trkpt lat="36.0794460" lon="-115.4777270">
    <ele>1260.2</ele>
   </trkpt>
   <trkpt lat="36.0794380" lon="-115.4777730">
    <ele>1261.2</ele>
   </trkpt>
   <trkpt lat="36.0794430" lon="-115.4777850">
    <ele>1262.2</ele>
   </trkpt>
   <trkpt lat="36.0794440" lon="-115.4777990">
    <ele>1262.6</ele>
   </trkpt>
   <trkpt lat="36.0794360" lon="-115.4778820">
    <ele>1264.0</ele>
   </trkpt>
   <trkpt lat="36.0794270" lon="-115.4779070">
    <ele>1265.0</ele>
   </trkpt>
   <trkpt lat="36.0794240" lon="-115.4779190">
    <ele>1265.4</ele>
   </trkpt>
   <trkpt lat="36.0794230" lon="-115.4779760">
    <ele>1266.6</ele>
   </trkpt>
   <trkpt lat="36.0794330" lon="-115.4779950">
    <ele>1267.4</ele>
   </trkpt>
   <trkpt lat="36.0794370" lon="-115.4780090">
    <ele>1268.0</ele>
   </trkpt>
   <trkpt lat="36.0794450" lon="-115.4780410">
    <ele>1269.2</ele>
   </trkpt>
   <trkpt lat="36.0794850" lon="-115.4780930">
    <ele>1270.2</ele>
   </trkpt>
   <trkpt lat="36.0794900" lon="-115.4781070">
    <ele>1270.2</ele>
   </trkpt>
   <trkpt lat="36.0795110" lon="-115.4781730">
    <ele>1271.4</ele>
   </trkpt>
   <trkpt lat="36.0795290" lon="-115.4782550">
    <ele>1271.6</ele>
   </trkpt>
   <trkpt lat="36.0795790" lon="-115.4783800">
    <ele>1272.4</ele>
   </trkpt>
   <trkpt lat="36.0795920" lon="-115.4784210">
    <ele>1273.2</ele>
   </trkpt>
   <trkpt lat="36.0796310" lon="-115.4784870">
    <ele>1273.0</ele>
   </trkpt>
   <trkpt lat="36.0797170" lon="-115.4786190">
    <ele>1272.0</ele>
   </trkpt>
   <trkpt lat="36.0797970" lon="-115.4787580">
    <ele>1272.2</ele>
   </trkpt>
   <trkpt lat="36.0798640" lon="-115.4788030">
    <ele>1271.2</ele>
   </trkpt>
   <trkpt lat="36.0798950" lon="-115.4788150">
    <ele>1271.0</ele>
   </trkpt>
   <trkpt lat="36.0799290" lon="-115.4788180">
    <ele>1271.0</ele>
   </trkpt>
   <trkpt lat="36.0799430" lon="-115.4788210">
    <ele>1270.8</ele>
   </trkpt>
   <trkpt lat="36.0799670" lon="-115.4788370">
    <ele>1270.6</ele>
   </trkpt>
   <trkpt lat="36.0799620" lon="-115.4788450">
    <ele>1270.6</ele>
   </trkpt>
   <trkpt lat="36.0799650" lon="-115.4788870">
    <ele>1271.4</ele>
   </trkpt>
   <trkpt lat="36.0800090" lon="-115.4789130">
    <ele>1271.4</ele>
   </trkpt>
   <trkpt lat="36.0800850" lon="-115.4789060">
    <ele>1271.8</ele>
   </trkpt>
   <trkpt lat="36.0800990" lon="-115.4789120">
    <ele>1272.0</ele>
   </trkpt>
   <trkpt lat="36.0801150" lon="-115.4789460">
    <ele>1272.4</ele>
   </trkpt>
   <trkpt lat="36.0801280" lon="-115.4789660">
    <ele>1272.6</ele>
   </trkpt>
   <trkpt lat="36.0801360" lon="-115.4790150">
    <ele>1273.6</ele>
   </trkpt>
   <trkpt lat="36.0801230" lon="-115.4790220">
    <ele>1273.8</ele>
   </trkpt>
   <trkpt lat="36.0801370" lon="-115.4790570">
    <ele>1275.2</ele>
   </trkpt>
   <trkpt lat="36.0801520" lon="-115.4790910">
    <ele>1276.0</ele>
   </trkpt>
   <trkpt lat="36.0801640" lon="-115.4791150">
    <ele>1276.4</ele>
   </trkpt>
   <trkpt lat="36.0801610" lon="-115.4791440">
    <ele>1277.6</ele>
   </trkpt>
   <trkpt lat="36.0801570" lon="-115.4791700">
    <ele>1278.6</ele>
   </trkpt>
   <trkpt lat="36.0801670" lon="-115.4791830">
    <ele>1279.0</ele>
   </trkpt>
   <trkpt lat="36.0801980" lon="-115.4791940">
    <ele>1280.0</ele>
   </trkpt>
   <trkpt lat="36.0802140" lon="-115.4791970">
    <ele>1280.2</ele>
   </trkpt>
   <trkpt lat="36.0802880" lon="-115.4792340">
    <ele>1281.2</ele>
   </trkpt>
   <trkpt lat="36.0803290" lon="-115.4792810">
    <ele>1282.0</ele>
   </trkpt>
   <trkpt lat="36.0803320" lon="-115.4793130">
    <ele>1282.2</ele>
   </trkpt>
   <trkpt lat="36.0803440" lon="-115.4793240">
    <ele>1282.4</ele>
   </trkpt>
   <trkpt lat="36.0803900" lon="-115.4793960">
    <ele>1283.2</ele>
   </trkpt>
   <trkpt lat="36.0804510" lon="-115.4794770">
    <ele>1284.4</ele>
   </trkpt>
   <trkpt lat="36.0805090" lon="-115.4795510">
    <ele>1284.8</ele>
   </trkpt>
   <trkpt lat="36.0805020" lon="-115.4795640">
    <ele>1284.6</ele>
   </trkpt>
   <trkpt lat="36.0805030" lon="-115.4795800">
    <ele>1284.8</ele>
   </trkpt>
   <trkpt lat="36.0805150" lon="-115.4796010">
    <ele>1285.4</ele>
   </trkpt>
   <trkpt lat="36.0805250" lon="-115.4796380">
    <ele>1286.8</ele>
   </trkpt>
   <trkpt lat="36.0805340" lon="-115.4796810">
    <ele>1287.6</ele>
   </trkpt>
   <trkpt lat="36.0805400" lon="-115.4796970">
    <ele>1287.8</ele>
   </trkpt>
   <trkpt lat="36.0805520" lon="-115.4797510">
    <ele>1289.2</ele>
   </trkpt>
   <trkpt lat="36.0805660" lon="-115.4797980">
    <ele>1290.0</ele>
   </trkpt>
   <trkpt lat="36.0805720" lon="-115.4798340">
    <ele>1290.4</ele>
   </trkpt>
   <trkpt lat="36.0805780" lon="-115.4798430">
    <ele>1290.8</ele>
   </trkpt>
   <trkpt lat="36.0806000" lon="-115.4798680">
    <ele>1291.2</ele>
   </trkpt>
   <trkpt lat="36.0806220" lon="-115.4798940">
    <ele>1291.4</ele>
   </trkpt>
   <trkpt lat="36.0806360" lon="-115.4799200">
    <ele>1291.4</ele>
   </trkpt>
   <trkpt lat="36.0806530" lon="-115.4799630">
    <ele>1291.6</ele>
   </trkpt>
   <trkpt lat="36.0806500" lon="-115.4799840">
    <ele>1291.8</ele>
   </trkpt>
   <trkpt lat="36.0806460" lon="-115.4800310">
    <ele>1292.0</ele>
   </trkpt>
   <trkpt lat="36.0806700" lon="-115.4800700">
    <ele>1292.6</ele>
   </trkpt>
   <trkpt lat="36.0806740" lon="-115.4800770">
    <ele>1293.0</ele>
   </trkpt>
   <trkpt lat="36.0806800" lon="-115.4800870">
    <ele>1293.2</ele>
   </trkpt>
   <trkpt lat="36.0806900" lon="-115.4801140">
    <ele>1294.0</ele>
   </trkpt>
   <trkpt lat="36.0807290" lon="-115.4801300">
    <ele>1294.6</ele>
   </trkpt>
   <trkpt lat="36.0807500" lon="-115.4801270">
    <ele>1294.6</ele>
   </trkpt>
   <trkpt lat="36.0807970" lon="-115.4801280">
    <ele>1294.8</ele>
   </trkpt>
   <trkpt lat="36.0808220" lon="-115.4801430">
    <ele>1295.2</ele>
   </trkpt>
   <trkpt lat="36.0808750" lon="-115.4801760">
    <ele>1296.4</ele>
   </trkpt>
   <trkpt lat="36.0809020" lon="-115.4802050">
    <ele>1296.6</ele>
   </trkpt>
   <trkpt lat="36.0809150" lon="-115.4802220">
    <ele>1296.6</ele>
   </trkpt>
   <trkpt lat="36.0809540" lon="-115.4802680">
    <ele>1296.8</ele>
   </trkpt>
   <trkpt lat="36.0809630" lon="-115.4802680">
    <ele>1297.4</ele>
   </trkpt>
   <trkpt lat="36.0809650" lon="-115.4802980">
    <ele>1298.0</ele>
   </trkpt>
   <trkpt lat="36.0809630" lon="-115.4803210">
    <ele>1298.6</ele>
   </trkpt>
   <trkpt lat="36.0809810" lon="-115.4803880">
    <ele>1299.6</ele>
   </trkpt>
   <trkpt lat="36.0809900" lon="-115.4804000">
    <ele>1299.8</ele>
   </trkpt>
   <trkpt lat="36.0810130" lon="-115.4803940">
    <ele>1301.0</ele>
   </trkpt>
   <trkpt lat="36.0810170" lon="-115.4804020">
    <ele>1301.6</ele>
   </trkpt>
   <trkpt lat="36.0810250" lon="-115.4804470">
    <ele>1302.0</ele>
   </trkpt>
   <trkpt lat="36.0810240" lon="-115.4805020">
    <ele>1303.2</ele>
   </trkpt>
   <trkpt lat="36.0810130" lon="-115.4805270">
    <ele>1303.2</ele>
   </trkpt>
   <trkpt lat="36.0809800" lon="-115.4806340">
    <ele>1304.2</ele>
   </trkpt>
   <trkpt lat="36.0809830" lon="-115.4807050">
    <ele>1305.4</ele>
   </trkpt>
   <trkpt lat="36.0809950" lon="-115.4807350">
    <ele>1306.0</ele>
   </trkpt>
   <trkpt lat="36.0810030" lon="-115.4807570">
    <ele>1306.4</ele>
   </trkpt>
   <trkpt lat="36.0810030" lon="-115.4807720">
    <ele>1307.4</ele>
   </trkpt>
   <trkpt lat="36.0810030" lon="-115.4807760">
    <ele>1307.8</ele>
   </trkpt>
   <trkpt lat="36.0810220" lon="-115.4808380">
    <ele>1308.6</ele>
   </trkpt>
   <trkpt lat="36.0810190" lon="-115.4808550">
    <ele>1308.6</ele>
   </trkpt>
   <trkpt lat="36.0810330" lon="-115.4808970">
    <ele>1309.2</ele>
   </trkpt>
   <trkpt lat="36.0810400" lon="-115.4809110">
    <ele>1309.6</ele>
   </trkpt>
   <trkpt lat="36.0810470" lon="-115.4809270">
    <ele>1309.8</ele>
   </trkpt>
   <trkpt lat="36.0810380" lon="-115.4809320">
    <ele>1310.6</ele>
   </trkpt>
   <trkpt lat="36.0810330" lon="-115.4809380">
    <ele>1311.0</ele>
   </trkpt>
   <trkpt lat="36.0810380" lon="-115.4809680">
    <ele>1312.0</ele>
   </trkpt>
   <trkpt lat="36.0810370" lon="-115.4809710">
    <ele>1312.6</ele>
   </trkpt>
   <trkpt lat="36.0810550" lon="-115.4809880">
    <ele>1313.6</ele>
   </trkpt>
   <trkpt lat="36.0810780" lon="-115.4810150">
    <ele>1313.6</ele>
   </trkpt>
   <trkpt lat="36.0811010" lon="-115.4810630">
    <ele>1315.0</ele>
   </trkpt>
   <trkpt lat="36.0811020" lon="-115.4810870">
    <ele>1315.6</ele>
   </trkpt>
   <trkpt lat="36.0811000" lon="-115.4811290">
    <ele>1316.6</ele>
   </trkpt>
   <trkpt lat="36.0810980" lon="-115.4811500">
    <ele>1316.8</ele>
   </trkpt>
   <trkpt lat="36.0810940" lon="-115.4812020">
    <ele>1317.6</ele>
   </trkpt>
   <trkpt lat="36.0810580" lon="-115.4812570">
    <ele>1317.8</ele>
   </trkpt>
   <trkpt lat="36.0810440" lon="-115.4812680">
    <ele>1317.4</ele>
   </trkpt>
   <trkpt lat="36.0810150" lon="-115.4812850">
    <ele>1316.2</ele>
   </trkpt>
   <trkpt lat="36.0810090" lon="-115.4812780">
    <ele>1315.8</ele>
   </trkpt>
   <trkpt lat="36.0809880" lon="-115.4812730">
    <ele>1315.2</ele>
   </trkpt>
   <trkpt lat="36.0809750" lon="-115.4813020">
    <ele>1314.4</ele>
   </trkpt>
   <trkpt lat="36.0809650" lon="-115.4813690">
    <ele>1314.2</ele>
   </trkpt>
   <trkpt lat="36.0809620" lon="-115.4814400">
    <ele>1314.8</ele>
   </trkpt>
   <trkpt lat="36.0809690" lon="-115.4815130">
    <ele>1316.4</ele>
   </trkpt>
   <trkpt lat="36.0809760" lon="-115.4815340">
    <ele>1317.8</ele>
   </trkpt>
   <trkpt lat="36.0809730" lon="-115.4815800">
    <ele>1318.8</ele>
   </trkpt>
   <trkpt lat="36.0809720" lon="-115.4815950">
    <ele>1318.8</ele>
   </trkpt>
   <trkpt lat="36.0809800" lon="-115.4816430">
    <ele>1319.0</ele>
   </trkpt>
   <trkpt lat="36.0809810" lon="-115.4816900">
    <ele>1319.0</ele>
   </trkpt>
   <trkpt lat="36.0809870" lon="-115.4817190">
    <ele>1320.4</ele>
   </trkpt>
   <trkpt lat="36.0809860" lon="-115.4817250">
    <ele>1321.6</ele>
   </trkpt>
   <trkpt lat="36.0809920" lon="-115.4817400">
    <ele>1322.4</ele>
   </trkpt>
   <trkpt lat="36.0810010" lon="-115.4817500">
    <ele>1322.8</ele>
   </trkpt>
   <trkpt lat="36.0810150" lon="-115.4817640">
    <ele>1324.2</ele>
   </trkpt>
   <trkpt lat="36.0810220" lon="-115.4817640">
    <ele>1325.0</ele>
   </trkpt>
   <trkpt lat="36.0810240" lon="-115.4817660">
    <ele>1325.2</ele>
   </trkpt>
   <trkpt lat="36.0810380" lon="-115.4817720">
    <ele>1326.6</ele>
   </trkpt>
   <trkpt lat="36.0810520" lon="-115.4818130">
    <ele>1327.8</ele>
   </trkpt>
   <trkpt lat="36.0810700" lon="-115.4818160">
    <ele>1327.8</ele>
   </trkpt>
   <trkpt lat="36.0811220" lon="-115.4818660">
    <ele>1329.2</ele>
   </trkpt>
   <trkpt lat="36.0811430" lon="-115.4819070">
    <ele>1329.8</ele>
   </trkpt>
   <trkpt lat="36.0811480" lon="-115.4819190">
    <ele>1330.6</ele>
   </trkpt>
   <trkpt lat="36.0811620" lon="-115.4819430">
    <ele>1331.2</ele>
   </trkpt>
   <trkpt lat="36.0811650" lon="-115.4819470">
    <ele>1331.4</ele>
   </trkpt>
   <trkpt lat="36.0811640" lon="-115.4819520">
    <ele>1332.0</ele>
   </trkpt>
   <trkpt lat="36.0811750" lon="-115.4819530">
    <ele>1332.8</ele>
   </trkpt>
   <trkpt lat="36.0811840" lon="-115.4819510">
    <ele>1333.0</ele>
   </trkpt>
   <trkpt lat="36.0811830" lon="-115.4819560">
    <ele>1333.8</ele>
   </trkpt>
   <trkpt lat="36.0811860" lon="-115.4819640">
    <ele>1334.0</ele>
   </trkpt>
   <trkpt lat="36.0811980" lon="-115.4819690">
    <ele>1334.6</ele>
   </trkpt>
   <trkpt lat="36.0812020" lon="-115.4819730">
    <ele>1334.8</ele>
   </trkpt>
   <trkpt lat="36.0812240" lon="-115.4820000">
    <ele>1335.2</ele>
   </trkpt>
   <trkpt lat="36.0812470" lon="-115.4820190">
    <ele>1335.8</ele>
   </trkpt>
   <trkpt lat="36.0812600" lon="-115.4820290">
    <ele>1336.2</ele>
   </trkpt>
   <trkpt lat="36.0812910" lon="-115.4820520">
    <ele>1337.2</ele>
   </trkpt>
   <trkpt lat="36.0812950" lon="-115.4820750">
    <ele>1337.4</ele>
   </trkpt>
   <trkpt lat="36.0813010" lon="-115.4820950">
    <ele>1337.6</ele>
   </trkpt>
   <trkpt lat="36.0813090" lon="-115.4821070">
    <ele>1338.4</ele>
   </trkpt>
   <trkpt lat="36.0813100" lon="-115.4821090">
    <ele>1338.6</ele>
   </trkpt>
   <trkpt lat="36.0813180" lon="-115.4821200">
    <ele>1340.0</ele>
   </trkpt>
   <trkpt lat="36.0813180" lon="-115.4821210">
    <ele>1340.4</ele>
   </trkpt>
   <trkpt lat="36.0813220" lon="-115.4821340">
    <ele>1341.2</ele>
   </trkpt>
   <trkpt lat="36.0813470" lon="-115.4821830">
    <ele>1342.4</ele>
   </trkpt>
   <trkpt lat="36.0813420" lon="-115.4822350">
    <ele>1343.6</ele>
   </trkpt>
   <trkpt lat="36.0813330" lon="-115.4822650">
    <ele>1344.4</ele>
   </trkpt>
   <trkpt lat="36.0813280" lon="-115.4822750">
    <ele>1344.6</ele>
   </trkpt>
   <trkpt lat="36.0813090" lon="-115.4822920">
    <ele>1345.8</ele>
   </trkpt>
   <trkpt lat="36.0813070" lon="-115.4822970">
    <ele>1346.4</ele>
   </trkpt>
   <trkpt lat="36.0813110" lon="-115.4823140">
    <ele>1346.8</ele>
   </trkpt>
   <trkpt lat="36.0813230" lon="-115.4823410">
    <ele>1348.0</ele>
   </trkpt>
   <trkpt lat="36.0813380" lon="-115.4823570">
    <ele>1348.8</ele>
   </trkpt>
   <trkpt lat="36.0813460" lon="-115.4823790">
    <ele>1349.0</ele>
   </trkpt>
   <trkpt lat="36.0813590" lon="-115.4824110">
    <ele>1350.0</ele>
   </trkpt>
   <trkpt lat="36.0813610" lon="-115.4824210">
    <ele>1350.4</ele>
   </trkpt>
   <trkpt lat="36.0813710" lon="-115.4824550">
    <ele>1351.2</ele>
   </trkpt>
   <trkpt lat="36.0813820" lon="-115.4824790">
    <ele>1352.6</ele>
   </trkpt>
   <trkpt lat="36.0814100" lon="-115.4825080">
    <ele>1353.8</ele>
   </trkpt>
   <trkpt lat="36.0814110" lon="-115.4825270">
    <ele>1354.4</ele>
   </trkpt>
   <trkpt lat="36.0814180" lon="-115.4825590">
    <ele>1355.0</ele>
   </trkpt>
   <trkpt lat="36.0814300" lon="-115.4825870">
    <ele>1356.0</ele>
   </trkpt>
   <trkpt lat="36.0814360" lon="-115.4825940">
    <ele>1356.4</ele>
   </trkpt>
   <trkpt lat="36.0814470" lon="-115.4826130">
    <ele>1357.2</ele>
   </trkpt>
   <trkpt lat="36.0814500" lon="-115.4826510">
    <ele>1357.4</ele>
   </trkpt>
   <trkpt lat="36.0814450" lon="-115.4826740">
    <ele>1358.8</ele>
   </trkpt>
   <trkpt lat="36.0814450" lon="-115.4826800">
    <ele>1359.4</ele>
   </trkpt>
   <trkpt lat="36.0814370" lon="-115.4826820">
    <ele>1360.2</ele>
   </trkpt>
   <trkpt lat="36.0814310" lon="-115.4827120">
    <ele>1361.2</ele>
   </trkpt>
   <trkpt lat="36.0814300" lon="-115.4827170">
    <ele>1363.4</ele>
   </trkpt>
   <trkpt lat="36.0814460" lon="-115.4827980">
    <ele>1363.4</ele>
   </trkpt>
   <trkpt lat="36.0814520" lon="-115.4828920">
    <ele>1363.6</ele>
   </trkpt>
   <trkpt lat="36.0814790" lon="-115.4829430">
    <ele>1364.4</ele>
   </trkpt>
   <trkpt lat="36.0814870" lon="-115.4829540">
    <ele>1365.0</ele>
   </trkpt>
   <trkpt lat="36.0814940" lon="-115.4829570">
    <ele>1365.6</ele>
   </trkpt>
   <trkpt lat="36.0815120" lon="-115.4830550">
    <ele>1365.0</ele>
   </trkpt>
   <trkpt lat="36.0815050" lon="-115.4831320">
    <ele>1366.2</ele>
   </trkpt>
   <trkpt lat="36.0815000" lon="-115.4831430">
    <ele>1366.8</ele>
   </trkpt>
   <trkpt lat="36.0815010" lon="-115.4831660">
    <ele>1367.8</ele>
   </trkpt>
   <trkpt lat="36.0815230" lon="-115.4832360">
    <ele>1368.8</ele>
   </trkpt>
   <trkpt lat="36.0815300" lon="-115.4832760">
    <ele>1369.2</ele>
   </trkpt>
   <trkpt lat="36.0815300" lon="-115.4833500">
    <ele>1370.2</ele>
   </trkpt>
   <trkpt lat="36.0815460" lon="-115.4834150">
    <ele>1370.8</ele>
   </trkpt>
   <trkpt lat="36.0815460" lon="-115.4834210">
    <ele>1368.0</ele>
   </trkpt>
   <trkpt lat="36.0815450" lon="-115.4834300">
    <ele>1368.8</ele>
   </trkpt>
   <trkpt lat="36.0815470" lon="-115.4834460">
    <ele>1374.0</ele>
   </trkpt>
   <trkpt lat="36.0815440" lon="-115.4834920">
    <ele>1374.4</ele>
   </trkpt>
   <trkpt lat="36.0815330" lon="-115.4835140">
    <ele>1375.0</ele>
   </trkpt>
   <trkpt lat="36.0815120" lon="-115.4835380">
    <ele>1375.6</ele>
   </trkpt>
   <trkpt lat="36.0815090" lon="-115.4835110">
    <ele>1372.8</ele>
   </trkpt>
   <trkpt lat="36.0815160" lon="-115.4835250">
    <ele>1372.4</ele>
   </trkpt>
   <trkpt lat="36.0815450" lon="-115.4835540">
    <ele>1374.2</ele>
   </trkpt>
   <trkpt lat="36.0815720" lon="-115.4835330">
    <ele>1374.6</ele>
   </trkpt>
   <trkpt lat="36.0815990" lon="-115.4835020">
    <ele>1374.4</ele>
   </trkpt>
   <trkpt lat="36.0816220" lon="-115.4834850">
    <ele>1373.2</ele>
   </trkpt>
   <trkpt lat="36.0816320" lon="-115.4834790">
    <ele>1373.0</ele>
   </trkpt>
   <trkpt lat="36.0816350" lon="-115.4834810">
    <ele>1372.4</ele>
   </trkpt>
   <trkpt lat="36.0816420" lon="-115.4835150">
    <ele>1372.0</ele>
   </trkpt>
   <trkpt lat="36.0816720" lon="-115.4836240">
    <ele>1373.6</ele>
   </trkpt>
   <trkpt lat="36.0816950" lon="-115.4836640">
    <ele>1374.4</ele>
   </trkpt>
   <trkpt lat="36.0817000" lon="-115.4836930">
    <ele>1375.0</ele>
   </trkpt>
   <trkpt lat="36.0817050" lon="-115.4837540">
    <ele>1375.6</ele>
   </trkpt>
   <trkpt lat="36.0817180" lon="-115.4837770">
    <ele>1376.0</ele>
   </trkpt>
   <trkpt lat="36.0817260" lon="-115.4837920">
    <ele>1376.0</ele>
   </trkpt>
   <trkpt lat="36.0817580" lon="-115.4838700">
    <ele>1376.0</ele>
   </trkpt>
   <trkpt lat="36.0817410" lon="-115.4838940">
    <ele>1376.0</ele>
   </trkpt>
   <trkpt lat="36.0817260" lon="-115.4839240">
    <ele>1376.2</ele>
   </trkpt>
   <trkpt lat="36.0817260" lon="-115.4839420">
    <ele>1376.8</ele>
   </trkpt>
   <trkpt lat="36.0817710" lon="-115.4840440">
    <ele>1376.8</ele>
   </trkpt>
   <trkpt lat="36.0817810" lon="-115.4840490">
    <ele>1376.8</ele>
   </trkpt>
   <trkpt lat="36.0818230" lon="-115.4841090">
    <ele>1376.8</ele>
   </trkpt>
   <trkpt lat="36.0818550" lon="-115.4841440">
    <ele>1378.0</ele>
   </trkpt>
   <trkpt lat="36.0818740" lon="-115.4841740">
    <ele>1378.2</ele>
   </trkpt>
   <trkpt lat="36.0819010" lon="-115.4842220">
    <ele>1379.2</ele>
   </trkpt>
   <trkpt lat="36.0819060" lon="-115.4842680">
    <ele>1379.4</ele>
   </trkpt>
   <trkpt lat="36.0819020" lon="-115.4842880">
    <ele>1379.6</ele>
   </trkpt>
   <trkpt lat="36.0818860" lon="-115.4843170">
    <ele>1380.4</ele>
   </trkpt>
   <trkpt lat="36.0818840" lon="-115.4843250">
    <ele>1380.4</ele>
   </trkpt>
   <trkpt lat="36.0818870" lon="-115.4843600">
    <ele>1380.8</ele>
   </trkpt>
   <trkpt lat="36.0818980" lon="-115.4843890">
    <ele>1381.6</ele>
   </trkpt>
   <trkpt lat="36.0818950" lon="-115.4844450">
    <ele>1382.6</ele>
   </trkpt>
   <trkpt lat="36.0818980" lon="-115.4844580">
    <ele>1382.6</ele>
   </trkpt>
   <trkpt lat="36.0819010" lon="-115.4844640">
    <ele>1379.8</ele>
   </trkpt>
   <trkpt lat="36.0819080" lon="-115.4844730">
    <ele>1377.8</ele>
   </trkpt>
   <trkpt lat="36.0819270" lon="-115.4845140">
    <ele>1380.4</ele>
   </trkpt>
   <trkpt lat="36.0819300" lon="-115.4845350">
    <ele>1383.4</ele>
   </trkpt>
   <trkpt lat="36.0819430" lon="-115.4845600">
    <ele>1384.8</ele>
   </trkpt>
   <trkpt lat="36.0819660" lon="-115.4845880">
    <ele>1385.6</ele>
   </trkpt>
   <trkpt lat="36.0819780" lon="-115.4846230">
    <ele>1385.6</ele>
   </trkpt>
   <trkpt lat="36.0819770" lon="-115.4846500">
    <ele>1385.8</ele>
   </trkpt>
   <trkpt lat="36.0819850" lon="-115.4847190">
    <ele>1386.8</ele>
   </trkpt>
   <trkpt lat="36.0819880" lon="-115.4847340">
    <ele>1387.2</ele>
   </trkpt>
   <trkpt lat="36.0819930" lon="-115.4847750">
    <ele>1387.4</ele>
   </trkpt>
   <trkpt lat="36.0819930" lon="-115.4848060">
    <ele>1388.0</ele>
   </trkpt>
   <trkpt lat="36.0819970" lon="-115.4848250">
    <ele>1388.4</ele>
   </trkpt>
   <trkpt lat="36.0820120" lon="-115.4848910">
    <ele>1389.2</ele>
   </trkpt>
   <trkpt lat="36.0820050" lon="-115.4848980">
    <ele>1389.4</ele>
   </trkpt>
   <trkpt lat="36.0820030" lon="-115.4849260">
    <ele>1389.6</ele>
   </trkpt>
   <trkpt lat="36.0820420" lon="-115.4850090">
    <ele>1390.4</ele>
   </trkpt>
   <trkpt lat="36.0820530" lon="-115.4850170">
    <ele>1390.4</ele>
   </trkpt>
   <trkpt lat="36.0821050" lon="-115.4850560">
    <ele>1390.6</ele>
   </trkpt>
   <trkpt lat="36.0821630" lon="-115.4851190">
    <ele>1391.4</ele>
   </trkpt>
   <trkpt lat="36.0821720" lon="-115.4851630">
    <ele>1391.8</ele>
   </trkpt>
   <trkpt lat="36.0821850" lon="-115.4852200">
    <ele>1392.4</ele>
   </trkpt>
   <trkpt lat="36.0821970" lon="-115.4852360">
    <ele>1393.0</ele>
   </trkpt>
   <trkpt lat="36.0822360" lon="-115.4853230">
    <ele>1393.6</ele>
   </trkpt>
   <trkpt lat="36.0822490" lon="-115.4853640">
    <ele>1393.6</ele>
   </trkpt>
   <trkpt lat="36.0822520" lon="-115.4853820">
    <ele>1394.0</ele>
   </trkpt>
   <trkpt lat="36.0822610" lon="-115.4853870">
    <ele>1394.8</ele>
   </trkpt>
   <trkpt lat="36.0822550" lon="-115.4854630">
    <ele>1396.0</ele>
   </trkpt>
   <trkpt lat="36.0822480" lon="-115.4854730">
    <ele>1396.4</ele>
   </trkpt>
   <trkpt lat="36.0822630" lon="-115.4855040">
    <ele>1397.2</ele>
   </trkpt>
   <trkpt lat="36.0822780" lon="-115.4855490">
    <ele>1397.4</ele>
   </trkpt>
   <trkpt lat="36.0822980" lon="-115.4855970">
    <ele>1398.2</ele>
   </trkpt>
   <trkpt lat="36.0823270" lon="-115.4856650">
    <ele>1399.4</ele>
   </trkpt>
   <trkpt lat="36.0823410" lon="-115.4856800">
    <ele>1399.6</ele>
   </trkpt>
   <trkpt lat="36.0823640" lon="-115.4857030">
    <ele>1400.2</ele>
   </trkpt>
   <trkpt lat="36.0823680" lon="-115.4857730">
    <ele>1400.4</ele>
   </trkpt>
   <trkpt lat="36.0823720" lon="-115.4858030">
    <ele>1400.6</ele>
   </trkpt>
   <trkpt lat="36.0823720" lon="-115.4858080">
    <ele>1401.0</ele>
   </trkpt>
   <trkpt lat="36.0823560" lon="-115.4858240">
    <ele>1401.4</ele>
   </trkpt>
   <trkpt lat="36.0823550" lon="-115.4858550">
    <ele>1402.2</ele>
   </trkpt>
   <trkpt lat="36.0823480" lon="-115.4858560">
    <ele>1403.8</ele>
   </trkpt>
   <trkpt lat="36.0823430" lon="-115.4859050">
    <ele>1404.2</ele>
   </trkpt>
   <trkpt lat="36.0823510" lon="-115.4859770">
    <ele>1404.8</ele>
   </trkpt>
   <trkpt lat="36.0823510" lon="-115.4859930">
    <ele>1404.8</ele>
   </trkpt>
   <trkpt lat="36.0823640" lon="-115.4860180">
    <ele>1405.0</ele>
   </trkpt>
   <trkpt lat="36.0824130" lon="-115.4861550">
    <ele>1405.6</ele>
   </trkpt>
   <trkpt lat="36.0824180" lon="-115.4861640">
    <ele>1406.0</ele>
   </trkpt>
   <trkpt lat="36.0824400" lon="-115.4862090">
    <ele>1408.0</ele>
   </trkpt>
   <trkpt lat="36.0824430" lon="-115.4862170">
    <ele>1408.2</ele>
   </trkpt>
   <trkpt lat="36.0824510" lon="-115.4862620">
    <ele>1409.2</ele>
   </trkpt>
   <trkpt lat="36.0824550" lon="-115.4862800">
    <ele>1409.4</ele>
   </trkpt>
   <trkpt lat="36.0824720" lon="-115.4863080">
    <ele>1410.6</ele>
   </trkpt>
   <trkpt lat="36.0824710" lon="-115.4863610">
    <ele>1411.2</ele>
   </trkpt>
   <trkpt lat="36.0824790" lon="-115.4863780">
    <ele>1411.6</ele>
   </trkpt>
   <trkpt lat="36.0824910" lon="-115.4863790">
    <ele>1412.2</ele>
   </trkpt>
   <trkpt lat="36.0824970" lon="-115.4863750">
    <ele>1412.6</ele>
   </trkpt>
   <trkpt lat="36.0825040" lon="-115.4863780">
    <ele>1413.0</ele>
   </trkpt>
   <trkpt lat="36.0825350" lon="-115.4863780">
    <ele>1413.4</ele>
   </trkpt>
   <trkpt lat="36.0825410" lon="-115.4863980">
    <ele>1414.0</ele>
   </trkpt>
   <trkpt lat="36.0825460" lon="-115.4863960">
    <ele>1414.4</ele>
   </trkpt>
   <trkpt lat="36.0825520" lon="-115.4863950">
    <ele>1415.4</ele>
   </trkpt>
   <trkpt lat="36.0825560" lon="-115.4864000">
    <ele>1415.6</ele>
   </trkpt>
   <trkpt lat="36.0825610" lon="-115.4864130">
    <ele>1415.8</ele>
   </trkpt>
   <trkpt lat="36.0825700" lon="-115.4864300">
    <ele>1416.4</ele>
   </trkpt>
   <trkpt lat="36.0825770" lon="-115.4864340">
    <ele>1417.6</ele>
   </trkpt>
   <trkpt lat="36.0825830" lon="-115.4864560">
    <ele>1418.4</ele>
   </trkpt>
   <trkpt lat="36.0825930" lon="-115.4864610">
    <ele>1418.8</ele>
   </trkpt>
   <trkpt lat="36.0825960" lon="-115.4864590">
    <ele>1419.8</ele>
   </trkpt>
   <trkpt lat="36.0825940" lon="-115.4864690">
    <ele>1420.4</ele>
   </trkpt>
   <trkpt lat="36.0826010" lon="-115.4864760">
    <ele>1421.0</ele>
   </trkpt>
   <trkpt lat="36.0825930" lon="-115.4865040">
    <ele>1421.4</ele>
   </trkpt>
   <trkpt lat="36.0825860" lon="-115.4865280">
    <ele>1422.2</ele>
   </trkpt>
   <trkpt lat="36.0825650" lon="-115.4865500">
    <ele>1423.2</ele>
   </trkpt>
   <trkpt lat="36.0825640" lon="-115.4865530">
    <ele>1423.6</ele>
   </trkpt>
   <trkpt lat="36.0825760" lon="-115.4865750">
    <ele>1424.4</ele>
   </trkpt>
   <trkpt lat="36.0825730" lon="-115.4865810">
    <ele>1424.8</ele>
   </trkpt>
   <trkpt lat="36.0825680" lon="-115.4866260">
    <ele>1425.6</ele>
   </trkpt>
   <trkpt lat="36.0825820" lon="-115.4866710">
    <ele>1426.6</ele>
   </trkpt>
   <trkpt lat="36.0825880" lon="-115.4866790">
    <ele>1427.0</ele>
   </trkpt>
   <trkpt lat="36.0826120" lon="-115.4866660">
    <ele>1428.2</ele>
   </trkpt>
   <trkpt lat="36.0825930" lon="-115.4866780">
    <ele>1429.4</ele>
   </trkpt>
   <trkpt lat="36.0825920" lon="-115.4867010">
    <ele>1430.0</ele>
   </trkpt>
   <trkpt lat="36.0826020" lon="-115.4867140">
    <ele>1430.6</ele>
   </trkpt>
   <trkpt lat="36.0826190" lon="-115.4867240">
    <ele>1431.6</ele>
   </trkpt>
   <trkpt lat="36.0826330" lon="-115.4867410">
    <ele>1432.8</ele>
   </trkpt>
   <trkpt lat="36.0826440" lon="-115.4867450">
    <ele>1434.2</ele>
   </trkpt>
   <trkpt lat="36.0826470" lon="-115.4867480">
    <ele>1434.4</ele>
   </trkpt>
   <trkpt lat="36.0826610" lon="-115.4867650">
    <ele>1435.4</ele>
   </trkpt>
   <trkpt lat="36.0826790" lon="-115.4867700">
    <ele>1436.8</ele>
   </trkpt>
   <trkpt lat="36.0826930" lon="-115.4867750">
    <ele>1437.6</ele>
   </trkpt>
   <trkpt lat="36.0827200" lon="-115.4867780">
    <ele>1438.0</ele>
   </trkpt>
   <trkpt lat="36.0827390" lon="-115.4867540">
    <ele>1439.4</ele>
   </trkpt>
   <trkpt lat="36.0827430" lon="-115.4867500">
    <ele>1439.8</ele>
   </trkpt>
   <trkpt lat="36.0827550" lon="-115.4867520">
    <ele>1440.4</ele>
   </trkpt>
   <trkpt lat="36.0827800" lon="-115.4867990">
    <ele>1441.8</ele>
   </trkpt>
   <trkpt lat="36.0827870" lon="-115.4868130">
    <ele>1442.0</ele>
   </trkpt>
   <trkpt lat="36.0827980" lon="-115.4868260">
    <ele>1442.2</ele>
   </trkpt>
   <trkpt lat="36.0828100" lon="-115.4868750">
    <ele>1442.8</ele>
   </trkpt>
   <trkpt lat="36.0828160" lon="-115.4868860">
    <ele>1443.0</ele>
   </trkpt>
   <trkpt lat="36.0828540" lon="-115.4869390">
    <ele>1444.0</ele>
   </trkpt>
   <trkpt lat="36.0828710" lon="-115.4869400">
    <ele>1444.2</ele>
   </trkpt>
   <trkpt lat="36.0828880" lon="-115.4869380">
    <ele>1444.6</ele>
   </trkpt>
   <trkpt lat="36.0828890" lon="-115.4869310">
    <ele>1445.2</ele>
   </trkpt>
   <trkpt lat="36.0828880" lon="-115.4869290">
    <ele>1445.8</ele>
   </trkpt>
   <trkpt lat="36.0828880" lon="-115.4869370">
    <ele>1446.2</ele>
   </trkpt>
   <trkpt lat="36.0828990" lon="-115.4869480">
    <ele>1446.8</ele>
   </trkpt>
   <trkpt lat="36.0829320" lon="-115.4869340">
    <ele>1447.4</ele>
   </trkpt>
   <trkpt lat="36.0829450" lon="-115.4869300">
    <ele>1447.4</ele>
   </trkpt>
   <trkpt lat="36.0829720" lon="-115.4869230">
    <ele>1448.4</ele>
   </trkpt>
   <trkpt lat="36.0829800" lon="-115.4869130">
    <ele>1449.4</ele>
   </trkpt>
   <trkpt lat="36.0829960" lon="-115.4869310">
    <ele>1450.0</ele>
   </trkpt>
   <trkpt lat="36.0830070" lon="-115.4869360">
    <ele>1450.6</ele>
   </trkpt>
   <trkpt lat="36.0830100" lon="-115.4869620">
    <ele>1451.8</ele>
   </trkpt>
   <trkpt lat="36.0830070" lon="-115.4869870">
    <ele>1452.4</ele>
   </trkpt>
   <trkpt lat="36.0830250" lon="-115.4870070">
    <ele>1452.8</ele>
   </trkpt>
   <trkpt lat="36.0830380" lon="-115.4870060">
    <ele>1453.0</ele>
   </trkpt>
   <trkpt lat="36.0830760" lon="-115.4870180">
    <ele>1453.4</ele>
   </trkpt>
   <trkpt lat="36.0830940" lon="-115.4870200">
    <ele>1454.4</ele>
   </trkpt>
   <trkpt lat="36.0830990" lon="-115.4870240">
    <ele>1455.0</ele>
   </trkpt>
   <trkpt lat="36.0831100" lon="-115.4870220">
    <ele>1455.8</ele>
   </trkpt>
   <trkpt lat="36.0831340" lon="-115.4870230">
    <ele>1456.8</ele>
   </trkpt>
   <trkpt lat="36.0831380" lon="-115.4870350">
    <ele>1457.4</ele>
   </trkpt>
   <trkpt lat="36.0831450" lon="-115.4870530">
    <ele>1458.0</ele>
   </trkpt>
   <trkpt lat="36.0831560" lon="-115.4870790">
    <ele>1458.6</ele>
   </trkpt>
   <trkpt lat="36.0831740" lon="-115.4871000">
    <ele>1459.2</ele>
   </trkpt>
   <trkpt lat="36.0831960" lon="-115.4871340">
    <ele>1460.4</ele>
   </trkpt>
   <trkpt lat="36.0831980" lon="-115.4871230">
    <ele>1461.0</ele>
   </trkpt>
   <trkpt lat="36.0832050" lon="-115.4871180">
    <ele>1461.4</ele>
   </trkpt>
   <trkpt lat="36.0832350" lon="-115.4871630">
    <ele>1462.6</ele>
   </trkpt>
   <trkpt lat="36.0832270" lon="-115.4871970">
    <ele>1463.0</ele>
   </trkpt>
   <trkpt lat="36.0832280" lon="-115.4872530">
    <ele>1461.0</ele>
   </trkpt>
   <trkpt lat="36.0832340" lon="-115.4872650">
    <ele>1461.2</ele>
   </trkpt>
   <trkpt lat="36.0832920" lon="-115.4873720">
    <ele>1461.8</ele>
   </trkpt>
   <trkpt lat="36.0833290" lon="-115.4874410">
    <ele>1461.4</ele>
   </trkpt>
   <trkpt lat="36.0833500" lon="-115.4874810">
    <ele>1461.6</ele>
   </trkpt>
   <trkpt lat="36.0833540" lon="-115.4874940">
    <ele>1461.8</ele>
   </trkpt>
   <trkpt lat="36.0833530" lon="-115.4875070">
    <ele>1462.2</ele>
   </trkpt>
   <trkpt lat="36.0833520" lon="-115.4875140">
    <ele>1463.2</ele>
   </trkpt>
   <trkpt lat="36.0833410" lon="-115.4875330">
    <ele>1464.0</ele>
   </trkpt>
   <trkpt lat="36.0833380" lon="-115.4875380">
    <ele>1464.4</ele>
   </trkpt>
   <trkpt lat="36.0833370" lon="-115.4875530">
    <ele>1464.6</ele>
   </trkpt>
   <trkpt lat="36.0833410" lon="-115.4876110">
    <ele>1465.2</ele>
   </trkpt>
   <trkpt lat="36.0833200" lon="-115.4876610">
    <ele>1465.2</ele>
   </trkpt>
   <trkpt lat="36.0833030" lon="-115.4876860">
    <ele>1465.2</ele>
   </trkpt>
   <trkpt lat="36.0832940" lon="-115.4877380">
    <ele>1464.0</ele>
   </trkpt>
   <trkpt lat="36.0833100" lon="-115.4877730">
    <ele>1464.4</ele>
   </trkpt>
   <trkpt lat="36.0833470" lon="-115.4878470">
    <ele>1465.8</ele>
   </trkpt>
   <trkpt lat="36.0833430" lon="-115.4878570">
    <ele>1466.2</ele>
   </trkpt>
   <trkpt lat="36.0833410" lon="-115.4878640">
    <ele>1466.8</ele>
   </trkpt>
   <trkpt lat="36.0833440" lon="-115.4878800">
    <ele>1463.4</ele>
   </trkpt>
   <trkpt lat="36.0833490" lon="-115.4879050">
    <ele>1463.6</ele>
   </trkpt>
   <trkpt lat="36.0833520" lon="-115.4879150">
    <ele>1465.0</ele>
   </trkpt>
   <trkpt lat="36.0833500" lon="-115.4879250">
    <ele>1468.2</ele>
   </trkpt>
   <trkpt lat="36.0833470" lon="-115.4879310">
    <ele>1469.8</ele>
   </trkpt>
   <trkpt lat="36.0833470" lon="-115.4879410">
    <ele>1470.6</ele>
   </trkpt>
   <trkpt lat="36.0833510" lon="-115.4879540">
    <ele>1471.0</ele>
   </trkpt>
   <trkpt lat="36.0833570" lon="-115.4879660">
    <ele>1471.0</ele>
   </trkpt>
   <trkpt lat="36.0833590" lon="-115.4879970">
    <ele>1471.6</ele>
   </trkpt>
   <trkpt lat="36.0833500" lon="-115.4880190">
    <ele>1472.2</ele>
   </trkpt>
   <trkpt lat="36.0833440" lon="-115.4881020">
    <ele>1473.6</ele>
   </trkpt>
   <trkpt lat="36.0833600" lon="-115.4881880">
    <ele>1474.6</ele>
   </trkpt>
   <trkpt lat="36.0833760" lon="-115.4882010">
    <ele>1474.6</ele>
   </trkpt>
   <trkpt lat="36.0834050" lon="-115.4882480">
    <ele>1475.0</ele>
   </trkpt>
   <trkpt lat="36.0834430" lon="-115.4883040">
    <ele>1476.0</ele>
   </trkpt>
   <trkpt lat="36.0834590" lon="-115.4883330">
    <ele>1476.4</ele>
   </trkpt>
   <trkpt lat="36.0834710" lon="-115.4883910">
    <ele>1474.8</ele>
   </trkpt>
   <trkpt lat="36.0834680" lon="-115.4883960">
    <ele>1475.8</ele>
   </trkpt>
   <trkpt lat="36.0834840" lon="-115.4884330">
    <ele>1477.2</ele>
   </trkpt>
   <trkpt lat="36.0834960" lon="-115.4884840">
    <ele>1478.4</ele>
   </trkpt>
   <trkpt lat="36.0835060" lon="-115.4884960">
    <ele>1478.4</ele>
   </trkpt>
   <trkpt lat="36.0835100" lon="-115.4884980">
    <ele>1476.6</ele>
   </trkpt>
   <trkpt lat="36.0835140" lon="-115.4884990">
    <ele>1478.4</ele>
   </trkpt>
   <trkpt lat="36.0835220" lon="-115.4885120">
    <ele>1480.0</ele>
   </trkpt>
   <trkpt lat="36.0835420" lon="-115.4885470">
    <ele>1481.4</ele>
   </trkpt>
   <trkpt lat="36.0835520" lon="-115.4885530">
    <ele>1482.4</ele>
   </trkpt>
   <trkpt lat="36.0835610" lon="-115.4885520">
    <ele>1482.8</ele>
   </trkpt>
   <trkpt lat="36.0835600" lon="-115.4885510">
    <ele>1483.0</ele>
   </trkpt>
   <trkpt lat="36.0835500" lon="-115.4885710">
    <ele>1483.4</ele>
   </trkpt>
   <trkpt lat="36.0835460" lon="-115.4885640">
    <ele>1484.0</ele>
   </trkpt>
   <trkpt lat="36.0835550" lon="-115.4885740">
    <ele>1484.8</ele>
   </trkpt>
   <trkpt lat="36.0835580" lon="-115.4885900">
    <ele>1486.8</ele>
   </trkpt>
   <trkpt lat="36.0835460" lon="-115.4886060">
    <ele>1488.4</ele>
   </trkpt>
   <trkpt lat="36.0835530" lon="-115.4886360">
    <ele>1489.2</ele>
   </trkpt>
   <trkpt lat="36.0835610" lon="-115.4886580">
    <ele>1489.4</ele>
   </trkpt>
   <trkpt lat="36.0835700" lon="-115.4886680">
    <ele>1489.6</ele>
   </trkpt>
   <trkpt lat="36.0835900" lon="-115.4887040">
    <ele>1490.4</ele>
   </trkpt>
   <trkpt lat="36.0835980" lon="-115.4887210">
    <ele>1490.8</ele>
   </trkpt>
   <trkpt lat="36.0835940" lon="-115.4887370">
    <ele>1491.8</ele>
   </trkpt>
   <trkpt lat="36.0835750" lon="-115.4887730">
    <ele>1492.0</ele>
   </trkpt>
   <trkpt lat="36.0835730" lon="-115.4887900">
    <ele>1492.0</ele>
   </trkpt>
   <trkpt lat="36.0835910" lon="-115.4888550">
    <ele>1492.2</ele>
   </trkpt>
   <trkpt lat="36.0836120" lon="-115.4888940">
    <ele>1493.0</ele>
   </trkpt>
   <trkpt lat="36.0836160" lon="-115.4889090">
    <ele>1494.2</ele>
   </trkpt>
   <trkpt lat="36.0836240" lon="-115.4889160">
    <ele>1494.6</ele>
   </trkpt>
   <trkpt lat="36.0836250" lon="-115.4889190">
    <ele>1495.6</ele>
   </trkpt>
   <trkpt lat="36.0836250" lon="-115.4889290">
    <ele>1496.2</ele>
   </trkpt>
   <trkpt lat="36.0836650" lon="-115.4889420">
    <ele>1496.0</ele>
   </trkpt>
   <trkpt lat="36.0836900" lon="-115.4889780">
    <ele>1496.4</ele>
   </trkpt>
   <trkpt lat="36.0837130" lon="-115.4890490">
    <ele>1496.6</ele>
   </trkpt>
   <trkpt lat="36.0837130" lon="-115.4890920">
    <ele>1497.6</ele>
   </trkpt>
   <trkpt lat="36.0837140" lon="-115.4891130">
    <ele>1497.8</ele>
   </trkpt>
   <trkpt lat="36.0837360" lon="-115.4891080">
    <ele>1498.2</ele>
   </trkpt>
   <trkpt lat="36.0837660" lon="-115.4890870">
    <ele>1499.0</ele>
   </trkpt>
   <trkpt lat="36.0837730" lon="-115.4890970">
    <ele>1499.2</ele>
   </trkpt>
   <trkpt lat="36.0838270" lon="-115.4891440">
    <ele>1500.2</ele>
   </trkpt>
   <trkpt lat="36.0838610" lon="-115.4892040">
    <ele>1501.0</ele>
   </trkpt>
   <trkpt lat="36.0838620" lon="-115.4892350">
    <ele>1501.2</ele>
   </trkpt>
   <trkpt lat="36.0838440" lon="-115.4892980">
    <ele>1502.2</ele>
   </trkpt>
   <trkpt lat="36.0838400" lon="-115.4893180">
    <ele>1502.4</ele>
   </trkpt>
   <trkpt lat="36.0838760" lon="-115.4893580">
    <ele>1501.4</ele>
   </trkpt>
   <trkpt lat="36.0839350" lon="-115.4893430">
    <ele>1502.2</ele>
   </trkpt>
   <trkpt lat="36.0839410" lon="-115.4893520">
    <ele>1503.4</ele>
   </trkpt>
   <trkpt lat="36.0839720" lon="-115.4893660">
    <ele>1504.8</ele>
   </trkpt>
   <trkpt lat="36.0839900" lon="-115.4893850">
    <ele>1505.8</ele>
   </trkpt>
   <trkpt lat="36.0839810" lon="-115.4894340">
    <ele>1506.8</ele>
   </trkpt>
   <trkpt lat="36.0839780" lon="-115.4894440">
    <ele>1507.0</ele>
   </trkpt>
   <trkpt lat="36.0840040" lon="-115.4894520">
    <ele>1507.6</ele>
   </trkpt>
   <trkpt lat="36.0840520" lon="-115.4894610">
    <ele>1508.2</ele>
   </trkpt>
   <trkpt lat="36.0840650" lon="-115.4894860">
    <ele>1508.8</ele>
   </trkpt>
   <trkpt lat="36.0840640" lon="-115.4895090">
    <ele>1509.6</ele>
   </trkpt>
   <trkpt lat="36.0840480" lon="-115.4895270">
    <ele>1510.6</ele>
   </trkpt>
   <trkpt lat="36.0840660" lon="-115.4895290">
    <ele>1511.0</ele>
   </trkpt>
   <trkpt lat="36.0841180" lon="-115.4895220">
    <ele>1511.6</ele>
   </trkpt>
   <trkpt lat="36.0841470" lon="-115.4895450">
    <ele>1512.0</ele>
   </trkpt>
   <trkpt lat="36.0841670" lon="-115.4895660">
    <ele>1512.4</ele>
   </trkpt>
   <trkpt lat="36.0842110" lon="-115.4896270">
    <ele>1513.2</ele>
   </trkpt>
   <trkpt lat="36.0841920" lon="-115.4896270">
    <ele>1514.2</ele>
   </trkpt>
   <trkpt lat="36.0841920" lon="-115.4896350">
    <ele>1514.4</ele>
   </trkpt>
   <trkpt lat="36.0841910" lon="-115.4896660">
    <ele>1514.4</ele>
   </trkpt>
   <trkpt lat="36.0842060" lon="-115.4896820">
    <ele>1514.8</ele>
   </trkpt>
   <trkpt lat="36.0842030" lon="-115.4896840">
    <ele>1515.2</ele>
   </trkpt>
   <trkpt lat="36.0842080" lon="-115.4897050">
    <ele>1515.4</ele>
   </trkpt>
   <trkpt lat="36.0842090" lon="-115.4897170">
    <ele>1515.6</ele>
   </trkpt>
   <trkpt lat="36.0842120" lon="-115.4897230">
    <ele>1516.0</ele>
   </trkpt>
   <trkpt lat="36.0842380" lon="-115.4897650">
    <ele>1516.4</ele>
   </trkpt>
   <trkpt lat="36.0842660" lon="-115.4897860">
    <ele>1517.4</ele>
   </trkpt>
   <trkpt lat="36.0842680" lon="-115.4897960">
    <ele>1517.6</ele>
   </trkpt>
   <trkpt lat="36.0842830" lon="-115.4898050">
    <ele>1518.8</ele>
   </trkpt>
   <trkpt lat="36.0843270" lon="-115.4898300">
    <ele>1520.0</ele>
   </trkpt>
   <trkpt lat="36.0843390" lon="-115.4898410">
    <ele>1520.4</ele>
   </trkpt>
   <trkpt lat="36.0843530" lon="-115.4898420">
    <ele>1521.4</ele>
   </trkpt>
   <trkpt lat="36.0843750" lon="-115.4898980">
    <ele>1522.2</ele>
   </trkpt>
   <trkpt lat="36.0843660" lon="-115.4899130">
    <ele>1522.4</ele>
   </trkpt>
   <trkpt lat="36.0843570" lon="-115.4899090">
    <ele>1522.6</ele>
   </trkpt>
   <trkpt lat="36.0843970" lon="-115.4899830">
    <ele>1523.8</ele>
   </trkpt>
   <trkpt lat="36.0843910" lon="-115.4899900">
    <ele>1524.0</ele>
   </trkpt>
   <trkpt lat="36.0843920" lon="-115.4900050">
    <ele>1525.0</ele>
   </trkpt>
   <trkpt lat="36.0843880" lon="-115.4900130">
    <ele>1525.4</ele>
   </trkpt>
   <trkpt lat="36.0844660" lon="-115.4900410">
    <ele>1526.0</ele>
   </trkpt>
   <trkpt lat="36.0844920" lon="-115.4900790">
    <ele>1526.2</ele>
   </trkpt>
   <trkpt lat="36.0844810" lon="-115.4900880">
    <ele>1526.2</ele>
   </trkpt>
   <trkpt lat="36.0844740" lon="-115.4900910">
    <ele>1526.2</ele>
   </trkpt>
   <trkpt lat="36.0844750" lon="-115.4901040">
    <ele>1526.2</ele>
   </trkpt>
   <trkpt lat="36.0844700" lon="-115.4901250">
    <ele>1527.4</ele>
   </trkpt>
   <trkpt lat="36.0844670" lon="-115.4901340">
    <ele>1528.4</ele>
   </trkpt>
   <trkpt lat="36.0844640" lon="-115.4901300">
    <ele>1528.8</ele>
   </trkpt>
   <trkpt lat="36.0844510" lon="-115.4901870">
    <ele>1529.6</ele>
   </trkpt>
   <trkpt lat="36.0844530" lon="-115.4901990">
    <ele>1529.8</ele>
   </trkpt>
   <trkpt lat="36.0844420" lon="-115.4902480">
    <ele>1530.4</ele>
   </trkpt>
   <trkpt lat="36.0844390" lon="-115.4902710">
    <ele>1531.2</ele>
   </trkpt>
   <trkpt lat="36.0844360" lon="-115.4902790">
    <ele>1531.4</ele>
   </trkpt>
   <trkpt lat="36.0844330" lon="-115.4902890">
    <ele>1532.2</ele>
   </trkpt>
   <trkpt lat="36.0844350" lon="-115.4902900">
    <ele>1532.2</ele>
   </trkpt>
   <trkpt lat="36.0844240" lon="-115.4903490">
    <ele>1532.4</ele>
   </trkpt>
   <trkpt lat="36.0844400" lon="-115.4903800">
    <ele>1533.0</ele>
   </trkpt>
   <trkpt lat="36.0844540" lon="-115.4903790">
    <ele>1533.2</ele>
   </trkpt>
   <trkpt lat="36.0844590" lon="-115.4903920">
    <ele>1533.4</ele>
   </trkpt>
   <trkpt lat="36.0844610" lon="-115.4904460">
    <ele>1534.6</ele>
   </trkpt>
   <trkpt lat="36.0844660" lon="-115.4904910">
    <ele>1535.8</ele>
   </trkpt>
   <trkpt lat="36.0844630" lon="-115.4905200">
    <ele>1536.2</ele>
   </trkpt>
   <trkpt lat="36.0844740" lon="-115.4905930">
    <ele>1537.0</ele>
   </trkpt>
   <trkpt lat="36.0844750" lon="-115.4906220">
    <ele>1537.0</ele>
   </trkpt>
   <trkpt lat="36.0844820" lon="-115.4906460">
    <ele>1536.6</ele>
   </trkpt>
   <trkpt lat="36.0845210" lon="-115.4907030">
    <ele>1536.0</ele>
   </trkpt>
   <trkpt lat="36.0845210" lon="-115.4907210">
    <ele>1536.0</ele>
   </trkpt>
   <trkpt lat="36.0845090" lon="-115.4907580">
    <ele>1535.8</ele>
   </trkpt>
   <trkpt lat="36.0845080" lon="-115.4908310">
    <ele>1533.8</ele>
   </trkpt>
   <trkpt lat="36.0845260" lon="-115.4908850">
    <ele>1536.2</ele>
   </trkpt>
   <trkpt lat="36.0845530" lon="-115.4909300">
    <ele>1537.2</ele>
   </trkpt>
   <trkpt lat="36.0846190" lon="-115.4909840">
    <ele>1538.4</ele>
   </trkpt>
   <trkpt lat="36.0846140" lon="-115.4909660">
    <ele>1539.2</ele>
   </trkpt>
   <trkpt lat="36.0846130" lon="-115.4909580">
    <ele>1539.6</ele>
   </trkpt>
   <trkpt lat="36.0846200" lon="-115.4909480">
    <ele>1539.8</ele>
   </trkpt>
   <trkpt lat="36.0846530" lon="-115.4909460">
    <ele>1540.4</ele>
   </trkpt>
   <trkpt lat="36.0846630" lon="-115.4909510">
    <ele>1540.4</ele>
   </trkpt>
   <trkpt lat="36.0846670" lon="-115.4909600">
    <ele>1541.0</ele>
   </trkpt>
   <trkpt lat="36.0846800" lon="-115.4909660">
    <ele>1542.2</ele>
   </trkpt>
   <trkpt lat="36.0847090" lon="-115.4909810">
    <ele>1543.4</ele>
   </trkpt>
   <trkpt lat="36.0847350" lon="-115.4909830">
    <ele>1544.6</ele>
   </trkpt>
   <trkpt lat="36.0847430" lon="-115.4910110">
    <ele>1545.6</ele>
   </trkpt>
   <trkpt lat="36.0847400" lon="-115.4910220">
    <ele>1546.0</ele>
   </trkpt>
   <trkpt lat="36.0847600" lon="-115.4910850">
    <ele>1546.6</ele>
   </trkpt>
   <trkpt lat="36.0847780" lon="-115.4910970">
    <ele>1547.4</ele>
   </trkpt>
   <trkpt lat="36.0847920" lon="-115.4911140">
    <ele>1547.8</ele>
   </trkpt>
   <trkpt lat="36.0848030" lon="-115.4911260">
    <ele>1547.6</ele>
   </trkpt>
   <trkpt lat="36.0848130" lon="-115.4911320">
    <ele>1547.2</ele>
   </trkpt>
   <trkpt lat="36.0848130" lon="-115.4911480">
    <ele>1548.0</ele>
   </trkpt>
   <trkpt lat="36.0848120" lon="-115.4911570">
    <ele>1548.0</ele>
   </trkpt>
   <trkpt lat="36.0848150" lon="-115.4911510">
    <ele>1548.8</ele>
   </trkpt>
   <trkpt lat="36.0848110" lon="-115.4911670">
    <ele>1548.8</ele>
   </trkpt>
   <trkpt lat="36.0847870" lon="-115.4912080">
    <ele>1550.2</ele>
   </trkpt>
   <trkpt lat="36.0847870" lon="-115.4912160">
    <ele>1550.2</ele>
   </trkpt>
   <trkpt lat="36.0847900" lon="-115.4912850">
    <ele>1550.0</ele>
   </trkpt>
   <trkpt lat="36.0847960" lon="-115.4913330">
    <ele>1551.4</ele>
   </trkpt>
   <trkpt lat="36.0848100" lon="-115.4913430">
    <ele>1552.2</ele>
   </trkpt>
   <trkpt lat="36.0848160" lon="-115.4913480">
    <ele>1552.6</ele>
   </trkpt>
   <trkpt lat="36.0848220" lon="-115.4913730">
    <ele>1552.8</ele>
   </trkpt>
   <trkpt lat="36.0848330" lon="-115.4913590">
    <ele>1553.6</ele>
   </trkpt>
   <trkpt lat="36.0848360" lon="-115.4913640">
    <ele>1554.0</ele>
   </trkpt>
   <trkpt lat="36.0848440" lon="-115.4914230">
    <ele>1554.6</ele>
   </trkpt>
   <trkpt lat="36.0848370" lon="-115.4914360">
    <ele>1555.2</ele>
   </trkpt>
   <trkpt lat="36.0848340" lon="-115.4914420">
    <ele>1555.8</ele>
   </trkpt>
   <trkpt lat="36.0848050" lon="-115.4914640">
    <ele>1556.8</ele>
   </trkpt>
   <trkpt lat="36.0847860" lon="-115.4915120">
    <ele>1557.8</ele>
   </trkpt>
   <trkpt lat="36.0847780" lon="-115.4915730">
    <ele>1559.2</ele>
   </trkpt>
   <trkpt lat="36.0847910" lon="-115.4916080">
    <ele>1559.4</ele>
   </trkpt>
   <trkpt lat="36.0847840" lon="-115.4916600">
    <ele>1560.4</ele>
   </trkpt>
   <trkpt lat="36.0848050" lon="-115.4917020">
    <ele>1561.4</ele>
   </trkpt>
   <trkpt lat="36.0848150" lon="-115.4917170">
    <ele>1561.4</ele>
   </trkpt>
   <trkpt lat="36.0848210" lon="-115.4917750">
    <ele>1563.0</ele>
   </trkpt>
   <trkpt lat="36.0848280" lon="-115.4918080">
    <ele>1563.6</ele>
   </trkpt>
   <trkpt lat="36.0848240" lon="-115.4918150">
    <ele>1563.8</ele>
   </trkpt>
   <trkpt lat="36.0848270" lon="-115.4918170">
    <ele>1564.0</ele>
   </trkpt>
   <trkpt lat="36.0848240" lon="-115.4918210">
    <ele>1564.2</ele>
   </trkpt>
   <trkpt lat="36.0848130" lon="-115.4918450">
    <ele>1564.2</ele>
   </trkpt>
   <trkpt lat="36.0848100" lon="-115.4918610">
    <ele>1564.2</ele>
   </trkpt>
   <trkpt lat="36.0847670" lon="-115.4919580">
    <ele>1565.2</ele>
   </trkpt>
   <trkpt lat="36.0847600" lon="-115.4919750">
    <ele>1565.2</ele>
   </trkpt>
   <trkpt lat="36.0847590" lon="-115.4920380">
    <ele>1566.4</ele>
   </trkpt>
   <trkpt lat="36.0847850" lon="-115.4920470">
    <ele>1566.6</ele>
   </trkpt>
   <trkpt lat="36.0848190" lon="-115.4920620">
    <ele>1566.8</ele>
   </trkpt>
   <trkpt lat="36.0848830" lon="-115.4920760">
    <ele>1567.0</ele>
   </trkpt>
   <trkpt lat="36.0848970" lon="-115.4921100">
    <ele>1567.6</ele>
   </trkpt>
   <trkpt lat="36.0849050" lon="-115.4921300">
    <ele>1567.6</ele>
   </trkpt>
   <trkpt lat="36.0849360" lon="-115.4921970">
    <ele>1568.8</ele>
   </trkpt>
   <trkpt lat="36.0849160" lon="-115.4921740">
    <ele>1570.0</ele>
   </trkpt>
   <trkpt lat="36.0849100" lon="-115.4921680">
    <ele>1570.4</ele>
   </trkpt>
   <trkpt lat="36.0849210" lon="-115.4921640">
    <ele>1571.2</ele>
   </trkpt>
   <trkpt lat="36.0849150" lon="-115.4921690">
    <ele>1571.6</ele>
   </trkpt>
   <trkpt lat="36.0848500" lon="-115.4921740">
    <ele>1572.4</ele>
   </trkpt>
   <trkpt lat="36.0848280" lon="-115.4921990">
    <ele>1573.2</ele>
   </trkpt>
   <trkpt lat="36.0848460" lon="-115.4922140">
    <ele>1573.6</ele>
   </trkpt>
   <trkpt lat="36.0849810" lon="-115.4922660">
    <ele>1574.8</ele>
   </trkpt>
   <trkpt lat="36.0849860" lon="-115.4922950">
    <ele>1575.0</ele>
   </trkpt>
   <trkpt lat="36.0849140" lon="-115.4923310">
    <ele>1575.2</ele>
   </trkpt>
   <trkpt lat="36.0849110" lon="-115.4923170">
    <ele>1576.6</ele>
   </trkpt>
   <trkpt lat="36.0848250" lon="-115.4923530">
    <ele>1577.0</ele>
   </trkpt>
   <trkpt lat="36.0848410" lon="-115.4923760">
    <ele>1578.2</ele>
   </trkpt>
   <trkpt lat="36.0848720" lon="-115.4924010">
    <ele>1579.6</ele>
   </trkpt>
   <trkpt lat="36.0848130" lon="-115.4924670">
    <ele>1570.0</ele>
   </trkpt>
   <trkpt lat="36.0848080" lon="-115.4924660">
    <ele>1568.2</ele>
   </trkpt>
   <trkpt lat="36.0848770" lon="-115.4925140">
    <ele>1572.2</ele>
   </trkpt>
   <trkpt lat="36.0848880" lon="-115.4925290">
    <ele>1577.4</ele>
   </trkpt>
   <trkpt lat="36.0848840" lon="-115.4925330">
    <ele>1579.2</ele>
   </trkpt>
   <trkpt lat="36.0848830" lon="-115.4925400">
    <ele>1581.8</ele>
   </trkpt>
   <trkpt lat="36.0848880" lon="-115.4925490">
    <ele>1583.8</ele>
   </trkpt>
   <trkpt lat="36.0849410" lon="-115.4926120">
    <ele>1584.4</ele>
   </trkpt>
   <trkpt lat="36.0849330" lon="-115.4926060">
    <ele>1584.8</ele>
   </trkpt>
   <trkpt lat="36.0849670" lon="-115.4926000">
    <ele>1585.0</ele>
   </trkpt>
   <trkpt lat="36.0849790" lon="-115.4926300">
    <ele>1586.0</ele>
   </trkpt>
   <trkpt lat="36.0850080" lon="-115.4926630">
    <ele>1587.2</ele>
   </trkpt>
   <trkpt lat="36.0849870" lon="-115.4926660">
    <ele>1588.2</ele>
   </trkpt>
   <trkpt lat="36.0849750" lon="-115.4926650">
    <ele>1588.8</ele>
   </trkpt>
   <trkpt lat="36.0849780" lon="-115.4926930">
    <ele>1590.0</ele>
   </trkpt>
   <trkpt lat="36.0849410" lon="-115.4927630">
    <ele>1591.0</ele>
   </trkpt>
   <trkpt lat="36.0849350" lon="-115.4927630">
    <ele>1592.0</ele>
   </trkpt>
   <trkpt lat="36.0849320" lon="-115.4927690">
    <ele>1592.6</ele>
   </trkpt>
   <trkpt lat="36.0849190" lon="-115.4928360">
    <ele>1593.8</ele>
   </trkpt>
   <trkpt lat="36.0848930" lon="-115.4929640">
    <ele>1594.6</ele>
   </trkpt>
   <trkpt lat="36.0848930" lon="-115.4929830">
    <ele>1594.8</ele>
   </trkpt>
   <trkpt lat="36.0848960" lon="-115.4930100">
    <ele>1596.0</ele>
   </trkpt>
   <trkpt lat="36.0848830" lon="-115.4930120">
    <ele>1597.2</ele>
   </trkpt>
   <trkpt lat="36.0848910" lon="-115.4930350">
    <ele>1598.4</ele>
   </trkpt>
   <trkpt lat="36.0848610" lon="-115.4930360">
    <ele>1598.6</ele>
   </trkpt>
   <trkpt lat="36.0848000" lon="-115.4930240">
    <ele>1599.6</ele>
   </trkpt>
   <trkpt lat="36.0848080" lon="-115.4930750">
    <ele>1600.6</ele>
   </trkpt>
   <trkpt lat="36.0848350" lon="-115.4931740">
    <ele>1601.8</ele>
   </trkpt>
   <trkpt lat="36.0848350" lon="-115.4931610">
    <ele>1602.0</ele>
   </trkpt>
   <trkpt lat="36.0849050" lon="-115.4931810">
    <ele>1602.4</ele>
   </trkpt>
   <trkpt lat="36.0849270" lon="-115.4931860">
    <ele>1603.2</ele>
   </trkpt>
   <trkpt lat="36.0849630" lon="-115.4932840">
    <ele>1604.2</ele>
   </trkpt>
   <trkpt lat="36.0849590" lon="-115.4932890">
    <ele>1605.0</ele>
   </trkpt>
   <trkpt lat="36.0850650" lon="-115.4934210">
    <ele>1605.8</ele>
   </trkpt>
   <trkpt lat="36.0850780" lon="-115.4934240">
    <ele>1606.0</ele>
   </trkpt>
   <trkpt lat="36.0850900" lon="-115.4934360">
    <ele>1607.0</ele>
   </trkpt>
   <trkpt lat="36.0851240" lon="-115.4934730">
    <ele>1608.4</ele>
   </trkpt>
   <trkpt lat="36.0851910" lon="-115.4935710">
    <ele>1609.6</ele>
   </trkpt>
   <trkpt lat="36.0851850" lon="-115.4936040">
    <ele>1610.8</ele>
   </trkpt>
   <trkpt lat="36.0851750" lon="-115.4936280">
    <ele>1611.6</ele>
   </trkpt>
   <trkpt lat="36.0851380" lon="-115.4935900">
    <ele>1612.0</ele>
   </trkpt>
   <trkpt lat="36.0850580" lon="-115.4935360">
    <ele>1613.0</ele>
   </trkpt>
   <trkpt lat="36.0850550" lon="-115.4935430">
    <ele>1613.4</ele>
   </trkpt>
   <trkpt lat="36.0850440" lon="-115.4935470">
    <ele>1613.4</ele>
   </trkpt>
   <trkpt lat="36.0850300" lon="-115.4935570">
    <ele>1614.4</ele>
   </trkpt>
   <trkpt lat="36.0850140" lon="-115.4935470">
    <ele>1615.8</ele>
   </trkpt>
   <trkpt lat="36.0849630" lon="-115.4934730">
    <ele>1617.0</ele>
   </trkpt>
   <trkpt lat="36.0849410" lon="-115.4934120">
    <ele>1618.0</ele>
   </trkpt>
   <trkpt lat="36.0849360" lon="-115.4933920">
    <ele>1618.4</ele>
   </trkpt>
   <trkpt lat="36.0849010" lon="-115.4933140">
    <ele>1619.0</ele>
   </trkpt>
   <trkpt lat="36.0849070" lon="-115.4932360">
    <ele>1620.2</ele>
   </trkpt>
   <trkpt lat="36.0848870" lon="-115.4932280">
    <ele>1621.4</ele>
   </trkpt>
   <trkpt lat="36.0848590" lon="-115.4932210">
    <ele>1622.4</ele>
   </trkpt>
   <trkpt lat="36.0848450" lon="-115.4932130">
    <ele>1622.8</ele>
   </trkpt>
   <trkpt lat="36.0848260" lon="-115.4932200">
    <ele>1623.0</ele>
   </trkpt>
   <trkpt lat="36.0847880" lon="-115.4932440">
    <ele>1623.2</ele>
   </trkpt>
   <trkpt lat="36.0847310" lon="-115.4932270">
    <ele>1623.6</ele>
   </trkpt>
   <trkpt lat="36.0847060" lon="-115.4932320">
    <ele>1623.6</ele>
   </trkpt>
   <trkpt lat="36.0847120" lon="-115.4932370">
    <ele>1623.6</ele>
   </trkpt>
   <trkpt lat="36.0848420" lon="-115.4934190">
    <ele>1624.4</ele>
   </trkpt>
   <trkpt lat="36.0848580" lon="-115.4934380">
    <ele>1625.0</ele>
   </trkpt>
   <trkpt lat="36.0848920" lon="-115.4934880">
    <ele>1626.0</ele>
   </trkpt>
   <trkpt lat="36.0848740" lon="-115.4935060">
    <ele>1626.4</ele>
   </trkpt>
   <trkpt lat="36.0848530" lon="-115.4935420">
    <ele>1627.2</ele>
   </trkpt>
   <trkpt lat="36.0848280" lon="-115.4935470">
    <ele>1627.6</ele>
   </trkpt>
   <trkpt lat="36.0847490" lon="-115.4935570">
    <ele>1628.0</ele>
   </trkpt>
   <trkpt lat="36.0847380" lon="-115.4935770">
    <ele>1628.2</ele>
   </trkpt>
   <trkpt lat="36.0847320" lon="-115.4936100">
    <ele>1628.4</ele>
   </trkpt>
   <trkpt lat="36.0847540" lon="-115.4936700">
    <ele>1629.6</ele>
   </trkpt>
   <trkpt lat="36.0847700" lon="-115.4936970">
    <ele>1630.6</ele>
   </trkpt>
   <trkpt lat="36.0847380" lon="-115.4937230">
    <ele>1631.6</ele>
   </trkpt>
   <trkpt lat="36.0847240" lon="-115.4937120">
    <ele>1631.6</ele>
   </trkpt>
   <trkpt lat="36.0847290" lon="-115.4937110">
    <ele>1630.0</ele>
   </trkpt>
   <trkpt lat="36.0847450" lon="-115.4937260">
    <ele>1630.0</ele>
   </trkpt>
   <trkpt lat="36.0847380" lon="-115.4937430">
    <ele>1630.0</ele>
   </trkpt>
   <trkpt lat="36.0847370" lon="-115.4937560">
    <ele>1631.8</ele>
   </trkpt>
   <trkpt lat="36.0847390" lon="-115.4937650">
    <ele>1633.8</ele>
   </trkpt>
   <trkpt lat="36.0847320" lon="-115.4937700">
    <ele>1634.8</ele>
   </trkpt>
   <trkpt lat="36.0847140" lon="-115.4937720">
    <ele>1635.4</ele>
   </trkpt>
   <trkpt lat="36.0847170" lon="-115.4937790">
    <ele>1635.6</ele>
   </trkpt>
   <trkpt lat="36.0847450" lon="-115.4938020">
    <ele>1635.8</ele>
   </trkpt>
   <trkpt lat="36.0847900" lon="-115.4938290">
    <ele>1636.0</ele>
   </trkpt>
   <trkpt lat="36.0847880" lon="-115.4938200">
    <ele>1636.0</ele>
   </trkpt>
   <trkpt lat="36.0847990" lon="-115.4938330">
    <ele>1636.0</ele>
   </trkpt>
   <trkpt lat="36.0847940" lon="-115.4938490">
    <ele>1636.0</ele>
   </trkpt>
   <trkpt lat="36.0848250" lon="-115.4939310">
    <ele>1636.0</ele>
   </trkpt>
   <trkpt lat="36.0849050" lon="-115.4938880">
    <ele>1635.6</ele>
   </trkpt>
   <trkpt lat="36.0849410" lon="-115.4938010">
    <ele>1636.6</ele>
   </trkpt>
   <trkpt lat="36.0849490" lon="-115.4937950">
    <ele>1637.2</ele>
   </trkpt>
   <trkpt lat="36.0849470" lon="-115.4938250">
    <ele>1637.8</ele>
   </trkpt>
   <trkpt lat="36.0849570" lon="-115.4939040">
    <ele>1639.0</ele>
   </trkpt>
   <trkpt lat="36.0850100" lon="-115.4939640">
    <ele>1640.2</ele>
   </trkpt>
   <trkpt lat="36.0850870" lon="-115.4940230">
    <ele>1641.4</ele>
   </trkpt>
   <trkpt lat="36.0850960" lon="-115.4940380">
    <ele>1642.0</ele>
   </trkpt>
   <trkpt lat="36.0850870" lon="-115.4940410">
    <ele>1642.6</ele>
   </trkpt>
   <trkpt lat="36.0850760" lon="-115.4940440">
    <ele>1643.8</ele>
   </trkpt>
   <trkpt lat="36.0850730" lon="-115.4940690">
    <ele>1643.8</ele>
   </trkpt>
   <trkpt lat="36.0850120" lon="-115.4940800">
    <ele>1645.2</ele>
   </trkpt>
   <trkpt lat="36.0850040" lon="-115.4940900">
    <ele>1647.2</ele>
   </trkpt>
   <trkpt lat="36.0849860" lon="-115.4940740">
    <ele>1648.6</ele>
   </trkpt>
   <trkpt lat="36.0849660" lon="-115.4940650">
    <ele>1650.0</ele>
   </trkpt>
   <trkpt lat="36.0849920" lon="-115.4940670">
    <ele>1650.8</ele>
   </trkpt>
   <trkpt lat="36.0849990" lon="-115.4940680">
    <ele>1651.4</ele>
   </trkpt>
   <trkpt lat="36.0850260" lon="-115.4940880">
    <ele>1652.6</ele>
   </trkpt>
   <trkpt lat="36.0850580" lon="-115.4941190">
    <ele>1653.6</ele>
   </trkpt>
   <trkpt lat="36.0850780" lon="-115.4941470">
    <ele>1654.8</ele>
   </trkpt>
   <trkpt lat="36.0851140" lon="-115.4941890">
    <ele>1656.0</ele>
   </trkpt>
   <trkpt lat="36.0851250" lon="-115.4942050">
    <ele>1656.6</ele>
   </trkpt>
   <trkpt lat="36.0851270" lon="-115.4942180">
    <ele>1656.8</ele>
   </trkpt>
   <trkpt lat="36.0851240" lon="-115.4942310">
    <ele>1657.6</ele>
   </trkpt>
   <trkpt lat="36.0851320" lon="-115.4942580">
    <ele>1658.8</ele>
   </trkpt>
   <trkpt lat="36.0851570" lon="-115.4943110">
    <ele>1660.2</ele>
   </trkpt>
   <trkpt lat="36.0851800" lon="-115.4943600">
    <ele>1661.2</ele>
   </trkpt>
   <trkpt lat="36.0851970" lon="-115.4944090">
    <ele>1662.0</ele>
   </trkpt>
   <trkpt lat="36.0851970" lon="-115.4944090">
    <ele>1662.4</ele>
   </trkpt>
   <trkpt lat="36.0852460" lon="-115.4945230">
    <ele>1662.8</ele>
   </trkpt>
   <trkpt lat="36.0852810" lon="-115.4945680">
    <ele>1662.8</ele>
   </trkpt>
   <trkpt lat="36.0853370" lon="-115.4946350">
    <ele>1663.0</ele>
   </trkpt>
   <trkpt lat="36.0853470" lon="-115.4946510">
    <ele>1663.0</ele>
   </trkpt>
   <trkpt lat="36.0853580" lon="-115.4946630">
    <ele>1664.8</ele>
   </trkpt>
   <trkpt lat="36.0853670" lon="-115.4946730">
    <ele>1665.2</ele>
   </trkpt>
   <trkpt lat="36.0853760" lon="-115.4946760">
    <ele>1666.0</ele>
   </trkpt>
   <trkpt lat="36.0853740" lon="-115.4946820">
    <ele>1666.8</ele>
   </trkpt>
   <trkpt lat="36.0853630" lon="-115.4946840">
    <ele>1667.2</ele>
   </trkpt>
   <trkpt lat="36.0853510" lon="-115.4946790">
    <ele>1667.4</ele>
   </trkpt>
   <trkpt lat="36.0853710" lon="-115.4947290">
    <ele>1668.2</ele>
   </trkpt>
   <trkpt lat="36.0853700" lon="-115.4947420">
    <ele>1668.4</ele>
   </trkpt>
   <trkpt lat="36.0854460" lon="-115.4947750">
    <ele>1669.8</ele>
   </trkpt>
   <trkpt lat="36.0855060" lon="-115.4948320">
    <ele>1671.0</ele>
   </trkpt>
   <trkpt lat="36.0855210" lon="-115.4949000">
    <ele>1672.4</ele>
   </trkpt>
   <trkpt lat="36.0855250" lon="-115.4949410">
    <ele>1672.8</ele>
   </trkpt>
   <trkpt lat="36.0855170" lon="-115.4949730">
    <ele>1673.4</ele>
   </trkpt>
   <trkpt lat="36.0855120" lon="-115.4950320">
    <ele>1674.4</ele>
   </trkpt>
   <trkpt lat="36.0854880" lon="-115.4950370">
    <ele>1675.8</ele>
   </trkpt>
   <trkpt lat="36.0854910" lon="-115.4950560">
    <ele>1677.0</ele>
   </trkpt>
   <trkpt lat="36.0854960" lon="-115.4950580">
    <ele>1677.4</ele>
   </trkpt>
   <trkpt lat="36.0854790" lon="-115.4950700">
    <ele>1678.4</ele>
   </trkpt>
   <trkpt lat="36.0854860" lon="-115.4950790">
    <ele>1679.6</ele>
   </trkpt>
   <trkpt lat="36.0854780" lon="-115.4950780">
    <ele>1680.6</ele>
   </trkpt>
   <trkpt lat="36.0855070" lon="-115.4951210">
    <ele>1681.8</ele>
   </trkpt>
   <trkpt lat="36.0855530" lon="-115.4952020">
    <ele>1683.0</ele>
   </trkpt>
   <trkpt lat="36.0855400" lon="-115.4952390">
    <ele>1684.0</ele>
   </trkpt>
   <trkpt lat="36.0855310" lon="-115.4953390">
    <ele>1685.4</ele>
   </trkpt>
   <trkpt lat="36.0855430" lon="-115.4953520">
    <ele>1685.8</ele>
   </trkpt>
   <trkpt lat="36.0855570" lon="-115.4953630">
    <ele>1686.4</ele>
   </trkpt>
   <trkpt lat="36.0855670" lon="-115.4953500">
    <ele>1687.6</ele>
   </trkpt>
   <trkpt lat="36.0856040" lon="-115.4954010">
    <ele>1688.8</ele>
   </trkpt>
   <trkpt lat="36.0856130" lon="-115.4954070">
    <ele>1689.0</ele>
   </trkpt>
   <trkpt lat="36.0856080" lon="-115.4954130">
    <ele>1689.4</ele>
   </trkpt>
   <trkpt lat="36.0856090" lon="-115.4953960">
    <ele>1689.8</ele>
   </trkpt>
   <trkpt lat="36.0856140" lon="-115.4953790">
    <ele>1690.4</ele>
   </trkpt>
   <trkpt lat="36.0856180" lon="-115.4953590">
    <ele>1690.8</ele>
   </trkpt>
   <trkpt lat="36.0856120" lon="-115.4953400">
    <ele>1691.0</ele>
   </trkpt>
   <trkpt lat="36.0856130" lon="-115.4953260">
    <ele>1691.0</ele>
   </trkpt>
   <trkpt lat="36.0856290" lon="-115.4952530">
    <ele>1692.6</ele>
   </trkpt>
   <trkpt lat="36.0856360" lon="-115.4952520">
    <ele>1693.4</ele>
   </trkpt>
   <trkpt lat="36.0856340" lon="-115.4952590">
    <ele>1693.8</ele>
   </trkpt>
   <trkpt lat="36.0856270" lon="-115.4952680">
    <ele>1695.0</ele>
   </trkpt>
   <trkpt lat="36.0856370" lon="-115.4951520">
    <ele>1696.0</ele>
   </trkpt>
   <trkpt lat="36.0856130" lon="-115.4951390">
    <ele>1696.6</ele>
   </trkpt>
   <trkpt lat="36.0856310" lon="-115.4951620">
    <ele>1697.0</ele>
   </trkpt>
   <trkpt lat="36.0856430" lon="-115.4951150">
    <ele>1696.4</ele>
   </trkpt>
   <trkpt lat="36.0856700" lon="-115.4950750">
    <ele>1695.6</ele>
   </trkpt>
   <trkpt lat="36.0856710" lon="-115.4951030">
    <ele>1696.0</ele>
   </trkpt>
   <trkpt lat="36.0856650" lon="-115.4951620">
    <ele>1695.0</ele>
   </trkpt>
   <trkpt lat="36.0856710" lon="-115.4951840">
    <ele>1695.2</ele>
   </trkpt>
   <trkpt lat="36.0856770" lon="-115.4953090">
    <ele>1693.6</ele>
   </trkpt>
   <trkpt lat="36.0856750" lon="-115.4954250">
    <ele>1694.8</ele>
   </trkpt>
   <trkpt lat="36.0857380" lon="-115.4953860">
    <ele>1695.2</ele>
   </trkpt>
   <trkpt lat="36.0857340" lon="-115.4953670">
    <ele>1695.8</ele>
   </trkpt>
   <trkpt lat="36.0857240" lon="-115.4952930">
    <ele>1696.6</ele>
   </trkpt>
   <trkpt lat="36.0857390" lon="-115.4952410">
    <ele>1697.2</ele>
   </trkpt>
   <trkpt lat="36.0857250" lon="-115.4951720">
    <ele>1697.6</ele>
   </trkpt>
   <trkpt lat="36.0857260" lon="-115.4951600">
    <ele>1699.4</ele>
   </trkpt>
   <trkpt lat="36.0857260" lon="-115.4951780">
    <ele>1699.8</ele>
   </trkpt>
   <trkpt lat="36.0857080" lon="-115.4951410">
    <ele>1700.4</ele>
   </trkpt>
   <trkpt lat="36.0856970" lon="-115.4951330">
    <ele>1700.8</ele>
   </trkpt>
   <trkpt lat="36.0856920" lon="-115.4951510">
    <ele>1702.4</ele>
   </trkpt>
   <trkpt lat="36.0856730" lon="-115.4951860">
    <ele>1702.4</ele>
   </trkpt>
   <trkpt lat="36.0856440" lon="-115.4952330">
    <ele>1701.4</ele>
   </trkpt>
   <trkpt lat="36.0856390" lon="-115.4952460">
    <ele>1701.2</ele>
   </trkpt>
   <trkpt lat="36.0856380" lon="-115.4953180">
    <ele>1701.6</ele>
   </trkpt>
   <trkpt lat="36.0856410" lon="-115.4953330">
    <ele>1702.4</ele>
   </trkpt>
   <trkpt lat="36.0856420" lon="-115.4953410">
    <ele>1702.8</ele>
   </trkpt>
   <trkpt lat="36.0856470" lon="-115.4953550">
    <ele>1703.4</ele>
   </trkpt>
   <trkpt lat="36.0856560" lon="-115.4953650">
    <ele>1704.4</ele>
   </trkpt>
   <trkpt lat="36.0856720" lon="-115.4953810">
    <ele>1705.8</ele>
   </trkpt>
   <trkpt lat="36.0856790" lon="-115.4954320">
    <ele>1707.0</ele>
   </trkpt>
   <trkpt lat="36.0856770" lon="-115.4954350">
    <ele>1708.2</ele>
   </trkpt>
   <trkpt lat="36.0857040" lon="-115.4954590">
    <ele>1706.4</ele>
   </trkpt>
   <trkpt lat="36.0856970" lon="-115.4954880">
    <ele>1705.6</ele>
   </trkpt>
   <trkpt lat="36.0857080" lon="-115.4955440">
    <ele>1708.4</ele>
   </trkpt>
   <trkpt lat="36.0857160" lon="-115.4955450">
    <ele>1711.2</ele>
   </trkpt>
   <trkpt lat="36.0857260" lon="-115.4955480">
    <ele>1712.8</ele>
   </trkpt>
   <trkpt lat="36.0857430" lon="-115.4955580">
    <ele>1713.6</ele>
   </trkpt>
   <trkpt lat="36.0857520" lon="-115.4955780">
    <ele>1713.8</ele>
   </trkpt>
   <trkpt lat="36.0857640" lon="-115.4956200">
    <ele>1715.0</ele>
   </trkpt>
   <trkpt lat="36.0857520" lon="-115.4956770">
    <ele>1716.2</ele>
   </trkpt>
   <trkpt lat="36.0857440" lon="-115.4956840">
    <ele>1717.2</ele>
   </trkpt>
   <trkpt lat="36.0857340" lon="-115.4957300">
    <ele>1718.6</ele>
   </trkpt>
   <trkpt lat="36.0857320" lon="-115.4957540">
    <ele>1719.8</ele>
   </trkpt>
   <trkpt lat="36.0857900" lon="-115.4957970">
    <ele>1720.8</ele>
   </trkpt>
   <trkpt lat="36.0857610" lon="-115.4957820">
    <ele>1721.4</ele>
   </trkpt>
   <trkpt lat="36.0857600" lon="-115.4958060">
    <ele>1722.0</ele>
   </trkpt>
   <trkpt lat="36.0857600" lon="-115.4958200">
    <ele>1723.8</ele>
   </trkpt>
   <trkpt lat="36.0857590" lon="-115.4958360">
    <ele>1724.4</ele>
   </trkpt>
   <trkpt lat="36.0857600" lon="-115.4958490">
    <ele>1725.2</ele>
   </trkpt>
   <trkpt lat="36.0857690" lon="-115.4958570">
    <ele>1725.6</ele>
   </trkpt>
   <trkpt lat="36.0858140" lon="-115.4959400">
    <ele>1726.0</ele>
   </trkpt>
   <trkpt lat="36.0858360" lon="-115.4959900">
    <ele>1726.2</ele>
   </trkpt>
   <trkpt lat="36.0858680" lon="-115.4960350">
    <ele>1727.2</ele>
   </trkpt>
   <trkpt lat="36.0858710" lon="-115.4960390">
    <ele>1727.2</ele>
   </trkpt>
   <trkpt lat="36.0858830" lon="-115.4960680">
    <ele>1728.0</ele>
   </trkpt>
   <trkpt lat="36.0858840" lon="-115.4960770">
    <ele>1728.2</ele>
   </trkpt>
   <trkpt lat="36.0859080" lon="-115.4960790">
    <ele>1729.6</ele>
   </trkpt>
   <trkpt lat="36.0859150" lon="-115.4961060">
    <ele>1730.8</ele>
   </trkpt>
   <trkpt lat="36.0859150" lon="-115.4961060">
    <ele>1730.8</ele>
   </trkpt>
   <trkpt lat="36.0859310" lon="-115.4962020">
    <ele>1732.0</ele>
   </trkpt>
   <trkpt lat="36.0859330" lon="-115.4962350">
    <ele>1732.4</ele>
   </trkpt>
   <trkpt lat="36.0859790" lon="-115.4962370">
    <ele>1733.4</ele>
   </trkpt>
   <trkpt lat="36.0860130" lon="-115.4962180">
    <ele>1734.4</ele>
   </trkpt>
   <trkpt lat="36.0860640" lon="-115.4961760">
    <ele>1735.6</ele>
   </trkpt>
   <trkpt lat="36.0860840" lon="-115.4961770">
    <ele>1736.2</ele>
   </trkpt>
   <trkpt lat="36.0861030" lon="-115.4961830">
    <ele>1736.2</ele>
   </trkpt>
   <trkpt lat="36.0861180" lon="-115.4961950">
    <ele>1734.6</ele>
   </trkpt>
   <trkpt lat="36.0861230" lon="-115.4962240">
    <ele>1737.0</ele>
   </trkpt>
   <trkpt lat="36.0861390" lon="-115.4962670">
    <ele>1738.8</ele>
   </trkpt>
   <trkpt lat="36.0861580" lon="-115.4962820">
    <ele>1739.8</ele>
   </trkpt>
   <trkpt lat="36.0861850" lon="-115.4963090">
    <ele>1740.8</ele>
   </trkpt>
   <trkpt lat="36.0861890" lon="-115.4963010">
    <ele>1741.0</ele>
   </trkpt>
   <trkpt lat="36.0862040" lon="-115.4963180">
    <ele>1741.6</ele>
   </trkpt>
   <trkpt lat="36.0862050" lon="-115.4963410">
    <ele>1741.8</ele>
   </trkpt>
   <trkpt lat="36.0862070" lon="-115.4963670">
    <ele>1742.0</ele>
   </trkpt>
   <trkpt lat="36.0862430" lon="-115.4964040">
    <ele>1743.0</ele>
   </trkpt>
   <trkpt lat="36.0862580" lon="-115.4963670">
    <ele>1743.8</ele>
   </trkpt>
   <trkpt lat="36.0862690" lon="-115.4964000">
    <ele>1744.2</ele>
   </trkpt>
   <trkpt lat="36.0862920" lon="-115.4964280">
    <ele>1745.2</ele>
   </trkpt>
   <trkpt lat="36.0863110" lon="-115.4964440">
    <ele>1745.4</ele>
   </trkpt>
   <trkpt lat="36.0863090" lon="-115.4963970">
    <ele>1745.8</ele>
   </trkpt>
   <trkpt lat="36.0863230" lon="-115.4963820">
    <ele>1746.4</ele>
   </trkpt>
   <trkpt lat="36.0863220" lon="-115.4964020">
    <ele>1747.6</ele>
   </trkpt>
   <trkpt lat="36.0863160" lon="-115.4964030">
    <ele>1748.2</ele>
   </trkpt>
   <trkpt lat="36.0863400" lon="-115.4963730">
    <ele>1748.6</ele>
   </trkpt>
   <trkpt lat="36.0863460" lon="-115.4963510">
    <ele>1748.8</ele>
   </trkpt>
   <trkpt lat="36.0863770" lon="-115.4962860">
    <ele>1749.6</ele>
   </trkpt>
   <trkpt lat="36.0863960" lon="-115.4962710">
    <ele>1749.8</ele>
   </trkpt>
   <trkpt lat="36.0864040" lon="-115.4962300">
    <ele>1750.8</ele>
   </trkpt>
   <trkpt lat="36.0864050" lon="-115.4962190">
    <ele>1751.0</ele>
   </trkpt>
   <trkpt lat="36.0864250" lon="-115.4961890">
    <ele>1752.2</ele>
   </trkpt>
   <trkpt lat="36.0864320" lon="-115.4961820">
    <ele>1752.6</ele>
   </trkpt>
   <trkpt lat="36.0864390" lon="-115.4961720">
    <ele>1752.8</ele>
   </trkpt>
   <trkpt lat="36.0864460" lon="-115.4961600">
    <ele>1753.2</ele>
   </trkpt>
   <trkpt lat="36.0864680" lon="-115.4961310">
    <ele>1754.2</ele>
   </trkpt>
   <trkpt lat="36.0864990" lon="-115.4961200">
    <ele>1754.8</ele>
   </trkpt>
   <trkpt lat="36.0865020" lon="-115.4961070">
    <ele>1755.2</ele>
   </trkpt>
   <trkpt lat="36.0865190" lon="-115.4960810">
    <ele>1756.4</ele>
   </trkpt>
   <trkpt lat="36.0865250" lon="-115.4960600">
    <ele>1757.0</ele>
   </trkpt>
   <trkpt lat="36.0865540" lon="-115.4960580">
    <ele>1757.6</ele>
   </trkpt>
   <trkpt lat="36.0865860" lon="-115.4960460">
    <ele>1758.4</ele>
   </trkpt>
   <trkpt lat="36.0865840" lon="-115.4960320">
    <ele>1758.6</ele>
   </trkpt>
   <trkpt lat="36.0865790" lon="-115.4960040">
    <ele>1760.2</ele>
   </trkpt>
   <trkpt lat="36.0865940" lon="-115.4959970">
    <ele>1761.2</ele>
   </trkpt>
   <trkpt lat="36.0865930" lon="-115.4959750">
    <ele>1761.8</ele>
   </trkpt>
   <trkpt lat="36.0865960" lon="-115.4959620">
    <ele>1762.4</ele>
   </trkpt>
   <trkpt lat="36.0866090" lon="-115.4959630">
    <ele>1763.4</ele>
   </trkpt>
   <trkpt lat="36.0866430" lon="-115.4959710">
    <ele>1764.8</ele>
   </trkpt>
   <trkpt lat="36.0866620" lon="-115.4959700">
    <ele>1765.8</ele>
   </trkpt>
   <trkpt lat="36.0866610" lon="-115.4959150">
    <ele>1766.8</ele>
   </trkpt>
   <trkpt lat="36.0866670" lon="-115.4959040">
    <ele>1767.0</ele>
   </trkpt>
   <trkpt lat="36.0866770" lon="-115.4958950">
    <ele>1767.4</ele>
   </trkpt>
   <trkpt lat="36.0866910" lon="-115.4958870">
    <ele>1768.2</ele>
   </trkpt>
   <trkpt lat="36.0867140" lon="-115.4958680">
    <ele>1769.2</ele>
   </trkpt>
   <trkpt lat="36.0867260" lon="-115.4958640">
    <ele>1770.6</ele>
   </trkpt>
   <trkpt lat="36.0867200" lon="-115.4958580">
    <ele>1771.2</ele>
   </trkpt>
   <trkpt lat="36.0867210" lon="-115.4958470">
    <ele>1772.2</ele>
   </trkpt>
   <trkpt lat="36.0867260" lon="-115.4958310">
    <ele>1773.2</ele>
   </trkpt>
   <trkpt lat="36.0867450" lon="-115.4958060">
    <ele>1774.2</ele>
   </trkpt>
   <trkpt lat="36.0867620" lon="-115.4957980">
    <ele>1774.8</ele>
   </trkpt>
   <trkpt lat="36.0867900" lon="-115.4957810">
    <ele>1775.6</ele>
   </trkpt>
   <trkpt lat="36.0868010" lon="-115.4957730">
    <ele>1776.8</ele>
   </trkpt>
   <trkpt lat="36.0868250" lon="-115.4957800">
    <ele>1777.8</ele>
   </trkpt>
   <trkpt lat="36.0868410" lon="-115.4957760">
    <ele>1779.0</ele>
   </trkpt>
   <trkpt lat="36.0868500" lon="-115.4957670">
    <ele>1780.0</ele>
   </trkpt>
   <trkpt lat="36.0868570" lon="-115.4957580">
    <ele>1780.6</ele>
   </trkpt>
   <trkpt lat="36.0868600" lon="-115.4957440">
    <ele>1781.0</ele>
   </trkpt>
   <trkpt lat="36.0868860" lon="-115.4957070">
    <ele>1782.4</ele>
   </trkpt>
   <trkpt lat="36.0868980" lon="-115.4956830">
    <ele>1783.2</ele>
   </trkpt>
   <trkpt lat="36.0869070" lon="-115.4956720">
    <ele>1783.8</ele>
   </trkpt>
   <trkpt lat="36.0869250" lon="-115.4956550">
    <ele>1785.2</ele>
   </trkpt>
   <trkpt lat="36.0869380" lon="-115.4956510">
    <ele>1785.6</ele>
   </trkpt>
   <trkpt lat="36.0869530" lon="-115.4956470">
    <ele>1786.8</ele>
   </trkpt>
   <trkpt lat="36.0869680" lon="-115.4956480">
    <ele>1788.0</ele>
   </trkpt>
   <trkpt lat="36.0869860" lon="-115.4956250">
    <ele>1789.6</ele>
   </trkpt>
   <trkpt lat="36.0869950" lon="-115.4956060">
    <ele>1790.4</ele>
   </trkpt>
   <trkpt lat="36.0870020" lon="-115.4955990">
    <ele>1790.8</ele>
   </trkpt>
   <trkpt lat="36.0870060" lon="-115.4955910">
    <ele>1792.2</ele>
   </trkpt>
   <trkpt lat="36.0870190" lon="-115.4955820">
    <ele>1793.0</ele>
   </trkpt>
   <trkpt lat="36.0870240" lon="-115.4955810">
    <ele>1793.6</ele>
   </trkpt>
   <trkpt lat="36.0870280" lon="-115.4955790">
    <ele>1794.2</ele>
   </trkpt>
   <trkpt lat="36.0870430" lon="-115.4955640">
    <ele>1795.0</ele>
   </trkpt>
   <trkpt lat="36.0870530" lon="-115.4955380">
    <ele>1796.0</ele>
   </trkpt>
   <trkpt lat="36.0870650" lon="-115.4955050">
    <ele>1797.2</ele>
   </trkpt>
   <trkpt lat="36.0870800" lon="-115.4954890">
    <ele>1798.2</ele>
   </trkpt>
   <trkpt lat="36.0870870" lon="-115.4954820">
    <ele>1798.8</ele>
   </trkpt>
   <trkpt lat="36.0871010" lon="-115.4954670">
    <ele>1799.4</ele>
   </trkpt>
   <trkpt lat="36.0871200" lon="-115.4954550">
    <ele>1799.8</ele>
   </trkpt>
   <trkpt lat="36.0871420" lon="-115.4954440">
    <ele>1800.6</ele>
   </trkpt>
   <trkpt lat="36.0871640" lon="-115.4954200">
    <ele>1801.6</ele>
   </trkpt>
   <trkpt lat="36.0871770" lon="-115.4954120">
    <ele>1802.4</ele>
   </trkpt>
   <trkpt lat="36.0871890" lon="-115.4954100">
    <ele>1802.8</ele>
   </trkpt>
   <trkpt lat="36.0872250" lon="-115.4954120">
    <ele>1804.0</ele>
   </trkpt>
   <trkpt lat="36.0872360" lon="-115.4954080">
    <ele>1804.4</ele>
   </trkpt>
   <trkpt lat="36.0872480" lon="-115.4954190">
    <ele>1804.6</ele>
   </trkpt>
   <trkpt lat="36.0872610" lon="-115.4954160">
    <ele>1805.2</ele>
   </trkpt>
   <trkpt lat="36.0872780" lon="-115.4953900">
    <ele>1806.4</ele>
   </trkpt>
   <trkpt lat="36.0872750" lon="-115.4953380">
    <ele>1807.8</ele>
   </trkpt>
   <trkpt lat="36.0872980" lon="-115.4953300">
    <ele>1809.0</ele>
   </trkpt>
   <trkpt lat="36.0873200" lon="-115.4953390">
    <ele>1810.0</ele>
   </trkpt>
   <trkpt lat="36.0873270" lon="-115.4953360">
    <ele>1810.4</ele>
   </trkpt>
   <trkpt lat="36.0873420" lon="-115.4953250">
    <ele>1811.4</ele>
   </trkpt>
   <trkpt lat="36.0873710" lon="-115.4953180">
    <ele>1812.4</ele>
   </trkpt>
   <trkpt lat="36.0873790" lon="-115.4953110">
    <ele>1812.8</ele>
   </trkpt>
   <trkpt lat="36.0873920" lon="-115.4953060">
    <ele>1813.6</ele>
   </trkpt>
   <trkpt lat="36.0874090" lon="-115.4952770">
    <ele>1814.8</ele>
   </trkpt>
   <trkpt lat="36.0874360" lon="-115.4952480">
    <ele>1816.0</ele>
   </trkpt>
   <trkpt lat="36.0874560" lon="-115.4952380">
    <ele>1817.0</ele>
   </trkpt>
   <trkpt lat="36.0874770" lon="-115.4952320">
    <ele>1818.0</ele>
   </trkpt>
   <trkpt lat="36.0874830" lon="-115.4952230">
    <ele>1818.4</ele>
   </trkpt>
   <trkpt lat="36.0874810" lon="-115.4952050">
    <ele>1818.8</ele>
   </trkpt>
   <trkpt lat="36.0874900" lon="-115.4951920">
    <ele>1819.4</ele>
   </trkpt>
   <trkpt lat="36.0875000" lon="-115.4951860">
    <ele>1819.8</ele>
   </trkpt>
   <trkpt lat="36.0875230" lon="-115.4951750">
    <ele>1820.4</ele>
   </trkpt>
   <trkpt lat="36.0875590" lon="-115.4951740">
    <ele>1821.6</ele>
   </trkpt>
   <trkpt lat="36.0875680" lon="-115.4951600">
    <ele>1822.0</ele>
   </trkpt>
   <trkpt lat="36.0875820" lon="-115.4951290">
    <ele>1822.8</ele>
   </trkpt>
   <trkpt lat="36.0876080" lon="-115.4950960">
    <ele>1823.8</ele>
   </trkpt>
   <trkpt lat="36.0876160" lon="-115.4950980">
    <ele>1824.0</ele>
   </trkpt>
   <trkpt lat="36.0876340" lon="-115.4951020">
    <ele>1825.0</ele>
   </trkpt>
   <trkpt lat="36.0876420" lon="-115.4951030">
    <ele>1825.4</ele>
   </trkpt>
   <trkpt lat="36.0876620" lon="-115.4951110">
    <ele>1826.4</ele>
   </trkpt>
   <trkpt lat="36.0876960" lon="-115.4951250">
    <ele>1827.4</ele>
   </trkpt>
   <trkpt lat="36.0877090" lon="-115.4951180">
    <ele>1827.6</ele>
   </trkpt>
   <trkpt lat="36.0877170" lon="-115.4951130">
    <ele>1828.0</ele>
   </trkpt>
   <trkpt lat="36.0877580" lon="-115.4950880">
    <ele>1828.8</ele>
   </trkpt>
   <trkpt lat="36.0877780" lon="-115.4950860">
    <ele>1829.2</ele>
   </trkpt>
   <trkpt lat="36.0878140" lon="-115.4950830">
    <ele>1830.0</ele>
   </trkpt>
   <trkpt lat="36.0878360" lon="-115.4950750">
    <ele>1831.0</ele>
   </trkpt>
   <trkpt lat="36.0878700" lon="-115.4950710">
    <ele>1832.2</ele>
   </trkpt>
   <trkpt lat="36.0878860" lon="-115.4950720">
    <ele>1832.6</ele>
   </trkpt>
   <trkpt lat="36.0879090" lon="-115.4950590">
    <ele>1833.4</ele>
   </trkpt>
   <trkpt lat="36.0879640" lon="-115.4950310">
    <ele>1834.4</ele>
   </trkpt>
   <trkpt lat="36.0879750" lon="-115.4950310">
    <ele>1834.6</ele>
   </trkpt>
   <trkpt lat="36.0879930" lon="-115.4950320">
    <ele>1835.2</ele>
   </trkpt>
   <trkpt lat="36.0880070" lon="-115.4950290">
    <ele>1835.6</ele>
   </trkpt>
   <trkpt lat="36.0880160" lon="-115.4950220">
    <ele>1836.0</ele>
   </trkpt>
   <trkpt lat="36.0880440" lon="-115.4949990">
    <ele>1837.0</ele>
   </trkpt>
   <trkpt lat="36.0880930" lon="-115.4949660">
    <ele>1838.2</ele>
   </trkpt>
   <trkpt lat="36.0881260" lon="-115.4949100">
    <ele>1839.2</ele>
   </trkpt>
   <trkpt lat="36.0881350" lon="-115.4949000">
    <ele>1839.6</ele>
   </trkpt>
   <trkpt lat="36.0881590" lon="-115.4948760">
    <ele>1840.6</ele>
   </trkpt>
   <trkpt lat="36.0881660" lon="-115.4948690">
    <ele>1840.8</ele>
   </trkpt>
   <trkpt lat="36.0881840" lon="-115.4948540">
    <ele>1841.6</ele>
   </trkpt>
   <trkpt lat="36.0881900" lon="-115.4948530">
    <ele>1842.0</ele>
   </trkpt>
   <trkpt lat="36.0881900" lon="-115.4948550">
    <ele>1842.6</ele>
   </trkpt>
   <trkpt lat="36.0881900" lon="-115.4948350">
    <ele>1843.4</ele>
   </trkpt>
   <trkpt lat="36.0881940" lon="-115.4948310">
    <ele>1843.8</ele>
   </trkpt>
   <trkpt lat="36.0882030" lon="-115.4948270">
    <ele>1844.2</ele>
   </trkpt>
   <trkpt lat="36.0882130" lon="-115.4948170">
    <ele>1844.6</ele>
   </trkpt>
   <trkpt lat="36.0882660" lon="-115.4948160">
    <ele>1845.8</ele>
   </trkpt>
   <trkpt lat="36.0882830" lon="-115.4948140">
    <ele>1846.8</ele>
   </trkpt>
   <trkpt lat="36.0882980" lon="-115.4948010">
    <ele>1848.4</ele>
   </trkpt>
   <trkpt lat="36.0883090" lon="-115.4947850">
    <ele>1849.2</ele>
   </trkpt>
   <trkpt lat="36.0883130" lon="-115.4947750">
    <ele>1849.6</ele>
   </trkpt>
   <trkpt lat="36.0883160" lon="-115.4947610">
    <ele>1850.0</ele>
   </trkpt>
   <trkpt lat="36.0883210" lon="-115.4947410">
    <ele>1850.6</ele>
   </trkpt>
   <trkpt lat="36.0883360" lon="-115.4947290">
    <ele>1851.4</ele>
   </trkpt>
   <trkpt lat="36.0883460" lon="-115.4947170">
    <ele>1851.8</ele>
   </trkpt>
   <trkpt lat="36.0883750" lon="-115.4946870">
    <ele>1853.0</ele>
   </trkpt>
   <trkpt lat="36.0883960" lon="-115.4946610">
    <ele>1854.4</ele>
   </trkpt>
   <trkpt lat="36.0884120" lon="-115.4946520">
    <ele>1855.2</ele>
   </trkpt>
   <trkpt lat="36.0884250" lon="-115.4946550">
    <ele>1855.6</ele>
   </trkpt>
   <trkpt lat="36.0884590" lon="-115.4946520">
    <ele>1856.6</ele>
   </trkpt>
   <trkpt lat="36.0884830" lon="-115.4946380">
    <ele>1857.6</ele>
   </trkpt>
   <trkpt lat="36.0884900" lon="-115.4946360">
    <ele>1858.2</ele>
   </trkpt>
   <trkpt lat="36.0885070" lon="-115.4946190">
    <ele>1858.8</ele>
   </trkpt>
   <trkpt lat="36.0885130" lon="-115.4946110">
    <ele>1859.4</ele>
   </trkpt>
   <trkpt lat="36.0885280" lon="-115.4945950">
    <ele>1860.4</ele>
   </trkpt>
   <trkpt lat="36.0885410" lon="-115.4945710">
    <ele>1861.0</ele>
   </trkpt>
   <trkpt lat="36.0885500" lon="-115.4945460">
    <ele>1861.6</ele>
   </trkpt>
   <trkpt lat="36.0885600" lon="-115.4944950">
    <ele>1862.8</ele>
   </trkpt>
   <trkpt lat="36.0885690" lon="-115.4944650">
    <ele>1863.4</ele>
   </trkpt>
   <trkpt lat="36.0885850" lon="-115.4944450">
    <ele>1864.0</ele>
   </trkpt>
   <trkpt lat="36.0885910" lon="-115.4944130">
    <ele>1864.8</ele>
   </trkpt>
   <trkpt lat="36.0885900" lon="-115.4943980">
    <ele>1865.2</ele>
   </trkpt>
   <trkpt lat="36.0885950" lon="-115.4943800">
    <ele>1865.6</ele>
   </trkpt>
   <trkpt lat="36.0886210" lon="-115.4943540">
    <ele>1866.4</ele>
   </trkpt>
   <trkpt lat="36.0886550" lon="-115.4943450">
    <ele>1867.4</ele>
   </trkpt>
   <trkpt lat="36.0886800" lon="-115.4943240">
    <ele>1868.8</ele>
   </trkpt>
   <trkpt lat="36.0886890" lon="-115.4943020">
    <ele>1869.8</ele>
   </trkpt>
   <trkpt lat="36.0887150" lon="-115.4942720">
    <ele>1871.4</ele>
   </trkpt>
   <trkpt lat="36.0887240" lon="-115.4942540">
    <ele>1872.2</ele>
   </trkpt>
   <trkpt lat="36.0887300" lon="-115.4942450">
    <ele>1872.8</ele>
   </trkpt>
   <trkpt lat="36.0887470" lon="-115.4942110">
    <ele>1874.0</ele>
   </trkpt>
   <trkpt lat="36.0887710" lon="-115.4941740">
    <ele>1875.2</ele>
   </trkpt>
   <trkpt lat="36.0887770" lon="-115.4941720">
    <ele>1875.4</ele>
   </trkpt>
   <trkpt lat="36.0887980" lon="-115.4941520">
    <ele>1876.4</ele>
   </trkpt>
   <trkpt lat="36.0888200" lon="-115.4941220">
    <ele>1877.2</ele>
   </trkpt>
   <trkpt lat="36.0888330" lon="-115.4941160">
    <ele>1877.8</ele>
   </trkpt>
   <trkpt lat="36.0888470" lon="-115.4941100">
    <ele>1878.0</ele>
   </trkpt>
   <trkpt lat="36.0888570" lon="-115.4941040">
    <ele>1878.4</ele>
   </trkpt>
   <trkpt lat="36.0888640" lon="-115.4940980">
    <ele>1878.6</ele>
   </trkpt>
   <trkpt lat="36.0888680" lon="-115.4940860">
    <ele>1879.0</ele>
   </trkpt>
   <trkpt lat="36.0888690" lon="-115.4940780">
    <ele>1879.4</ele>
   </trkpt>
   <trkpt lat="36.0888770" lon="-115.4940520">
    <ele>1880.2</ele>
   </trkpt>
   <trkpt lat="36.0888870" lon="-115.4940040">
    <ele>1881.4</ele>
   </trkpt>
   <trkpt lat="36.0889010" lon="-115.4939900">
    <ele>1882.0</ele>
   </trkpt>
   <trkpt lat="36.0889040" lon="-115.4939850">
    <ele>1882.4</ele>
   </trkpt>
   <trkpt lat="36.0889380" lon="-115.4939530">
    <ele>1883.6</ele>
   </trkpt>
   <trkpt lat="36.0889370" lon="-115.4939230">
    <ele>1884.4</ele>
   </trkpt>
   <trkpt lat="36.0889360" lon="-115.4939090">
    <ele>1884.8</ele>
   </trkpt>
   <trkpt lat="36.0889390" lon="-115.4939000">
    <ele>1885.2</ele>
   </trkpt>
   <trkpt lat="36.0889580" lon="-115.4938790">
    <ele>1886.0</ele>
   </trkpt>
   <trkpt lat="36.0889650" lon="-115.4938700">
    <ele>1886.2</ele>
   </trkpt>
   <trkpt lat="36.0889800" lon="-115.4938480">
    <ele>1887.4</ele>
   </trkpt>
   <trkpt lat="36.0889900" lon="-115.4938200">
    <ele>1888.4</ele>
   </trkpt>
   <trkpt lat="36.0889930" lon="-115.4938120">
    <ele>1888.8</ele>
   </trkpt>
   <trkpt lat="36.0890060" lon="-115.4937780">
    <ele>1890.0</ele>
   </trkpt>
   <trkpt lat="36.0890270" lon="-115.4937620">
    <ele>1890.6</ele>
   </trkpt>
   <trkpt lat="36.0890310" lon="-115.4937560">
    <ele>1891.0</ele>
   </trkpt>
   <trkpt lat="36.0890330" lon="-115.4937360">
    <ele>1892.0</ele>
   </trkpt>
   <trkpt lat="36.0890360" lon="-115.4937280">
    <ele>1892.4</ele>
   </trkpt>
   <trkpt lat="36.0890530" lon="-115.4936910">
    <ele>1893.2</ele>
   </trkpt>
   <trkpt lat="36.0890580" lon="-115.4936550">
    <ele>1894.2</ele>
   </trkpt>
   <trkpt lat="36.0890610" lon="-115.4936420">
    <ele>1894.4</ele>
   </trkpt>
   <trkpt lat="36.0890690" lon="-115.4936280">
    <ele>1894.8</ele>
   </trkpt>
   <trkpt lat="36.0890860" lon="-115.4936120">
    <ele>1895.4</ele>
   </trkpt>
   <trkpt lat="36.0891060" lon="-115.4935870">
    <ele>1896.8</ele>
   </trkpt>
   <trkpt lat="36.0891130" lon="-115.4935740">
    <ele>1897.0</ele>
   </trkpt>
   <trkpt lat="36.0891200" lon="-115.4935540">
    <ele>1897.8</ele>
   </trkpt>
   <trkpt lat="36.0891390" lon="-115.4935310">
    <ele>1899.2</ele>
   </trkpt>
   <trkpt lat="36.0891460" lon="-115.4934970">
    <ele>1900.6</ele>
   </trkpt>
   <trkpt lat="36.0891650" lon="-115.4934800">
    <ele>1901.0</ele>
   </trkpt>
   <trkpt lat="36.0891800" lon="-115.4934670">
    <ele>1901.4</ele>
   </trkpt>
   <trkpt lat="36.0891890" lon="-115.4934560">
    <ele>1901.8</ele>
   </trkpt>
   <trkpt lat="36.0892130" lon="-115.4934350">
    <ele>1902.8</ele>
   </trkpt>
   <trkpt lat="36.0892320" lon="-115.4934200">
    <ele>1903.4</ele>
   </trkpt>
   <trkpt lat="36.0892460" lon="-115.4934190">
    <ele>1903.8</ele>
   </trkpt>
   <trkpt lat="36.0892640" lon="-115.4933990">
    <ele>1905.0</ele>
   </trkpt>
   <trkpt lat="36.0892720" lon="-115.4933890">
    <ele>1905.4</ele>
   </trkpt>
   <trkpt lat="36.0892840" lon="-115.4933840">
    <ele>1906.2</ele>
   </trkpt>
   <trkpt lat="36.0893040" lon="-115.4933620">
    <ele>1907.2</ele>
   </trkpt>
   <trkpt lat="36.0893110" lon="-115.4933240">
    <ele>1908.0</ele>
   </trkpt>
   <trkpt lat="36.0893070" lon="-115.4933070">
    <ele>1908.4</ele>
   </trkpt>
   <trkpt lat="36.0893080" lon="-115.4932510">
    <ele>1909.4</ele>
   </trkpt>
   <trkpt lat="36.0893230" lon="-115.4932190">
    <ele>1910.0</ele>
   </trkpt>
   <trkpt lat="36.0893390" lon="-115.4931950">
    <ele>1910.6</ele>
   </trkpt>
   <trkpt lat="36.0893700" lon="-115.4931830">
    <ele>1911.8</ele>
   </trkpt>
   <trkpt lat="36.0893760" lon="-115.4931700">
    <ele>1912.0</ele>
   </trkpt>
   <trkpt lat="36.0893810" lon="-115.4931510">
    <ele>1912.4</ele>
   </trkpt>
   <trkpt lat="36.0893840" lon="-115.4931340">
    <ele>1912.8</ele>
   </trkpt>
   <trkpt lat="36.0893790" lon="-115.4931130">
    <ele>1913.2</ele>
   </trkpt>
   <trkpt lat="36.0893700" lon="-115.4930660">
    <ele>1914.0</ele>
   </trkpt>
   <trkpt lat="36.0893710" lon="-115.4930510">
    <ele>1914.4</ele>
   </trkpt>
   <trkpt lat="36.0893820" lon="-115.4930400">
    <ele>1914.6</ele>
   </trkpt>
   <trkpt lat="36.0893840" lon="-115.4930300">
    <ele>1915.2</ele>
   </trkpt>
   <trkpt lat="36.0893900" lon="-115.4930230">
    <ele>1915.4</ele>
   </trkpt>
   <trkpt lat="36.0894050" lon="-115.4930020">
    <ele>1916.2</ele>
   </trkpt>
   <trkpt lat="36.0894070" lon="-115.4929580">
    <ele>1917.2</ele>
   </trkpt>
   <trkpt lat="36.0894040" lon="-115.4929280">
    <ele>1917.8</ele>
   </trkpt>
   <trkpt lat="36.0894010" lon="-115.4929130">
    <ele>1918.4</ele>
   </trkpt>
   <trkpt lat="36.0893740" lon="-115.4928190">
    <ele>1919.6</ele>
   </trkpt>
   <trkpt lat="36.0893690" lon="-115.4927750">
    <ele>1920.8</ele>
   </trkpt>
   <trkpt lat="36.0893240" lon="-115.4926510">
    <ele>1921.4</ele>
   </trkpt>
   <trkpt lat="36.0893150" lon="-115.4925640">
    <ele>1922.0</ele>
   </trkpt>
   <trkpt lat="36.0893150" lon="-115.4925200">
    <ele>1922.6</ele>
   </trkpt>
   <trkpt lat="36.0893180" lon="-115.4925060">
    <ele>1923.0</ele>
   </trkpt>
   <trkpt lat="36.0893310" lon="-115.4924890">
    <ele>1924.0</ele>
   </trkpt>
   <trkpt lat="36.0893370" lon="-115.4924840">
    <ele>1924.2</ele>
   </trkpt>
   <trkpt lat="36.0893610" lon="-115.4924680">
    <ele>1925.0</ele>
   </trkpt>
   <trkpt lat="36.0893650" lon="-115.4924570">
    <ele>1925.2</ele>
   </trkpt>
   <trkpt lat="36.0893670" lon="-115.4924470">
    <ele>1925.6</ele>
   </trkpt>
   <trkpt lat="36.0893700" lon="-115.4924300">
    <ele>1926.6</ele>
   </trkpt>
   <trkpt lat="36.0893890" lon="-115.4924310">
    <ele>1927.4</ele>
   </trkpt>
   <trkpt lat="36.0894140" lon="-115.4924210">
    <ele>1928.0</ele>
   </trkpt>
   <trkpt lat="36.0894400" lon="-115.4923940">
    <ele>1929.2</ele>
   </trkpt>
   <trkpt lat="36.0894500" lon="-115.4923570">
    <ele>1930.4</ele>
   </trkpt>
   <trkpt lat="36.0894530" lon="-115.4923480">
    <ele>1930.8</ele>
   </trkpt>
   <trkpt lat="36.0894730" lon="-115.4923260">
    <ele>1931.8</ele>
   </trkpt>
   <trkpt lat="36.0894880" lon="-115.4923000">
    <ele>1932.8</ele>
   </trkpt>
   <trkpt lat="36.0894930" lon="-115.4922960">
    <ele>1933.2</ele>
   </trkpt>
   <trkpt lat="36.0895130" lon="-115.4923040">
    <ele>1934.0</ele>
   </trkpt>
   <trkpt lat="36.0895330" lon="-115.4922890">
    <ele>1935.0</ele>
   </trkpt>
   <trkpt lat="36.0895360" lon="-115.4922770">
    <ele>1935.4</ele>
   </trkpt>
   <trkpt lat="36.0895470" lon="-115.4922240">
    <ele>1936.4</ele>
   </trkpt>
   <trkpt lat="36.0895530" lon="-115.4922050">
    <ele>1937.0</ele>
   </trkpt>
   <trkpt lat="36.0895600" lon="-115.4921920">
    <ele>1937.4</ele>
   </trkpt>
   <trkpt lat="36.0895690" lon="-115.4921850">
    <ele>1937.8</ele>
   </trkpt>
   <trkpt lat="36.0895920" lon="-115.4921660">
    <ele>1938.8</ele>
   </trkpt>
   <trkpt lat="36.0895960" lon="-115.4921580">
    <ele>1939.0</ele>
   </trkpt>
   <trkpt lat="36.0895970" lon="-115.4921210">
    <ele>1940.2</ele>
   </trkpt>
   <trkpt lat="36.0896010" lon="-115.4920990">
    <ele>1940.6</ele>
   </trkpt>
   <trkpt lat="36.0896180" lon="-115.4920860">
    <ele>1941.2</ele>
   </trkpt>
   <trkpt lat="36.0896250" lon="-115.4920840">
    <ele>1941.4</ele>
   </trkpt>
   <trkpt lat="36.0896490" lon="-115.4920980">
    <ele>1942.6</ele>
   </trkpt>
   <trkpt lat="36.0896790" lon="-115.4921050">
    <ele>1943.8</ele>
   </trkpt>
   <trkpt lat="36.0897040" lon="-115.4921140">
    <ele>1944.8</ele>
   </trkpt>
   <trkpt lat="36.0897140" lon="-115.4921100">
    <ele>1945.2</ele>
   </trkpt>
   <trkpt lat="36.0897330" lon="-115.4921060">
    <ele>1946.0</ele>
   </trkpt>
   <trkpt lat="36.0897570" lon="-115.4920820">
    <ele>1947.2</ele>
   </trkpt>
   <trkpt lat="36.0897600" lon="-115.4920790">
    <ele>1947.6</ele>
   </trkpt>
   <trkpt lat="36.0897700" lon="-115.4920730">
    <ele>1948.2</ele>
   </trkpt>
   <trkpt lat="36.0897970" lon="-115.4920610">
    <ele>1949.6</ele>
   </trkpt>
   <trkpt lat="36.0898070" lon="-115.4920630">
    <ele>1949.8</ele>
   </trkpt>
   <trkpt lat="36.0898270" lon="-115.4920630">
    <ele>1950.8</ele>
   </trkpt>
   <trkpt lat="36.0898530" lon="-115.4920380">
    <ele>1952.0</ele>
   </trkpt>
   <trkpt lat="36.0898600" lon="-115.4920210">
    <ele>1952.4</ele>
   </trkpt>
   <trkpt lat="36.0898920" lon="-115.4919780">
    <ele>1953.4</ele>
   </trkpt>
   <trkpt lat="36.0898980" lon="-115.4919840">
    <ele>1953.8</ele>
   </trkpt>
   <trkpt lat="36.0899020" lon="-115.4919910">
    <ele>1954.2</ele>
   </trkpt>
   <trkpt lat="36.0899130" lon="-115.4919920">
    <ele>1954.6</ele>
   </trkpt>
   <trkpt lat="36.0899710" lon="-115.4919500">
    <ele>1955.8</ele>
   </trkpt>
   <trkpt lat="36.0899890" lon="-115.4919170">
    <ele>1956.2</ele>
   </trkpt>
   <trkpt lat="36.0900010" lon="-115.4918310">
    <ele>1957.2</ele>
   </trkpt>
   <trkpt lat="36.0900000" lon="-115.4917930">
    <ele>1957.8</ele>
   </trkpt>
   <trkpt lat="36.0900010" lon="-115.4917640">
    <ele>1958.2</ele>
   </trkpt>
   <trkpt lat="36.0899980" lon="-115.4916840">
    <ele>1959.2</ele>
   </trkpt>
   <trkpt lat="36.0899730" lon="-115.4916530">
    <ele>1959.8</ele>
   </trkpt>
   <trkpt lat="36.0899350" lon="-115.4915770">
    <ele>1960.0</ele>
   </trkpt>
   <trkpt lat="36.0899310" lon="-115.4915550">
    <ele>1960.2</ele>
   </trkpt>
   <trkpt lat="36.0899220" lon="-115.4914850">
    <ele>1961.4</ele>
   </trkpt>
   <trkpt lat="36.0899220" lon="-115.4914250">
    <ele>1962.2</ele>
   </trkpt>
   <trkpt lat="36.0899260" lon="-115.4914110">
    <ele>1962.6</ele>
   </trkpt>
   <trkpt lat="36.0899410" lon="-115.4913580">
    <ele>1964.0</ele>
   </trkpt>
   <trkpt lat="36.0899480" lon="-115.4913450">
    <ele>1964.2</ele>
   </trkpt>
   <trkpt lat="36.0899570" lon="-115.4913210">
    <ele>1965.0</ele>
   </trkpt>
   <trkpt lat="36.0899740" lon="-115.4912780">
    <ele>1966.0</ele>
   </trkpt>
   <trkpt lat="36.0899900" lon="-115.4912410">
    <ele>1967.2</ele>
   </trkpt>
   <trkpt lat="36.0900080" lon="-115.4912000">
    <ele>1968.2</ele>
   </trkpt>
   <trkpt lat="36.0900480" lon="-115.4911630">
    <ele>1969.4</ele>
   </trkpt>
   <trkpt lat="36.0900750" lon="-115.4911450">
    <ele>1970.4</ele>
   </trkpt>
   <trkpt lat="36.0901050" lon="-115.4910980">
    <ele>1971.6</ele>
   </trkpt>
   <trkpt lat="36.0901260" lon="-115.4910400">
    <ele>1972.8</ele>
   </trkpt>
   <trkpt lat="36.0901390" lon="-115.4909950">
    <ele>1974.0</ele>
   </trkpt>
   <trkpt lat="36.0901390" lon="-115.4909800">
    <ele>1974.4</ele>
   </trkpt>
   <trkpt lat="36.0901460" lon="-115.4909390">
    <ele>1975.2</ele>
   </trkpt>
   <trkpt lat="36.0901620" lon="-115.4908640">
    <ele>1976.6</ele>
   </trkpt>
   <trkpt lat="36.0901770" lon="-115.4908280">
    <ele>1977.8</ele>
   </trkpt>
   <trkpt lat="36.0901910" lon="-115.4907880">
    <ele>1979.2</ele>
   </trkpt>
   <trkpt lat="36.0902180" lon="-115.4907540">
    <ele>1980.4</ele>
   </trkpt>
   <trkpt lat="36.0902270" lon="-115.4907430">
    <ele>1980.6</ele>
   </trkpt>
   <trkpt lat="36.0902380" lon="-115.4907210">
    <ele>1981.0</ele>
   </trkpt>
   <trkpt lat="36.0902310" lon="-115.4907090">
    <ele>1981.4</ele>
   </trkpt>
   <trkpt lat="36.0902190" lon="-115.4906760">
    <ele>1982.4</ele>
   </trkpt>
   <trkpt lat="36.0902150" lon="-115.4906070">
    <ele>1983.6</ele>
   </trkpt>
   <trkpt lat="36.0902170" lon="-115.4905990">
    <ele>1983.8</ele>
   </trkpt>
   <trkpt lat="36.0902260" lon="-115.4905930">
    <ele>1984.0</ele>
   </trkpt>
   <trkpt lat="36.0902420" lon="-115.4905740">
    <ele>1984.8</ele>
   </trkpt>
   <trkpt lat="36.0902800" lon="-115.4905450">
    <ele>1986.2</ele>
   </trkpt>
   <trkpt lat="36.0902960" lon="-115.4905350">
    <ele>1986.8</ele>
   </trkpt>
   <trkpt lat="36.0903150" lon="-115.4905290">
    <ele>1987.4</ele>
   </trkpt>
   <trkpt lat="36.0903580" lon="-115.4905020">
    <ele>1988.6</ele>
   </trkpt>
   <trkpt lat="36.0903950" lon="-115.4904900">
    <ele>1989.8</ele>
   </trkpt>
   <trkpt lat="36.0904080" lon="-115.4904790">
    <ele>1990.0</ele>
   </trkpt>
   <trkpt lat="36.0904170" lon="-115.4904640">
    <ele>1990.2</ele>
   </trkpt>
   <trkpt lat="36.0904380" lon="-115.4904420">
    <ele>1990.8</ele>
   </trkpt>
   <trkpt lat="36.0904610" lon="-115.4904250">
    <ele>1991.8</ele>
   </trkpt>
   <trkpt lat="36.0904740" lon="-115.4904180">
    <ele>1992.0</ele>
   </trkpt>
   <trkpt lat="36.0904840" lon="-115.4904050">
    <ele>1992.2</ele>
   </trkpt>
   <trkpt lat="36.0905170" lon="-115.4903690">
    <ele>1993.0</ele>
   </trkpt>
   <trkpt lat="36.0905440" lon="-115.4903360">
    <ele>1994.2</ele>
   </trkpt>
   <trkpt lat="36.0905760" lon="-115.4903060">
    <ele>1995.4</ele>
   </trkpt>
   <trkpt lat="36.0906000" lon="-115.4902710">
    <ele>1996.4</ele>
   </trkpt>
   <trkpt lat="36.0906350" lon="-115.4902070">
    <ele>1997.8</ele>
   </trkpt>
   <trkpt lat="36.0906540" lon="-115.4901690">
    <ele>1998.8</ele>
   </trkpt>
   <trkpt lat="36.0906760" lon="-115.4901400">
    <ele>1999.8</ele>
   </trkpt>
   <trkpt lat="36.0906870" lon="-115.4900920">
    <ele>2001.0</ele>
   </trkpt>
   <trkpt lat="36.0906930" lon="-115.4900380">
    <ele>2002.2</ele>
   </trkpt>
   <trkpt lat="36.0907050" lon="-115.4899760">
    <ele>2003.6</ele>
   </trkpt>
   <trkpt lat="36.0907290" lon="-115.4899260">
    <ele>2004.4</ele>
   </trkpt>
   <trkpt lat="36.0907320" lon="-115.4899120">
    <ele>2004.6</ele>
   </trkpt>
   <trkpt lat="36.0907420" lon="-115.4898120">
    <ele>2006.0</ele>
   </trkpt>
   <trkpt lat="36.0907770" lon="-115.4897350">
    <ele>2007.2</ele>
   </trkpt>
   <trkpt lat="36.0908120" lon="-115.4896690">
    <ele>2008.6</ele>
   </trkpt>
   <trkpt lat="36.0908340" lon="-115.4895890">
    <ele>2009.8</ele>
   </trkpt>
   <trkpt lat="36.0908550" lon="-115.4895280">
    <ele>2010.6</ele>
   </trkpt>
   <trkpt lat="36.0908710" lon="-115.4895160">
    <ele>2010.8</ele>
   </trkpt>
   <trkpt lat="36.0909070" lon="-115.4894910">
    <ele>2011.2</ele>
   </trkpt>
   <trkpt lat="36.0909200" lon="-115.4894740">
    <ele>2011.6</ele>
   </trkpt>
   <trkpt lat="36.0909360" lon="-115.4894250">
    <ele>2011.8</ele>
   </trkpt>
   <trkpt lat="36.0909510" lon="-115.4893740">
    <ele>2012.2</ele>
   </trkpt>
   <trkpt lat="36.0909930" lon="-115.4892760">
    <ele>2013.0</ele>
   </trkpt>
   <trkpt lat="36.0910170" lon="-115.4892020">
    <ele>2014.2</ele>
   </trkpt>
   <trkpt lat="36.0910230" lon="-115.4891790">
    <ele>2014.2</ele>
   </trkpt>
   <trkpt lat="36.0910620" lon="-115.4890380">
    <ele>2015.2</ele>
   </trkpt>
   <trkpt lat="36.0910800" lon="-115.4889500">
    <ele>2016.2</ele>
   </trkpt>
   <trkpt lat="36.0910840" lon="-115.4889220">
    <ele>2016.6</ele>
   </trkpt>
   <trkpt lat="36.0910860" lon="-115.4888920">
    <ele>2017.0</ele>
   </trkpt>
   <trkpt lat="36.0910840" lon="-115.4888410">
    <ele>2017.8</ele>
   </trkpt>
   <trkpt lat="36.0910760" lon="-115.4887810">
    <ele>2018.6</ele>
   </trkpt>
   <trkpt lat="36.0910770" lon="-115.4887680">
    <ele>2019.0</ele>
   </trkpt>
   <trkpt lat="36.0910680" lon="-115.4887010">
    <ele>2020.2</ele>
   </trkpt>
   <trkpt lat="36.0910660" lon="-115.4886430">
    <ele>2021.4</ele>
   </trkpt>
   <trkpt lat="36.0910620" lon="-115.4886100">
    <ele>2022.2</ele>
   </trkpt>
   <trkpt lat="36.0910530" lon="-115.4885800">
    <ele>2022.8</ele>
   </trkpt>
   <trkpt lat="36.0910390" lon="-115.4885260">
    <ele>2023.8</ele>
   </trkpt>
   <trkpt lat="36.0910500" lon="-115.4884790">
    <ele>2024.6</ele>
   </trkpt>
   <trkpt lat="36.0910610" lon="-115.4884330">
    <ele>2025.4</ele>
   </trkpt>
   <trkpt lat="36.0910480" lon="-115.4883910">
    <ele>2026.6</ele>
   </trkpt>
   <trkpt lat="36.0910310" lon="-115.4883650">
    <ele>2027.6</ele>
   </trkpt>
   <trkpt lat="36.0910070" lon="-115.4882800">
    <ele>2028.8</ele>
   </trkpt>
   <trkpt lat="36.0909960" lon="-115.4882340">
    <ele>2030.0</ele>
   </trkpt>
   <trkpt lat="36.0909760" lon="-115.4881840">
    <ele>2031.4</ele>
   </trkpt>
   <trkpt lat="36.0909670" lon="-115.4881510">
    <ele>2032.0</ele>
   </trkpt>
   <trkpt lat="36.0909480" lon="-115.4881160">
    <ele>2032.6</ele>
   </trkpt>
   <trkpt lat="36.0909270" lon="-115.4880750">
    <ele>2033.8</ele>
   </trkpt>
   <trkpt lat="36.0909250" lon="-115.4880530">
    <ele>2034.8</ele>
   </trkpt>
   <trkpt lat="36.0909200" lon="-115.4880350">
    <ele>2036.0</ele>
   </trkpt>
   <trkpt lat="36.0909040" lon="-115.4880020">
    <ele>2037.0</ele>
   </trkpt>
   <trkpt lat="36.0908860" lon="-115.4879510">
    <ele>2037.8</ele>
   </trkpt>
   <trkpt lat="36.0908770" lon="-115.4879390">
    <ele>2038.2</ele>
   </trkpt>
   <trkpt lat="36.0908650" lon="-115.4878770">
    <ele>2039.6</ele>
   </trkpt>
   <trkpt lat="36.0908550" lon="-115.4878360">
    <ele>2040.8</ele>
   </trkpt>
   <trkpt lat="36.0908550" lon="-115.4878240">
    <ele>2041.2</ele>
   </trkpt>
   <trkpt lat="36.0908570" lon="-115.4877910">
    <ele>2042.0</ele>
   </trkpt>
   <trkpt lat="36.0908590" lon="-115.4877450">
    <ele>2043.4</ele>
   </trkpt>
   <trkpt lat="36.0908490" lon="-115.4877070">
    <ele>2044.4</ele>
   </trkpt>
   <trkpt lat="36.0908460" lon="-115.4876610">
    <ele>2045.8</ele>
   </trkpt>
   <trkpt lat="36.0908460" lon="-115.4875970">
    <ele>2047.0</ele>
   </trkpt>
   <trkpt lat="36.0908410" lon="-115.4875570">
    <ele>2048.0</ele>
   </trkpt>
   <trkpt lat="36.0908390" lon="-115.4875460">
    <ele>2048.2</ele>
   </trkpt>
   <trkpt lat="36.0908350" lon="-115.4875360">
    <ele>2048.6</ele>
   </trkpt>
   <trkpt lat="36.0908310" lon="-115.4875150">
    <ele>2049.4</ele>
   </trkpt>
   <trkpt lat="36.0908320" lon="-115.4874770">
    <ele>2050.4</ele>
   </trkpt>
   <trkpt lat="36.0908350" lon="-115.4874480">
    <ele>2051.4</ele>
   </trkpt>
   <trkpt lat="36.0908370" lon="-115.4874270">
    <ele>2052.2</ele>
   </trkpt>
   <trkpt lat="36.0908370" lon="-115.4874180">
    <ele>2052.4</ele>
   </trkpt>
   <trkpt lat="36.0908380" lon="-115.4874060">
    <ele>2052.8</ele>
   </trkpt>
   <trkpt lat="36.0908440" lon="-115.4873780">
    <ele>2053.8</ele>
   </trkpt>
   <trkpt lat="36.0908470" lon="-115.4873450">
    <ele>2054.6</ele>
   </trkpt>
   <trkpt lat="36.0908550" lon="-115.4873300">
    <ele>2055.0</ele>
   </trkpt>
   <trkpt lat="36.0908650" lon="-115.4872970">
    <ele>2056.0</ele>
   </trkpt>
   <trkpt lat="36.0908680" lon="-115.4872830">
    <ele>2056.8</ele>
   </trkpt>
   <trkpt lat="36.0908730" lon="-115.4872790">
    <ele>2057.2</ele>
   </trkpt>
   <trkpt lat="36.0908930" lon="-115.4872550">
    <ele>2058.4</ele>
   </trkpt>
   <trkpt lat="36.0909010" lon="-115.4872420">
    <ele>2059.0</ele>
   </trkpt>
   <trkpt lat="36.0909050" lon="-115.4872350">
    <ele>2059.2</ele>
   </trkpt>
   <trkpt lat="36.0909080" lon="-115.4872280">
    <ele>2059.8</ele>
   </trkpt>
   <trkpt lat="36.0909240" lon="-115.4871940">
    <ele>2060.8</ele>
   </trkpt>
   <trkpt lat="36.0909300" lon="-115.4871680">
    <ele>2061.8</ele>
   </trkpt>
   <trkpt lat="36.0909320" lon="-115.4871580">
    <ele>2062.2</ele>
   </trkpt>
   <trkpt lat="36.0909480" lon="-115.4871250">
    <ele>2063.2</ele>
   </trkpt>
   <trkpt lat="36.0909680" lon="-115.4870940">
    <ele>2064.2</ele>
   </trkpt>
   <trkpt lat="36.0909730" lon="-115.4870830">
    <ele>2064.4</ele>
   </trkpt>
   <trkpt lat="36.0909910" lon="-115.4870650">
    <ele>2065.0</ele>
   </trkpt>
   <trkpt lat="36.0910040" lon="-115.4870540">
    <ele>2065.4</ele>
   </trkpt>
   <trkpt lat="36.0910200" lon="-115.4870310">
    <ele>2066.2</ele>
   </trkpt>
   <trkpt lat="36.0910240" lon="-115.4870220">
    <ele>2066.6</ele>
   </trkpt>
   <trkpt lat="36.0910240" lon="-115.4870150">
    <ele>2067.0</ele>
   </trkpt>
   <trkpt lat="36.0910250" lon="-115.4870060">
    <ele>2067.8</ele>
   </trkpt>
   <trkpt lat="36.0910300" lon="-115.4869960">
    <ele>2067.8</ele>
   </trkpt>
   <trkpt lat="36.0910600" lon="-115.4869730">
    <ele>2069.0</ele>
   </trkpt>
   <trkpt lat="36.0911230" lon="-115.4869260">
    <ele>2070.2</ele>
   </trkpt>
   <trkpt lat="36.0911380" lon="-115.4868760">
    <ele>2070.6</ele>
   </trkpt>
   <trkpt lat="36.0911350" lon="-115.4868500">
    <ele>2071.0</ele>
   </trkpt>
   <trkpt lat="36.0911310" lon="-115.4867990">
    <ele>2071.2</ele>
   </trkpt>
   <trkpt lat="36.0911070" lon="-115.4866980">
    <ele>2072.2</ele>
   </trkpt>
   <trkpt lat="36.0911010" lon="-115.4866660">
    <ele>2072.4</ele>
   </trkpt>
   <trkpt lat="36.0910770" lon="-115.4865730">
    <ele>2073.4</ele>
   </trkpt>
   <trkpt lat="36.0910730" lon="-115.4865620">
    <ele>2074.0</ele>
   </trkpt>
   <trkpt lat="36.0910700" lon="-115.4865440">
    <ele>2074.6</ele>
   </trkpt>
   <trkpt lat="36.0910590" lon="-115.4865220">
    <ele>2075.2</ele>
   </trkpt>
   <trkpt lat="36.0910370" lon="-115.4864980">
    <ele>2075.8</ele>
   </trkpt>
   <trkpt lat="36.0910020" lon="-115.4864420">
    <ele>2077.2</ele>
   </trkpt>
   <trkpt lat="36.0909970" lon="-115.4864370">
    <ele>2077.4</ele>
   </trkpt>
   <trkpt lat="36.0909950" lon="-115.4864330">
    <ele>2077.8</ele>
   </trkpt>
   <trkpt lat="36.0909910" lon="-115.4864240">
    <ele>2078.2</ele>
   </trkpt>
   <trkpt lat="36.0909900" lon="-115.4864050">
    <ele>2079.2</ele>
   </trkpt>
   <trkpt lat="36.0909980" lon="-115.4863720">
    <ele>2080.4</ele>
   </trkpt>
   <trkpt lat="36.0910050" lon="-115.4863610">
    <ele>2081.0</ele>
   </trkpt>
   <trkpt lat="36.0910140" lon="-115.4863390">
    <ele>2081.8</ele>
   </trkpt>
   <trkpt lat="36.0910390" lon="-115.4863220">
    <ele>2082.8</ele>
   </trkpt>
   <trkpt lat="36.0910500" lon="-115.4863170">
    <ele>2084.0</ele>
   </trkpt>
   <trkpt lat="36.0910720" lon="-115.4863050">
    <ele>2085.2</ele>
   </trkpt>
   <trkpt lat="36.0911020" lon="-115.4862820">
    <ele>2086.6</ele>
   </trkpt>
   <trkpt lat="36.0911360" lon="-115.4862430">
    <ele>2087.8</ele>
   </trkpt>
   <trkpt lat="36.0911540" lon="-115.4862140">
    <ele>2089.0</ele>
   </trkpt>
   <trkpt lat="36.0911660" lon="-115.4862060">
    <ele>2089.2</ele>
   </trkpt>
   <trkpt lat="36.0911740" lon="-115.4861890">
    <ele>2090.0</ele>
   </trkpt>
   <trkpt lat="36.0911770" lon="-115.4861760">
    <ele>2090.4</ele>
   </trkpt>
   <trkpt lat="36.0911840" lon="-115.4861490">
    <ele>2091.4</ele>
   </trkpt>
   <trkpt lat="36.0911970" lon="-115.4861080">
    <ele>2092.4</ele>
   </trkpt>
   <trkpt lat="36.0911980" lon="-115.4860920">
    <ele>2092.8</ele>
   </trkpt>
   <trkpt lat="36.0912110" lon="-115.4860270">
    <ele>2093.4</ele>
   </trkpt>
   <trkpt lat="36.0912190" lon="-115.4860180">
    <ele>2093.6</ele>
   </trkpt>
   <trkpt lat="36.0912300" lon="-115.4860040">
    <ele>2094.2</ele>
   </trkpt>
   <trkpt lat="36.0912390" lon="-115.4859970">
    <ele>2095.2</ele>
   </trkpt>
   <trkpt lat="36.0912490" lon="-115.4859930">
    <ele>2095.4</ele>
   </trkpt>
   <trkpt lat="36.0912580" lon="-115.4859900">
    <ele>2096.0</ele>
   </trkpt>
   <trkpt lat="36.0912770" lon="-115.4859770">
    <ele>2097.0</ele>
   </trkpt>
   <trkpt lat="36.0913110" lon="-115.4859560">
    <ele>2098.2</ele>
   </trkpt>
   <trkpt lat="36.0913320" lon="-115.4859380">
    <ele>2099.4</ele>
   </trkpt>
   <trkpt lat="36.0913660" lon="-115.4859260">
    <ele>2100.6</ele>
   </trkpt>
   <trkpt lat="36.0914050" lon="-115.4859110">
    <ele>2102.0</ele>
   </trkpt>
   <trkpt lat="36.0914230" lon="-115.4858940">
    <ele>2102.6</ele>
   </trkpt>
   <trkpt lat="36.0914270" lon="-115.4858900">
    <ele>2103.0</ele>
   </trkpt>
   <trkpt lat="36.0914370" lon="-115.4858780">
    <ele>2103.8</ele>
   </trkpt>
   <trkpt lat="36.0914460" lon="-115.4858710">
    <ele>2104.4</ele>
   </trkpt>
   <trkpt lat="36.0914770" lon="-115.4858440">
    <ele>2105.8</ele>
   </trkpt>
   <trkpt lat="36.0914820" lon="-115.4858350">
    <ele>2106.0</ele>
   </trkpt>
   <trkpt lat="36.0915060" lon="-115.4857990">
    <ele>2107.0</ele>
   </trkpt>
   <trkpt lat="36.0915430" lon="-115.4857600">
    <ele>2108.2</ele>
   </trkpt>
   <trkpt lat="36.0915670" lon="-115.4857420">
    <ele>2109.4</ele>
   </trkpt>
   <trkpt lat="36.0915840" lon="-115.4857230">
    <ele>2110.0</ele>
   </trkpt>
   <trkpt lat="36.0915970" lon="-115.4857000">
    <ele>2111.0</ele>
   </trkpt>
   <trkpt lat="36.0916350" lon="-115.4856490">
    <ele>2112.4</ele>
   </trkpt>
   <trkpt lat="36.0916420" lon="-115.4856390">
    <ele>2112.8</ele>
   </trkpt>
   <trkpt lat="36.0916690" lon="-115.4856060">
    <ele>2113.6</ele>
   </trkpt>
   <trkpt lat="36.0917090" lon="-115.4855390">
    <ele>2114.6</ele>
   </trkpt>
   <trkpt lat="36.0917200" lon="-115.4855230">
    <ele>2114.8</ele>
   </trkpt>
   <trkpt lat="36.0917600" lon="-115.4854700">
    <ele>2115.6</ele>
   </trkpt>
   <trkpt lat="36.0918190" lon="-115.4854180">
    <ele>2117.0</ele>
   </trkpt>
   <trkpt lat="36.0918360" lon="-115.4854030">
    <ele>2117.2</ele>
   </trkpt>
   <trkpt lat="36.0919060" lon="-115.4852950">
    <ele>2118.0</ele>
   </trkpt>
   <trkpt lat="36.0919200" lon="-115.4852780">
    <ele>2118.2</ele>
   </trkpt>
   <trkpt lat="36.0919930" lon="-115.4852180">
    <ele>2119.4</ele>
   </trkpt>
   <trkpt lat="36.0920580" lon="-115.4851550">
    <ele>2120.2</ele>
   </trkpt>
   <trkpt lat="36.0921040" lon="-115.4851140">
    <ele>2120.4</ele>
   </trkpt>
   <trkpt lat="36.0921650" lon="-115.4850830">
    <ele>2121.4</ele>
   </trkpt>
   <trkpt lat="36.0921770" lon="-115.4850740">
    <ele>2121.6</ele>
   </trkpt>
   <trkpt lat="36.0921900" lon="-115.4850480">
    <ele>2122.6</ele>
   </trkpt>
   <trkpt lat="36.0921920" lon="-115.4850380">
    <ele>2122.8</ele>
   </trkpt>
   <trkpt lat="36.0921940" lon="-115.4850290">
    <ele>2123.2</ele>
   </trkpt>
   <trkpt lat="36.0922020" lon="-115.4850110">
    <ele>2123.6</ele>
   </trkpt>
   <trkpt lat="36.0922110" lon="-115.4850050">
    <ele>2124.0</ele>
   </trkpt>
   <trkpt lat="36.0922260" lon="-115.4849880">
    <ele>2124.6</ele>
   </trkpt>
   <trkpt lat="36.0922410" lon="-115.4849760">
    <ele>2124.8</ele>
   </trkpt>
   <trkpt lat="36.0922590" lon="-115.4849550">
    <ele>2125.6</ele>
   </trkpt>
   <trkpt lat="36.0922650" lon="-115.4849420">
    <ele>2125.8</ele>
   </trkpt>
   <trkpt lat="36.0922790" lon="-115.4849040">
    <ele>2126.8</ele>
   </trkpt>
   <trkpt lat="36.0922820" lon="-115.4848970">
    <ele>2127.2</ele>
   </trkpt>
   <trkpt lat="36.0922940" lon="-115.4848680">
    <ele>2128.2</ele>
   </trkpt>
   <trkpt lat="36.0923030" lon="-115.4848450">
    <ele>2129.0</ele>
   </trkpt>
   <trkpt lat="36.0923200" lon="-115.4848230">
    <ele>2129.2</ele>
   </trkpt>
   <trkpt lat="36.0923740" lon="-115.4847690">
    <ele>2130.6</ele>
   </trkpt>
   <trkpt lat="36.0923870" lon="-115.4847440">
    <ele>2131.8</ele>
   </trkpt>
   <trkpt lat="36.0923880" lon="-115.4847270">
    <ele>2132.2</ele>
   </trkpt>
   <trkpt lat="36.0924060" lon="-115.4847120">
    <ele>2133.0</ele>
   </trkpt>
   <trkpt lat="36.0924430" lon="-115.4847020">
    <ele>2134.2</ele>
   </trkpt>
   <trkpt lat="36.0924740" lon="-115.4846960">
    <ele>2135.4</ele>
   </trkpt>
   <trkpt lat="36.0925160" lon="-115.4846680">
    <ele>2136.6</ele>
   </trkpt>
   <trkpt lat="36.0925210" lon="-115.4846600">
    <ele>2137.0</ele>
   </trkpt>
   <trkpt lat="36.0925340" lon="-115.4846360">
    <ele>2138.0</ele>
   </trkpt>
   <trkpt lat="36.0925830" lon="-115.4845400">
    <ele>2138.4</ele>
   </trkpt>
   <trkpt lat="36.0927060" lon="-115.4844420">
    <ele>2137.4</ele>
   </trkpt>
   <trkpt lat="36.0928150" lon="-115.4843880">
    <ele>2137.0</ele>
   </trkpt>
   <trkpt lat="36.0928610" lon="-115.4843810">
    <ele>2136.8</ele>
   </trkpt>
   <trkpt lat="36.0929340" lon="-115.4843240">
    <ele>2135.8</ele>
   </trkpt>
   <trkpt lat="36.0929410" lon="-115.4843130">
    <ele>2135.6</ele>
   </trkpt>
   <trkpt lat="36.0929490" lon="-115.4843110">
    <ele>2135.2</ele>
   </trkpt>
   <trkpt lat="36.0929610" lon="-115.4843370">
    <ele>2134.0</ele>
   </trkpt>
   <trkpt lat="36.0929820" lon="-115.4843640">
    <ele>2133.0</ele>
   </trkpt>
   <trkpt lat="36.0929960" lon="-115.4843630">
    <ele>2132.6</ele>
   </trkpt>
   <trkpt lat="36.0930030" lon="-115.4843580">
    <ele>2132.2</ele>
   </trkpt>
   <trkpt lat="36.0930080" lon="-115.4843490">
    <ele>2131.6</ele>
   </trkpt>
   <trkpt lat="36.0930330" lon="-115.4843290">
    <ele>2130.4</ele>
   </trkpt>
   <trkpt lat="36.0930450" lon="-115.4843210">
    <ele>2129.8</ele>
   </trkpt>
   <trkpt lat="36.0930590" lon="-115.4843100">
    <ele>2129.2</ele>
   </trkpt>
   <trkpt lat="36.0930720" lon="-115.4842950">
    <ele>2128.8</ele>
   </trkpt>
   <trkpt lat="36.0930850" lon="-115.4842870">
    <ele>2128.0</ele>
   </trkpt>
   <trkpt lat="36.0931170" lon="-115.4842670">
    <ele>2127.0</ele>
   </trkpt>
   <trkpt lat="36.0931530" lon="-115.4842480">
    <ele>2125.8</ele>
   </trkpt>
   <trkpt lat="36.0931690" lon="-115.4842310">
    <ele>2125.2</ele>
   </trkpt>
   <trkpt lat="36.0932780" lon="-115.4841880">
    <ele>2126.2</ele>
   </trkpt>
   <trkpt lat="36.0933500" lon="-115.4841930">
    <ele>2127.0</ele>
   </trkpt>
   <trkpt lat="36.0933640" lon="-115.4841910">
    <ele>2127.2</ele>
   </trkpt>
   <trkpt lat="36.0933790" lon="-115.4841880">
    <ele>2127.8</ele>
   </trkpt>
   <trkpt lat="36.0933950" lon="-115.4841820">
    <ele>2128.2</ele>
   </trkpt>
   <trkpt lat="36.0934520" lon="-115.4841560">
    <ele>2129.8</ele>
   </trkpt>
   <trkpt lat="36.0934760" lon="-115.4841440">
    <ele>2131.2</ele>
   </trkpt>
   <trkpt lat="36.0934940" lon="-115.4841170">
    <ele>2132.6</ele>
   </trkpt>
   <trkpt lat="36.0935010" lon="-115.4841040">
    <ele>2133.6</ele>
   </trkpt>
   <trkpt lat="36.0935080" lon="-115.4840980">
    <ele>2134.2</ele>
   </trkpt>
   <trkpt lat="36.0935170" lon="-115.4840890">
    <ele>2134.8</ele>
   </trkpt>
   <trkpt lat="36.0935260" lon="-115.4840670">
    <ele>2136.0</ele>
   </trkpt>
   <trkpt lat="36.0935300" lon="-115.4840470">
    <ele>2136.6</ele>
   </trkpt>
   <trkpt lat="36.0935460" lon="-115.4840450">
    <ele>2137.4</ele>
   </trkpt>
   <trkpt lat="36.0935640" lon="-115.4840460">
    <ele>2138.4</ele>
   </trkpt>
   <trkpt lat="36.0935810" lon="-115.4840450">
    <ele>2139.8</ele>
   </trkpt>
   <trkpt lat="36.0935980" lon="-115.4840340">
    <ele>2140.6</ele>
   </trkpt>
   <trkpt lat="36.0936070" lon="-115.4840310">
    <ele>2141.2</ele>
   </trkpt>
   <trkpt lat="36.0936300" lon="-115.4840280">
    <ele>2142.2</ele>
   </trkpt>
   <trkpt lat="36.0936540" lon="-115.4840230">
    <ele>2143.2</ele>
   </trkpt>
   <trkpt lat="36.0936620" lon="-115.4840180">
    <ele>2143.8</ele>
   </trkpt>
   <trkpt lat="36.0936780" lon="-115.4840020">
    <ele>2144.8</ele>
   </trkpt>
   <trkpt lat="36.0936740" lon="-115.4839920">
    <ele>2146.0</ele>
   </trkpt>
   <trkpt lat="36.0936810" lon="-115.4839830">
    <ele>2148.6</ele>
   </trkpt>
   <trkpt lat="36.0937330" lon="-115.4839970">
    <ele>2148.0</ele>
   </trkpt>
   <trkpt lat="36.0937460" lon="-115.4839950">
    <ele>2147.6</ele>
   </trkpt>
   <trkpt lat="36.0937580" lon="-115.4839880">
    <ele>2147.6</ele>
   </trkpt>
   <trkpt lat="36.0937220" lon="-115.4840290">
    <ele>2148.0</ele>
   </trkpt>
   <trkpt lat="36.0937240" lon="-115.4840370">
    <ele>2147.8</ele>
   </trkpt>
   <trkpt lat="36.0937110" lon="-115.4840540">
    <ele>2146.4</ele>
   </trkpt>
   <trkpt lat="36.0937100" lon="-115.4840620">
    <ele>2146.0</ele>
   </trkpt>
   <trkpt lat="36.0936990" lon="-115.4840630">
    <ele>2145.2</ele>
   </trkpt>
   <trkpt lat="36.0936720" lon="-115.4840710">
    <ele>2144.4</ele>
   </trkpt>
   <trkpt lat="36.0936520" lon="-115.4840760">
    <ele>2144.2</ele>
   </trkpt>
   <trkpt lat="36.0936460" lon="-115.4840770">
    <ele>2144.0</ele>
   </trkpt>
   <trkpt lat="36.0936190" lon="-115.4840610">
    <ele>2143.8</ele>
   </trkpt>
   <trkpt lat="36.0935610" lon="-115.4840570">
    <ele>2143.2</ele>
   </trkpt>
   <trkpt lat="36.0935530" lon="-115.4840570">
    <ele>2143.0</ele>
   </trkpt>
   <trkpt lat="36.0935470" lon="-115.4840580">
    <ele>2142.8</ele>
   </trkpt>
   <trkpt lat="36.0935420" lon="-115.4840630">
    <ele>2142.6</ele>
   </trkpt>
   <trkpt lat="36.0935350" lon="-115.4840700">
    <ele>2142.0</ele>
   </trkpt>
   <trkpt lat="36.0935270" lon="-115.4840690">
    <ele>2141.6</ele>
   </trkpt>
   <trkpt lat="36.0935000" lon="-115.4840360">
    <ele>2140.4</ele>
   </trkpt>
   <trkpt lat="36.0934750" lon="-115.4840170">
    <ele>2139.4</ele>
   </trkpt>
   <trkpt lat="36.0934300" lon="-115.4840150">
    <ele>2138.6</ele>
   </trkpt>
   <trkpt lat="36.0934290" lon="-115.4840400">
    <ele>2138.4</ele>
   </trkpt>
   <trkpt lat="36.0934340" lon="-115.4840530">
    <ele>2138.4</ele>
   </trkpt>
   <trkpt lat="36.0934420" lon="-115.4840590">
    <ele>2137.4</ele>
   </trkpt>
   <trkpt lat="36.0934510" lon="-115.4840710">
    <ele>2137.4</ele>
   </trkpt>
   <trkpt lat="36.0934620" lon="-115.4840940">
    <ele>2136.0</ele>
   </trkpt>
   <trkpt lat="36.0934560" lon="-115.4841190">
    <ele>2135.0</ele>
   </trkpt>
   <trkpt lat="36.0934270" lon="-115.4841300">
    <ele>2133.6</ele>
   </trkpt>
   <trkpt lat="36.0934110" lon="-115.4841370">
    <ele>2132.6</ele>
   </trkpt>
   <trkpt lat="36.0933900" lon="-115.4841500">
    <ele>2131.4</ele>
   </trkpt>
   <trkpt lat="36.0933760" lon="-115.4841550">
    <ele>2130.8</ele>
   </trkpt>
   <trkpt lat="36.0933500" lon="-115.4841550">
    <ele>2130.2</ele>
   </trkpt>
   <trkpt lat="36.0933060" lon="-115.4841690">
    <ele>2129.0</ele>
   </trkpt>
   <trkpt lat="36.0932970" lon="-115.4841720">
    <ele>2128.8</ele>
   </trkpt>
   <trkpt lat="36.0932270" lon="-115.4841530">
    <ele>2128.4</ele>
   </trkpt>
   <trkpt lat="36.0931500" lon="-115.4842010">
    <ele>2128.0</ele>
   </trkpt>
   <trkpt lat="36.0931220" lon="-115.4842330">
    <ele>2127.4</ele>
   </trkpt>
   <trkpt lat="36.0930660" lon="-115.4842610">
    <ele>2128.4</ele>
   </trkpt>
   <trkpt lat="36.0930450" lon="-115.4842710">
    <ele>2129.0</ele>
   </trkpt>
   <trkpt lat="36.0930290" lon="-115.4842890">
    <ele>2130.0</ele>
   </trkpt>
   <trkpt lat="36.0930210" lon="-115.4842900">
    <ele>2130.2</ele>
   </trkpt>
   <trkpt lat="36.0930120" lon="-115.4842990">
    <ele>2130.8</ele>
   </trkpt>
   <trkpt lat="36.0930000" lon="-115.4843140">
    <ele>2131.6</ele>
   </trkpt>
   <trkpt lat="36.0929850" lon="-115.4843180">
    <ele>2132.2</ele>
   </trkpt>
   <trkpt lat="36.0929730" lon="-115.4843240">
    <ele>2132.8</ele>
   </trkpt>
   <trkpt lat="36.0929550" lon="-115.4843330">
    <ele>2134.0</ele>
   </trkpt>
   <trkpt lat="36.0929490" lon="-115.4843230">
    <ele>2134.6</ele>
   </trkpt>
   <trkpt lat="36.0929490" lon="-115.4843130">
    <ele>2135.2</ele>
   </trkpt>
   <trkpt lat="36.0929370" lon="-115.4842900">
    <ele>2136.2</ele>
   </trkpt>
   <trkpt lat="36.0929170" lon="-115.4843060">
    <ele>2136.8</ele>
   </trkpt>
   <trkpt lat="36.0929080" lon="-115.4843250">
    <ele>2137.4</ele>
   </trkpt>
   <trkpt lat="36.0928930" lon="-115.4843460">
    <ele>2137.8</ele>
   </trkpt>
   <trkpt lat="36.0928640" lon="-115.4843570">
    <ele>2138.2</ele>
   </trkpt>
   <trkpt lat="36.0928540" lon="-115.4843590">
    <ele>2138.4</ele>
   </trkpt>
   <trkpt lat="36.0928420" lon="-115.4843630">
    <ele>2138.6</ele>
   </trkpt>
   <trkpt lat="36.0927750" lon="-115.4843920">
    <ele>2139.0</ele>
   </trkpt>
   <trkpt lat="36.0927440" lon="-115.4843980">
    <ele>2139.4</ele>
   </trkpt>
   <trkpt lat="36.0926950" lon="-115.4844190">
    <ele>2139.6</ele>
   </trkpt>
   <trkpt lat="36.0926270" lon="-115.4844870">
    <ele>2139.6</ele>
   </trkpt>
   <trkpt lat="36.0925760" lon="-115.4845300">
    <ele>2140.2</ele>
   </trkpt>
   <trkpt lat="36.0925470" lon="-115.4845680">
    <ele>2140.4</ele>
   </trkpt>
   <trkpt lat="36.0925030" lon="-115.4846740">
    <ele>2140.4</ele>
   </trkpt>
   <trkpt lat="36.0924600" lon="-115.4846940">
    <ele>2139.4</ele>
   </trkpt>
   <trkpt lat="36.0924210" lon="-115.4847080">
    <ele>2138.2</ele>
   </trkpt>
   <trkpt lat="36.0923810" lon="-115.4847270">
    <ele>2137.0</ele>
   </trkpt>
   <trkpt lat="36.0923510" lon="-115.4847700">
    <ele>2136.0</ele>
   </trkpt>
   <trkpt lat="36.0923320" lon="-115.4848040">
    <ele>2134.8</ele>
   </trkpt>
   <trkpt lat="36.0922980" lon="-115.4848420">
    <ele>2133.4</ele>
   </trkpt>
   <trkpt lat="36.0922470" lon="-115.4848720">
    <ele>2132.2</ele>
   </trkpt>
   <trkpt lat="36.0922310" lon="-115.4848830">
    <ele>2132.0</ele>
   </trkpt>
   <trkpt lat="36.0922020" lon="-115.4849220">
    <ele>2131.0</ele>
   </trkpt>
   <trkpt lat="36.0921760" lon="-115.4849970">
    <ele>2130.0</ele>
   </trkpt>
   <trkpt lat="36.0921740" lon="-115.4850390">
    <ele>2129.0</ele>
   </trkpt>
   <trkpt lat="36.0921670" lon="-115.4850780">
    <ele>2127.6</ele>
   </trkpt>
   <trkpt lat="36.0921440" lon="-115.4851020">
    <ele>2126.6</ele>
   </trkpt>
   <trkpt lat="36.0921010" lon="-115.4851100">
    <ele>2125.6</ele>
   </trkpt>
   <trkpt lat="36.0920590" lon="-115.4851440">
    <ele>2124.4</ele>
   </trkpt>
   <trkpt lat="36.0919620" lon="-115.4852460">
    <ele>2123.4</ele>
   </trkpt>
   <trkpt lat="36.0919460" lon="-115.4852600">
    <ele>2123.4</ele>
   </trkpt>
   <trkpt lat="36.0919080" lon="-115.4853000">
    <ele>2123.2</ele>
   </trkpt>
   <trkpt lat="36.0918610" lon="-115.4853710">
    <ele>2122.4</ele>
   </trkpt>
   <trkpt lat="36.0918300" lon="-115.4854010">
    <ele>2122.4</ele>
   </trkpt>
   <trkpt lat="36.0917850" lon="-115.4854410">
    <ele>2122.2</ele>
   </trkpt>
   <trkpt lat="36.0917370" lon="-115.4854970">
    <ele>2121.0</ele>
   </trkpt>
   <trkpt lat="36.0916810" lon="-115.4855730">
    <ele>2119.6</ele>
   </trkpt>
   <trkpt lat="36.0916580" lon="-115.4856150">
    <ele>2119.4</ele>
   </trkpt>
   <trkpt lat="36.0916180" lon="-115.4856620">
    <ele>2118.6</ele>
   </trkpt>
   <trkpt lat="36.0915950" lon="-115.4856930">
    <ele>2117.4</ele>
   </trkpt>
   <trkpt lat="36.0915560" lon="-115.4857430">
    <ele>2116.0</ele>
   </trkpt>
   <trkpt lat="36.0915240" lon="-115.4857680">
    <ele>2114.6</ele>
   </trkpt>
   <trkpt lat="36.0914960" lon="-115.4857830">
    <ele>2113.0</ele>
   </trkpt>
   <trkpt lat="36.0914780" lon="-115.4857850">
    <ele>2112.6</ele>
   </trkpt>
   <trkpt lat="36.0914430" lon="-115.4857880">
    <ele>2111.2</ele>
   </trkpt>
   <trkpt lat="36.0914120" lon="-115.4858020">
    <ele>2109.8</ele>
   </trkpt>
   <trkpt lat="36.0913840" lon="-115.4858210">
    <ele>2108.6</ele>
   </trkpt>
   <trkpt lat="36.0913680" lon="-115.4858320">
    <ele>2108.2</ele>
   </trkpt>
   <trkpt lat="36.0913520" lon="-115.4858420">
    <ele>2107.4</ele>
   </trkpt>
   <trkpt lat="36.0913210" lon="-115.4858670">
    <ele>2106.4</ele>
   </trkpt>
   <trkpt lat="36.0912900" lon="-115.4858850">
    <ele>2105.0</ele>
   </trkpt>
   <trkpt lat="36.0912620" lon="-115.4859060">
    <ele>2104.0</ele>
   </trkpt>
   <trkpt lat="36.0912350" lon="-115.4859300">
    <ele>2102.8</ele>
   </trkpt>
   <trkpt lat="36.0912260" lon="-115.4859480">
    <ele>2102.4</ele>
   </trkpt>
   <trkpt lat="36.0912190" lon="-115.4859660">
    <ele>2101.6</ele>
   </trkpt>
   <trkpt lat="36.0912060" lon="-115.4859870">
    <ele>2100.4</ele>
   </trkpt>
   <trkpt lat="36.0911940" lon="-115.4859910">
    <ele>2100.0</ele>
   </trkpt>
   <trkpt lat="36.0911780" lon="-115.4859970">
    <ele>2099.4</ele>
   </trkpt>
   <trkpt lat="36.0911550" lon="-115.4860060">
    <ele>2099.4</ele>
   </trkpt>
   <trkpt lat="36.0911190" lon="-115.4860380">
    <ele>2097.8</ele>
   </trkpt>
   <trkpt lat="36.0910860" lon="-115.4860950">
    <ele>2096.6</ele>
   </trkpt>
   <trkpt lat="36.0910540" lon="-115.4861480">
    <ele>2095.6</ele>
   </trkpt>
   <trkpt lat="36.0910400" lon="-115.4861730">
    <ele>2094.8</ele>
   </trkpt>
   <trkpt lat="36.0910320" lon="-115.4861810">
    <ele>2094.0</ele>
   </trkpt>
   <trkpt lat="36.0910220" lon="-115.4861970">
    <ele>2093.0</ele>
   </trkpt>
   <trkpt lat="36.0909960" lon="-115.4862130">
    <ele>2091.4</ele>
   </trkpt>
   <trkpt lat="36.0909800" lon="-115.4862290">
    <ele>2090.2</ele>
   </trkpt>
   <trkpt lat="36.0909740" lon="-115.4862740">
    <ele>2088.8</ele>
   </trkpt>
   <trkpt lat="36.0909770" lon="-115.4862910">
    <ele>2088.6</ele>
   </trkpt>
   <trkpt lat="36.0909810" lon="-115.4863140">
    <ele>2087.6</ele>
   </trkpt>
   <trkpt lat="36.0909780" lon="-115.4863370">
    <ele>2086.6</ele>
   </trkpt>
   <trkpt lat="36.0909760" lon="-115.4863540">
    <ele>2085.2</ele>
   </trkpt>
   <trkpt lat="36.0909800" lon="-115.4863630">
    <ele>2084.8</ele>
   </trkpt>
   <trkpt lat="36.0909880" lon="-115.4863720">
    <ele>2084.4</ele>
   </trkpt>
   <trkpt lat="36.0909950" lon="-115.4863790">
    <ele>2084.2</ele>
   </trkpt>
   <trkpt lat="36.0910130" lon="-115.4864090">
    <ele>2082.8</ele>
   </trkpt>
   <trkpt lat="36.0910150" lon="-115.4864220">
    <ele>2082.2</ele>
   </trkpt>
   <trkpt lat="36.0910200" lon="-115.4864370">
    <ele>2081.6</ele>
   </trkpt>
   <trkpt lat="36.0910320" lon="-115.4864520">
    <ele>2081.2</ele>
   </trkpt>
   <trkpt lat="36.0910450" lon="-115.4864700">
    <ele>2080.4</ele>
   </trkpt>
   <trkpt lat="36.0910520" lon="-115.4864920">
    <ele>2080.0</ele>
   </trkpt>
   <trkpt lat="36.0910530" lon="-115.4865260">
    <ele>2079.2</ele>
   </trkpt>
   <trkpt lat="36.0910540" lon="-115.4865400">
    <ele>2079.2</ele>
   </trkpt>
   <trkpt lat="36.0910630" lon="-115.4865850">
    <ele>2078.2</ele>
   </trkpt>
   <trkpt lat="36.0910790" lon="-115.4866090">
    <ele>2078.0</ele>
   </trkpt>
   <trkpt lat="36.0910900" lon="-115.4866320">
    <ele>2077.6</ele>
   </trkpt>
   <trkpt lat="36.0910870" lon="-115.4866710">
    <ele>2077.2</ele>
   </trkpt>
   <trkpt lat="36.0910940" lon="-115.4867770">
    <ele>2076.0</ele>
   </trkpt>
   <trkpt lat="36.0911090" lon="-115.4869310">
    <ele>2075.4</ele>
   </trkpt>
   <trkpt lat="36.0910970" lon="-115.4869440">
    <ele>2075.2</ele>
   </trkpt>
   <trkpt lat="36.0910720" lon="-115.4869680">
    <ele>2074.8</ele>
   </trkpt>
   <trkpt lat="36.0910390" lon="-115.4869990">
    <ele>2073.6</ele>
   </trkpt>
   <trkpt lat="36.0910020" lon="-115.4870460">
    <ele>2072.4</ele>
   </trkpt>
   <trkpt lat="36.0909920" lon="-115.4870620">
    <ele>2072.2</ele>
   </trkpt>
   <trkpt lat="36.0909810" lon="-115.4870990">
    <ele>2071.2</ele>
   </trkpt>
   <trkpt lat="36.0909680" lon="-115.4871520">
    <ele>2070.0</ele>
   </trkpt>
   <trkpt lat="36.0909650" lon="-115.4871690">
    <ele>2069.6</ele>
   </trkpt>
   <trkpt lat="36.0909610" lon="-115.4872010">
    <ele>2068.8</ele>
   </trkpt>
   <trkpt lat="36.0909600" lon="-115.4872130">
    <ele>2068.2</ele>
   </trkpt>
   <trkpt lat="36.0909570" lon="-115.4872250">
    <ele>2067.8</ele>
   </trkpt>
   <trkpt lat="36.0909490" lon="-115.4872560">
    <ele>2066.6</ele>
   </trkpt>
   <trkpt lat="36.0909410" lon="-115.4872830">
    <ele>2065.6</ele>
   </trkpt>
   <trkpt lat="36.0909290" lon="-115.4873180">
    <ele>2064.2</ele>
   </trkpt>
   <trkpt lat="36.0909220" lon="-115.4873360">
    <ele>2063.2</ele>
   </trkpt>
   <trkpt lat="36.0909180" lon="-115.4873460">
    <ele>2062.8</ele>
   </trkpt>
   <trkpt lat="36.0908980" lon="-115.4873570">
    <ele>2061.4</ele>
   </trkpt>
   <trkpt lat="36.0908830" lon="-115.4873650">
    <ele>2060.2</ele>
   </trkpt>
   <trkpt lat="36.0908720" lon="-115.4873710">
    <ele>2059.6</ele>
   </trkpt>
   <trkpt lat="36.0908580" lon="-115.4873770">
    <ele>2059.0</ele>
   </trkpt>
   <trkpt lat="36.0908480" lon="-115.4873890">
    <ele>2058.6</ele>
   </trkpt>
   <trkpt lat="36.0908440" lon="-115.4874050">
    <ele>2057.4</ele>
   </trkpt>
   <trkpt lat="36.0908410" lon="-115.4874350">
    <ele>2056.2</ele>
   </trkpt>
   <trkpt lat="36.0908360" lon="-115.4874480">
    <ele>2055.6</ele>
   </trkpt>
   <trkpt lat="36.0908310" lon="-115.4874600">
    <ele>2055.2</ele>
   </trkpt>
   <trkpt lat="36.0908180" lon="-115.4875000">
    <ele>2053.8</ele>
   </trkpt>
   <trkpt lat="36.0908140" lon="-115.4875300">
    <ele>2052.4</ele>
   </trkpt>
   <trkpt lat="36.0908140" lon="-115.4875620">
    <ele>2051.2</ele>
   </trkpt>
   <trkpt lat="36.0908110" lon="-115.4875880">
    <ele>2049.8</ele>
   </trkpt>
   <trkpt lat="36.0908030" lon="-115.4876090">
    <ele>2048.8</ele>
   </trkpt>
   <trkpt lat="36.0908030" lon="-115.4876180">
    <ele>2048.0</ele>
   </trkpt>
   <trkpt lat="36.0908040" lon="-115.4876320">
    <ele>2047.4</ele>
   </trkpt>
   <trkpt lat="36.0908090" lon="-115.4876820">
    <ele>2046.4</ele>
   </trkpt>
   <trkpt lat="36.0908360" lon="-115.4877310">
    <ele>2045.6</ele>
   </trkpt>
   <trkpt lat="36.0908450" lon="-115.4877450">
    <ele>2045.4</ele>
   </trkpt>
   <trkpt lat="36.0908740" lon="-115.4878240">
    <ele>2044.2</ele>
   </trkpt>
   <trkpt lat="36.0908770" lon="-115.4878580">
    <ele>2043.0</ele>
   </trkpt>
   <trkpt lat="36.0908790" lon="-115.4878740">
    <ele>2042.6</ele>
   </trkpt>
   <trkpt lat="36.0908750" lon="-115.4879010">
    <ele>2041.6</ele>
   </trkpt>
   <trkpt lat="36.0908740" lon="-115.4879370">
    <ele>2040.6</ele>
   </trkpt>
   <trkpt lat="36.0908680" lon="-115.4879580">
    <ele>2039.8</ele>
   </trkpt>
   <trkpt lat="36.0908590" lon="-115.4879680">
    <ele>2039.2</ele>
   </trkpt>
   <trkpt lat="36.0908380" lon="-115.4879830">
    <ele>2038.2</ele>
   </trkpt>
   <trkpt lat="36.0908220" lon="-115.4879870">
    <ele>2037.8</ele>
   </trkpt>
   <trkpt lat="36.0908100" lon="-115.4879960">
    <ele>2037.6</ele>
   </trkpt>
   <trkpt lat="36.0908030" lon="-115.4880110">
    <ele>2036.8</ele>
   </trkpt>
   <trkpt lat="36.0908030" lon="-115.4880160">
    <ele>2036.2</ele>
   </trkpt>
   <trkpt lat="36.0908070" lon="-115.4880180">
    <ele>2035.8</ele>
   </trkpt>
   <trkpt lat="36.0907850" lon="-115.4880190">
    <ele>2035.6</ele>
   </trkpt>
   <trkpt lat="36.0907420" lon="-115.4880360">
    <ele>2034.6</ele>
   </trkpt>
   <trkpt lat="36.0907320" lon="-115.4880500">
    <ele>2034.2</ele>
   </trkpt>
   <trkpt lat="36.0907330" lon="-115.4880850">
    <ele>2033.4</ele>
   </trkpt>
   <trkpt lat="36.0907400" lon="-115.4881220">
    <ele>2032.2</ele>
   </trkpt>
   <trkpt lat="36.0907430" lon="-115.4881410">
    <ele>2031.8</ele>
   </trkpt>
   <trkpt lat="36.0907520" lon="-115.4881810">
    <ele>2031.0</ele>
   </trkpt>
   <trkpt lat="36.0907570" lon="-115.4882200">
    <ele>2029.8</ele>
   </trkpt>
   <trkpt lat="36.0907650" lon="-115.4882760">
    <ele>2028.6</ele>
   </trkpt>
   <trkpt lat="36.0907830" lon="-115.4883350">
    <ele>2027.4</ele>
   </trkpt>
   <trkpt lat="36.0908270" lon="-115.4884120">
    <ele>2026.0</ele>
   </trkpt>
   <trkpt lat="36.0908620" lon="-115.4884810">
    <ele>2025.0</ele>
   </trkpt>
   <trkpt lat="36.0908640" lon="-115.4885310">
    <ele>2023.8</ele>
   </trkpt>
   <trkpt lat="36.0908910" lon="-115.4886000">
    <ele>2023.0</ele>
   </trkpt>
   <trkpt lat="36.0909040" lon="-115.4886150">
    <ele>2022.6</ele>
   </trkpt>
   <trkpt lat="36.0909760" lon="-115.4887200">
    <ele>2021.4</ele>
   </trkpt>
   <trkpt lat="36.0910140" lon="-115.4887910">
    <ele>2021.2</ele>
   </trkpt>
   <trkpt lat="36.0910620" lon="-115.4888510">
    <ele>2020.8</ele>
   </trkpt>
   <trkpt lat="36.0910650" lon="-115.4888730">
    <ele>2020.6</ele>
   </trkpt>
   <trkpt lat="36.0910680" lon="-115.4888960">
    <ele>2020.4</ele>
   </trkpt>
   <trkpt lat="36.0910620" lon="-115.4889740">
    <ele>2019.2</ele>
   </trkpt>
   <trkpt lat="36.0910490" lon="-115.4890590">
    <ele>2018.6</ele>
   </trkpt>
   <trkpt lat="36.0910410" lon="-115.4890870">
    <ele>2018.2</ele>
   </trkpt>
   <trkpt lat="36.0909960" lon="-115.4892550">
    <ele>2017.4</ele>
   </trkpt>
   <trkpt lat="36.0909730" lon="-115.4893190">
    <ele>2017.0</ele>
   </trkpt>
   <trkpt lat="36.0909350" lon="-115.4894110">
    <ele>2016.4</ele>
   </trkpt>
   <trkpt lat="36.0909150" lon="-115.4894670">
    <ele>2015.8</ele>
   </trkpt>
   <trkpt lat="36.0908920" lon="-115.4895170">
    <ele>2015.4</ele>
   </trkpt>
   <trkpt lat="36.0907960" lon="-115.4895930">
    <ele>2014.6</ele>
   </trkpt>
   <trkpt lat="36.0907050" lon="-115.4896600">
    <ele>2013.4</ele>
   </trkpt>
   <trkpt lat="36.0906870" lon="-115.4896690">
    <ele>2013.2</ele>
   </trkpt>
   <trkpt lat="36.0906550" lon="-115.4896880">
    <ele>2012.2</ele>
   </trkpt>
   <trkpt lat="36.0906040" lon="-115.4897050">
    <ele>2011.0</ele>
   </trkpt>
   <trkpt lat="36.0905890" lon="-115.4897200">
    <ele>2010.6</ele>
   </trkpt>
   <trkpt lat="36.0905820" lon="-115.4897650">
    <ele>2010.2</ele>
   </trkpt>
   <trkpt lat="36.0905850" lon="-115.4897910">
    <ele>2009.8</ele>
   </trkpt>
   <trkpt lat="36.0905860" lon="-115.4898200">
    <ele>2009.8</ele>
   </trkpt>
   <trkpt lat="36.0905720" lon="-115.4899660">
    <ele>2008.8</ele>
   </trkpt>
   <trkpt lat="36.0905550" lon="-115.4900590">
    <ele>2007.4</ele>
   </trkpt>
   <trkpt lat="36.0905570" lon="-115.4901170">
    <ele>2006.8</ele>
   </trkpt>
   <trkpt lat="36.0905590" lon="-115.4901470">
    <ele>2006.2</ele>
   </trkpt>
   <trkpt lat="36.0905650" lon="-115.4902120">
    <ele>2005.0</ele>
   </trkpt>
   <trkpt lat="36.0905690" lon="-115.4902780">
    <ele>2004.2</ele>
   </trkpt>
   <trkpt lat="36.0905610" lon="-115.4903010">
    <ele>2003.6</ele>
   </trkpt>
   <trkpt lat="36.0905180" lon="-115.4903630">
    <ele>2001.8</ele>
   </trkpt>
   <trkpt lat="36.0905040" lon="-115.4903820">
    <ele>2001.0</ele>
   </trkpt>
   <trkpt lat="36.0904910" lon="-115.4903990">
    <ele>2000.6</ele>
   </trkpt>
   <trkpt lat="36.0904650" lon="-115.4904390">
    <ele>1999.4</ele>
   </trkpt>
   <trkpt lat="36.0904140" lon="-115.4904880">
    <ele>1998.0</ele>
   </trkpt>
   <trkpt lat="36.0903780" lon="-115.4905180">
    <ele>1997.4</ele>
   </trkpt>
   <trkpt lat="36.0903600" lon="-115.4905280">
    <ele>1996.8</ele>
   </trkpt>
   <trkpt lat="36.0903240" lon="-115.4905430">
    <ele>1995.8</ele>
   </trkpt>
   <trkpt lat="36.0902670" lon="-115.4905680">
    <ele>1994.2</ele>
   </trkpt>
   <trkpt lat="36.0902350" lon="-115.4905900">
    <ele>1993.0</ele>
   </trkpt>
   <trkpt lat="36.0902050" lon="-115.4906400">
    <ele>1991.4</ele>
   </trkpt>
   <trkpt lat="36.0902050" lon="-115.4906850">
    <ele>1990.4</ele>
   </trkpt>
   <trkpt lat="36.0902010" lon="-115.4907490">
    <ele>1989.0</ele>
   </trkpt>
   <trkpt lat="36.0901710" lon="-115.4907990">
    <ele>1987.8</ele>
   </trkpt>
   <trkpt lat="36.0901510" lon="-115.4908340">
    <ele>1986.4</ele>
   </trkpt>
   <trkpt lat="36.0901360" lon="-115.4908730">
    <ele>1985.2</ele>
   </trkpt>
   <trkpt lat="36.0901190" lon="-115.4909540">
    <ele>1983.4</ele>
   </trkpt>
   <trkpt lat="36.0901190" lon="-115.4910080">
    <ele>1982.4</ele>
   </trkpt>
   <trkpt lat="36.0901150" lon="-115.4910330">
    <ele>1982.0</ele>
   </trkpt>
   <trkpt lat="36.0900880" lon="-115.4911060">
    <ele>1980.0</ele>
   </trkpt>
   <trkpt lat="36.0900700" lon="-115.4911570">
    <ele>1978.8</ele>
   </trkpt>
   <trkpt lat="36.0900710" lon="-115.4912170">
    <ele>1977.6</ele>
   </trkpt>
   <trkpt lat="36.0900610" lon="-115.4912950">
    <ele>1976.6</ele>
   </trkpt>
   <trkpt lat="36.0900430" lon="-115.4913420">
    <ele>1975.4</ele>
   </trkpt>
   <trkpt lat="36.0900190" lon="-115.4913840">
    <ele>1974.4</ele>
   </trkpt>
   <trkpt lat="36.0900080" lon="-115.4914050">
    <ele>1973.4</ele>
   </trkpt>
   <trkpt lat="36.0899960" lon="-115.4914270">
    <ele>1973.0</ele>
   </trkpt>
   <trkpt lat="36.0899900" lon="-115.4914520">
    <ele>1972.4</ele>
   </trkpt>
   <trkpt lat="36.0899890" lon="-115.4914790">
    <ele>1972.0</ele>
   </trkpt>
   <trkpt lat="36.0900000" lon="-115.4915320">
    <ele>1971.2</ele>
   </trkpt>
   <trkpt lat="36.0900090" lon="-115.4915580">
    <ele>1970.2</ele>
   </trkpt>
   <trkpt lat="36.0900150" lon="-115.4916420">
    <ele>1968.8</ele>
   </trkpt>
   <trkpt lat="36.0899890" lon="-115.4917250">
    <ele>1967.4</ele>
   </trkpt>
   <trkpt lat="36.0899690" lon="-115.4918320">
    <ele>1966.0</ele>
   </trkpt>
   <trkpt lat="36.0899670" lon="-115.4918630">
    <ele>1965.6</ele>
   </trkpt>
   <trkpt lat="36.0899590" lon="-115.4919210">
    <ele>1965.0</ele>
   </trkpt>
   <trkpt lat="36.0899180" lon="-115.4919800">
    <ele>1963.8</ele>
   </trkpt>
   <trkpt lat="36.0899020" lon="-115.4919860">
    <ele>1963.8</ele>
   </trkpt>
   <trkpt lat="36.0898880" lon="-115.4919830">
    <ele>1963.6</ele>
   </trkpt>
   <trkpt lat="36.0898560" lon="-115.4919760">
    <ele>1962.6</ele>
   </trkpt>
   <trkpt lat="36.0898440" lon="-115.4919910">
    <ele>1962.0</ele>
   </trkpt>
   <trkpt lat="36.0898350" lon="-115.4920130">
    <ele>1961.6</ele>
   </trkpt>
   <trkpt lat="36.0898140" lon="-115.4920630">
    <ele>1960.6</ele>
   </trkpt>
   <trkpt lat="36.0898020" lon="-115.4920670">
    <ele>1960.2</ele>
   </trkpt>
   <trkpt lat="36.0897710" lon="-115.4920820">
    <ele>1959.0</ele>
   </trkpt>
   <trkpt lat="36.0897400" lon="-115.4921040">
    <ele>1957.8</ele>
   </trkpt>
   <trkpt lat="36.0897040" lon="-115.4921210">
    <ele>1956.2</ele>
   </trkpt>
   <trkpt lat="36.0896870" lon="-115.4921210">
    <ele>1955.0</ele>
   </trkpt>
   <trkpt lat="36.0896730" lon="-115.4921150">
    <ele>1954.0</ele>
   </trkpt>
   <trkpt lat="36.0896570" lon="-115.4921070">
    <ele>1953.6</ele>
   </trkpt>
   <trkpt lat="36.0896180" lon="-115.4920900">
    <ele>1952.4</ele>
   </trkpt>
   <trkpt lat="36.0895860" lon="-115.4920930">
    <ele>1951.0</ele>
   </trkpt>
   <trkpt lat="36.0895750" lon="-115.4921180">
    <ele>1949.8</ele>
   </trkpt>
   <trkpt lat="36.0895660" lon="-115.4921740">
    <ele>1948.0</ele>
   </trkpt>
   <trkpt lat="36.0895580" lon="-115.4921840">
    <ele>1947.4</ele>
   </trkpt>
   <trkpt lat="36.0895460" lon="-115.4921950">
    <ele>1946.8</ele>
   </trkpt>
   <trkpt lat="36.0895320" lon="-115.4922080">
    <ele>1946.4</ele>
   </trkpt>
   <trkpt lat="36.0895120" lon="-115.4922420">
    <ele>1945.0</ele>
   </trkpt>
   <trkpt lat="36.0894980" lon="-115.4922870">
    <ele>1943.6</ele>
   </trkpt>
   <trkpt lat="36.0894910" lon="-115.4922960">
    <ele>1943.2</ele>
   </trkpt>
   <trkpt lat="36.0894670" lon="-115.4922990">
    <ele>1942.4</ele>
   </trkpt>
   <trkpt lat="36.0894560" lon="-115.4923070">
    <ele>1941.8</ele>
   </trkpt>
   <trkpt lat="36.0894470" lon="-115.4923180">
    <ele>1941.2</ele>
   </trkpt>
   <trkpt lat="36.0894400" lon="-115.4923270">
    <ele>1940.8</ele>
   </trkpt>
   <trkpt lat="36.0894250" lon="-115.4923480">
    <ele>1939.8</ele>
   </trkpt>
   <trkpt lat="36.0894140" lon="-115.4923830">
    <ele>1938.6</ele>
   </trkpt>
   <trkpt lat="36.0893990" lon="-115.4924120">
    <ele>1937.4</ele>
   </trkpt>
   <trkpt lat="36.0893820" lon="-115.4924300">
    <ele>1936.6</ele>
   </trkpt>
   <trkpt lat="36.0893710" lon="-115.4924330">
    <ele>1935.8</ele>
   </trkpt>
   <trkpt lat="36.0893480" lon="-115.4924420">
    <ele>1934.6</ele>
   </trkpt>
   <trkpt lat="36.0893420" lon="-115.4924520">
    <ele>1934.4</ele>
   </trkpt>
   <trkpt lat="36.0893370" lon="-115.4924770">
    <ele>1933.6</ele>
   </trkpt>
   <trkpt lat="36.0893180" lon="-115.4924910">
    <ele>1932.4</ele>
   </trkpt>
   <trkpt lat="36.0892920" lon="-115.4925060">
    <ele>1931.2</ele>
   </trkpt>
   <trkpt lat="36.0892760" lon="-115.4925730">
    <ele>1929.6</ele>
   </trkpt>
   <trkpt lat="36.0892760" lon="-115.4926040">
    <ele>1929.0</ele>
   </trkpt>
   <trkpt lat="36.0892820" lon="-115.4926340">
    <ele>1928.4</ele>
   </trkpt>
   <trkpt lat="36.0893380" lon="-115.4927720">
    <ele>1927.6</ele>
   </trkpt>
   <trkpt lat="36.0893470" lon="-115.4928190">
    <ele>1927.2</ele>
   </trkpt>
   <trkpt lat="36.0893680" lon="-115.4929290">
    <ele>1926.2</ele>
   </trkpt>
   <trkpt lat="36.0893740" lon="-115.4929760">
    <ele>1925.4</ele>
   </trkpt>
   <trkpt lat="36.0893740" lon="-115.4929940">
    <ele>1925.0</ele>
   </trkpt>
   <trkpt lat="36.0893570" lon="-115.4930360">
    <ele>1923.8</ele>
   </trkpt>
   <trkpt lat="36.0893510" lon="-115.4930450">
    <ele>1923.2</ele>
   </trkpt>
   <trkpt lat="36.0893430" lon="-115.4930670">
    <ele>1922.6</ele>
   </trkpt>
   <trkpt lat="36.0893360" lon="-115.4931040">
    <ele>1922.2</ele>
   </trkpt>
   <trkpt lat="36.0893460" lon="-115.4931450">
    <ele>1921.6</ele>
   </trkpt>
   <trkpt lat="36.0893220" lon="-115.4931890">
    <ele>1920.8</ele>
   </trkpt>
   <trkpt lat="36.0893100" lon="-115.4932020">
    <ele>1920.2</ele>
   </trkpt>
   <trkpt lat="36.0892950" lon="-115.4932340">
    <ele>1919.2</ele>
   </trkpt>
   <trkpt lat="36.0892870" lon="-115.4932510">
    <ele>1918.8</ele>
   </trkpt>
   <trkpt lat="36.0892840" lon="-115.4932910">
    <ele>1917.8</ele>
   </trkpt>
   <trkpt lat="36.0892710" lon="-115.4933630">
    <ele>1916.8</ele>
   </trkpt>
   <trkpt lat="36.0892600" lon="-115.4933700">
    <ele>1916.2</ele>
   </trkpt>
   <trkpt lat="36.0892410" lon="-115.4933910">
    <ele>1915.0</ele>
   </trkpt>
   <trkpt lat="36.0892180" lon="-115.4934000">
    <ele>1914.0</ele>
   </trkpt>
   <trkpt lat="36.0892060" lon="-115.4934050">
    <ele>1913.6</ele>
   </trkpt>
   <trkpt lat="36.0891960" lon="-115.4934140">
    <ele>1912.8</ele>
   </trkpt>
   <trkpt lat="36.0891700" lon="-115.4934410">
    <ele>1911.4</ele>
   </trkpt>
   <trkpt lat="36.0891360" lon="-115.4934810">
    <ele>1909.8</ele>
   </trkpt>
   <trkpt lat="36.0891240" lon="-115.4934930">
    <ele>1909.4</ele>
   </trkpt>
   <trkpt lat="36.0891000" lon="-115.4935140">
    <ele>1908.6</ele>
   </trkpt>
   <trkpt lat="36.0890690" lon="-115.4935570">
    <ele>1907.2</ele>
   </trkpt>
   <trkpt lat="36.0890490" lon="-115.4935850">
    <ele>1906.0</ele>
   </trkpt>
   <trkpt lat="36.0890200" lon="-115.4936380">
    <ele>1904.4</ele>
   </trkpt>
   <trkpt lat="36.0890070" lon="-115.4936770">
    <ele>1903.0</ele>
   </trkpt>
   <trkpt lat="36.0889940" lon="-115.4937120">
    <ele>1902.2</ele>
   </trkpt>
   <trkpt lat="36.0889840" lon="-115.4937280">
    <ele>1901.6</ele>
   </trkpt>
   <trkpt lat="36.0889650" lon="-115.4937570">
    <ele>1900.4</ele>
   </trkpt>
   <trkpt lat="36.0889420" lon="-115.4937780">
    <ele>1899.2</ele>
   </trkpt>
   <trkpt lat="36.0889400" lon="-115.4937890">
    <ele>1899.0</ele>
   </trkpt>
   <trkpt lat="36.0889290" lon="-115.4938260">
    <ele>1898.0</ele>
   </trkpt>
   <trkpt lat="36.0889130" lon="-115.4938500">
    <ele>1897.0</ele>
   </trkpt>
   <trkpt lat="36.0889040" lon="-115.4938620">
    <ele>1896.6</ele>
   </trkpt>
   <trkpt lat="36.0888850" lon="-115.4938870">
    <ele>1895.6</ele>
   </trkpt>
   <trkpt lat="36.0888770" lon="-115.4939390">
    <ele>1894.2</ele>
   </trkpt>
   <trkpt lat="36.0888590" lon="-115.4939680">
    <ele>1893.0</ele>
   </trkpt>
   <trkpt lat="36.0888390" lon="-115.4940110">
    <ele>1891.6</ele>
   </trkpt>
   <trkpt lat="36.0888360" lon="-115.4940440">
    <ele>1890.4</ele>
   </trkpt>
   <trkpt lat="36.0888300" lon="-115.4940550">
    <ele>1890.0</ele>
   </trkpt>
   <trkpt lat="36.0888070" lon="-115.4940880">
    <ele>1888.8</ele>
   </trkpt>
   <trkpt lat="36.0887840" lon="-115.4941270">
    <ele>1887.6</ele>
   </trkpt>
   <trkpt lat="36.0887480" lon="-115.4941630">
    <ele>1885.8</ele>
   </trkpt>
   <trkpt lat="36.0887370" lon="-115.4941750">
    <ele>1885.0</ele>
   </trkpt>
   <trkpt lat="36.0887280" lon="-115.4941860">
    <ele>1884.4</ele>
   </trkpt>
   <trkpt lat="36.0887130" lon="-115.4942120">
    <ele>1883.4</ele>
   </trkpt>
   <trkpt lat="36.0886870" lon="-115.4942490">
    <ele>1882.2</ele>
   </trkpt>
   <trkpt lat="36.0886790" lon="-115.4942610">
    <ele>1881.6</ele>
   </trkpt>
   <trkpt lat="36.0886700" lon="-115.4942720">
    <ele>1881.0</ele>
   </trkpt>
   <trkpt lat="36.0886540" lon="-115.4942970">
    <ele>1880.0</ele>
   </trkpt>
   <trkpt lat="36.0886430" lon="-115.4943190">
    <ele>1878.6</ele>
   </trkpt>
   <trkpt lat="36.0886330" lon="-115.4943230">
    <ele>1878.2</ele>
   </trkpt>
   <trkpt lat="36.0886210" lon="-115.4943350">
    <ele>1877.4</ele>
   </trkpt>
   <trkpt lat="36.0886140" lon="-115.4943370">
    <ele>1876.8</ele>
   </trkpt>
   <trkpt lat="36.0886040" lon="-115.4943360">
    <ele>1876.4</ele>
   </trkpt>
   <trkpt lat="36.0885940" lon="-115.4943390">
    <ele>1876.0</ele>
   </trkpt>
   <trkpt lat="36.0885800" lon="-115.4943670">
    <ele>1875.2</ele>
   </trkpt>
   <trkpt lat="36.0885770" lon="-115.4943840">
    <ele>1874.6</ele>
   </trkpt>
   <trkpt lat="36.0885650" lon="-115.4944150">
    <ele>1873.8</ele>
   </trkpt>
   <trkpt lat="36.0885450" lon="-115.4944680">
    <ele>1872.4</ele>
   </trkpt>
   <trkpt lat="36.0885280" lon="-115.4945050">
    <ele>1871.4</ele>
   </trkpt>
   <trkpt lat="36.0885050" lon="-115.4945650">
    <ele>1870.4</ele>
   </trkpt>
   <trkpt lat="36.0884710" lon="-115.4945990">
    <ele>1869.2</ele>
   </trkpt>
   <trkpt lat="36.0884590" lon="-115.4946080">
    <ele>1868.4</ele>
   </trkpt>
   <trkpt lat="36.0884470" lon="-115.4946180">
    <ele>1868.2</ele>
   </trkpt>
   <trkpt lat="36.0884220" lon="-115.4946330">
    <ele>1866.8</ele>
   </trkpt>
   <trkpt lat="36.0883840" lon="-115.4946390">
    <ele>1865.6</ele>
   </trkpt>
   <trkpt lat="36.0883610" lon="-115.4946530">
    <ele>1864.6</ele>
   </trkpt>
   <trkpt lat="36.0883530" lon="-115.4946640">
    <ele>1864.0</ele>
   </trkpt>
   <trkpt lat="36.0883290" lon="-115.4947000">
    <ele>1862.8</ele>
   </trkpt>
   <trkpt lat="36.0883190" lon="-115.4947130">
    <ele>1862.2</ele>
   </trkpt>
   <trkpt lat="36.0883050" lon="-115.4947220">
    <ele>1861.6</ele>
   </trkpt>
   <trkpt lat="36.0882900" lon="-115.4947250">
    <ele>1861.0</ele>
   </trkpt>
   <trkpt lat="36.0882790" lon="-115.4947350">
    <ele>1860.4</ele>
   </trkpt>
   <trkpt lat="36.0882490" lon="-115.4947720">
    <ele>1859.4</ele>
   </trkpt>
   <trkpt lat="36.0882390" lon="-115.4947810">
    <ele>1858.8</ele>
   </trkpt>
   <trkpt lat="36.0882170" lon="-115.4947910">
    <ele>1857.8</ele>
   </trkpt>
   <trkpt lat="36.0881950" lon="-115.4948000">
    <ele>1856.4</ele>
   </trkpt>
   <trkpt lat="36.0881690" lon="-115.4948160">
    <ele>1855.4</ele>
   </trkpt>
   <trkpt lat="36.0881530" lon="-115.4948250">
    <ele>1854.2</ele>
   </trkpt>
   <trkpt lat="36.0881240" lon="-115.4948410">
    <ele>1853.0</ele>
   </trkpt>
   <trkpt lat="36.0880940" lon="-115.4948700">
    <ele>1852.4</ele>
   </trkpt>
   <trkpt lat="36.0880840" lon="-115.4948830">
    <ele>1851.6</ele>
   </trkpt>
   <trkpt lat="36.0880520" lon="-115.4949240">
    <ele>1850.0</ele>
   </trkpt>
   <trkpt lat="36.0880000" lon="-115.4949560">
    <ele>1848.8</ele>
   </trkpt>
   <trkpt lat="36.0879840" lon="-115.4949620">
    <ele>1848.6</ele>
   </trkpt>
   <trkpt lat="36.0879050" lon="-115.4949980">
    <ele>1847.6</ele>
   </trkpt>
   <trkpt lat="36.0878710" lon="-115.4950070">
    <ele>1846.4</ele>
   </trkpt>
   <trkpt lat="36.0878280" lon="-115.4950360">
    <ele>1845.6</ele>
   </trkpt>
   <trkpt lat="36.0877940" lon="-115.4950390">
    <ele>1845.2</ele>
   </trkpt>
   <trkpt lat="36.0877650" lon="-115.4950470">
    <ele>1844.0</ele>
   </trkpt>
   <trkpt lat="36.0877290" lon="-115.4950540">
    <ele>1843.0</ele>
   </trkpt>
   <trkpt lat="36.0877090" lon="-115.4950560">
    <ele>1842.6</ele>
   </trkpt>
   <trkpt lat="36.0876690" lon="-115.4950710">
    <ele>1841.8</ele>
   </trkpt>
   <trkpt lat="36.0876010" lon="-115.4950850">
    <ele>1840.6</ele>
   </trkpt>
   <trkpt lat="36.0875840" lon="-115.4950800">
    <ele>1839.8</ele>
   </trkpt>
   <trkpt lat="36.0875670" lon="-115.4950760">
    <ele>1839.4</ele>
   </trkpt>
   <trkpt lat="36.0875380" lon="-115.4950900">
    <ele>1838.2</ele>
   </trkpt>
   <trkpt lat="36.0875180" lon="-115.4951260">
    <ele>1837.4</ele>
   </trkpt>
   <trkpt lat="36.0875110" lon="-115.4951430">
    <ele>1837.0</ele>
   </trkpt>
   <trkpt lat="36.0875020" lon="-115.4951490">
    <ele>1836.6</ele>
   </trkpt>
   <trkpt lat="36.0874900" lon="-115.4951500">
    <ele>1836.0</ele>
   </trkpt>
   <trkpt lat="36.0874780" lon="-115.4951520">
    <ele>1835.6</ele>
   </trkpt>
   <trkpt lat="36.0874670" lon="-115.4951610">
    <ele>1835.2</ele>
   </trkpt>
   <trkpt lat="36.0874590" lon="-115.4951770">
    <ele>1834.6</ele>
   </trkpt>
   <trkpt lat="36.0874390" lon="-115.4952080">
    <ele>1833.8</ele>
   </trkpt>
   <trkpt lat="36.0874260" lon="-115.4952080">
    <ele>1833.4</ele>
   </trkpt>
   <trkpt lat="36.0873970" lon="-115.4952120">
    <ele>1832.2</ele>
   </trkpt>
   <trkpt lat="36.0873690" lon="-115.4952330">
    <ele>1831.0</ele>
   </trkpt>
   <trkpt lat="36.0873390" lon="-115.4952540">
    <ele>1829.8</ele>
   </trkpt>
   <trkpt lat="36.0872970" lon="-115.4952740">
    <ele>1828.8</ele>
   </trkpt>
   <trkpt lat="36.0872580" lon="-115.4952870">
    <ele>1827.6</ele>
   </trkpt>
   <trkpt lat="36.0872430" lon="-115.4952940">
    <ele>1826.8</ele>
   </trkpt>
   <trkpt lat="36.0872280" lon="-115.4953070">
    <ele>1826.0</ele>
   </trkpt>
   <trkpt lat="36.0872040" lon="-115.4953410">
    <ele>1825.0</ele>
   </trkpt>
   <trkpt lat="36.0871790" lon="-115.4953590">
    <ele>1824.0</ele>
   </trkpt>
   <trkpt lat="36.0871640" lon="-115.4953600">
    <ele>1823.6</ele>
   </trkpt>
   <trkpt lat="36.0871220" lon="-115.4953560">
    <ele>1822.0</ele>
   </trkpt>
   <trkpt lat="36.0871110" lon="-115.4953620">
    <ele>1821.4</ele>
   </trkpt>
   <trkpt lat="36.0870960" lon="-115.4953730">
    <ele>1820.8</ele>
   </trkpt>
   <trkpt lat="36.0870620" lon="-115.4953940">
    <ele>1819.8</ele>
   </trkpt>
   <trkpt lat="36.0870340" lon="-115.4954230">
    <ele>1818.8</ele>
   </trkpt>
   <trkpt lat="36.0870190" lon="-115.4954360">
    <ele>1818.4</ele>
   </trkpt>
   <trkpt lat="36.0870020" lon="-115.4954730">
    <ele>1817.2</ele>
   </trkpt>
   <trkpt lat="36.0869810" lon="-115.4955140">
    <ele>1816.0</ele>
   </trkpt>
   <trkpt lat="36.0869690" lon="-115.4955180">
    <ele>1815.4</ele>
   </trkpt>
   <trkpt lat="36.0869590" lon="-115.4955220">
    <ele>1814.8</ele>
   </trkpt>
   <trkpt lat="36.0869530" lon="-115.4955310">
    <ele>1814.4</ele>
   </trkpt>
   <trkpt lat="36.0869360" lon="-115.4955550">
    <ele>1813.2</ele>
   </trkpt>
   <trkpt lat="36.0869190" lon="-115.4955960">
    <ele>1812.0</ele>
   </trkpt>
   <trkpt lat="36.0868980" lon="-115.4956090">
    <ele>1810.8</ele>
   </trkpt>
   <trkpt lat="36.0868640" lon="-115.4956140">
    <ele>1809.2</ele>
   </trkpt>
   <trkpt lat="36.0868460" lon="-115.4956300">
    <ele>1808.6</ele>
   </trkpt>
   <trkpt lat="36.0868370" lon="-115.4956450">
    <ele>1807.8</ele>
   </trkpt>
   <trkpt lat="36.0868160" lon="-115.4956870">
    <ele>1806.4</ele>
   </trkpt>
   <trkpt lat="36.0868020" lon="-115.4957170">
    <ele>1805.2</ele>
   </trkpt>
   <trkpt lat="36.0867860" lon="-115.4957400">
    <ele>1804.0</ele>
   </trkpt>
   <trkpt lat="36.0867790" lon="-115.4957350">
    <ele>1803.4</ele>
   </trkpt>
   <trkpt lat="36.0867680" lon="-115.4957300">
    <ele>1803.0</ele>
   </trkpt>
   <trkpt lat="36.0867570" lon="-115.4957340">
    <ele>1802.8</ele>
   </trkpt>
   <trkpt lat="36.0867360" lon="-115.4957520">
    <ele>1801.6</ele>
   </trkpt>
   <trkpt lat="36.0867280" lon="-115.4957600">
    <ele>1801.2</ele>
   </trkpt>
   <trkpt lat="36.0867200" lon="-115.4957720">
    <ele>1800.4</ele>
   </trkpt>
   <trkpt lat="36.0867090" lon="-115.4957980">
    <ele>1799.8</ele>
   </trkpt>
   <trkpt lat="36.0866870" lon="-115.4958150">
    <ele>1799.4</ele>
   </trkpt>
   <trkpt lat="36.0866630" lon="-115.4958260">
    <ele>1798.4</ele>
   </trkpt>
   <trkpt lat="36.0866440" lon="-115.4958430">
    <ele>1797.2</ele>
   </trkpt>
   <trkpt lat="36.0866290" lon="-115.4958700">
    <ele>1796.0</ele>
   </trkpt>
   <trkpt lat="36.0866210" lon="-115.4958850">
    <ele>1795.4</ele>
   </trkpt>
   <trkpt lat="36.0866110" lon="-115.4959000">
    <ele>1794.8</ele>
   </trkpt>
   <trkpt lat="36.0865940" lon="-115.4959210">
    <ele>1794.0</ele>
   </trkpt>
   <trkpt lat="36.0865810" lon="-115.4959210">
    <ele>1793.8</ele>
   </trkpt>
   <trkpt lat="36.0865670" lon="-115.4959190">
    <ele>1793.2</ele>
   </trkpt>
   <trkpt lat="36.0865600" lon="-115.4959160">
    <ele>1793.0</ele>
   </trkpt>
   <trkpt lat="36.0865530" lon="-115.4959130">
    <ele>1792.6</ele>
   </trkpt>
   <trkpt lat="36.0865460" lon="-115.4959080">
    <ele>1792.2</ele>
   </trkpt>
   <trkpt lat="36.0865370" lon="-115.4959060">
    <ele>1791.8</ele>
   </trkpt>
   <trkpt lat="36.0865260" lon="-115.4959080">
    <ele>1791.2</ele>
   </trkpt>
   <trkpt lat="36.0865050" lon="-115.4959190">
    <ele>1790.0</ele>
   </trkpt>
   <trkpt lat="36.0864900" lon="-115.4959320">
    <ele>1788.8</ele>
   </trkpt>
   <trkpt lat="36.0864800" lon="-115.4959370">
    <ele>1788.6</ele>
   </trkpt>
   <trkpt lat="36.0864640" lon="-115.4959460">
    <ele>1787.6</ele>
   </trkpt>
   <trkpt lat="36.0864300" lon="-115.4959510">
    <ele>1786.2</ele>
   </trkpt>
   <trkpt lat="36.0864210" lon="-115.4959560">
    <ele>1785.6</ele>
   </trkpt>
   <trkpt lat="36.0864110" lon="-115.4959620">
    <ele>1785.2</ele>
   </trkpt>
   <trkpt lat="36.0863960" lon="-115.4959660">
    <ele>1784.2</ele>
   </trkpt>
   <trkpt lat="36.0863620" lon="-115.4959650">
    <ele>1782.8</ele>
   </trkpt>
   <trkpt lat="36.0863500" lon="-115.4959690">
    <ele>1782.2</ele>
   </trkpt>
   <trkpt lat="36.0863390" lon="-115.4959750">
    <ele>1781.6</ele>
   </trkpt>
   <trkpt lat="36.0863090" lon="-115.4959850">
    <ele>1780.2</ele>
   </trkpt>
   <trkpt lat="36.0862790" lon="-115.4959840">
    <ele>1779.2</ele>
   </trkpt>
   <trkpt lat="36.0862670" lon="-115.4959870">
    <ele>1778.6</ele>
   </trkpt>
   <trkpt lat="36.0862520" lon="-115.4959930">
    <ele>1777.6</ele>
   </trkpt>
   <trkpt lat="36.0862400" lon="-115.4960010">
    <ele>1777.0</ele>
   </trkpt>
   <trkpt lat="36.0862290" lon="-115.4960050">
    <ele>1776.6</ele>
   </trkpt>
   <trkpt lat="36.0861950" lon="-115.4960310">
    <ele>1775.4</ele>
   </trkpt>
   <trkpt lat="36.0861800" lon="-115.4960510">
    <ele>1774.8</ele>
   </trkpt>
   <trkpt lat="36.0861660" lon="-115.4960620">
    <ele>1774.4</ele>
   </trkpt>
   <trkpt lat="36.0861620" lon="-115.4960740">
    <ele>1774.2</ele>
   </trkpt>
   <trkpt lat="36.0861490" lon="-115.4960850">
    <ele>1773.2</ele>
   </trkpt>
   <trkpt lat="36.0861270" lon="-115.4960940">
    <ele>1771.8</ele>
   </trkpt>
   <trkpt lat="36.0861140" lon="-115.4960780">
    <ele>1771.2</ele>
   </trkpt>
   <trkpt lat="36.0861070" lon="-115.4960670">
    <ele>1770.6</ele>
   </trkpt>
   <trkpt lat="36.0860860" lon="-115.4960500">
    <ele>1769.2</ele>
   </trkpt>
   <trkpt lat="36.0860800" lon="-115.4960490">
    <ele>1768.8</ele>
   </trkpt>
   <trkpt lat="36.0860670" lon="-115.4960480">
    <ele>1768.0</ele>
   </trkpt>
   <trkpt lat="36.0860580" lon="-115.4960440">
    <ele>1767.4</ele>
   </trkpt>
   <trkpt lat="36.0860500" lon="-115.4960500">
    <ele>1767.0</ele>
   </trkpt>
   <trkpt lat="36.0860260" lon="-115.4960510">
    <ele>1765.8</ele>
   </trkpt>
   <trkpt lat="36.0860090" lon="-115.4960330">
    <ele>1764.6</ele>
   </trkpt>
   <trkpt lat="36.0859910" lon="-115.4960200">
    <ele>1763.6</ele>
   </trkpt>
   <trkpt lat="36.0859860" lon="-115.4960180">
    <ele>1763.4</ele>
   </trkpt>
   <trkpt lat="36.0859820" lon="-115.4960170">
    <ele>1763.2</ele>
   </trkpt>
   <trkpt lat="36.0859760" lon="-115.4960100">
    <ele>1762.2</ele>
   </trkpt>
   <trkpt lat="36.0859630" lon="-115.4960150">
    <ele>1761.4</ele>
   </trkpt>
   <trkpt lat="36.0859620" lon="-115.4960210">
    <ele>1760.6</ele>
   </trkpt>
   <trkpt lat="36.0859400" lon="-115.4960240">
    <ele>1759.2</ele>
   </trkpt>
   <trkpt lat="36.0859110" lon="-115.4960210">
    <ele>1758.2</ele>
   </trkpt>
   <trkpt lat="36.0858800" lon="-115.4960130">
    <ele>1757.0</ele>
   </trkpt>
   <trkpt lat="36.0858540" lon="-115.4960030">
    <ele>1756.0</ele>
   </trkpt>
   <trkpt lat="36.0858430" lon="-115.4959830">
    <ele>1755.4</ele>
   </trkpt>
   <trkpt lat="36.0858390" lon="-115.4959790">
    <ele>1754.8</ele>
   </trkpt>
   <trkpt lat="36.0858300" lon="-115.4959730">
    <ele>1754.2</ele>
   </trkpt>
   <trkpt lat="36.0858300" lon="-115.4959640">
    <ele>1754.0</ele>
   </trkpt>
   <trkpt lat="36.0858320" lon="-115.4959390">
    <ele>1753.8</ele>
   </trkpt>
   <trkpt lat="36.0858300" lon="-115.4959290">
    <ele>1753.6</ele>
   </trkpt>
   <trkpt lat="36.0858280" lon="-115.4959120">
    <ele>1752.8</ele>
   </trkpt>
   <trkpt lat="36.0858270" lon="-115.4959010">
    <ele>1752.4</ele>
   </trkpt>
   <trkpt lat="36.0858280" lon="-115.4958970">
    <ele>1752.0</ele>
   </trkpt>
   <trkpt lat="36.0858290" lon="-115.4958940">
    <ele>1752.0</ele>
   </trkpt>
   <trkpt lat="36.0858310" lon="-115.4958890">
    <ele>1752.0</ele>
   </trkpt>
   <trkpt lat="36.0858350" lon="-115.4958860">
    <ele>1752.0</ele>
   </trkpt>
   <trkpt lat="36.0858460" lon="-115.4958550">
    <ele>1752.0</ele>
   </trkpt>
   <trkpt lat="36.0858350" lon="-115.4958500">
    <ele>1752.0</ele>
   </trkpt>
   <trkpt lat="36.0858200" lon="-115.4958350">
    <ele>1751.6</ele>
   </trkpt>
   <trkpt lat="36.0858170" lon="-115.4958330">
    <ele>1751.2</ele>
   </trkpt>
   <trkpt lat="36.0858170" lon="-115.4958330">
    <ele>1751.2</ele>
   </trkpt>
   <trkpt lat="36.0858030" lon="-115.4958370">
    <ele>1751.0</ele>
   </trkpt>
   <trkpt lat="36.0857720" lon="-115.4958300">
    <ele>1750.2</ele>
   </trkpt>
   <trkpt lat="36.0857570" lon="-115.4958190">
    <ele>1750.0</ele>
   </trkpt>
   <trkpt lat="36.0857490" lon="-115.4957960">
    <ele>1749.2</ele>
   </trkpt>
   <trkpt lat="36.0857410" lon="-115.4957790">
    <ele>1749.0</ele>
   </trkpt>
   <trkpt lat="36.0857300" lon="-115.4957500">
    <ele>1748.8</ele>
   </trkpt>
   <trkpt lat="36.0857230" lon="-115.4957470">
    <ele>1748.8</ele>
   </trkpt>
   <trkpt lat="36.0857200" lon="-115.4957180">
    <ele>1748.2</ele>
   </trkpt>
   <trkpt lat="36.0857190" lon="-115.4957060">
    <ele>1747.6</ele>
   </trkpt>
   <trkpt lat="36.0857250" lon="-115.4956860">
    <ele>1746.8</ele>
   </trkpt>
   <trkpt lat="36.0857290" lon="-115.4956730">
    <ele>1745.8</ele>
   </trkpt>
   <trkpt lat="36.0857400" lon="-115.4956580">
    <ele>1745.2</ele>
   </trkpt>
   <trkpt lat="36.0857370" lon="-115.4956400">
    <ele>1744.8</ele>
   </trkpt>
   <trkpt lat="36.0857290" lon="-115.4956080">
    <ele>1743.6</ele>
   </trkpt>
   <trkpt lat="36.0857400" lon="-115.4955550">
    <ele>1742.2</ele>
   </trkpt>
   <trkpt lat="36.0857390" lon="-115.4955430">
    <ele>1742.0</ele>
   </trkpt>
   <trkpt lat="36.0857340" lon="-115.4955080">
    <ele>1741.2</ele>
   </trkpt>
   <trkpt lat="36.0857300" lon="-115.4954940">
    <ele>1741.0</ele>
   </trkpt>
   <trkpt lat="36.0857160" lon="-115.4954710">
    <ele>1740.6</ele>
   </trkpt>
   <trkpt lat="36.0857060" lon="-115.4954590">
    <ele>1740.6</ele>
   </trkpt>
   <trkpt lat="36.0856890" lon="-115.4954500">
    <ele>1739.8</ele>
   </trkpt>
   <trkpt lat="36.0856700" lon="-115.4954070">
    <ele>1739.2</ele>
   </trkpt>
   <trkpt lat="36.0856690" lon="-115.4954020">
    <ele>1738.6</ele>
   </trkpt>
   <trkpt lat="36.0856550" lon="-115.4954030">
    <ele>1738.6</ele>
   </trkpt>
   <trkpt lat="36.0856580" lon="-115.4954160">
    <ele>1738.6</ele>
   </trkpt>
   <trkpt lat="36.0856590" lon="-115.4954180">
    <ele>1738.4</ele>
   </trkpt>
   <trkpt lat="36.0856590" lon="-115.4954180">
    <ele>1738.0</ele>
   </trkpt>
   <trkpt lat="36.0856590" lon="-115.4954180">
    <ele>1737.4</ele>
   </trkpt>
   <trkpt lat="36.0856590" lon="-115.4954180">
    <ele>1736.8</ele>
   </trkpt>
   <trkpt lat="36.0856590" lon="-115.4954180">
    <ele>1736.4</ele>
   </trkpt>
   <trkpt lat="36.0856590" lon="-115.4954180">
    <ele>1736.0</ele>
   </trkpt>
   <trkpt lat="36.0856580" lon="-115.4954160">
    <ele>1735.4</ele>
   </trkpt>
   <trkpt lat="36.0856430" lon="-115.4953790">
    <ele>1734.4</ele>
   </trkpt>
   <trkpt lat="36.0856300" lon="-115.4953680">
    <ele>1734.2</ele>
   </trkpt>
   <trkpt lat="36.0855940" lon="-115.4953130">
    <ele>1733.6</ele>
   </trkpt>
   <trkpt lat="36.0855850" lon="-115.4953020">
    <ele>1733.2</ele>
   </trkpt>
   <trkpt lat="36.0855740" lon="-115.4952910">
    <ele>1733.0</ele>
   </trkpt>
   <trkpt lat="36.0855670" lon="-115.4952850">
    <ele>1732.6</ele>
   </trkpt>
   <trkpt lat="36.0855570" lon="-115.4952670">
    <ele>1732.0</ele>
   </trkpt>
   <trkpt lat="36.0855640" lon="-115.4952610">
    <ele>1732.0</ele>
   </trkpt>
   <trkpt lat="36.0855730" lon="-115.4952530">
    <ele>1732.0</ele>
   </trkpt>
   <trkpt lat="36.0855690" lon="-115.4952500">
    <ele>1731.4</ele>
   </trkpt>
   <trkpt lat="36.0855660" lon="-115.4952500">
    <ele>1731.2</ele>
   </trkpt>
   <trkpt lat="36.0855640" lon="-115.4952490">
    <ele>1730.8</ele>
   </trkpt>
   <trkpt lat="36.0855530" lon="-115.4952540">
    <ele>1730.6</ele>
   </trkpt>
   <trkpt lat="36.0855520" lon="-115.4952550">
    <ele>1730.2</ele>
   </trkpt>
   <trkpt lat="36.0855430" lon="-115.4952430">
    <ele>1730.0</ele>
   </trkpt>
   <trkpt lat="36.0855430" lon="-115.4952410">
    <ele>1730.0</ele>
   </trkpt>
   <trkpt lat="36.0855430" lon="-115.4952410">
    <ele>1730.2</ele>
   </trkpt>
   <trkpt lat="36.0855430" lon="-115.4952410">
    <ele>1730.2</ele>
   </trkpt>
   <trkpt lat="36.0855410" lon="-115.4952370">
    <ele>1729.4</ele>
   </trkpt>
   <trkpt lat="36.0855400" lon="-115.4952280">
    <ele>1729.2</ele>
   </trkpt>
   <trkpt lat="36.0855440" lon="-115.4952000">
    <ele>1729.0</ele>
   </trkpt>
   <trkpt lat="36.0855380" lon="-115.4951700">
    <ele>1728.6</ele>
   </trkpt>
   <trkpt lat="36.0855430" lon="-115.4951630">
    <ele>1728.2</ele>
   </trkpt>
   <trkpt lat="36.0855500" lon="-115.4951650">
    <ele>1728.0</ele>
   </trkpt>
   <trkpt lat="36.0855580" lon="-115.4951640">
    <ele>1728.0</ele>
   </trkpt>
   <trkpt lat="36.0855700" lon="-115.4951590">
    <ele>1728.4</ele>
   </trkpt>
   <trkpt lat="36.0855840" lon="-115.4951610">
    <ele>1728.6</ele>
   </trkpt>
   <trkpt lat="36.0855820" lon="-115.4951540">
    <ele>1728.8</ele>
   </trkpt>
   <trkpt lat="36.0855740" lon="-115.4951480">
    <ele>1728.0</ele>
   </trkpt>
   <trkpt lat="36.0855670" lon="-115.4951500">
    <ele>1727.8</ele>
   </trkpt>
   <trkpt lat="36.0855620" lon="-115.4951500">
    <ele>1727.2</ele>
   </trkpt>
   <trkpt lat="36.0855560" lon="-115.4951450">
    <ele>1726.4</ele>
   </trkpt>
   <trkpt lat="36.0855470" lon="-115.4951330">
    <ele>1726.2</ele>
   </trkpt>
   <trkpt lat="36.0855410" lon="-115.4951220">
    <ele>1726.0</ele>
   </trkpt>
   <trkpt lat="36.0855240" lon="-115.4950980">
    <ele>1725.0</ele>
   </trkpt>
   <trkpt lat="36.0855140" lon="-115.4950830">
    <ele>1724.6</ele>
   </trkpt>
   <trkpt lat="36.0855120" lon="-115.4950800">
    <ele>1724.2</ele>
   </trkpt>
   <trkpt lat="36.0854960" lon="-115.4950220">
    <ele>1723.8</ele>
   </trkpt>
   <trkpt lat="36.0854860" lon="-115.4950000">
    <ele>1723.8</ele>
   </trkpt>
   <trkpt lat="36.0854880" lon="-115.4950100">
    <ele>1723.6</ele>
   </trkpt>
   <trkpt lat="36.0855090" lon="-115.4950410">
    <ele>1723.6</ele>
   </trkpt>
   <trkpt lat="36.0855210" lon="-115.4950100">
    <ele>1724.8</ele>
   </trkpt>
   <trkpt lat="36.0855360" lon="-115.4949540">
    <ele>1724.4</ele>
   </trkpt>
   <trkpt lat="36.0855440" lon="-115.4949150">
    <ele>1724.0</ele>
   </trkpt>
   <trkpt lat="36.0855430" lon="-115.4949080">
    <ele>1723.4</ele>
   </trkpt>
   <trkpt lat="36.0855400" lon="-115.4948810">
    <ele>1722.6</ele>
   </trkpt>
   <trkpt lat="36.0855400" lon="-115.4948660">
    <ele>1722.4</ele>
   </trkpt>
   <trkpt lat="36.0855290" lon="-115.4948470">
    <ele>1721.2</ele>
   </trkpt>
   <trkpt lat="36.0855200" lon="-115.4948210">
    <ele>1720.4</ele>
   </trkpt>
   <trkpt lat="36.0855150" lon="-115.4948130">
    <ele>1720.0</ele>
   </trkpt>
   <trkpt lat="36.0855010" lon="-115.4948130">
    <ele>1718.8</ele>
   </trkpt>
   <trkpt lat="36.0854820" lon="-115.4948160">
    <ele>1718.0</ele>
   </trkpt>
   <trkpt lat="36.0854680" lon="-115.4948210">
    <ele>1717.6</ele>
   </trkpt>
   <trkpt lat="36.0854440" lon="-115.4948260">
    <ele>1716.4</ele>
   </trkpt>
   <trkpt lat="36.0854410" lon="-115.4948270">
    <ele>1715.8</ele>
   </trkpt>
   <trkpt lat="36.0854340" lon="-115.4948250">
    <ele>1715.2</ele>
   </trkpt>
   <trkpt lat="36.0854080" lon="-115.4948360">
    <ele>1713.8</ele>
   </trkpt>
   <trkpt lat="36.0854020" lon="-115.4948320">
    <ele>1712.8</ele>
   </trkpt>
   <trkpt lat="36.0853970" lon="-115.4948270">
    <ele>1712.2</ele>
   </trkpt>
   <trkpt lat="36.0853970" lon="-115.4948240">
    <ele>1712.0</ele>
   </trkpt>
   <trkpt lat="36.0853960" lon="-115.4948200">
    <ele>1711.8</ele>
   </trkpt>
   <trkpt lat="36.0853960" lon="-115.4948170">
    <ele>1711.8</ele>
   </trkpt>
   <trkpt lat="36.0853970" lon="-115.4948140">
    <ele>1711.6</ele>
   </trkpt>
   <trkpt lat="36.0853940" lon="-115.4948060">
    <ele>1711.0</ele>
   </trkpt>
   <trkpt lat="36.0853800" lon="-115.4948060">
    <ele>1710.4</ele>
   </trkpt>
   <trkpt lat="36.0853680" lon="-115.4947950">
    <ele>1709.8</ele>
   </trkpt>
   <trkpt lat="36.0853570" lon="-115.4947810">
    <ele>1709.2</ele>
   </trkpt>
   <trkpt lat="36.0853570" lon="-115.4947560">
    <ele>1708.0</ele>
   </trkpt>
   <trkpt lat="36.0853550" lon="-115.4947530">
    <ele>1707.6</ele>
   </trkpt>
   <trkpt lat="36.0853410" lon="-115.4947480">
    <ele>1706.6</ele>
   </trkpt>
   <trkpt lat="36.0853480" lon="-115.4947210">
    <ele>1706.2</ele>
   </trkpt>
   <trkpt lat="36.0853290" lon="-115.4947140">
    <ele>1705.6</ele>
   </trkpt>
   <trkpt lat="36.0853220" lon="-115.4947060">
    <ele>1705.2</ele>
   </trkpt>
   <trkpt lat="36.0853220" lon="-115.4947060">
    <ele>1704.6</ele>
   </trkpt>
   <trkpt lat="36.0853130" lon="-115.4946670">
    <ele>1703.4</ele>
   </trkpt>
   <trkpt lat="36.0853120" lon="-115.4946680">
    <ele>1703.4</ele>
   </trkpt>
   <trkpt lat="36.0853110" lon="-115.4946680">
    <ele>1703.4</ele>
   </trkpt>
   <trkpt lat="36.0853080" lon="-115.4946740">
    <ele>1703.2</ele>
   </trkpt>
   <trkpt lat="36.0852820" lon="-115.4947020">
    <ele>1703.2</ele>
   </trkpt>
   <trkpt lat="36.0852700" lon="-115.4947030">
    <ele>1702.8</ele>
   </trkpt>
   <trkpt lat="36.0852640" lon="-115.4946870">
    <ele>1702.6</ele>
   </trkpt>
   <trkpt lat="36.0852650" lon="-115.4946710">
    <ele>1702.4</ele>
   </trkpt>
   <trkpt lat="36.0852670" lon="-115.4946340">
    <ele>1702.4</ele>
   </trkpt>
   <trkpt lat="36.0852490" lon="-115.4946060">
    <ele>1701.8</ele>
   </trkpt>
   <trkpt lat="36.0852390" lon="-115.4945930">
    <ele>1701.2</ele>
   </trkpt>
   <trkpt lat="36.0852350" lon="-115.4945840">
    <ele>1700.8</ele>
   </trkpt>
   <trkpt lat="36.0852370" lon="-115.4945460">
    <ele>1700.0</ele>
   </trkpt>
   <trkpt lat="36.0852370" lon="-115.4945330">
    <ele>1699.6</ele>
   </trkpt>
   <trkpt lat="36.0852320" lon="-115.4945170">
    <ele>1699.0</ele>
   </trkpt>
   <trkpt lat="36.0852260" lon="-115.4945120">
    <ele>1698.6</ele>
   </trkpt>
   <trkpt lat="36.0852280" lon="-115.4944990">
    <ele>1699.0</ele>
   </trkpt>
   <trkpt lat="36.0852290" lon="-115.4944750">
    <ele>1698.2</ele>
   </trkpt>
   <trkpt lat="36.0852330" lon="-115.4944740">
    <ele>1698.0</ele>
   </trkpt>
   <trkpt lat="36.0852390" lon="-115.4944590">
    <ele>1697.2</ele>
   </trkpt>
   <trkpt lat="36.0852400" lon="-115.4944590">
    <ele>1697.0</ele>
   </trkpt>
   <trkpt lat="36.0852400" lon="-115.4944590">
    <ele>1696.6</ele>
   </trkpt>
   <trkpt lat="36.0852400" lon="-115.4944590">
    <ele>1696.2</ele>
   </trkpt>
   <trkpt lat="36.0852400" lon="-115.4944590">
    <ele>1695.4</ele>
   </trkpt>
   <trkpt lat="36.0852350" lon="-115.4944070">
    <ele>1694.4</ele>
   </trkpt>
   <trkpt lat="36.0852290" lon="-115.4943880">
    <ele>1693.8</ele>
   </trkpt>
   <trkpt lat="36.0852250" lon="-115.4943730">
    <ele>1693.2</ele>
   </trkpt>
   <trkpt lat="36.0852270" lon="-115.4943390">
    <ele>1692.2</ele>
   </trkpt>
   <trkpt lat="36.0852240" lon="-115.4943290">
    <ele>1692.0</ele>
   </trkpt>
   <trkpt lat="36.0852170" lon="-115.4943170">
    <ele>1691.0</ele>
   </trkpt>
   <trkpt lat="36.0852070" lon="-115.4943090">
    <ele>1690.2</ele>
   </trkpt>
   <trkpt lat="36.0851990" lon="-115.4943030">
    <ele>1690.0</ele>
   </trkpt>
   <trkpt lat="36.0851910" lon="-115.4943010">
    <ele>1689.2</ele>
   </trkpt>
   <trkpt lat="36.0851880" lon="-115.4943000">
    <ele>1689.2</ele>
   </trkpt>
   <trkpt lat="36.0851870" lon="-115.4943060">
    <ele>1689.2</ele>
   </trkpt>
   <trkpt lat="36.0851880" lon="-115.4943150">
    <ele>1690.2</ele>
   </trkpt>
   <trkpt lat="36.0851880" lon="-115.4943150">
    <ele>1690.0</ele>
   </trkpt>
   <trkpt lat="36.0851890" lon="-115.4943150">
    <ele>1690.0</ele>
   </trkpt>
   <trkpt lat="36.0851890" lon="-115.4943150">
    <ele>1689.6</ele>
   </trkpt>
   <trkpt lat="36.0851900" lon="-115.4943150">
    <ele>1689.0</ele>
   </trkpt>
   <trkpt lat="36.0851900" lon="-115.4943150">
    <ele>1689.0</ele>
   </trkpt>
   <trkpt lat="36.0851900" lon="-115.4943150">
    <ele>1687.8</ele>
   </trkpt>
   <trkpt lat="36.0851870" lon="-115.4943050">
    <ele>1687.2</ele>
   </trkpt>
   <trkpt lat="36.0851840" lon="-115.4943000">
    <ele>1687.2</ele>
   </trkpt>
   <trkpt lat="36.0851810" lon="-115.4942950">
    <ele>1687.0</ele>
   </trkpt>
   <trkpt lat="36.0851710" lon="-115.4942850">
    <ele>1686.8</ele>
   </trkpt>
   <trkpt lat="36.0851690" lon="-115.4942830">
    <ele>1685.6</ele>
   </trkpt>
   <trkpt lat="36.0851690" lon="-115.4942830">
    <ele>1685.0</ele>
   </trkpt>
   <trkpt lat="36.0851690" lon="-115.4942830">
    <ele>1684.6</ele>
   </trkpt>
   <trkpt lat="36.0851690" lon="-115.4942830">
    <ele>1684.4</ele>
   </trkpt>
   <trkpt lat="36.0851690" lon="-115.4942820">
    <ele>1684.2</ele>
   </trkpt>
   <trkpt lat="36.0851690" lon="-115.4942820">
    <ele>1683.8</ele>
   </trkpt>
   <trkpt lat="36.0851690" lon="-115.4942810">
    <ele>1683.4</ele>
   </trkpt>
   <trkpt lat="36.0851680" lon="-115.4942800">
    <ele>1682.8</ele>
   </trkpt>
   <trkpt lat="36.0851560" lon="-115.4942790">
    <ele>1682.4</ele>
   </trkpt>
   <trkpt lat="36.0851410" lon="-115.4942580">
    <ele>1681.2</ele>
   </trkpt>
   <trkpt lat="36.0851380" lon="-115.4942560">
    <ele>1681.0</ele>
   </trkpt>
   <trkpt lat="36.0851230" lon="-115.4942250">
    <ele>1680.2</ele>
   </trkpt>
   <trkpt lat="36.0851060" lon="-115.4941860">
    <ele>1679.0</ele>
   </trkpt>
   <trkpt lat="36.0850870" lon="-115.4941580">
    <ele>1677.8</ele>
   </trkpt>
   <trkpt lat="36.0850650" lon="-115.4941140">
    <ele>1676.8</ele>
   </trkpt>
   <trkpt lat="36.0850500" lon="-115.4940750">
    <ele>1676.0</ele>
   </trkpt>
   <trkpt lat="36.0850480" lon="-115.4940720">
    <ele>1675.6</ele>
   </trkpt>
   <trkpt lat="36.0850460" lon="-115.4940760">
    <ele>1674.8</ele>
   </trkpt>
   <trkpt lat="36.0850350" lon="-115.4940800">
    <ele>1674.6</ele>
   </trkpt>
   <trkpt lat="36.0850290" lon="-115.4940780">
    <ele>1674.0</ele>
   </trkpt>
   <trkpt lat="36.0850290" lon="-115.4940720">
    <ele>1674.0</ele>
   </trkpt>
   <trkpt lat="36.0850260" lon="-115.4940560">
    <ele>1673.4</ele>
   </trkpt>
   <trkpt lat="36.0850170" lon="-115.4940520">
    <ele>1672.4</ele>
   </trkpt>
   <trkpt lat="36.0850080" lon="-115.4940640">
    <ele>1671.8</ele>
   </trkpt>
   <trkpt lat="36.0850070" lon="-115.4940670">
    <ele>1671.6</ele>
   </trkpt>
   <trkpt lat="36.0850070" lon="-115.4940670">
    <ele>1671.6</ele>
   </trkpt>
   <trkpt lat="36.0850070" lon="-115.4940670">
    <ele>1671.6</ele>
   </trkpt>
   <trkpt lat="36.0850070" lon="-115.4940670">
    <ele>1671.0</ele>
   </trkpt>
   <trkpt lat="36.0850050" lon="-115.4940640">
    <ele>1670.0</ele>
   </trkpt>
   <trkpt lat="36.0849940" lon="-115.4940470">
    <ele>1668.8</ele>
   </trkpt>
   <trkpt lat="36.0849790" lon="-115.4940150">
    <ele>1668.4</ele>
   </trkpt>
   <trkpt lat="36.0849670" lon="-115.4940000">
    <ele>1668.0</ele>
   </trkpt>
   <trkpt lat="36.0849520" lon="-115.4939950">
    <ele>1667.8</ele>
   </trkpt>
   <trkpt lat="36.0849550" lon="-115.4939850">
    <ele>1667.4</ele>
   </trkpt>
   <trkpt lat="36.0849530" lon="-115.4939750">
    <ele>1667.2</ele>
   </trkpt>
   <trkpt lat="36.0849540" lon="-115.4939660">
    <ele>1667.0</ele>
   </trkpt>
   <trkpt lat="36.0849590" lon="-115.4939600">
    <ele>1667.0</ele>
   </trkpt>
   <trkpt lat="36.0849590" lon="-115.4939580">
    <ele>1666.8</ele>
   </trkpt>
   <trkpt lat="36.0849620" lon="-115.4939510">
    <ele>1666.6</ele>
   </trkpt>
   <trkpt lat="36.0849650" lon="-115.4939430">
    <ele>1666.6</ele>
   </trkpt>
   <trkpt lat="36.0849670" lon="-115.4939360">
    <ele>1666.6</ele>
   </trkpt>
   <trkpt lat="36.0849600" lon="-115.4939280">
    <ele>1666.6</ele>
   </trkpt>
   <trkpt lat="36.0849300" lon="-115.4939060">
    <ele>1666.0</ele>
   </trkpt>
   <trkpt lat="36.0849280" lon="-115.4938940">
    <ele>1665.6</ele>
   </trkpt>
   <trkpt lat="36.0849390" lon="-115.4938270">
    <ele>1664.8</ele>
   </trkpt>
   <trkpt lat="36.0849390" lon="-115.4938110">
    <ele>1664.2</ele>
   </trkpt>
   <trkpt lat="36.0849390" lon="-115.4938080">
    <ele>1663.4</ele>
   </trkpt>
   <trkpt lat="36.0849420" lon="-115.4938090">
    <ele>1663.2</ele>
   </trkpt>
   <trkpt lat="36.0849510" lon="-115.4937710">
    <ele>1662.0</ele>
   </trkpt>
   <trkpt lat="36.0849600" lon="-115.4937600">
    <ele>1661.4</ele>
   </trkpt>
   <trkpt lat="36.0849740" lon="-115.4937500">
    <ele>1661.0</ele>
   </trkpt>
   <trkpt lat="36.0849790" lon="-115.4937340">
    <ele>1660.2</ele>
   </trkpt>
   <trkpt lat="36.0849850" lon="-115.4937180">
    <ele>1660.2</ele>
   </trkpt>
   <trkpt lat="36.0849860" lon="-115.4937060">
    <ele>1659.6</ele>
   </trkpt>
   <trkpt lat="36.0849760" lon="-115.4936920">
    <ele>1659.2</ele>
   </trkpt>
   <trkpt lat="36.0849650" lon="-115.4936810">
    <ele>1658.6</ele>
   </trkpt>
   <trkpt lat="36.0849570" lon="-115.4936420">
    <ele>1657.8</ele>
   </trkpt>
   <trkpt lat="36.0849510" lon="-115.4936350">
    <ele>1657.4</ele>
   </trkpt>
   <trkpt lat="36.0849520" lon="-115.4936030">
    <ele>1656.4</ele>
   </trkpt>
   <trkpt lat="36.0849530" lon="-115.4935820">
    <ele>1656.2</ele>
   </trkpt>
   <trkpt lat="36.0849530" lon="-115.4935630">
    <ele>1655.6</ele>
   </trkpt>
   <trkpt lat="36.0849590" lon="-115.4935530">
    <ele>1655.4</ele>
   </trkpt>
   <trkpt lat="36.0849500" lon="-115.4935350">
    <ele>1655.4</ele>
   </trkpt>
   <trkpt lat="36.0849300" lon="-115.4935380">
    <ele>1655.0</ele>
   </trkpt>
   <trkpt lat="36.0849190" lon="-115.4935400">
    <ele>1654.6</ele>
   </trkpt>
   <trkpt lat="36.0849190" lon="-115.4935400">
    <ele>1654.4</ele>
   </trkpt>
   <trkpt lat="36.0849150" lon="-115.4935160">
    <ele>1653.2</ele>
   </trkpt>
   <trkpt lat="36.0849200" lon="-115.4935090">
    <ele>1653.2</ele>
   </trkpt>
   <trkpt lat="36.0849110" lon="-115.4935120">
    <ele>1653.2</ele>
   </trkpt>
   <trkpt lat="36.0849040" lon="-115.4935140">
    <ele>1653.2</ele>
   </trkpt>
   <trkpt lat="36.0849120" lon="-115.4935090">
    <ele>1653.2</ele>
   </trkpt>
   <trkpt lat="36.0849200" lon="-115.4934940">
    <ele>1653.2</ele>
   </trkpt>
   <trkpt lat="36.0849160" lon="-115.4934760">
    <ele>1653.0</ele>
   </trkpt>
   <trkpt lat="36.0849170" lon="-115.4934670">
    <ele>1653.0</ele>
   </trkpt>
   <trkpt lat="36.0849300" lon="-115.4934230">
    <ele>1652.2</ele>
   </trkpt>
   <trkpt lat="36.0849140" lon="-115.4934220">
    <ele>1651.6</ele>
   </trkpt>
   <trkpt lat="36.0848690" lon="-115.4934340">
    <ele>1650.6</ele>
   </trkpt>
   <trkpt lat="36.0848640" lon="-115.4934360">
    <ele>1650.0</ele>
   </trkpt>
   <trkpt lat="36.0848610" lon="-115.4934160">
    <ele>1649.2</ele>
   </trkpt>
   <trkpt lat="36.0848560" lon="-115.4933970">
    <ele>1649.2</ele>
   </trkpt>
   <trkpt lat="36.0848490" lon="-115.4933700">
    <ele>1648.4</ele>
   </trkpt>
   <trkpt lat="36.0848370" lon="-115.4933550">
    <ele>1648.2</ele>
   </trkpt>
   <trkpt lat="36.0848220" lon="-115.4933580">
    <ele>1647.6</ele>
   </trkpt>
   <trkpt lat="36.0848240" lon="-115.4933370">
    <ele>1647.0</ele>
   </trkpt>
   <trkpt lat="36.0848300" lon="-115.4933140">
    <ele>1646.4</ele>
   </trkpt>
   <trkpt lat="36.0848450" lon="-115.4933030">
    <ele>1646.2</ele>
   </trkpt>
   <trkpt lat="36.0848580" lon="-115.4932840">
    <ele>1645.8</ele>
   </trkpt>
   <trkpt lat="36.0848790" lon="-115.4932580">
    <ele>1644.8</ele>
   </trkpt>
   <trkpt lat="36.0848940" lon="-115.4932500">
    <ele>1644.4</ele>
   </trkpt>
   <trkpt lat="36.0849120" lon="-115.4932270">
    <ele>1643.4</ele>
   </trkpt>
   <trkpt lat="36.0849170" lon="-115.4932240">
    <ele>1643.2</ele>
   </trkpt>
   <trkpt lat="36.0849150" lon="-115.4932060">
    <ele>1642.4</ele>
   </trkpt>
   <trkpt lat="36.0849090" lon="-115.4931860">
    <ele>1641.6</ele>
   </trkpt>
   <trkpt lat="36.0849090" lon="-115.4931780">
    <ele>1641.2</ele>
   </trkpt>
   <trkpt lat="36.0849150" lon="-115.4931690">
    <ele>1641.2</ele>
   </trkpt>
   <trkpt lat="36.0849070" lon="-115.4931330">
    <ele>1640.4</ele>
   </trkpt>
   <trkpt lat="36.0849020" lon="-115.4931300">
    <ele>1640.2</ele>
   </trkpt>
   <trkpt lat="36.0849090" lon="-115.4931190">
    <ele>1639.8</ele>
   </trkpt>
   <trkpt lat="36.0849000" lon="-115.4931100">
    <ele>1639.0</ele>
   </trkpt>
   <trkpt lat="36.0849020" lon="-115.4931090">
    <ele>1638.8</ele>
   </trkpt>
   <trkpt lat="36.0849100" lon="-115.4930970">
    <ele>1638.4</ele>
   </trkpt>
   <trkpt lat="36.0849150" lon="-115.4930980">
    <ele>1637.8</ele>
   </trkpt>
   <trkpt lat="36.0849150" lon="-115.4930980">
    <ele>1637.4</ele>
   </trkpt>
   <trkpt lat="36.0849150" lon="-115.4930980">
    <ele>1637.2</ele>
   </trkpt>
   <trkpt lat="36.0849130" lon="-115.4930980">
    <ele>1637.0</ele>
   </trkpt>
   <trkpt lat="36.0849090" lon="-115.4930970">
    <ele>1636.6</ele>
   </trkpt>
   <trkpt lat="36.0849020" lon="-115.4930840">
    <ele>1636.0</ele>
   </trkpt>
   <trkpt lat="36.0849020" lon="-115.4930840">
    <ele>1636.0</ele>
   </trkpt>
   <trkpt lat="36.0848980" lon="-115.4930840">
    <ele>1636.0</ele>
   </trkpt>
   <trkpt lat="36.0848960" lon="-115.4930830">
    <ele>1636.0</ele>
   </trkpt>
   <trkpt lat="36.0848950" lon="-115.4930830">
    <ele>1636.0</ele>
   </trkpt>
   <trkpt lat="36.0848930" lon="-115.4930830">
    <ele>1636.0</ele>
   </trkpt>
   <trkpt lat="36.0848920" lon="-115.4930820">
    <ele>1636.0</ele>
   </trkpt>
   <trkpt lat="36.0848920" lon="-115.4930820">
    <ele>1636.0</ele>
   </trkpt>
   <trkpt lat="36.0848910" lon="-115.4930810">
    <ele>1635.8</ele>
   </trkpt>
   <trkpt lat="36.0848850" lon="-115.4930810">
    <ele>1635.6</ele>
   </trkpt>
   <trkpt lat="36.0848600" lon="-115.4930800">
    <ele>1634.6</ele>
   </trkpt>
   <trkpt lat="36.0848380" lon="-115.4930700">
    <ele>1634.4</ele>
   </trkpt>
   <trkpt lat="36.0848340" lon="-115.4930680">
    <ele>1634.8</ele>
   </trkpt>
   <trkpt lat="36.0848330" lon="-115.4930610">
    <ele>1634.6</ele>
   </trkpt>
   <trkpt lat="36.0848330" lon="-115.4930470">
    <ele>1634.6</ele>
   </trkpt>
   <trkpt lat="36.0848330" lon="-115.4930350">
    <ele>1634.8</ele>
   </trkpt>
   <trkpt lat="36.0848340" lon="-115.4930290">
    <ele>1634.6</ele>
   </trkpt>
   <trkpt lat="36.0848320" lon="-115.4930020">
    <ele>1634.0</ele>
   </trkpt>
   <trkpt lat="36.0848260" lon="-115.4929830">
    <ele>1633.4</ele>
   </trkpt>
   <trkpt lat="36.0848230" lon="-115.4929780">
    <ele>1633.2</ele>
   </trkpt>
   <trkpt lat="36.0848190" lon="-115.4929590">
    <ele>1632.4</ele>
   </trkpt>
   <trkpt lat="36.0848190" lon="-115.4929520">
    <ele>1632.4</ele>
   </trkpt>
   <trkpt lat="36.0848180" lon="-115.4929420">
    <ele>1632.4</ele>
   </trkpt>
   <trkpt lat="36.0848130" lon="-115.4929360">
    <ele>1632.2</ele>
   </trkpt>
   <trkpt lat="36.0847900" lon="-115.4929180">
    <ele>1631.6</ele>
   </trkpt>
   <trkpt lat="36.0847820" lon="-115.4928890">
    <ele>1631.4</ele>
   </trkpt>
   <trkpt lat="36.0847780" lon="-115.4928820">
    <ele>1631.4</ele>
   </trkpt>
   <trkpt lat="36.0847780" lon="-115.4928800">
    <ele>1631.4</ele>
   </trkpt>
   <trkpt lat="36.0847760" lon="-115.4928760">
    <ele>1631.0</ele>
   </trkpt>
   <trkpt lat="36.0847860" lon="-115.4928650">
    <ele>1631.0</ele>
   </trkpt>
   <trkpt lat="36.0848090" lon="-115.4928330">
    <ele>1630.2</ele>
   </trkpt>
   <trkpt lat="36.0848210" lon="-115.4928240">
    <ele>1630.2</ele>
   </trkpt>
   <trkpt lat="36.0848130" lon="-115.4927990">
    <ele>1628.2</ele>
   </trkpt>
   <trkpt lat="36.0848310" lon="-115.4927720">
    <ele>1627.0</ele>
   </trkpt>
   <trkpt lat="36.0848130" lon="-115.4927240">
    <ele>1626.8</ele>
   </trkpt>
   <trkpt lat="36.0848120" lon="-115.4927140">
    <ele>1626.6</ele>
   </trkpt>
   <trkpt lat="36.0848010" lon="-115.4926950">
    <ele>1626.4</ele>
   </trkpt>
   <trkpt lat="36.0847740" lon="-115.4926580">
    <ele>1626.0</ele>
   </trkpt>
   <trkpt lat="36.0847610" lon="-115.4925890">
    <ele>1625.6</ele>
   </trkpt>
   <trkpt lat="36.0847580" lon="-115.4925490">
    <ele>1624.8</ele>
   </trkpt>
   <trkpt lat="36.0847620" lon="-115.4925370">
    <ele>1624.4</ele>
   </trkpt>
   <trkpt lat="36.0847750" lon="-115.4925250">
    <ele>1623.6</ele>
   </trkpt>
   <trkpt lat="36.0847950" lon="-115.4924680">
    <ele>1622.6</ele>
   </trkpt>
   <trkpt lat="36.0847940" lon="-115.4924720">
    <ele>1622.4</ele>
   </trkpt>
   <trkpt lat="36.0847920" lon="-115.4924520">
    <ele>1621.8</ele>
   </trkpt>
   <trkpt lat="36.0847670" lon="-115.4924370">
    <ele>1621.2</ele>
   </trkpt>
   <trkpt lat="36.0847530" lon="-115.4924430">
    <ele>1620.4</ele>
   </trkpt>
   <trkpt lat="36.0847530" lon="-115.4924500">
    <ele>1620.2</ele>
   </trkpt>
   <trkpt lat="36.0847230" lon="-115.4924470">
    <ele>1619.0</ele>
   </trkpt>
   <trkpt lat="36.0847250" lon="-115.4924220">
    <ele>1618.0</ele>
   </trkpt>
   <trkpt lat="36.0847280" lon="-115.4924140">
    <ele>1617.6</ele>
   </trkpt>
   <trkpt lat="36.0847290" lon="-115.4924100">
    <ele>1617.0</ele>
   </trkpt>
   <trkpt lat="36.0847160" lon="-115.4924150">
    <ele>1615.8</ele>
   </trkpt>
   <trkpt lat="36.0847190" lon="-115.4924070">
    <ele>1615.2</ele>
   </trkpt>
   <trkpt lat="36.0847230" lon="-115.4923910">
    <ele>1614.8</ele>
   </trkpt>
   <trkpt lat="36.0847210" lon="-115.4923590">
    <ele>1613.4</ele>
   </trkpt>
   <trkpt lat="36.0847130" lon="-115.4923350">
    <ele>1612.8</ele>
   </trkpt>
   <trkpt lat="36.0847080" lon="-115.4923310">
    <ele>1612.4</ele>
   </trkpt>
   <trkpt lat="36.0847150" lon="-115.4923150">
    <ele>1612.4</ele>
   </trkpt>
   <trkpt lat="36.0847400" lon="-115.4922880">
    <ele>1611.8</ele>
   </trkpt>
   <trkpt lat="36.0847490" lon="-115.4922840">
    <ele>1611.6</ele>
   </trkpt>
   <trkpt lat="36.0847610" lon="-115.4922820">
    <ele>1611.2</ele>
   </trkpt>
   <trkpt lat="36.0847740" lon="-115.4922710">
    <ele>1610.6</ele>
   </trkpt>
   <trkpt lat="36.0847740" lon="-115.4922690">
    <ele>1610.0</ele>
   </trkpt>
   <trkpt lat="36.0847730" lon="-115.4922650">
    <ele>1609.2</ele>
   </trkpt>
   <trkpt lat="36.0847650" lon="-115.4922500">
    <ele>1608.8</ele>
   </trkpt>
   <trkpt lat="36.0847640" lon="-115.4922380">
    <ele>1608.2</ele>
   </trkpt>
   <trkpt lat="36.0847630" lon="-115.4922370">
    <ele>1607.8</ele>
   </trkpt>
   <trkpt lat="36.0847550" lon="-115.4922220">
    <ele>1606.6</ele>
   </trkpt>
   <trkpt lat="36.0847530" lon="-115.4922150">
    <ele>1606.4</ele>
   </trkpt>
   <trkpt lat="36.0847560" lon="-115.4921880">
    <ele>1606.0</ele>
   </trkpt>
   <trkpt lat="36.0847550" lon="-115.4921870">
    <ele>1605.6</ele>
   </trkpt>
   <trkpt lat="36.0847530" lon="-115.4921750">
    <ele>1605.2</ele>
   </trkpt>
   <trkpt lat="36.0847470" lon="-115.4921600">
    <ele>1604.0</ele>
   </trkpt>
   <trkpt lat="36.0847460" lon="-115.4921590">
    <ele>1603.6</ele>
   </trkpt>
   <trkpt lat="36.0847450" lon="-115.4921590">
    <ele>1603.4</ele>
   </trkpt>
   <trkpt lat="36.0847520" lon="-115.4921490">
    <ele>1603.0</ele>
   </trkpt>
   <trkpt lat="36.0847630" lon="-115.4921180">
    <ele>1602.6</ele>
   </trkpt>
   <trkpt lat="36.0847650" lon="-115.4921140">
    <ele>1601.6</ele>
   </trkpt>
   <trkpt lat="36.0847660" lon="-115.4921040">
    <ele>1600.8</ele>
   </trkpt>
   <trkpt lat="36.0847630" lon="-115.4920660">
    <ele>1600.6</ele>
   </trkpt>
   <trkpt lat="36.0847610" lon="-115.4920510">
    <ele>1600.4</ele>
   </trkpt>
   <trkpt lat="36.0847710" lon="-115.4920170">
    <ele>1600.0</ele>
   </trkpt>
   <trkpt lat="36.0847990" lon="-115.4919710">
    <ele>1599.4</ele>
   </trkpt>
   <trkpt lat="36.0847990" lon="-115.4919570">
    <ele>1599.4</ele>
   </trkpt>
   <trkpt lat="36.0847940" lon="-115.4919520">
    <ele>1599.4</ele>
   </trkpt>
   <trkpt lat="36.0847720" lon="-115.4919300">
    <ele>1598.6</ele>
   </trkpt>
   <trkpt lat="36.0847730" lon="-115.4919180">
    <ele>1598.2</ele>
   </trkpt>
   <trkpt lat="36.0847670" lon="-115.4919020">
    <ele>1597.0</ele>
   </trkpt>
   <trkpt lat="36.0847620" lon="-115.4918840">
    <ele>1596.8</ele>
   </trkpt>
   <trkpt lat="36.0847720" lon="-115.4918780">
    <ele>1596.6</ele>
   </trkpt>
   <trkpt lat="36.0847560" lon="-115.4918560">
    <ele>1596.0</ele>
   </trkpt>
   <trkpt lat="36.0847480" lon="-115.4918540">
    <ele>1595.2</ele>
   </trkpt>
   <trkpt lat="36.0847410" lon="-115.4918610">
    <ele>1595.0</ele>
   </trkpt>
   <trkpt lat="36.0847350" lon="-115.4918730">
    <ele>1593.8</ele>
   </trkpt>
   <trkpt lat="36.0847320" lon="-115.4918680">
    <ele>1593.0</ele>
   </trkpt>
   <trkpt lat="36.0847260" lon="-115.4918630">
    <ele>1592.6</ele>
   </trkpt>
   <trkpt lat="36.0847140" lon="-115.4918280">
    <ele>1591.6</ele>
   </trkpt>
   <trkpt lat="36.0847060" lon="-115.4918200">
    <ele>1591.0</ele>
   </trkpt>
   <trkpt lat="36.0847060" lon="-115.4918160">
    <ele>1590.4</ele>
   </trkpt>
   <trkpt lat="36.0846880" lon="-115.4917750">
    <ele>1589.2</ele>
   </trkpt>
   <trkpt lat="36.0846750" lon="-115.4917520">
    <ele>1588.8</ele>
   </trkpt>
   <trkpt lat="36.0846750" lon="-115.4917340">
    <ele>1588.2</ele>
   </trkpt>
   <trkpt lat="36.0846700" lon="-115.4917200">
    <ele>1587.2</ele>
   </trkpt>
   <trkpt lat="36.0846640" lon="-115.4917060">
    <ele>1586.8</ele>
   </trkpt>
   <trkpt lat="36.0846510" lon="-115.4916870">
    <ele>1585.6</ele>
   </trkpt>
   <trkpt lat="36.0846460" lon="-115.4916790">
    <ele>1585.4</ele>
   </trkpt>
   <trkpt lat="36.0846400" lon="-115.4916650">
    <ele>1584.4</ele>
   </trkpt>
   <trkpt lat="36.0846370" lon="-115.4916540">
    <ele>1583.6</ele>
   </trkpt>
   <trkpt lat="36.0846370" lon="-115.4916530">
    <ele>1583.2</ele>
   </trkpt>
   <trkpt lat="36.0846330" lon="-115.4916560">
    <ele>1583.0</ele>
   </trkpt>
   <trkpt lat="36.0846210" lon="-115.4916470">
    <ele>1582.2</ele>
   </trkpt>
   <trkpt lat="36.0846200" lon="-115.4916310">
    <ele>1581.8</ele>
   </trkpt>
   <trkpt lat="36.0846200" lon="-115.4916230">
    <ele>1581.2</ele>
   </trkpt>
   <trkpt lat="36.0846180" lon="-115.4916200">
    <ele>1581.0</ele>
   </trkpt>
   <trkpt lat="36.0846380" lon="-115.4915990">
    <ele>1580.6</ele>
   </trkpt>
   <trkpt lat="36.0846570" lon="-115.4915420">
    <ele>1580.4</ele>
   </trkpt>
   <trkpt lat="36.0846510" lon="-115.4915290">
    <ele>1579.8</ele>
   </trkpt>
   <trkpt lat="36.0846420" lon="-115.4914990">
    <ele>1578.6</ele>
   </trkpt>
   <trkpt lat="36.0846600" lon="-115.4914860">
    <ele>1577.8</ele>
   </trkpt>
   <trkpt lat="36.0846530" lon="-115.4914850">
    <ele>1577.2</ele>
   </trkpt>
   <trkpt lat="36.0846690" lon="-115.4914560">
    <ele>1576.0</ele>
   </trkpt>
   <trkpt lat="36.0846740" lon="-115.4914470">
    <ele>1575.8</ele>
   </trkpt>
   <trkpt lat="36.0846870" lon="-115.4914330">
    <ele>1575.8</ele>
   </trkpt>
   <trkpt lat="36.0846730" lon="-115.4914180">
    <ele>1575.0</ele>
   </trkpt>
   <trkpt lat="36.0846730" lon="-115.4914110">
    <ele>1575.0</ele>
   </trkpt>
   <trkpt lat="36.0847240" lon="-115.4913590">
    <ele>1573.8</ele>
   </trkpt>
   <trkpt lat="36.0847240" lon="-115.4912960">
    <ele>1572.2</ele>
   </trkpt>
   <trkpt lat="36.0847160" lon="-115.4912920">
    <ele>1571.8</ele>
   </trkpt>
   <trkpt lat="36.0847100" lon="-115.4912760">
    <ele>1571.2</ele>
   </trkpt>
   <trkpt lat="36.0846920" lon="-115.4912530">
    <ele>1570.6</ele>
   </trkpt>
   <trkpt lat="36.0846890" lon="-115.4912530">
    <ele>1570.2</ele>
   </trkpt>
   <trkpt lat="36.0846970" lon="-115.4912470">
    <ele>1569.6</ele>
   </trkpt>
   <trkpt lat="36.0847070" lon="-115.4912310">
    <ele>1569.0</ele>
   </trkpt>
   <trkpt lat="36.0847220" lon="-115.4912080">
    <ele>1568.6</ele>
   </trkpt>
   <trkpt lat="36.0847220" lon="-115.4912000">
    <ele>1568.2</ele>
   </trkpt>
   <trkpt lat="36.0847160" lon="-115.4911960">
    <ele>1568.2</ele>
   </trkpt>
   <trkpt lat="36.0847050" lon="-115.4911660">
    <ele>1567.8</ele>
   </trkpt>
   <trkpt lat="36.0847050" lon="-115.4911110">
    <ele>1567.4</ele>
   </trkpt>
   <trkpt lat="36.0846970" lon="-115.4910530">
    <ele>1566.8</ele>
   </trkpt>
   <trkpt lat="36.0847060" lon="-115.4910270">
    <ele>1566.2</ele>
   </trkpt>
   <trkpt lat="36.0847430" lon="-115.4910210">
    <ele>1566.8</ele>
   </trkpt>
   <trkpt lat="36.0847470" lon="-115.4910100">
    <ele>1566.8</ele>
   </trkpt>
   <trkpt lat="36.0847520" lon="-115.4910130">
    <ele>1566.4</ele>
   </trkpt>
   <trkpt lat="36.0847520" lon="-115.4910180">
    <ele>1566.4</ele>
   </trkpt>
   <trkpt lat="36.0847490" lon="-115.4910180">
    <ele>1565.4</ele>
   </trkpt>
   <trkpt lat="36.0847470" lon="-115.4910170">
    <ele>1565.2</ele>
   </trkpt>
   <trkpt lat="36.0847450" lon="-115.4910170">
    <ele>1565.0</ele>
   </trkpt>
   <trkpt lat="36.0847450" lon="-115.4910170">
    <ele>1564.6</ele>
   </trkpt>
   <trkpt lat="36.0847450" lon="-115.4910170">
    <ele>1564.4</ele>
   </trkpt>
   <trkpt lat="36.0847450" lon="-115.4910170">
    <ele>1564.0</ele>
   </trkpt>
   <trkpt lat="36.0847450" lon="-115.4910170">
    <ele>1563.6</ele>
   </trkpt>
   <trkpt lat="36.0847450" lon="-115.4910170">
    <ele>1563.4</ele>
   </trkpt>
   <trkpt lat="36.0847450" lon="-115.4910170">
    <ele>1562.8</ele>
   </trkpt>
   <trkpt lat="36.0847450" lon="-115.4910160">
    <ele>1562.6</ele>
   </trkpt>
   <trkpt lat="36.0847430" lon="-115.4910150">
    <ele>1562.0</ele>
   </trkpt>
   <trkpt lat="36.0847150" lon="-115.4910080">
    <ele>1560.8</ele>
   </trkpt>
   <trkpt lat="36.0847110" lon="-115.4910040">
    <ele>1560.0</ele>
   </trkpt>
   <trkpt lat="36.0847100" lon="-115.4910040">
    <ele>1559.6</ele>
   </trkpt>
   <trkpt lat="36.0846900" lon="-115.4909650">
    <ele>1559.0</ele>
   </trkpt>
   <trkpt lat="36.0846840" lon="-115.4909540">
    <ele>1559.0</ele>
   </trkpt>
   <trkpt lat="36.0846550" lon="-115.4908890">
    <ele>1558.2</ele>
   </trkpt>
   <trkpt lat="36.0846520" lon="-115.4908610">
    <ele>1557.2</ele>
   </trkpt>
   <trkpt lat="36.0846480" lon="-115.4908520">
    <ele>1557.0</ele>
   </trkpt>
   <trkpt lat="36.0846270" lon="-115.4908230">
    <ele>1556.2</ele>
   </trkpt>
   <trkpt lat="36.0846230" lon="-115.4908160">
    <ele>1555.8</ele>
   </trkpt>
   <trkpt lat="36.0846080" lon="-115.4907980">
    <ele>1555.0</ele>
   </trkpt>
   <trkpt lat="36.0846050" lon="-115.4907930">
    <ele>1554.4</ele>
   </trkpt>
   <trkpt lat="36.0845940" lon="-115.4907990">
    <ele>1553.4</ele>
   </trkpt>
   <trkpt lat="36.0845920" lon="-115.4908090">
    <ele>1552.8</ele>
   </trkpt>
   <trkpt lat="36.0845940" lon="-115.4908260">
    <ele>1552.2</ele>
   </trkpt>
   <trkpt lat="36.0845940" lon="-115.4908210">
    <ele>1552.0</ele>
   </trkpt>
   <trkpt lat="36.0845880" lon="-115.4907990">
    <ele>1551.0</ele>
   </trkpt>
   <trkpt lat="36.0845780" lon="-115.4907840">
    <ele>1549.6</ele>
   </trkpt>
   <trkpt lat="36.0845740" lon="-115.4907700">
    <ele>1548.8</ele>
   </trkpt>
   <trkpt lat="36.0845740" lon="-115.4907650">
    <ele>1548.4</ele>
   </trkpt>
   <trkpt lat="36.0845690" lon="-115.4907670">
    <ele>1547.8</ele>
   </trkpt>
   <trkpt lat="36.0845670" lon="-115.4907630">
    <ele>1547.6</ele>
   </trkpt>
   <trkpt lat="36.0845590" lon="-115.4907600">
    <ele>1547.4</ele>
   </trkpt>
   <trkpt lat="36.0845540" lon="-115.4907530">
    <ele>1547.4</ele>
   </trkpt>
   <trkpt lat="36.0845460" lon="-115.4907380">
    <ele>1546.8</ele>
   </trkpt>
   <trkpt lat="36.0845190" lon="-115.4907600">
    <ele>1546.4</ele>
   </trkpt>
   <trkpt lat="36.0845110" lon="-115.4907440">
    <ele>1546.0</ele>
   </trkpt>
   <trkpt lat="36.0845020" lon="-115.4907350">
    <ele>1545.6</ele>
   </trkpt>
   <trkpt lat="36.0845040" lon="-115.4907320">
    <ele>1545.0</ele>
   </trkpt>
   <trkpt lat="36.0844930" lon="-115.4907020">
    <ele>1544.8</ele>
   </trkpt>
   <trkpt lat="36.0844800" lon="-115.4906850">
    <ele>1544.4</ele>
   </trkpt>
   <trkpt lat="36.0844740" lon="-115.4906830">
    <ele>1544.4</ele>
   </trkpt>
   <trkpt lat="36.0844810" lon="-115.4906830">
    <ele>1543.8</ele>
   </trkpt>
   <trkpt lat="36.0844810" lon="-115.4906820">
    <ele>1543.6</ele>
   </trkpt>
   <trkpt lat="36.0844880" lon="-115.4906740">
    <ele>1543.6</ele>
   </trkpt>
   <trkpt lat="36.0845000" lon="-115.4906660">
    <ele>1543.6</ele>
   </trkpt>
   <trkpt lat="36.0845030" lon="-115.4906530">
    <ele>1543.6</ele>
   </trkpt>
   <trkpt lat="36.0845040" lon="-115.4906450">
    <ele>1543.2</ele>
   </trkpt>
   <trkpt lat="36.0845010" lon="-115.4906450">
    <ele>1543.2</ele>
   </trkpt>
   <trkpt lat="36.0845000" lon="-115.4906440">
    <ele>1543.0</ele>
   </trkpt>
   <trkpt lat="36.0844970" lon="-115.4906400">
    <ele>1542.8</ele>
   </trkpt>
   <trkpt lat="36.0844910" lon="-115.4906230">
    <ele>1542.4</ele>
   </trkpt>
   <trkpt lat="36.0844900" lon="-115.4905990">
    <ele>1542.4</ele>
   </trkpt>
   <trkpt lat="36.0844910" lon="-115.4905810">
    <ele>1542.4</ele>
   </trkpt>
   <trkpt lat="36.0844870" lon="-115.4905390">
    <ele>1542.2</ele>
   </trkpt>
   <trkpt lat="36.0844920" lon="-115.4905150">
    <ele>1542.2</ele>
   </trkpt>
   <trkpt lat="36.0844960" lon="-115.4905090">
    <ele>1541.6</ele>
   </trkpt>
   <trkpt lat="36.0844930" lon="-115.4905100">
    <ele>1541.2</ele>
   </trkpt>
   <trkpt lat="36.0844920" lon="-115.4905130">
    <ele>1541.0</ele>
   </trkpt>
   <trkpt lat="36.0844910" lon="-115.4905130">
    <ele>1540.8</ele>
   </trkpt>
   <trkpt lat="36.0844770" lon="-115.4905050">
    <ele>1540.8</ele>
   </trkpt>
   <trkpt lat="36.0844670" lon="-115.4904920">
    <ele>1540.8</ele>
   </trkpt>
   <trkpt lat="36.0844630" lon="-115.4904880">
    <ele>1541.2</ele>
   </trkpt>
   <trkpt lat="36.0844620" lon="-115.4904820">
    <ele>1541.0</ele>
   </trkpt>
   <trkpt lat="36.0844620" lon="-115.4904800">
    <ele>1540.8</ele>
   </trkpt>
   <trkpt lat="36.0844620" lon="-115.4904800">
    <ele>1540.8</ele>
   </trkpt>
   <trkpt lat="36.0844620" lon="-115.4904800">
    <ele>1540.6</ele>
   </trkpt>
   <trkpt lat="36.0844620" lon="-115.4904800">
    <ele>1540.2</ele>
   </trkpt>
   <trkpt lat="36.0844470" lon="-115.4904080">
    <ele>1539.0</ele>
   </trkpt>
   <trkpt lat="36.0844170" lon="-115.4902880">
    <ele>1537.8</ele>
   </trkpt>
   <trkpt lat="36.0844220" lon="-115.4902710">
    <ele>1537.2</ele>
   </trkpt>
   <trkpt lat="36.0844250" lon="-115.4902520">
    <ele>1536.6</ele>
   </trkpt>
   <trkpt lat="36.0844230" lon="-115.4902230">
    <ele>1536.2</ele>
   </trkpt>
   <trkpt lat="36.0844260" lon="-115.4902170">
    <ele>1536.0</ele>
   </trkpt>
   <trkpt lat="36.0844340" lon="-115.4902010">
    <ele>1535.6</ele>
   </trkpt>
   <trkpt lat="36.0844390" lon="-115.4901900">
    <ele>1535.4</ele>
   </trkpt>
   <trkpt lat="36.0844370" lon="-115.4901710">
    <ele>1534.4</ele>
   </trkpt>
   <trkpt lat="36.0844230" lon="-115.4901610">
    <ele>1533.6</ele>
   </trkpt>
   <trkpt lat="36.0844410" lon="-115.4901510">
    <ele>1533.4</ele>
   </trkpt>
   <trkpt lat="36.0844430" lon="-115.4901380">
    <ele>1533.4</ele>
   </trkpt>
   <trkpt lat="36.0844370" lon="-115.4901190">
    <ele>1533.2</ele>
   </trkpt>
   <trkpt lat="36.0844350" lon="-115.4901030">
    <ele>1533.0</ele>
   </trkpt>
   <trkpt lat="36.0844330" lon="-115.4900780">
    <ele>1532.2</ele>
   </trkpt>
   <trkpt lat="36.0844330" lon="-115.4900710">
    <ele>1532.0</ele>
   </trkpt>
   <trkpt lat="36.0844490" lon="-115.4900470">
    <ele>1531.2</ele>
   </trkpt>
   <trkpt lat="36.0844440" lon="-115.4900340">
    <ele>1530.2</ele>
   </trkpt>
   <trkpt lat="36.0844420" lon="-115.4900280">
    <ele>1529.6</ele>
   </trkpt>
   <trkpt lat="36.0844420" lon="-115.4900260">
    <ele>1529.2</ele>
   </trkpt>
   <trkpt lat="36.0844390" lon="-115.4900200">
    <ele>1529.0</ele>
   </trkpt>
   <trkpt lat="36.0844060" lon="-115.4900120">
    <ele>1528.4</ele>
   </trkpt>
   <trkpt lat="36.0843930" lon="-115.4899980">
    <ele>1528.2</ele>
   </trkpt>
   <trkpt lat="36.0843680" lon="-115.4899620">
    <ele>1527.6</ele>
   </trkpt>
   <trkpt lat="36.0843620" lon="-115.4899560">
    <ele>1527.2</ele>
   </trkpt>
   <trkpt lat="36.0843560" lon="-115.4899390">
    <ele>1526.6</ele>
   </trkpt>
   <trkpt lat="36.0843480" lon="-115.4899050">
    <ele>1526.2</ele>
   </trkpt>
   <trkpt lat="36.0843170" lon="-115.4898370">
    <ele>1524.8</ele>
   </trkpt>
   <trkpt lat="36.0843080" lon="-115.4898070">
    <ele>1523.8</ele>
   </trkpt>
   <trkpt lat="36.0843060" lon="-115.4897800">
    <ele>1523.6</ele>
   </trkpt>
   <trkpt lat="36.0842990" lon="-115.4897620">
    <ele>1523.4</ele>
   </trkpt>
   <trkpt lat="36.0842780" lon="-115.4897410">
    <ele>1522.8</ele>
   </trkpt>
   <trkpt lat="36.0842650" lon="-115.4897310">
    <ele>1521.8</ele>
   </trkpt>
   <trkpt lat="36.0842580" lon="-115.4897280">
    <ele>1521.6</ele>
   </trkpt>
   <trkpt lat="36.0842520" lon="-115.4897230">
    <ele>1520.0</ele>
   </trkpt>
   <trkpt lat="36.0842440" lon="-115.4897140">
    <ele>1519.0</ele>
   </trkpt>
   <trkpt lat="36.0842330" lon="-115.4897050">
    <ele>1518.4</ele>
   </trkpt>
   <trkpt lat="36.0842350" lon="-115.4896980">
    <ele>1517.8</ele>
   </trkpt>
   <trkpt lat="36.0842200" lon="-115.4896800">
    <ele>1517.0</ele>
   </trkpt>
   <trkpt lat="36.0842110" lon="-115.4896720">
    <ele>1516.6</ele>
   </trkpt>
   <trkpt lat="36.0842080" lon="-115.4896710">
    <ele>1516.4</ele>
   </trkpt>
   <trkpt lat="36.0841920" lon="-115.4896600">
    <ele>1515.4</ele>
   </trkpt>
   <trkpt lat="36.0841830" lon="-115.4896510">
    <ele>1514.6</ele>
   </trkpt>
   <trkpt lat="36.0841770" lon="-115.4896410">
    <ele>1514.2</ele>
   </trkpt>
   <trkpt lat="36.0841460" lon="-115.4895840">
    <ele>1513.0</ele>
   </trkpt>
   <trkpt lat="36.0841380" lon="-115.4895510">
    <ele>1512.0</ele>
   </trkpt>
   <trkpt lat="36.0840930" lon="-115.4894840">
    <ele>1510.8</ele>
   </trkpt>
   <trkpt lat="36.0840870" lon="-115.4894810">
    <ele>1510.6</ele>
   </trkpt>
   <trkpt lat="36.0840550" lon="-115.4894630">
    <ele>1509.4</ele>
   </trkpt>
   <trkpt lat="36.0840400" lon="-115.4894630">
    <ele>1508.0</ele>
   </trkpt>
   <trkpt lat="36.0840390" lon="-115.4894650">
    <ele>1507.6</ele>
   </trkpt>
   <trkpt lat="36.0840300" lon="-115.4894630">
    <ele>1507.0</ele>
   </trkpt>
   <trkpt lat="36.0840280" lon="-115.4894690">
    <ele>1506.2</ele>
   </trkpt>
   <trkpt lat="36.0840280" lon="-115.4894700">
    <ele>1506.0</ele>
   </trkpt>
   <trkpt lat="36.0840180" lon="-115.4894620">
    <ele>1504.6</ele>
   </trkpt>
   <trkpt lat="36.0840090" lon="-115.4894570">
    <ele>1503.6</ele>
   </trkpt>
   <trkpt lat="36.0840080" lon="-115.4894580">
    <ele>1502.8</ele>
   </trkpt>
   <trkpt lat="36.0840080" lon="-115.4894580">
    <ele>1502.6</ele>
   </trkpt>
   <trkpt lat="36.0840080" lon="-115.4894580">
    <ele>1502.2</ele>
   </trkpt>
   <trkpt lat="36.0840080" lon="-115.4894580">
    <ele>1501.4</ele>
   </trkpt>
   <trkpt lat="36.0840080" lon="-115.4894580">
    <ele>1501.2</ele>
   </trkpt>
   <trkpt lat="36.0840080" lon="-115.4894580">
    <ele>1500.8</ele>
   </trkpt>
   <trkpt lat="36.0840040" lon="-115.4894540">
    <ele>1500.4</ele>
   </trkpt>
   <trkpt lat="36.0839930" lon="-115.4894440">
    <ele>1500.2</ele>
   </trkpt>
   <trkpt lat="36.0839480" lon="-115.4893970">
    <ele>1499.2</ele>
   </trkpt>
   <trkpt lat="36.0839330" lon="-115.4893710">
    <ele>1498.2</ele>
   </trkpt>
   <trkpt lat="36.0839230" lon="-115.4893580">
    <ele>1498.0</ele>
   </trkpt>
   <trkpt lat="36.0839050" lon="-115.4893420">
    <ele>1497.0</ele>
   </trkpt>
   <trkpt lat="36.0838790" lon="-115.4893320">
    <ele>1496.4</ele>
   </trkpt>
   <trkpt lat="36.0838740" lon="-115.4893220">
    <ele>1496.0</ele>
   </trkpt>
   <trkpt lat="36.0838800" lon="-115.4892960">
    <ele>1495.0</ele>
   </trkpt>
   <trkpt lat="36.0838810" lon="-115.4892880">
    <ele>1495.0</ele>
   </trkpt>
   <trkpt lat="36.0838440" lon="-115.4892720">
    <ele>1494.6</ele>
   </trkpt>
   <trkpt lat="36.0838480" lon="-115.4892700">
    <ele>1494.4</ele>
   </trkpt>
   <trkpt lat="36.0838660" lon="-115.4892530">
    <ele>1494.0</ele>
   </trkpt>
   <trkpt lat="36.0838690" lon="-115.4892510">
    <ele>1493.6</ele>
   </trkpt>
   <trkpt lat="36.0838640" lon="-115.4892360">
    <ele>1492.8</ele>
   </trkpt>
   <trkpt lat="36.0838570" lon="-115.4892170">
    <ele>1492.6</ele>
   </trkpt>
   <trkpt lat="36.0838310" lon="-115.4892080">
    <ele>1492.4</ele>
   </trkpt>
   <trkpt lat="36.0838280" lon="-115.4891890">
    <ele>1492.2</ele>
   </trkpt>
   <trkpt lat="36.0838160" lon="-115.4891640">
    <ele>1492.0</ele>
   </trkpt>
   <trkpt lat="36.0838000" lon="-115.4891490">
    <ele>1491.6</ele>
   </trkpt>
   <trkpt lat="36.0837830" lon="-115.4891500">
    <ele>1491.2</ele>
   </trkpt>
   <trkpt lat="36.0837780" lon="-115.4891510">
    <ele>1491.2</ele>
   </trkpt>
   <trkpt lat="36.0837710" lon="-115.4891600">
    <ele>1490.8</ele>
   </trkpt>
   <trkpt lat="36.0837650" lon="-115.4891560">
    <ele>1490.6</ele>
   </trkpt>
   <trkpt lat="36.0837470" lon="-115.4891330">
    <ele>1489.8</ele>
   </trkpt>
   <trkpt lat="36.0837330" lon="-115.4891200">
    <ele>1489.8</ele>
   </trkpt>
   <trkpt lat="36.0837220" lon="-115.4891130">
    <ele>1489.6</ele>
   </trkpt>
   <trkpt lat="36.0837210" lon="-115.4891160">
    <ele>1489.6</ele>
   </trkpt>
   <trkpt lat="36.0837140" lon="-115.4891180">
    <ele>1489.6</ele>
   </trkpt>
   <trkpt lat="36.0837280" lon="-115.4891150">
    <ele>1489.8</ele>
   </trkpt>
   <trkpt lat="36.0837270" lon="-115.4891140">
    <ele>1490.0</ele>
   </trkpt>
   <trkpt lat="36.0837270" lon="-115.4891140">
    <ele>1489.4</ele>
   </trkpt>
   <trkpt lat="36.0837250" lon="-115.4891130">
    <ele>1488.4</ele>
   </trkpt>
   <trkpt lat="36.0837250" lon="-115.4891120">
    <ele>1487.4</ele>
   </trkpt>
   <trkpt lat="36.0837250" lon="-115.4891060">
    <ele>1487.4</ele>
   </trkpt>
   <trkpt lat="36.0837250" lon="-115.4890910">
    <ele>1487.4</ele>
   </trkpt>
   <trkpt lat="36.0837250" lon="-115.4890850">
    <ele>1487.6</ele>
   </trkpt>
   <trkpt lat="36.0837250" lon="-115.4890830">
    <ele>1487.4</ele>
   </trkpt>
   <trkpt lat="36.0837250" lon="-115.4890820">
    <ele>1487.4</ele>
   </trkpt>
   <trkpt lat="36.0837020" lon="-115.4890310">
    <ele>1486.6</ele>
   </trkpt>
   <trkpt lat="36.0836850" lon="-115.4889940">
    <ele>1486.2</ele>
   </trkpt>
   <trkpt lat="36.0836590" lon="-115.4889630">
    <ele>1485.6</ele>
   </trkpt>
   <trkpt lat="36.0836560" lon="-115.4889630">
    <ele>1485.2</ele>
   </trkpt>
   <trkpt lat="36.0836540" lon="-115.4889650">
    <ele>1484.8</ele>
   </trkpt>
   <trkpt lat="36.0836490" lon="-115.4889690">
    <ele>1484.8</ele>
   </trkpt>
   <trkpt lat="36.0836280" lon="-115.4889810">
    <ele>1485.6</ele>
   </trkpt>
   <trkpt lat="36.0836290" lon="-115.4889850">
    <ele>1484.2</ele>
   </trkpt>
   <trkpt lat="36.0836160" lon="-115.4889690">
    <ele>1483.0</ele>
   </trkpt>
   <trkpt lat="36.0835920" lon="-115.4889310">
    <ele>1482.8</ele>
   </trkpt>
   <trkpt lat="36.0835720" lon="-115.4889140">
    <ele>1482.8</ele>
   </trkpt>
   <trkpt lat="36.0835800" lon="-115.4888870">
    <ele>1481.8</ele>
   </trkpt>
   <trkpt lat="36.0835860" lon="-115.4888750">
    <ele>1481.6</ele>
   </trkpt>
   <trkpt lat="36.0835970" lon="-115.4888520">
    <ele>1481.0</ele>
   </trkpt>
   <trkpt lat="36.0835820" lon="-115.4888160">
    <ele>1480.8</ele>
   </trkpt>
   <trkpt lat="36.0835790" lon="-115.4888030">
    <ele>1480.6</ele>
   </trkpt>
   <trkpt lat="36.0835700" lon="-115.4887250">
    <ele>1479.6</ele>
   </trkpt>
   <trkpt lat="36.0835680" lon="-115.4887110">
    <ele>1479.0</ele>
   </trkpt>
   <trkpt lat="36.0835690" lon="-115.4887000">
    <ele>1479.0</ele>
   </trkpt>
   <trkpt lat="36.0835470" lon="-115.4886310">
    <ele>1479.0</ele>
   </trkpt>
   <trkpt lat="36.0835430" lon="-115.4885810">
    <ele>1478.8</ele>
   </trkpt>
   <trkpt lat="36.0835410" lon="-115.4885790">
    <ele>1478.6</ele>
   </trkpt>
   <trkpt lat="36.0835400" lon="-115.4885800">
    <ele>1478.2</ele>
   </trkpt>
   <trkpt lat="36.0835280" lon="-115.4885820">
    <ele>1477.4</ele>
   </trkpt>
   <trkpt lat="36.0835220" lon="-115.4885870">
    <ele>1476.8</ele>
   </trkpt>
   <trkpt lat="36.0835270" lon="-115.4885800">
    <ele>1476.6</ele>
   </trkpt>
   <trkpt lat="36.0835250" lon="-115.4885730">
    <ele>1476.4</ele>
   </trkpt>
   <trkpt lat="36.0835100" lon="-115.4885710">
    <ele>1476.0</ele>
   </trkpt>
   <trkpt lat="36.0835070" lon="-115.4885730">
    <ele>1475.4</ele>
   </trkpt>
   <trkpt lat="36.0835060" lon="-115.4885740">
    <ele>1475.4</ele>
   </trkpt>
   <trkpt lat="36.0835050" lon="-115.4885670">
    <ele>1475.0</ele>
   </trkpt>
   <trkpt lat="36.0835040" lon="-115.4885680">
    <ele>1475.0</ele>
   </trkpt>
   <trkpt lat="36.0834850" lon="-115.4885370">
    <ele>1474.6</ele>
   </trkpt>
   <trkpt lat="36.0834810" lon="-115.4885200">
    <ele>1474.0</ele>
   </trkpt>
   <trkpt lat="36.0834750" lon="-115.4885160">
    <ele>1473.8</ele>
   </trkpt>
   <trkpt lat="36.0834370" lon="-115.4884700">
    <ele>1473.6</ele>
   </trkpt>
   <trkpt lat="36.0834320" lon="-115.4884450">
    <ele>1473.6</ele>
   </trkpt>
   <trkpt lat="36.0834390" lon="-115.4884220">
    <ele>1473.6</ele>
   </trkpt>
   <trkpt lat="36.0834350" lon="-115.4884050">
    <ele>1473.4</ele>
   </trkpt>
   <trkpt lat="36.0834220" lon="-115.4883890">
    <ele>1472.8</ele>
   </trkpt>
   <trkpt lat="36.0834110" lon="-115.4883690">
    <ele>1471.8</ele>
   </trkpt>
   <trkpt lat="36.0834090" lon="-115.4883680">
    <ele>1471.8</ele>
   </trkpt>
   <trkpt lat="36.0834030" lon="-115.4883480">
    <ele>1471.4</ele>
   </trkpt>
   <trkpt lat="36.0834030" lon="-115.4883300">
    <ele>1471.2</ele>
   </trkpt>
   <trkpt lat="36.0834040" lon="-115.4883180">
    <ele>1470.8</ele>
   </trkpt>
   <trkpt lat="36.0834080" lon="-115.4883130">
    <ele>1470.6</ele>
   </trkpt>
   <trkpt lat="36.0834000" lon="-115.4883170">
    <ele>1470.4</ele>
   </trkpt>
   <trkpt lat="36.0833980" lon="-115.4883200">
    <ele>1470.4</ele>
   </trkpt>
   <trkpt lat="36.0833970" lon="-115.4883210">
    <ele>1469.8</ele>
   </trkpt>
   <trkpt lat="36.0833980" lon="-115.4883210">
    <ele>1469.4</ele>
   </trkpt>
   <trkpt lat="36.0833990" lon="-115.4883190">
    <ele>1469.0</ele>
   </trkpt>
   <trkpt lat="36.0833970" lon="-115.4883220">
    <ele>1468.8</ele>
   </trkpt>
   <trkpt lat="36.0833920" lon="-115.4882890">
    <ele>1468.4</ele>
   </trkpt>
   <trkpt lat="36.0833870" lon="-115.4882590">
    <ele>1468.2</ele>
   </trkpt>
   <trkpt lat="36.0833790" lon="-115.4882420">
    <ele>1468.2</ele>
   </trkpt>
   <trkpt lat="36.0833740" lon="-115.4882340">
    <ele>1467.4</ele>
   </trkpt>
   <trkpt lat="36.0833720" lon="-115.4882290">
    <ele>1467.4</ele>
   </trkpt>
   <trkpt lat="36.0833680" lon="-115.4882270">
    <ele>1467.4</ele>
   </trkpt>
   <trkpt lat="36.0833500" lon="-115.4881890">
    <ele>1467.2</ele>
   </trkpt>
   <trkpt lat="36.0833450" lon="-115.4881730">
    <ele>1466.8</ele>
   </trkpt>
   <trkpt lat="36.0833440" lon="-115.4881340">
    <ele>1466.8</ele>
   </trkpt>
   <trkpt lat="36.0833540" lon="-115.4880860">
    <ele>1466.2</ele>
   </trkpt>
   <trkpt lat="36.0833670" lon="-115.4880710">
    <ele>1466.0</ele>
   </trkpt>
   <trkpt lat="36.0833710" lon="-115.4880530">
    <ele>1465.4</ele>
   </trkpt>
   <trkpt lat="36.0833560" lon="-115.4880360">
    <ele>1465.2</ele>
   </trkpt>
   <trkpt lat="36.0833290" lon="-115.4879720">
    <ele>1465.2</ele>
   </trkpt>
   <trkpt lat="36.0833270" lon="-115.4879580">
    <ele>1465.2</ele>
   </trkpt>
   <trkpt lat="36.0833270" lon="-115.4879410">
    <ele>1465.2</ele>
   </trkpt>
   <trkpt lat="36.0833170" lon="-115.4878730">
    <ele>1464.0</ele>
   </trkpt>
   <trkpt lat="36.0833180" lon="-115.4878710">
    <ele>1463.6</ele>
   </trkpt>
   <trkpt lat="36.0833180" lon="-115.4878680">
    <ele>1463.0</ele>
   </trkpt>
   <trkpt lat="36.0833190" lon="-115.4878570">
    <ele>1463.0</ele>
   </trkpt>
   <trkpt lat="36.0833150" lon="-115.4878290">
    <ele>1462.8</ele>
   </trkpt>
   <trkpt lat="36.0833020" lon="-115.4877900">
    <ele>1462.6</ele>
   </trkpt>
   <trkpt lat="36.0832900" lon="-115.4877760">
    <ele>1461.8</ele>
   </trkpt>
   <trkpt lat="36.0832810" lon="-115.4877590">
    <ele>1461.8</ele>
   </trkpt>
   <trkpt lat="36.0832640" lon="-115.4876960">
    <ele>1461.6</ele>
   </trkpt>
   <trkpt lat="36.0832110" lon="-115.4876410">
    <ele>1461.2</ele>
   </trkpt>
   <trkpt lat="36.0831740" lon="-115.4876190">
    <ele>1461.2</ele>
   </trkpt>
   <trkpt lat="36.0831710" lon="-115.4876240">
    <ele>1461.0</ele>
   </trkpt>
   <trkpt lat="36.0831790" lon="-115.4876200">
    <ele>1460.6</ele>
   </trkpt>
   <trkpt lat="36.0831730" lon="-115.4876180">
    <ele>1460.4</ele>
   </trkpt>
   <trkpt lat="36.0831650" lon="-115.4876150">
    <ele>1460.2</ele>
   </trkpt>
   <trkpt lat="36.0831260" lon="-115.4876060">
    <ele>1459.4</ele>
   </trkpt>
   <trkpt lat="36.0831140" lon="-115.4875920">
    <ele>1459.2</ele>
   </trkpt>
   <trkpt lat="36.0831040" lon="-115.4875820">
    <ele>1459.2</ele>
   </trkpt>
   <trkpt lat="36.0830810" lon="-115.4875660">
    <ele>1458.2</ele>
   </trkpt>
   <trkpt lat="36.0830710" lon="-115.4875620">
    <ele>1458.0</ele>
   </trkpt>
   <trkpt lat="36.0830350" lon="-115.4875460">
    <ele>1457.2</ele>
   </trkpt>
   <trkpt lat="36.0830300" lon="-115.4875470">
    <ele>1457.2</ele>
   </trkpt>
   <trkpt lat="36.0830070" lon="-115.4875630">
    <ele>1456.8</ele>
   </trkpt>
   <trkpt lat="36.0829970" lon="-115.4875680">
    <ele>1456.6</ele>
   </trkpt>
   <trkpt lat="36.0829880" lon="-115.4875590">
    <ele>1456.2</ele>
   </trkpt>
   <trkpt lat="36.0829490" lon="-115.4875110">
    <ele>1456.0</ele>
   </trkpt>
   <trkpt lat="36.0829670" lon="-115.4874800">
    <ele>1455.0</ele>
   </trkpt>
   <trkpt lat="36.0829740" lon="-115.4874750">
    <ele>1454.8</ele>
   </trkpt>
   <trkpt lat="36.0829640" lon="-115.4874460">
    <ele>1454.6</ele>
   </trkpt>
   <trkpt lat="36.0829600" lon="-115.4874420">
    <ele>1454.6</ele>
   </trkpt>
   <trkpt lat="36.0829710" lon="-115.4874230">
    <ele>1453.8</ele>
   </trkpt>
   <trkpt lat="36.0829650" lon="-115.4873960">
    <ele>1453.0</ele>
   </trkpt>
   <trkpt lat="36.0829560" lon="-115.4873970">
    <ele>1452.8</ele>
   </trkpt>
   <trkpt lat="36.0829450" lon="-115.4873930">
    <ele>1452.6</ele>
   </trkpt>
   <trkpt lat="36.0829310" lon="-115.4873880">
    <ele>1452.2</ele>
   </trkpt>
   <trkpt lat="36.0829250" lon="-115.4873640">
    <ele>1451.4</ele>
   </trkpt>
   <trkpt lat="36.0829300" lon="-115.4873470">
    <ele>1451.2</ele>
   </trkpt>
   <trkpt lat="36.0829330" lon="-115.4873330">
    <ele>1450.2</ele>
   </trkpt>
   <trkpt lat="36.0829180" lon="-115.4873280">
    <ele>1450.0</ele>
   </trkpt>
   <trkpt lat="36.0828970" lon="-115.4873280">
    <ele>1450.0</ele>
   </trkpt>
   <trkpt lat="36.0828840" lon="-115.4873240">
    <ele>1449.2</ele>
   </trkpt>
   <trkpt lat="36.0828720" lon="-115.4873050">
    <ele>1448.0</ele>
   </trkpt>
   <trkpt lat="36.0828650" lon="-115.4872770">
    <ele>1447.4</ele>
   </trkpt>
   <trkpt lat="36.0828540" lon="-115.4872630">
    <ele>1447.0</ele>
   </trkpt>
   <trkpt lat="36.0828480" lon="-115.4872590">
    <ele>1447.0</ele>
   </trkpt>
   <trkpt lat="36.0828370" lon="-115.4872490">
    <ele>1446.6</ele>
   </trkpt>
   <trkpt lat="36.0828190" lon="-115.4871780">
    <ele>1446.2</ele>
   </trkpt>
   <trkpt lat="36.0827910" lon="-115.4871770">
    <ele>1446.2</ele>
   </trkpt>
   <trkpt lat="36.0827800" lon="-115.4871850">
    <ele>1446.2</ele>
   </trkpt>
   <trkpt lat="36.0827740" lon="-115.4871820">
    <ele>1445.8</ele>
   </trkpt>
   <trkpt lat="36.0827500" lon="-115.4871740">
    <ele>1446.0</ele>
   </trkpt>
   <trkpt lat="36.0827060" lon="-115.4871780">
    <ele>1444.8</ele>
   </trkpt>
   <trkpt lat="36.0826860" lon="-115.4871550">
    <ele>1444.6</ele>
   </trkpt>
   <trkpt lat="36.0826760" lon="-115.4871340">
    <ele>1444.2</ele>
   </trkpt>
   <trkpt lat="36.0826650" lon="-115.4871230">
    <ele>1443.6</ele>
   </trkpt>
   <trkpt lat="36.0826510" lon="-115.4871110">
    <ele>1443.4</ele>
   </trkpt>
   <trkpt lat="36.0826170" lon="-115.4871200">
    <ele>1442.4</ele>
   </trkpt>
   <trkpt lat="36.0826130" lon="-115.4871200">
    <ele>1442.2</ele>
   </trkpt>
   <trkpt lat="36.0826010" lon="-115.4870890">
    <ele>1441.4</ele>
   </trkpt>
   <trkpt lat="36.0825850" lon="-115.4870640">
    <ele>1440.4</ele>
   </trkpt>
   <trkpt lat="36.0825800" lon="-115.4870550">
    <ele>1440.0</ele>
   </trkpt>
   <trkpt lat="36.0825770" lon="-115.4870450">
    <ele>1440.0</ele>
   </trkpt>
   <trkpt lat="36.0825730" lon="-115.4870340">
    <ele>1440.0</ele>
   </trkpt>
   <trkpt lat="36.0825720" lon="-115.4870240">
    <ele>1440.0</ele>
   </trkpt>
   <trkpt lat="36.0825750" lon="-115.4870000">
    <ele>1439.0</ele>
   </trkpt>
   <trkpt lat="36.0825800" lon="-115.4869910">
    <ele>1438.6</ele>
   </trkpt>
   <trkpt lat="36.0825740" lon="-115.4869700">
    <ele>1438.2</ele>
   </trkpt>
   <trkpt lat="36.0825700" lon="-115.4869570">
    <ele>1437.8</ele>
   </trkpt>
   <trkpt lat="36.0825670" lon="-115.4869500">
    <ele>1437.4</ele>
   </trkpt>
   <trkpt lat="36.0825570" lon="-115.4869350">
    <ele>1436.6</ele>
   </trkpt>
   <trkpt lat="36.0825470" lon="-115.4869210">
    <ele>1436.0</ele>
   </trkpt>
   <trkpt lat="36.0825390" lon="-115.4869240">
    <ele>1435.6</ele>
   </trkpt>
   <trkpt lat="36.0825410" lon="-115.4869250">
    <ele>1435.4</ele>
   </trkpt>
   <trkpt lat="36.0825340" lon="-115.4869070">
    <ele>1434.2</ele>
   </trkpt>
   <trkpt lat="36.0825300" lon="-115.4868980">
    <ele>1434.0</ele>
   </trkpt>
   <trkpt lat="36.0825000" lon="-115.4868540">
    <ele>1433.6</ele>
   </trkpt>
   <trkpt lat="36.0824990" lon="-115.4868330">
    <ele>1433.0</ele>
   </trkpt>
   <trkpt lat="36.0824990" lon="-115.4868020">
    <ele>1433.0</ele>
   </trkpt>
   <trkpt lat="36.0824940" lon="-115.4868010">
    <ele>1432.4</ele>
   </trkpt>
   <trkpt lat="36.0824910" lon="-115.4868020">
    <ele>1432.2</ele>
   </trkpt>
   <trkpt lat="36.0824900" lon="-115.4868010">
    <ele>1432.0</ele>
   </trkpt>
   <trkpt lat="36.0824890" lon="-115.4868010">
    <ele>1431.8</ele>
   </trkpt>
   <trkpt lat="36.0824890" lon="-115.4868010">
    <ele>1430.8</ele>
   </trkpt>
   <trkpt lat="36.0824720" lon="-115.4867980">
    <ele>1430.8</ele>
   </trkpt>
   <trkpt lat="36.0824670" lon="-115.4868060">
    <ele>1430.6</ele>
   </trkpt>
   <trkpt lat="36.0824550" lon="-115.4868160">
    <ele>1430.2</ele>
   </trkpt>
   <trkpt lat="36.0824480" lon="-115.4868200">
    <ele>1429.8</ele>
   </trkpt>
   <trkpt lat="36.0825110" lon="-115.4868220">
    <ele>1429.4</ele>
   </trkpt>
   <trkpt lat="36.0825260" lon="-115.4867660">
    <ele>1429.4</ele>
   </trkpt>
   <trkpt lat="36.0825050" lon="-115.4867590">
    <ele>1429.4</ele>
   </trkpt>
   <trkpt lat="36.0824760" lon="-115.4867020">
    <ele>1429.2</ele>
   </trkpt>
   <trkpt lat="36.0824420" lon="-115.4866740">
    <ele>1429.0</ele>
   </trkpt>
   <trkpt lat="36.0824220" lon="-115.4866540">
    <ele>1429.0</ele>
   </trkpt>
   <trkpt lat="36.0824950" lon="-115.4865840">
    <ele>1428.2</ele>
   </trkpt>
   <trkpt lat="36.0824890" lon="-115.4864790">
    <ele>1427.0</ele>
   </trkpt>
   <trkpt lat="36.0824810" lon="-115.4864370">
    <ele>1426.2</ele>
   </trkpt>
   <trkpt lat="36.0824750" lon="-115.4864200">
    <ele>1426.0</ele>
   </trkpt>
   <trkpt lat="36.0824460" lon="-115.4863830">
    <ele>1425.2</ele>
   </trkpt>
   <trkpt lat="36.0824410" lon="-115.4863710">
    <ele>1424.8</ele>
   </trkpt>
   <trkpt lat="36.0824480" lon="-115.4863560">
    <ele>1424.6</ele>
   </trkpt>
   <trkpt lat="36.0824790" lon="-115.4862960">
    <ele>1424.4</ele>
   </trkpt>
   <trkpt lat="36.0824790" lon="-115.4862880">
    <ele>1423.8</ele>
   </trkpt>
   <trkpt lat="36.0824670" lon="-115.4862880">
    <ele>1422.6</ele>
   </trkpt>
   <trkpt lat="36.0824560" lon="-115.4862940">
    <ele>1422.6</ele>
   </trkpt>
   <trkpt lat="36.0824450" lon="-115.4862910">
    <ele>1422.4</ele>
   </trkpt>
   <trkpt lat="36.0824470" lon="-115.4862810">
    <ele>1422.0</ele>
   </trkpt>
   <trkpt lat="36.0824550" lon="-115.4862110">
    <ele>1421.4</ele>
   </trkpt>
   <trkpt lat="36.0824270" lon="-115.4861920">
    <ele>1420.6</ele>
   </trkpt>
   <trkpt lat="36.0824130" lon="-115.4861700">
    <ele>1420.2</ele>
   </trkpt>
   <trkpt lat="36.0823960" lon="-115.4861110">
    <ele>1418.8</ele>
   </trkpt>
   <trkpt lat="36.0823850" lon="-115.4860920">
    <ele>1418.2</ele>
   </trkpt>
   <trkpt lat="36.0823530" lon="-115.4860250">
    <ele>1417.8</ele>
   </trkpt>
   <trkpt lat="36.0823250" lon="-115.4859730">
    <ele>1417.6</ele>
   </trkpt>
   <trkpt lat="36.0823020" lon="-115.4858820">
    <ele>1417.6</ele>
   </trkpt>
   <trkpt lat="36.0823170" lon="-115.4858280">
    <ele>1417.2</ele>
   </trkpt>
   <trkpt lat="36.0823200" lon="-115.4858240">
    <ele>1417.0</ele>
   </trkpt>
   <trkpt lat="36.0823370" lon="-115.4857990">
    <ele>1416.6</ele>
   </trkpt>
   <trkpt lat="36.0823330" lon="-115.4857890">
    <ele>1415.6</ele>
   </trkpt>
   <trkpt lat="36.0823380" lon="-115.4857810">
    <ele>1414.2</ele>
   </trkpt>
   <trkpt lat="36.0823380" lon="-115.4857690">
    <ele>1413.8</ele>
   </trkpt>
   <trkpt lat="36.0823380" lon="-115.4857470">
    <ele>1413.0</ele>
   </trkpt>
   <trkpt lat="36.0823440" lon="-115.4857280">
    <ele>1412.0</ele>
   </trkpt>
   <trkpt lat="36.0823400" lon="-115.4857170">
    <ele>1411.6</ele>
   </trkpt>
   <trkpt lat="36.0823360" lon="-115.4857100">
    <ele>1411.6</ele>
   </trkpt>
   <trkpt lat="36.0823280" lon="-115.4857060">
    <ele>1411.2</ele>
   </trkpt>
   <trkpt lat="36.0822970" lon="-115.4856510">
    <ele>1411.0</ele>
   </trkpt>
   <trkpt lat="36.0822890" lon="-115.4856200">
    <ele>1411.2</ele>
   </trkpt>
   <trkpt lat="36.0822780" lon="-115.4855780">
    <ele>1410.4</ele>
   </trkpt>
   <trkpt lat="36.0822760" lon="-115.4855580">
    <ele>1410.2</ele>
   </trkpt>
   <trkpt lat="36.0822600" lon="-115.4855170">
    <ele>1409.4</ele>
   </trkpt>
   <trkpt lat="36.0822510" lon="-115.4854950">
    <ele>1409.0</ele>
   </trkpt>
   <trkpt lat="36.0822530" lon="-115.4854710">
    <ele>1408.2</ele>
   </trkpt>
   <trkpt lat="36.0822560" lon="-115.4854530">
    <ele>1407.4</ele>
   </trkpt>
   <trkpt lat="36.0822580" lon="-115.4854360">
    <ele>1407.2</ele>
   </trkpt>
   <trkpt lat="36.0822500" lon="-115.4854290">
    <ele>1407.2</ele>
   </trkpt>
   <trkpt lat="36.0822430" lon="-115.4854300">
    <ele>1406.4</ele>
   </trkpt>
   <trkpt lat="36.0822400" lon="-115.4854260">
    <ele>1406.0</ele>
   </trkpt>
   <trkpt lat="36.0822310" lon="-115.4854030">
    <ele>1405.4</ele>
   </trkpt>
   <trkpt lat="36.0822230" lon="-115.4853930">
    <ele>1405.0</ele>
   </trkpt>
   <trkpt lat="36.0822140" lon="-115.4853810">
    <ele>1404.8</ele>
   </trkpt>
   <trkpt lat="36.0822030" lon="-115.4853520">
    <ele>1404.2</ele>
   </trkpt>
   <trkpt lat="36.0822030" lon="-115.4853390">
    <ele>1403.8</ele>
   </trkpt>
   <trkpt lat="36.0821990" lon="-115.4852860">
    <ele>1403.6</ele>
   </trkpt>
   <trkpt lat="36.0821950" lon="-115.4852330">
    <ele>1403.0</ele>
   </trkpt>
   <trkpt lat="36.0821920" lon="-115.4852060">
    <ele>1402.8</ele>
   </trkpt>
   <trkpt lat="36.0821900" lon="-115.4851980">
    <ele>1402.4</ele>
   </trkpt>
   <trkpt lat="36.0821850" lon="-115.4851860">
    <ele>1402.2</ele>
   </trkpt>
   <trkpt lat="36.0821700" lon="-115.4851720">
    <ele>1401.8</ele>
   </trkpt>
   <trkpt lat="36.0821530" lon="-115.4851470">
    <ele>1401.4</ele>
   </trkpt>
   <trkpt lat="36.0821470" lon="-115.4851400">
    <ele>1401.0</ele>
   </trkpt>
   <trkpt lat="36.0821200" lon="-115.4851280">
    <ele>1400.6</ele>
   </trkpt>
   <trkpt lat="36.0821070" lon="-115.4851190">
    <ele>1400.2</ele>
   </trkpt>
   <trkpt lat="36.0820820" lon="-115.4850880">
    <ele>1400.0</ele>
   </trkpt>
   <trkpt lat="36.0820660" lon="-115.4850660">
    <ele>1400.0</ele>
   </trkpt>
   <trkpt lat="36.0820620" lon="-115.4850490">
    <ele>1399.8</ele>
   </trkpt>
   <trkpt lat="36.0820560" lon="-115.4849640">
    <ele>1399.4</ele>
   </trkpt>
   <trkpt lat="36.0820550" lon="-115.4849230">
    <ele>1399.0</ele>
   </trkpt>
   <trkpt lat="36.0820540" lon="-115.4849010">
    <ele>1398.8</ele>
   </trkpt>
   <trkpt lat="36.0820380" lon="-115.4848440">
    <ele>1398.2</ele>
   </trkpt>
   <trkpt lat="36.0820350" lon="-115.4848350">
    <ele>1398.2</ele>
   </trkpt>
   <trkpt lat="36.0820320" lon="-115.4848130">
    <ele>1398.0</ele>
   </trkpt>
   <trkpt lat="36.0820260" lon="-115.4847950">
    <ele>1397.8</ele>
   </trkpt>
   <trkpt lat="36.0820260" lon="-115.4847700">
    <ele>1397.6</ele>
   </trkpt>
   <trkpt lat="36.0819940" lon="-115.4846950">
    <ele>1397.6</ele>
   </trkpt>
   <trkpt lat="36.0819860" lon="-115.4846910">
    <ele>1397.4</ele>
   </trkpt>
   <trkpt lat="36.0819620" lon="-115.4846700">
    <ele>1396.6</ele>
   </trkpt>
   <trkpt lat="36.0819570" lon="-115.4846590">
    <ele>1396.4</ele>
   </trkpt>
   <trkpt lat="36.0819470" lon="-115.4846240">
    <ele>1396.0</ele>
   </trkpt>
   <trkpt lat="36.0819400" lon="-115.4846100">
    <ele>1395.6</ele>
   </trkpt>
   <trkpt lat="36.0819300" lon="-115.4845940">
    <ele>1395.6</ele>
   </trkpt>
   <trkpt lat="36.0819210" lon="-115.4845790">
    <ele>1395.6</ele>
   </trkpt>
   <trkpt lat="36.0818970" lon="-115.4845360">
    <ele>1394.8</ele>
   </trkpt>
   <trkpt lat="36.0818900" lon="-115.4845280">
    <ele>1394.6</ele>
   </trkpt>
   <trkpt lat="36.0818880" lon="-115.4845230">
    <ele>1394.4</ele>
   </trkpt>
   <trkpt lat="36.0818920" lon="-115.4845070">
    <ele>1393.4</ele>
   </trkpt>
   <trkpt lat="36.0819030" lon="-115.4844950">
    <ele>1393.2</ele>
   </trkpt>
   <trkpt lat="36.0819040" lon="-115.4844850">
    <ele>1393.0</ele>
   </trkpt>
   <trkpt lat="36.0819080" lon="-115.4844620">
    <ele>1392.8</ele>
   </trkpt>
   <trkpt lat="36.0819050" lon="-115.4844470">
    <ele>1392.8</ele>
   </trkpt>
   <trkpt lat="36.0819000" lon="-115.4843950">
    <ele>1392.4</ele>
   </trkpt>
   <trkpt lat="36.0818960" lon="-115.4843900">
    <ele>1392.0</ele>
   </trkpt>
   <trkpt lat="36.0818900" lon="-115.4843860">
    <ele>1392.0</ele>
   </trkpt>
   <trkpt lat="36.0818770" lon="-115.4843520">
    <ele>1390.8</ele>
   </trkpt>
   <trkpt lat="36.0818670" lon="-115.4843220">
    <ele>1390.4</ele>
   </trkpt>
   <trkpt lat="36.0818700" lon="-115.4842990">
    <ele>1390.0</ele>
   </trkpt>
   <trkpt lat="36.0818710" lon="-115.4842940">
    <ele>1389.8</ele>
   </trkpt>
   <trkpt lat="36.0818840" lon="-115.4842800">
    <ele>1389.0</ele>
   </trkpt>
   <trkpt lat="36.0818870" lon="-115.4842580">
    <ele>1388.6</ele>
   </trkpt>
   <trkpt lat="36.0818720" lon="-115.4842200">
    <ele>1388.4</ele>
   </trkpt>
   <trkpt lat="36.0818420" lon="-115.4841980">
    <ele>1387.8</ele>
   </trkpt>
   <trkpt lat="36.0818110" lon="-115.4841720">
    <ele>1387.4</ele>
   </trkpt>
   <trkpt lat="36.0817890" lon="-115.4841460">
    <ele>1387.0</ele>
   </trkpt>
   <trkpt lat="36.0817880" lon="-115.4841330">
    <ele>1387.0</ele>
   </trkpt>
   <trkpt lat="36.0817760" lon="-115.4840970">
    <ele>1386.2</ele>
   </trkpt>
   <trkpt lat="36.0817580" lon="-115.4840760">
    <ele>1386.0</ele>
   </trkpt>
   <trkpt lat="36.0817400" lon="-115.4840410">
    <ele>1385.8</ele>
   </trkpt>
   <trkpt lat="36.0817060" lon="-115.4839940">
    <ele>1385.8</ele>
   </trkpt>
   <trkpt lat="36.0817010" lon="-115.4839800">
    <ele>1385.8</ele>
   </trkpt>
   <trkpt lat="36.0816900" lon="-115.4839490">
    <ele>1385.8</ele>
   </trkpt>
   <trkpt lat="36.0816790" lon="-115.4839400">
    <ele>1385.6</ele>
   </trkpt>
   <trkpt lat="36.0816660" lon="-115.4839340">
    <ele>1385.4</ele>
   </trkpt>
   <trkpt lat="36.0816360" lon="-115.4839220">
    <ele>1385.4</ele>
   </trkpt>
   <trkpt lat="36.0816420" lon="-115.4838940">
    <ele>1385.2</ele>
   </trkpt>
   <trkpt lat="36.0816670" lon="-115.4838360">
    <ele>1384.8</ele>
   </trkpt>
   <trkpt lat="36.0816760" lon="-115.4838100">
    <ele>1384.6</ele>
   </trkpt>
   <trkpt lat="36.0816880" lon="-115.4837750">
    <ele>1384.4</ele>
   </trkpt>
   <trkpt lat="36.0816820" lon="-115.4837430">
    <ele>1384.2</ele>
   </trkpt>
   <trkpt lat="36.0816770" lon="-115.4837300">
    <ele>1384.0</ele>
   </trkpt>
   <trkpt lat="36.0816530" lon="-115.4836890">
    <ele>1383.2</ele>
   </trkpt>
   <trkpt lat="36.0816500" lon="-115.4836800">
    <ele>1383.0</ele>
   </trkpt>
   <trkpt lat="36.0816490" lon="-115.4836690">
    <ele>1383.0</ele>
   </trkpt>
   <trkpt lat="36.0816460" lon="-115.4836340">
    <ele>1382.4</ele>
   </trkpt>
   <trkpt lat="36.0816300" lon="-115.4836030">
    <ele>1381.6</ele>
   </trkpt>
   <trkpt lat="36.0816170" lon="-115.4836000">
    <ele>1381.4</ele>
   </trkpt>
   <trkpt lat="36.0816130" lon="-115.4836070">
    <ele>1381.4</ele>
   </trkpt>
   <trkpt lat="36.0815850" lon="-115.4835990">
    <ele>1381.8</ele>
   </trkpt>
   <trkpt lat="36.0815760" lon="-115.4835860">
    <ele>1382.2</ele>
   </trkpt>
   <trkpt lat="36.0815690" lon="-115.4835800">
    <ele>1382.2</ele>
   </trkpt>
   <trkpt lat="36.0815680" lon="-115.4835770">
    <ele>1382.6</ele>
   </trkpt>
   <trkpt lat="36.0815530" lon="-115.4835720">
    <ele>1383.2</ele>
   </trkpt>
   <trkpt lat="36.0815470" lon="-115.4835520">
    <ele>1384.0</ele>
   </trkpt>
   <trkpt lat="36.0815450" lon="-115.4835460">
    <ele>1384.4</ele>
   </trkpt>
   <trkpt lat="36.0815330" lon="-115.4835250">
    <ele>1385.2</ele>
   </trkpt>
   <trkpt lat="36.0815250" lon="-115.4835180">
    <ele>1385.4</ele>
   </trkpt>
   <trkpt lat="36.0815180" lon="-115.4835080">
    <ele>1385.8</ele>
   </trkpt>
   <trkpt lat="36.0815050" lon="-115.4834940">
    <ele>1385.6</ele>
   </trkpt>
   <trkpt lat="36.0815110" lon="-115.4834650">
    <ele>1384.0</ele>
   </trkpt>
   <trkpt lat="36.0815090" lon="-115.4834540">
    <ele>1383.0</ele>
   </trkpt>
   <trkpt lat="36.0815080" lon="-115.4834450">
    <ele>1382.8</ele>
   </trkpt>
   <trkpt lat="36.0814990" lon="-115.4834300">
    <ele>1381.4</ele>
   </trkpt>
   <trkpt lat="36.0814990" lon="-115.4834270">
    <ele>1381.0</ele>
   </trkpt>
   <trkpt lat="36.0815060" lon="-115.4834270">
    <ele>1380.2</ele>
   </trkpt>
   <trkpt lat="36.0815080" lon="-115.4834230">
    <ele>1380.0</ele>
   </trkpt>
   <trkpt lat="36.0815040" lon="-115.4834210">
    <ele>1379.8</ele>
   </trkpt>
   <trkpt lat="36.0814960" lon="-115.4833920">
    <ele>1379.2</ele>
   </trkpt>
   <trkpt lat="36.0814960" lon="-115.4833780">
    <ele>1379.2</ele>
   </trkpt>
   <trkpt lat="36.0815010" lon="-115.4833420">
    <ele>1379.0</ele>
   </trkpt>
   <trkpt lat="36.0815030" lon="-115.4833160">
    <ele>1378.6</ele>
   </trkpt>
   <trkpt lat="36.0815020" lon="-115.4833030">
    <ele>1378.2</ele>
   </trkpt>
   <trkpt lat="36.0815050" lon="-115.4832860">
    <ele>1378.0</ele>
   </trkpt>
   <trkpt lat="36.0815000" lon="-115.4832410">
    <ele>1377.8</ele>
   </trkpt>
   <trkpt lat="36.0814840" lon="-115.4832000">
    <ele>1378.0</ele>
   </trkpt>
   <trkpt lat="36.0814800" lon="-115.4831940">
    <ele>1377.8</ele>
   </trkpt>
   <trkpt lat="36.0814690" lon="-115.4831740">
    <ele>1377.8</ele>
   </trkpt>
   <trkpt lat="36.0814650" lon="-115.4831440">
    <ele>1377.2</ele>
   </trkpt>
   <trkpt lat="36.0814670" lon="-115.4831340">
    <ele>1376.8</ele>
   </trkpt>
   <trkpt lat="36.0814780" lon="-115.4831090">
    <ele>1375.6</ele>
   </trkpt>
   <trkpt lat="36.0815000" lon="-115.4830620">
    <ele>1374.4</ele>
   </trkpt>
   <trkpt lat="36.0815160" lon="-115.4830110">
    <ele>1373.4</ele>
   </trkpt>
   <trkpt lat="36.0814990" lon="-115.4829650">
    <ele>1372.2</ele>
   </trkpt>
   <trkpt lat="36.0814920" lon="-115.4829550">
    <ele>1372.2</ele>
   </trkpt>
   <trkpt lat="36.0814680" lon="-115.4829140">
    <ele>1372.4</ele>
   </trkpt>
   <trkpt lat="36.0814640" lon="-115.4828990">
    <ele>1372.4</ele>
   </trkpt>
   <trkpt lat="36.0814650" lon="-115.4828830">
    <ele>1372.0</ele>
   </trkpt>
   <trkpt lat="36.0814690" lon="-115.4828310">
    <ele>1371.0</ele>
   </trkpt>
   <trkpt lat="36.0814720" lon="-115.4827970">
    <ele>1370.2</ele>
   </trkpt>
   <trkpt lat="36.0814720" lon="-115.4827870">
    <ele>1370.2</ele>
   </trkpt>
   <trkpt lat="36.0814580" lon="-115.4827670">
    <ele>1370.2</ele>
   </trkpt>
   <trkpt lat="36.0814530" lon="-115.4827410">
    <ele>1370.0</ele>
   </trkpt>
   <trkpt lat="36.0814540" lon="-115.4827180">
    <ele>1369.8</ele>
   </trkpt>
   <trkpt lat="36.0814600" lon="-115.4826960">
    <ele>1368.6</ele>
   </trkpt>
   <trkpt lat="36.0814670" lon="-115.4826800">
    <ele>1368.0</ele>
   </trkpt>
   <trkpt lat="36.0814830" lon="-115.4826730">
    <ele>1367.6</ele>
   </trkpt>
   <trkpt lat="36.0815220" lon="-115.4826490">
    <ele>1366.4</ele>
   </trkpt>
   <trkpt lat="36.0815220" lon="-115.4826200">
    <ele>1365.0</ele>
   </trkpt>
   <trkpt lat="36.0815170" lon="-115.4825970">
    <ele>1364.6</ele>
   </trkpt>
   <trkpt lat="36.0814970" lon="-115.4825660">
    <ele>1363.6</ele>
   </trkpt>
   <trkpt lat="36.0814930" lon="-115.4825510">
    <ele>1362.8</ele>
   </trkpt>
   <trkpt lat="36.0814870" lon="-115.4825380">
    <ele>1362.4</ele>
   </trkpt>
   <trkpt lat="36.0814760" lon="-115.4825120">
    <ele>1361.4</ele>
   </trkpt>
   <trkpt lat="36.0814660" lon="-115.4824860">
    <ele>1359.8</ele>
   </trkpt>
   <trkpt lat="36.0814580" lon="-115.4824840">
    <ele>1359.4</ele>
   </trkpt>
   <trkpt lat="36.0814480" lon="-115.4824780">
    <ele>1358.8</ele>
   </trkpt>
   <trkpt lat="36.0814260" lon="-115.4824480">
    <ele>1358.0</ele>
   </trkpt>
   <trkpt lat="36.0814260" lon="-115.4824390">
    <ele>1357.4</ele>
   </trkpt>
   <trkpt lat="36.0814280" lon="-115.4824240">
    <ele>1357.0</ele>
   </trkpt>
   <trkpt lat="36.0814290" lon="-115.4823960">
    <ele>1356.0</ele>
   </trkpt>
   <trkpt lat="36.0814200" lon="-115.4823840">
    <ele>1355.2</ele>
   </trkpt>
   <trkpt lat="36.0814100" lon="-115.4823720">
    <ele>1354.8</ele>
   </trkpt>
   <trkpt lat="36.0813900" lon="-115.4823500">
    <ele>1353.8</ele>
   </trkpt>
   <trkpt lat="36.0813870" lon="-115.4823410">
    <ele>1353.4</ele>
   </trkpt>
   <trkpt lat="36.0813910" lon="-115.4823270">
    <ele>1352.6</ele>
   </trkpt>
   <trkpt lat="36.0813880" lon="-115.4823230">
    <ele>1352.0</ele>
   </trkpt>
   <trkpt lat="36.0813970" lon="-115.4823140">
    <ele>1351.2</ele>
   </trkpt>
   <trkpt lat="36.0814010" lon="-115.4823080">
    <ele>1350.8</ele>
   </trkpt>
   <trkpt lat="36.0814160" lon="-115.4823030">
    <ele>1349.8</ele>
   </trkpt>
   <trkpt lat="36.0814390" lon="-115.4823060">
    <ele>1348.6</ele>
   </trkpt>
   <trkpt lat="36.0814460" lon="-115.4823040">
    <ele>1348.6</ele>
   </trkpt>
   <trkpt lat="36.0814560" lon="-115.4822930">
    <ele>1347.4</ele>
   </trkpt>
   <trkpt lat="36.0814540" lon="-115.4822720">
    <ele>1346.6</ele>
   </trkpt>
   <trkpt lat="36.0814410" lon="-115.4822600">
    <ele>1346.4</ele>
   </trkpt>
   <trkpt lat="36.0814390" lon="-115.4822350">
    <ele>1345.4</ele>
   </trkpt>
   <trkpt lat="36.0814580" lon="-115.4821990">
    <ele>1344.0</ele>
   </trkpt>
   <trkpt lat="36.0814460" lon="-115.4821690">
    <ele>1343.2</ele>
   </trkpt>
   <trkpt lat="36.0814400" lon="-115.4821600">
    <ele>1342.8</ele>
   </trkpt>
   <trkpt lat="36.0814010" lon="-115.4821050">
    <ele>1341.6</ele>
   </trkpt>
   <trkpt lat="36.0813390" lon="-115.4820760">
    <ele>1340.4</ele>
   </trkpt>
   <trkpt lat="36.0813210" lon="-115.4820590">
    <ele>1339.8</ele>
   </trkpt>
   <trkpt lat="36.0813090" lon="-115.4820380">
    <ele>1339.2</ele>
   </trkpt>
   <trkpt lat="36.0812810" lon="-115.4819810">
    <ele>1338.6</ele>
   </trkpt>
   <trkpt lat="36.0812140" lon="-115.4819070">
    <ele>1337.8</ele>
   </trkpt>
   <trkpt lat="36.0811910" lon="-115.4818800">
    <ele>1336.8</ele>
   </trkpt>
   <trkpt lat="36.0811690" lon="-115.4818490">
    <ele>1336.4</ele>
   </trkpt>
   <trkpt lat="36.0811640" lon="-115.4818420">
    <ele>1335.6</ele>
   </trkpt>
   <trkpt lat="36.0811640" lon="-115.4818320">
    <ele>1335.2</ele>
   </trkpt>
   <trkpt lat="36.0811490" lon="-115.4818030">
    <ele>1334.2</ele>
   </trkpt>
   <trkpt lat="36.0811340" lon="-115.4817900">
    <ele>1333.2</ele>
   </trkpt>
   <trkpt lat="36.0811270" lon="-115.4817870">
    <ele>1332.4</ele>
   </trkpt>
   <trkpt lat="36.0811260" lon="-115.4817880">
    <ele>1332.0</ele>
   </trkpt>
   <trkpt lat="36.0811130" lon="-115.4817820">
    <ele>1331.0</ele>
   </trkpt>
   <trkpt lat="36.0811000" lon="-115.4817750">
    <ele>1331.0</ele>
   </trkpt>
   <trkpt lat="36.0810700" lon="-115.4817510">
    <ele>1330.8</ele>
   </trkpt>
   <trkpt lat="36.0810610" lon="-115.4817490">
    <ele>1330.8</ele>
   </trkpt>
   <trkpt lat="36.0810430" lon="-115.4817420">
    <ele>1330.0</ele>
   </trkpt>
   <trkpt lat="36.0810230" lon="-115.4817280">
    <ele>1329.0</ele>
   </trkpt>
   <trkpt lat="36.0810180" lon="-115.4817240">
    <ele>1327.8</ele>
   </trkpt>
   <trkpt lat="36.0809960" lon="-115.4816930">
    <ele>1326.4</ele>
   </trkpt>
   <trkpt lat="36.0809910" lon="-115.4816930">
    <ele>1326.2</ele>
   </trkpt>
   <trkpt lat="36.0809750" lon="-115.4816950">
    <ele>1325.4</ele>
   </trkpt>
   <trkpt lat="36.0809740" lon="-115.4816930">
    <ele>1324.8</ele>
   </trkpt>
   <trkpt lat="36.0809740" lon="-115.4816930">
    <ele>1324.2</ele>
   </trkpt>
   <trkpt lat="36.0809830" lon="-115.4816830">
    <ele>1323.0</ele>
   </trkpt>
   <trkpt lat="36.0809810" lon="-115.4816810">
    <ele>1322.6</ele>
   </trkpt>
   <trkpt lat="36.0809810" lon="-115.4816740">
    <ele>1322.0</ele>
   </trkpt>
   <trkpt lat="36.0809850" lon="-115.4816700">
    <ele>1321.6</ele>
   </trkpt>
   <trkpt lat="36.0809530" lon="-115.4816720">
    <ele>1321.4</ele>
   </trkpt>
   <trkpt lat="36.0809710" lon="-115.4816770">
    <ele>1321.2</ele>
   </trkpt>
   <trkpt lat="36.0809550" lon="-115.4816610">
    <ele>1320.8</ele>
   </trkpt>
   <trkpt lat="36.0809450" lon="-115.4816550">
    <ele>1320.0</ele>
   </trkpt>
   <trkpt lat="36.0809440" lon="-115.4816200">
    <ele>1319.4</ele>
   </trkpt>
   <trkpt lat="36.0809640" lon="-115.4816170">
    <ele>1319.4</ele>
   </trkpt>
   <trkpt lat="36.0810140" lon="-115.4815850">
    <ele>1319.2</ele>
   </trkpt>
   <trkpt lat="36.0810400" lon="-115.4815840">
    <ele>1318.0</ele>
   </trkpt>
   <trkpt lat="36.0810410" lon="-115.4815790">
    <ele>1317.6</ele>
   </trkpt>
   <trkpt lat="36.0810300" lon="-115.4815880">
    <ele>1317.2</ele>
   </trkpt>
   <trkpt lat="36.0810220" lon="-115.4815830">
    <ele>1316.4</ele>
   </trkpt>
   <trkpt lat="36.0810180" lon="-115.4815700">
    <ele>1315.6</ele>
   </trkpt>
   <trkpt lat="36.0810210" lon="-115.4815600">
    <ele>1315.2</ele>
   </trkpt>
   <trkpt lat="36.0810140" lon="-115.4815220">
    <ele>1314.4</ele>
   </trkpt>
   <trkpt lat="36.0810170" lon="-115.4815120">
    <ele>1314.0</ele>
   </trkpt>
   <trkpt lat="36.0809960" lon="-115.4814860">
    <ele>1313.8</ele>
   </trkpt>
   <trkpt lat="36.0810580" lon="-115.4814530">
    <ele>1314.6</ele>
   </trkpt>
   <trkpt lat="36.0810650" lon="-115.4814270">
    <ele>1315.0</ele>
   </trkpt>
   <trkpt lat="36.0810670" lon="-115.4814230">
    <ele>1315.0</ele>
   </trkpt>
   <trkpt lat="36.0810980" lon="-115.4813950">
    <ele>1316.2</ele>
   </trkpt>
   <trkpt lat="36.0811110" lon="-115.4813860">
    <ele>1316.4</ele>
   </trkpt>
   <trkpt lat="36.0811310" lon="-115.4813550">
    <ele>1317.2</ele>
   </trkpt>
   <trkpt lat="36.0811460" lon="-115.4813370">
    <ele>1317.2</ele>
   </trkpt>
   <trkpt lat="36.0811390" lon="-115.4813230">
    <ele>1317.2</ele>
   </trkpt>
   <trkpt lat="36.0811210" lon="-115.4812820">
    <ele>1316.8</ele>
   </trkpt>
   <trkpt lat="36.0811050" lon="-115.4812280">
    <ele>1316.2</ele>
   </trkpt>
   <trkpt lat="36.0810970" lon="-115.4812180">
    <ele>1315.2</ele>
   </trkpt>
   <trkpt lat="36.0810980" lon="-115.4812090">
    <ele>1315.0</ele>
   </trkpt>
   <trkpt lat="36.0810950" lon="-115.4811890">
    <ele>1313.8</ele>
   </trkpt>
   <trkpt lat="36.0811010" lon="-115.4811650">
    <ele>1312.8</ele>
   </trkpt>
   <trkpt lat="36.0811040" lon="-115.4811550">
    <ele>1312.6</ele>
   </trkpt>
   <trkpt lat="36.0810680" lon="-115.4811570">
    <ele>1311.6</ele>
   </trkpt>
   <trkpt lat="36.0810620" lon="-115.4811550">
    <ele>1311.6</ele>
   </trkpt>
   <trkpt lat="36.0810600" lon="-115.4811260">
    <ele>1310.8</ele>
   </trkpt>
   <trkpt lat="36.0810720" lon="-115.4811110">
    <ele>1310.6</ele>
   </trkpt>
   <trkpt lat="36.0810740" lon="-115.4811020">
    <ele>1310.2</ele>
   </trkpt>
   <trkpt lat="36.0810830" lon="-115.4810650">
    <ele>1309.4</ele>
   </trkpt>
   <trkpt lat="36.0810890" lon="-115.4810400">
    <ele>1309.0</ele>
   </trkpt>
   <trkpt lat="36.0810950" lon="-115.4809740">
    <ele>1309.0</ele>
   </trkpt>
   <trkpt lat="36.0810890" lon="-115.4809380">
    <ele>1308.8</ele>
   </trkpt>
   <trkpt lat="36.0810660" lon="-115.4809200">
    <ele>1308.4</ele>
   </trkpt>
   <trkpt lat="36.0810650" lon="-115.4809130">
    <ele>1308.2</ele>
   </trkpt>
   <trkpt lat="36.0810520" lon="-115.4808430">
    <ele>1307.8</ele>
   </trkpt>
   <trkpt lat="36.0810340" lon="-115.4808000">
    <ele>1307.0</ele>
   </trkpt>
   <trkpt lat="36.0810100" lon="-115.4807570">
    <ele>1306.6</ele>
   </trkpt>
   <trkpt lat="36.0809990" lon="-115.4807370">
    <ele>1307.0</ele>
   </trkpt>
   <trkpt lat="36.0809980" lon="-115.4806980">
    <ele>1307.0</ele>
   </trkpt>
   <trkpt lat="36.0809990" lon="-115.4806830">
    <ele>1306.8</ele>
   </trkpt>
   <trkpt lat="36.0810030" lon="-115.4806670">
    <ele>1306.6</ele>
   </trkpt>
   <trkpt lat="36.0810110" lon="-115.4806270">
    <ele>1306.0</ele>
   </trkpt>
   <trkpt lat="36.0810150" lon="-115.4806170">
    <ele>1306.0</ele>
   </trkpt>
   <trkpt lat="36.0810220" lon="-115.4806070">
    <ele>1305.8</ele>
   </trkpt>
   <trkpt lat="36.0810270" lon="-115.4805830">
    <ele>1305.6</ele>
   </trkpt>
   <trkpt lat="36.0810220" lon="-115.4805490">
    <ele>1305.4</ele>
   </trkpt>
   <trkpt lat="36.0809870" lon="-115.4804610">
    <ele>1304.6</ele>
   </trkpt>
   <trkpt lat="36.0809790" lon="-115.4804460">
    <ele>1304.4</ele>
   </trkpt>
   <trkpt lat="36.0809790" lon="-115.4804290">
    <ele>1304.0</ele>
   </trkpt>
   <trkpt lat="36.0809830" lon="-115.4803680">
    <ele>1303.6</ele>
   </trkpt>
   <trkpt lat="36.0809790" lon="-115.4803590">
    <ele>1303.6</ele>
   </trkpt>
   <trkpt lat="36.0809330" lon="-115.4803020">
    <ele>1302.6</ele>
   </trkpt>
   <trkpt lat="36.0809310" lon="-115.4803040">
    <ele>1302.2</ele>
   </trkpt>
   <trkpt lat="36.0809290" lon="-115.4802910">
    <ele>1301.6</ele>
   </trkpt>
   <trkpt lat="36.0809100" lon="-115.4802850">
    <ele>1301.6</ele>
   </trkpt>
   <trkpt lat="36.0809110" lon="-115.4803000">
    <ele>1301.4</ele>
   </trkpt>
   <trkpt lat="36.0809050" lon="-115.4803210">
    <ele>1301.6</ele>
   </trkpt>
   <trkpt lat="36.0809150" lon="-115.4803400">
    <ele>1302.0</ele>
   </trkpt>
   <trkpt lat="36.0809140" lon="-115.4803330">
    <ele>1302.2</ele>
   </trkpt>
   <trkpt lat="36.0809280" lon="-115.4803310">
    <ele>1302.0</ele>
   </trkpt>
   <trkpt lat="36.0809420" lon="-115.4803380">
    <ele>1302.2</ele>
   </trkpt>
   <trkpt lat="36.0809450" lon="-115.4803380">
    <ele>1302.2</ele>
   </trkpt>
   <trkpt lat="36.0809630" lon="-115.4803230">
    <ele>1302.2</ele>
   </trkpt>
   <trkpt lat="36.0809650" lon="-115.4803210">
    <ele>1302.4</ele>
   </trkpt>
   <trkpt lat="36.0809650" lon="-115.4803210">
    <ele>1302.2</ele>
   </trkpt>
   <trkpt lat="36.0809750" lon="-115.4803290">
    <ele>1302.4</ele>
   </trkpt>
   <trkpt lat="36.0809790" lon="-115.4803310">
    <ele>1302.4</ele>
   </trkpt>
   <trkpt lat="36.0809790" lon="-115.4803340">
    <ele>1302.2</ele>
   </trkpt>
   <trkpt lat="36.0809780" lon="-115.4803370">
    <ele>1302.0</ele>
   </trkpt>
   <trkpt lat="36.0809890" lon="-115.4803380">
    <ele>1302.0</ele>
   </trkpt>
   <trkpt lat="36.0809940" lon="-115.4803270">
    <ele>1302.2</ele>
   </trkpt>
   <trkpt lat="36.0809940" lon="-115.4803260">
    <ele>1302.4</ele>
   </trkpt>
   <trkpt lat="36.0809860" lon="-115.4803380">
    <ele>1303.2</ele>
   </trkpt>
   <trkpt lat="36.0809850" lon="-115.4803360">
    <ele>1303.2</ele>
   </trkpt>
   <trkpt lat="36.0809830" lon="-115.4803310">
    <ele>1303.2</ele>
   </trkpt>
   <trkpt lat="36.0809820" lon="-115.4803310">
    <ele>1303.2</ele>
   </trkpt>
   <trkpt lat="36.0809820" lon="-115.4803310">
    <ele>1303.2</ele>
   </trkpt>
   <trkpt lat="36.0809820" lon="-115.4803310">
    <ele>1303.4</ele>
   </trkpt>
   <trkpt lat="36.0809760" lon="-115.4803260">
    <ele>1304.4</ele>
   </trkpt>
   <trkpt lat="36.0809760" lon="-115.4803240">
    <ele>1304.8</ele>
   </trkpt>
   <trkpt lat="36.0809500" lon="-115.4803010">
    <ele>1305.6</ele>
   </trkpt>
   <trkpt lat="36.0809410" lon="-115.4802940">
    <ele>1305.8</ele>
   </trkpt>
   <trkpt lat="36.0808640" lon="-115.4802310">
    <ele>1305.4</ele>
   </trkpt>
   <trkpt lat="36.0808450" lon="-115.4802160">
    <ele>1304.8</ele>
   </trkpt>
   <trkpt lat="36.0808340" lon="-115.4802150">
    <ele>1304.6</ele>
   </trkpt>
   <trkpt lat="36.0807610" lon="-115.4802180">
    <ele>1304.2</ele>
   </trkpt>
   <trkpt lat="36.0807330" lon="-115.4802110">
    <ele>1304.6</ele>
   </trkpt>
   <trkpt lat="36.0807260" lon="-115.4801880">
    <ele>1304.8</ele>
   </trkpt>
   <trkpt lat="36.0807230" lon="-115.4801680">
    <ele>1305.4</ele>
   </trkpt>
   <trkpt lat="36.0807180" lon="-115.4801520">
    <ele>1305.6</ele>
   </trkpt>
   <trkpt lat="36.0807120" lon="-115.4801360">
    <ele>1305.6</ele>
   </trkpt>
   <trkpt lat="36.0806790" lon="-115.4801090">
    <ele>1305.8</ele>
   </trkpt>
   <trkpt lat="36.0806730" lon="-115.4800810">
    <ele>1306.0</ele>
   </trkpt>
   <trkpt lat="36.0806850" lon="-115.4800290">
    <ele>1306.2</ele>
   </trkpt>
   <trkpt lat="36.0806880" lon="-115.4800150">
    <ele>1306.6</ele>
   </trkpt>
   <trkpt lat="36.0806820" lon="-115.4799880">
    <ele>1306.6</ele>
   </trkpt>
   <trkpt lat="36.0806630" lon="-115.4799800">
    <ele>1306.8</ele>
   </trkpt>
   <trkpt lat="36.0806530" lon="-115.4799630">
    <ele>1306.8</ele>
   </trkpt>
   <trkpt lat="36.0806250" lon="-115.4799190">
    <ele>1307.0</ele>
   </trkpt>
   <trkpt lat="36.0806090" lon="-115.4799150">
    <ele>1307.4</ele>
   </trkpt>
   <trkpt lat="36.0805860" lon="-115.4798810">
    <ele>1307.4</ele>
   </trkpt>
   <trkpt lat="36.0805810" lon="-115.4798470">
    <ele>1307.4</ele>
   </trkpt>
   <trkpt lat="36.0805700" lon="-115.4797880">
    <ele>1306.8</ele>
   </trkpt>
   <trkpt lat="36.0805520" lon="-115.4796930">
    <ele>1306.0</ele>
   </trkpt>
   <trkpt lat="36.0805500" lon="-115.4796740">
    <ele>1305.4</ele>
   </trkpt>
   <trkpt lat="36.0805250" lon="-115.4795930">
    <ele>1304.4</ele>
   </trkpt>
   <trkpt lat="36.0805180" lon="-115.4795910">
    <ele>1304.2</ele>
   </trkpt>
   <trkpt lat="36.0805000" lon="-115.4795480">
    <ele>1302.8</ele>
   </trkpt>
   <trkpt lat="36.0804860" lon="-115.4795220">
    <ele>1301.8</ele>
   </trkpt>
   <trkpt lat="36.0804520" lon="-115.4794650">
    <ele>1301.2</ele>
   </trkpt>
   <trkpt lat="36.0804330" lon="-115.4794510">
    <ele>1301.2</ele>
   </trkpt>
   <trkpt lat="36.0804210" lon="-115.4794230">
    <ele>1301.0</ele>
   </trkpt>
   <trkpt lat="36.0804110" lon="-115.4793890">
    <ele>1300.6</ele>
   </trkpt>
   <trkpt lat="36.0804080" lon="-115.4793640">
    <ele>1300.2</ele>
   </trkpt>
   <trkpt lat="36.0803990" lon="-115.4793410">
    <ele>1299.8</ele>
   </trkpt>
   <trkpt lat="36.0803850" lon="-115.4793260">
    <ele>1299.6</ele>
   </trkpt>
   <trkpt lat="36.0803690" lon="-115.4793130">
    <ele>1299.4</ele>
   </trkpt>
   <trkpt lat="36.0803500" lon="-115.4792760">
    <ele>1299.4</ele>
   </trkpt>
   <trkpt lat="36.0802900" lon="-115.4792210">
    <ele>1298.8</ele>
   </trkpt>
   <trkpt lat="36.0802390" lon="-115.4791980">
    <ele>1298.4</ele>
   </trkpt>
   <trkpt lat="36.0802090" lon="-115.4792030">
    <ele>1298.2</ele>
   </trkpt>
   <trkpt lat="36.0801960" lon="-115.4792100">
    <ele>1298.0</ele>
   </trkpt>
   <trkpt lat="36.0801880" lon="-115.4792160">
    <ele>1297.2</ele>
   </trkpt>
   <trkpt lat="36.0801940" lon="-115.4791980">
    <ele>1296.2</ele>
   </trkpt>
   <trkpt lat="36.0801970" lon="-115.4791750">
    <ele>1295.4</ele>
   </trkpt>
   <trkpt lat="36.0801970" lon="-115.4791610">
    <ele>1295.0</ele>
   </trkpt>
   <trkpt lat="36.0801850" lon="-115.4791290">
    <ele>1294.2</ele>
   </trkpt>
   <trkpt lat="36.0801750" lon="-115.4791100">
    <ele>1293.8</ele>
   </trkpt>
   <trkpt lat="36.0801630" lon="-115.4790910">
    <ele>1293.4</ele>
   </trkpt>
   <trkpt lat="36.0801430" lon="-115.4790620">
    <ele>1292.8</ele>
   </trkpt>
   <trkpt lat="36.0801440" lon="-115.4790520">
    <ele>1292.4</ele>
   </trkpt>
   <trkpt lat="36.0801430" lon="-115.4790390">
    <ele>1291.4</ele>
   </trkpt>
   <trkpt lat="36.0801380" lon="-115.4790320">
    <ele>1291.0</ele>
   </trkpt>
   <trkpt lat="36.0801280" lon="-115.4790020">
    <ele>1290.2</ele>
   </trkpt>
   <trkpt lat="36.0801130" lon="-115.4789870">
    <ele>1289.4</ele>
   </trkpt>
   <trkpt lat="36.0800960" lon="-115.4789890">
    <ele>1289.2</ele>
   </trkpt>
   <trkpt lat="36.0800280" lon="-115.4789940">
    <ele>1288.8</ele>
   </trkpt>
   <trkpt lat="36.0800250" lon="-115.4789920">
    <ele>1288.6</ele>
   </trkpt>
   <trkpt lat="36.0800030" lon="-115.4789860">
    <ele>1288.0</ele>
   </trkpt>
   <trkpt lat="36.0799820" lon="-115.4789750">
    <ele>1288.0</ele>
   </trkpt>
   <trkpt lat="36.0799790" lon="-115.4789670">
    <ele>1288.0</ele>
   </trkpt>
   <trkpt lat="36.0799790" lon="-115.4789530">
    <ele>1288.2</ele>
   </trkpt>
   <trkpt lat="36.0799740" lon="-115.4789450">
    <ele>1288.2</ele>
   </trkpt>
   <trkpt lat="36.0799350" lon="-115.4789010">
    <ele>1287.2</ele>
   </trkpt>
   <trkpt lat="36.0798890" lon="-115.4788700">
    <ele>1287.4</ele>
   </trkpt>
   <trkpt lat="36.0798490" lon="-115.4788390">
    <ele>1287.8</ele>
   </trkpt>
   <trkpt lat="36.0798210" lon="-115.4788130">
    <ele>1288.0</ele>
   </trkpt>
   <trkpt lat="36.0798090" lon="-115.4788050">
    <ele>1288.0</ele>
   </trkpt>
   <trkpt lat="36.0798020" lon="-115.4787920">
    <ele>1288.2</ele>
   </trkpt>
   <trkpt lat="36.0797800" lon="-115.4787310">
    <ele>1289.0</ele>
   </trkpt>
   <trkpt lat="36.0797670" lon="-115.4787090">
    <ele>1289.2</ele>
   </trkpt>
   <trkpt lat="36.0797270" lon="-115.4785820">
    <ele>1288.6</ele>
   </trkpt>
   <trkpt lat="36.0796370" lon="-115.4784570">
    <ele>1289.0</ele>
   </trkpt>
   <trkpt lat="36.0796220" lon="-115.4784130">
    <ele>1289.2</ele>
   </trkpt>
   <trkpt lat="36.0795830" lon="-115.4783230">
    <ele>1289.4</ele>
   </trkpt>
   <trkpt lat="36.0795630" lon="-115.4782760">
    <ele>1289.0</ele>
   </trkpt>
   <trkpt lat="36.0795500" lon="-115.4782280">
    <ele>1288.0</ele>
   </trkpt>
   <trkpt lat="36.0795410" lon="-115.4782050">
    <ele>1287.4</ele>
   </trkpt>
   <trkpt lat="36.0795210" lon="-115.4781670">
    <ele>1287.2</ele>
   </trkpt>
   <trkpt lat="36.0795220" lon="-115.4781480">
    <ele>1287.0</ele>
   </trkpt>
   <trkpt lat="36.0795210" lon="-115.4781260">
    <ele>1286.8</ele>
   </trkpt>
   <trkpt lat="36.0795100" lon="-115.4780780">
    <ele>1286.2</ele>
   </trkpt>
   <trkpt lat="36.0795060" lon="-115.4780650">
    <ele>1286.2</ele>
   </trkpt>
   <trkpt lat="36.0794850" lon="-115.4780640">
    <ele>1286.0</ele>
   </trkpt>
   <trkpt lat="36.0794770" lon="-115.4780580">
    <ele>1286.2</ele>
   </trkpt>
   <trkpt lat="36.0794730" lon="-115.4780490">
    <ele>1286.2</ele>
   </trkpt>
   <trkpt lat="36.0794670" lon="-115.4780130">
    <ele>1286.0</ele>
   </trkpt>
   <trkpt lat="36.0794640" lon="-115.4780050">
    <ele>1285.6</ele>
   </trkpt>
   <trkpt lat="36.0794530" lon="-115.4779730">
    <ele>1284.4</ele>
   </trkpt>
   <trkpt lat="36.0794480" lon="-115.4779390">
    <ele>1283.4</ele>
   </trkpt>
   <trkpt lat="36.0794460" lon="-115.4779330">
    <ele>1282.8</ele>
   </trkpt>
   <trkpt lat="36.0794560" lon="-115.4779110">
    <ele>1282.6</ele>
   </trkpt>
   <trkpt lat="36.0794660" lon="-115.4778920">
    <ele>1281.4</ele>
   </trkpt>
   <trkpt lat="36.0794670" lon="-115.4778860">
    <ele>1281.2</ele>
   </trkpt>
   <trkpt lat="36.0794750" lon="-115.4778600">
    <ele>1280.4</ele>
   </trkpt>
   <trkpt lat="36.0794670" lon="-115.4778190">
    <ele>1279.4</ele>
   </trkpt>
   <trkpt lat="36.0794590" lon="-115.4777870">
    <ele>1278.6</ele>
   </trkpt>
   <trkpt lat="36.0794590" lon="-115.4777800">
    <ele>1278.4</ele>
   </trkpt>
   <trkpt lat="36.0794600" lon="-115.4777400">
    <ele>1276.8</ele>
   </trkpt>
   <trkpt lat="36.0794630" lon="-115.4777160">
    <ele>1275.8</ele>
   </trkpt>
   <trkpt lat="36.0794530" lon="-115.4776780">
    <ele>1274.8</ele>
   </trkpt>
   <trkpt lat="36.0794490" lon="-115.4776540">
    <ele>1274.4</ele>
   </trkpt>
   <trkpt lat="36.0794460" lon="-115.4776310">
    <ele>1273.8</ele>
   </trkpt>
   <trkpt lat="36.0794330" lon="-115.4776000">
    <ele>1272.6</ele>
   </trkpt>
   <trkpt lat="36.0794300" lon="-115.4775930">
    <ele>1272.4</ele>
   </trkpt>
   <trkpt lat="36.0794300" lon="-115.4775670">
    <ele>1271.6</ele>
   </trkpt>
   <trkpt lat="36.0794300" lon="-115.4775360">
    <ele>1270.8</ele>
   </trkpt>
   <trkpt lat="36.0794230" lon="-115.4774780">
    <ele>1270.0</ele>
   </trkpt>
   <trkpt lat="36.0794070" lon="-115.4774260">
    <ele>1268.8</ele>
   </trkpt>
   <trkpt lat="36.0794010" lon="-115.4774040">
    <ele>1268.4</ele>
   </trkpt>
   <trkpt lat="36.0793920" lon="-115.4773280">
    <ele>1268.2</ele>
   </trkpt>
   <trkpt lat="36.0793810" lon="-115.4773060">
    <ele>1267.6</ele>
   </trkpt>
   <trkpt lat="36.0793680" lon="-115.4772850">
    <ele>1267.4</ele>
   </trkpt>
   <trkpt lat="36.0793330" lon="-115.4772270">
    <ele>1266.8</ele>
   </trkpt>
   <trkpt lat="36.0793300" lon="-115.4772050">
    <ele>1266.6</ele>
   </trkpt>
   <trkpt lat="36.0793260" lon="-115.4771820">
    <ele>1266.4</ele>
   </trkpt>
   <trkpt lat="36.0793220" lon="-115.4771620">
    <ele>1265.8</ele>
   </trkpt>
   <trkpt lat="36.0792920" lon="-115.4770780">
    <ele>1265.4</ele>
   </trkpt>
   <trkpt lat="36.0792450" lon="-115.4770150">
    <ele>1264.6</ele>
   </trkpt>
   <trkpt lat="36.0792170" lon="-115.4769770">
    <ele>1264.4</ele>
   </trkpt>
   <trkpt lat="36.0791940" lon="-115.4769350">
    <ele>1264.4</ele>
   </trkpt>
   <trkpt lat="36.0791740" lon="-115.4768920">
    <ele>1263.6</ele>
   </trkpt>
   <trkpt lat="36.0791720" lon="-115.4768840">
    <ele>1263.6</ele>
   </trkpt>
   <trkpt lat="36.0791650" lon="-115.4768770">
    <ele>1263.2</ele>
   </trkpt>
   <trkpt lat="36.0791560" lon="-115.4768610">
    <ele>1263.0</ele>
   </trkpt>
   <trkpt lat="36.0791470" lon="-115.4768420">
    <ele>1262.8</ele>
   </trkpt>
   <trkpt lat="36.0791390" lon="-115.4768330">
    <ele>1262.6</ele>
   </trkpt>
   <trkpt lat="36.0791280" lon="-115.4768280">
    <ele>1262.4</ele>
   </trkpt>
   <trkpt lat="36.0791110" lon="-115.4768200">
    <ele>1262.2</ele>
   </trkpt>
   <trkpt lat="36.0791030" lon="-115.4768120">
    <ele>1262.0</ele>
   </trkpt>
   <trkpt lat="36.0790950" lon="-115.4767880">
    <ele>1261.8</ele>
   </trkpt>
   <trkpt lat="36.0790900" lon="-115.4767450">
    <ele>1261.8</ele>
   </trkpt>
   <trkpt lat="36.0790850" lon="-115.4767050">
    <ele>1261.2</ele>
   </trkpt>
   <trkpt lat="36.0790970" lon="-115.4766740">
    <ele>1261.0</ele>
   </trkpt>
   <trkpt lat="36.0790970" lon="-115.4766600">
    <ele>1261.0</ele>
   </trkpt>
   <trkpt lat="36.0790920" lon="-115.4766350">
    <ele>1261.2</ele>
   </trkpt>
   <trkpt lat="36.0790970" lon="-115.4765890">
    <ele>1262.4</ele>
   </trkpt>
   <trkpt lat="36.0790990" lon="-115.4765450">
    <ele>1262.8</ele>
   </trkpt>
   <trkpt lat="36.0790890" lon="-115.4765150">
    <ele>1263.0</ele>
   </trkpt>
   <trkpt lat="36.0790650" lon="-115.4764770">
    <ele>1263.4</ele>
   </trkpt>
   <trkpt lat="36.0790610" lon="-115.4764580">
    <ele>1263.6</ele>
   </trkpt>
   <trkpt lat="36.0790610" lon="-115.4764080">
    <ele>1262.0</ele>
   </trkpt>
   <trkpt lat="36.0790600" lon="-115.4764010">
    <ele>1261.8</ele>
   </trkpt>
   <trkpt lat="36.0790410" lon="-115.4763730">
    <ele>1261.2</ele>
   </trkpt>
   <trkpt lat="36.0790320" lon="-115.4763610">
    <ele>1260.8</ele>
   </trkpt>
   <trkpt lat="36.0790090" lon="-115.4763020">
    <ele>1260.0</ele>
   </trkpt>
   <trkpt lat="36.0790000" lon="-115.4762730">
    <ele>1259.8</ele>
   </trkpt>
   <trkpt lat="36.0789970" lon="-115.4762620">
    <ele>1260.0</ele>
   </trkpt>
   <trkpt lat="36.0789950" lon="-115.4762580">
    <ele>1260.0</ele>
   </trkpt>
   <trkpt lat="36.0789720" lon="-115.4762600">
    <ele>1260.4</ele>
   </trkpt>
   <trkpt lat="36.0789440" lon="-115.4762330">
    <ele>1260.6</ele>
   </trkpt>
   <trkpt lat="36.0788850" lon="-115.4761590">
    <ele>1260.4</ele>
   </trkpt>
   <trkpt lat="36.0788910" lon="-115.4761370">
    <ele>1261.2</ele>
   </trkpt>
   <trkpt lat="36.0789000" lon="-115.4761210">
    <ele>1261.2</ele>
   </trkpt>
   <trkpt lat="36.0788950" lon="-115.4760200">
    <ele>1260.4</ele>
   </trkpt>
   <trkpt lat="36.0788640" lon="-115.4759520">
    <ele>1260.0</ele>
   </trkpt>
   <trkpt lat="36.0788570" lon="-115.4759390">
    <ele>1260.0</ele>
   </trkpt>
   <trkpt lat="36.0788540" lon="-115.4759220">
    <ele>1259.8</ele>
   </trkpt>
   <trkpt lat="36.0788480" lon="-115.4759050">
    <ele>1259.6</ele>
   </trkpt>
   <trkpt lat="36.0788480" lon="-115.4758710">
    <ele>1259.2</ele>
   </trkpt>
   <trkpt lat="36.0788560" lon="-115.4758480">
    <ele>1258.8</ele>
   </trkpt>
   <trkpt lat="36.0788610" lon="-115.4758300">
    <ele>1258.2</ele>
   </trkpt>
   <trkpt lat="36.0788720" lon="-115.4758030">
    <ele>1257.6</ele>
   </trkpt>
   <trkpt lat="36.0788910" lon="-115.4757510">
    <ele>1256.8</ele>
   </trkpt>
   <trkpt lat="36.0788940" lon="-115.4757380">
    <ele>1256.6</ele>
   </trkpt>
   <trkpt lat="36.0789030" lon="-115.4757290">
    <ele>1256.2</ele>
   </trkpt>
   <trkpt lat="36.0789100" lon="-115.4757110">
    <ele>1255.4</ele>
   </trkpt>
   <trkpt lat="36.0789130" lon="-115.4756220">
    <ele>1254.0</ele>
   </trkpt>
   <trkpt lat="36.0789080" lon="-115.4755750">
    <ele>1253.4</ele>
   </trkpt>
   <trkpt lat="36.0789110" lon="-115.4755670">
    <ele>1253.0</ele>
   </trkpt>
   <trkpt lat="36.0789200" lon="-115.4755600">
    <ele>1252.8</ele>
   </trkpt>
   <trkpt lat="36.0789460" lon="-115.4754990">
    <ele>1251.6</ele>
   </trkpt>
   <trkpt lat="36.0789530" lon="-115.4754400">
    <ele>1251.0</ele>
   </trkpt>
   <trkpt lat="36.0789660" lon="-115.4754130">
    <ele>1250.2</ele>
   </trkpt>
   <trkpt lat="36.0789830" lon="-115.4753790">
    <ele>1249.2</ele>
   </trkpt>
   <trkpt lat="36.0789860" lon="-115.4753580">
    <ele>1249.0</ele>
   </trkpt>
   <trkpt lat="36.0789810" lon="-115.4752980">
    <ele>1247.6</ele>
   </trkpt>
   <trkpt lat="36.0789780" lon="-115.4752440">
    <ele>1247.4</ele>
   </trkpt>
   <trkpt lat="36.0789620" lon="-115.4751700">
    <ele>1247.6</ele>
   </trkpt>
   <trkpt lat="36.0789540" lon="-115.4751060">
    <ele>1247.2</ele>
   </trkpt>
   <trkpt lat="36.0789510" lon="-115.4750660">
    <ele>1247.0</ele>
   </trkpt>
   <trkpt lat="36.0789580" lon="-115.4750440">
    <ele>1246.6</ele>
   </trkpt>
   <trkpt lat="36.0789640" lon="-115.4749960">
    <ele>1245.4</ele>
   </trkpt>
   <trkpt lat="36.0789350" lon="-115.4748800">
    <ele>1244.6</ele>
   </trkpt>
   <trkpt lat="36.0789240" lon="-115.4748620">
    <ele>1244.6</ele>
   </trkpt>
   <trkpt lat="36.0788960" lon="-115.4747690">
    <ele>1244.8</ele>
   </trkpt>
   <trkpt lat="36.0788950" lon="-115.4747450">
    <ele>1244.8</ele>
   </trkpt>
   <trkpt lat="36.0788900" lon="-115.4746320">
    <ele>1245.6</ele>
   </trkpt>
   <trkpt lat="36.0788780" lon="-115.4745970">
    <ele>1245.8</ele>
   </trkpt>
   <trkpt lat="36.0788480" lon="-115.4745300">
    <ele>1245.4</ele>
   </trkpt>
   <trkpt lat="36.0788450" lon="-115.4745070">
    <ele>1244.4</ele>
   </trkpt>
   <trkpt lat="36.0788520" lon="-115.4744370">
    <ele>1243.2</ele>
   </trkpt>
   <trkpt lat="36.0788570" lon="-115.4744210">
    <ele>1242.8</ele>
   </trkpt>
   <trkpt lat="36.0788680" lon="-115.4743140">
    <ele>1242.2</ele>
   </trkpt>
   <trkpt lat="36.0788660" lon="-115.4743030">
    <ele>1242.2</ele>
   </trkpt>
   <trkpt lat="36.0788690" lon="-115.4742500">
    <ele>1241.8</ele>
   </trkpt>
   <trkpt lat="36.0788660" lon="-115.4742200">
    <ele>1241.8</ele>
   </trkpt>
   <trkpt lat="36.0788600" lon="-115.4741770">
    <ele>1241.8</ele>
   </trkpt>
   <trkpt lat="36.0788880" lon="-115.4741380">
    <ele>1241.4</ele>
   </trkpt>
   <trkpt lat="36.0788970" lon="-115.4741110">
    <ele>1240.6</ele>
   </trkpt>
   <trkpt lat="36.0789220" lon="-115.4740420">
    <ele>1240.2</ele>
   </trkpt>
   <trkpt lat="36.0789330" lon="-115.4740170">
    <ele>1240.2</ele>
   </trkpt>
   <trkpt lat="36.0789400" lon="-115.4740040">
    <ele>1240.0</ele>
   </trkpt>
   <trkpt lat="36.0789460" lon="-115.4739920">
    <ele>1240.0</ele>
   </trkpt>
   <trkpt lat="36.0789640" lon="-115.4739690">
    <ele>1239.8</ele>
   </trkpt>
   <trkpt lat="36.0789680" lon="-115.4739560">
    <ele>1239.6</ele>
   </trkpt>
   <trkpt lat="36.0789880" lon="-115.4739280">
    <ele>1239.0</ele>
   </trkpt>
   <trkpt lat="36.0790020" lon="-115.4738880">
    <ele>1238.8</ele>
   </trkpt>
   <trkpt lat="36.0790450" lon="-115.4738450">
    <ele>1238.4</ele>
   </trkpt>
   <trkpt lat="36.0790720" lon="-115.4738050">
    <ele>1238.2</ele>
   </trkpt>
   <trkpt lat="36.0790840" lon="-115.4737810">
    <ele>1238.0</ele>
   </trkpt>
   <trkpt lat="36.0791040" lon="-115.4737070">
    <ele>1237.0</ele>
   </trkpt>
   <trkpt lat="36.0791300" lon="-115.4736630">
    <ele>1236.6</ele>
   </trkpt>
   <trkpt lat="36.0791510" lon="-115.4736210">
    <ele>1236.6</ele>
   </trkpt>
   <trkpt lat="36.0791390" lon="-115.4734830">
    <ele>1235.6</ele>
   </trkpt>
   <trkpt lat="36.0791260" lon="-115.4733860">
    <ele>1234.8</ele>
   </trkpt>
   <trkpt lat="36.0791180" lon="-115.4733020">
    <ele>1234.8</ele>
   </trkpt>
   <trkpt lat="36.0791030" lon="-115.4732300">
    <ele>1234.6</ele>
   </trkpt>
   <trkpt lat="36.0791140" lon="-115.4731870">
    <ele>1233.8</ele>
   </trkpt>
   <trkpt lat="36.0791220" lon="-115.4731650">
    <ele>1233.4</ele>
   </trkpt>
   <trkpt lat="36.0791260" lon="-115.4730540">
    <ele>1232.2</ele>
   </trkpt>
   <trkpt lat="36.0791430" lon="-115.4729720">
    <ele>1231.6</ele>
   </trkpt>
   <trkpt lat="36.0791540" lon="-115.4729260">
    <ele>1231.2</ele>
   </trkpt>
   <trkpt lat="36.0791820" lon="-115.4729050">
    <ele>1230.8</ele>
   </trkpt>
   <trkpt lat="36.0791890" lon="-115.4728340">
    <ele>1230.4</ele>
   </trkpt>
   <trkpt lat="36.0791820" lon="-115.4728180">
    <ele>1230.0</ele>
   </trkpt>
   <trkpt lat="36.0791440" lon="-115.4727390">
    <ele>1229.4</ele>
   </trkpt>
   <trkpt lat="36.0791080" lon="-115.4726700">
    <ele>1228.6</ele>
   </trkpt>
   <trkpt lat="36.0790870" lon="-115.4726190">
    <ele>1227.6</ele>
   </trkpt>
   <trkpt lat="36.0790790" lon="-115.4725940">
    <ele>1227.4</ele>
   </trkpt>
   <trkpt lat="36.0790480" lon="-115.4725310">
    <ele>1226.2</ele>
   </trkpt>
   <trkpt lat="36.0790190" lon="-115.4724820">
    <ele>1225.6</ele>
   </trkpt>
   <trkpt lat="36.0789890" lon="-115.4724530">
    <ele>1225.2</ele>
   </trkpt>
   <trkpt lat="36.0789600" lon="-115.4724310">
    <ele>1225.2</ele>
   </trkpt>
   <trkpt lat="36.0788910" lon="-115.4723820">
    <ele>1224.0</ele>
   </trkpt>
   <trkpt lat="36.0788420" lon="-115.4723480">
    <ele>1224.0</ele>
   </trkpt>
   <trkpt lat="36.0788320" lon="-115.4723230">
    <ele>1224.2</ele>
   </trkpt>
   <trkpt lat="36.0788340" lon="-115.4723130">
    <ele>1224.2</ele>
   </trkpt>
   <trkpt lat="36.0788450" lon="-115.4722580">
    <ele>1223.2</ele>
   </trkpt>
   <trkpt lat="36.0788460" lon="-115.4722450">
    <ele>1222.6</ele>
   </trkpt>
   <trkpt lat="36.0788510" lon="-115.4722290">
    <ele>1222.2</ele>
   </trkpt>
   <trkpt lat="36.0788620" lon="-115.4722090">
    <ele>1221.2</ele>
   </trkpt>
   <trkpt lat="36.0788650" lon="-115.4721980">
    <ele>1220.6</ele>
   </trkpt>
   <trkpt lat="36.0788660" lon="-115.4721840">
    <ele>1220.2</ele>
   </trkpt>
   <trkpt lat="36.0788730" lon="-115.4721580">
    <ele>1219.2</ele>
   </trkpt>
   <trkpt lat="36.0788780" lon="-115.4721470">
    <ele>1218.6</ele>
   </trkpt>
   <trkpt lat="36.0788830" lon="-115.4721350">
    <ele>1218.0</ele>
   </trkpt>
   <trkpt lat="36.0788840" lon="-115.4721220">
    <ele>1217.8</ele>
   </trkpt>
   <trkpt lat="36.0788810" lon="-115.4721010">
    <ele>1216.8</ele>
   </trkpt>
   <trkpt lat="36.0788810" lon="-115.4721000">
    <ele>1216.8</ele>
   </trkpt>
   <trkpt lat="36.0788820" lon="-115.4720990">
    <ele>1216.4</ele>
   </trkpt>
   <trkpt lat="36.0788970" lon="-115.4720700">
    <ele>1215.8</ele>
   </trkpt>
   <trkpt lat="36.0789000" lon="-115.4720540">
    <ele>1215.4</ele>
   </trkpt>
   <trkpt lat="36.0788920" lon="-115.4720270">
    <ele>1214.6</ele>
   </trkpt>
   <trkpt lat="36.0788860" lon="-115.4720170">
    <ele>1214.2</ele>
   </trkpt>
   <trkpt lat="36.0788660" lon="-115.4719880">
    <ele>1214.0</ele>
   </trkpt>
   <trkpt lat="36.0788620" lon="-115.4719670">
    <ele>1214.0</ele>
   </trkpt>
   <trkpt lat="36.0788450" lon="-115.4719390">
    <ele>1214.0</ele>
   </trkpt>
   <trkpt lat="36.0788300" lon="-115.4719280">
    <ele>1214.0</ele>
   </trkpt>
   <trkpt lat="36.0788140" lon="-115.4718970">
    <ele>1214.4</ele>
   </trkpt>
   <trkpt lat="36.0787780" lon="-115.4718580">
    <ele>1214.2</ele>
   </trkpt>
   <trkpt lat="36.0787730" lon="-115.4718260">
    <ele>1213.4</ele>
   </trkpt>
   <trkpt lat="36.0787780" lon="-115.4718050">
    <ele>1212.2</ele>
   </trkpt>
   <trkpt lat="36.0787870" lon="-115.4717970">
    <ele>1211.8</ele>
   </trkpt>
   <trkpt lat="36.0788000" lon="-115.4717840">
    <ele>1211.0</ele>
   </trkpt>
   <trkpt lat="36.0788040" lon="-115.4717670">
    <ele>1210.8</ele>
   </trkpt>
   <trkpt lat="36.0787990" lon="-115.4717590">
    <ele>1210.6</ele>
   </trkpt>
   <trkpt lat="36.0787890" lon="-115.4717550">
    <ele>1210.0</ele>
   </trkpt>
   <trkpt lat="36.0787710" lon="-115.4717360">
    <ele>1209.4</ele>
   </trkpt>
   <trkpt lat="36.0787780" lon="-115.4717060">
    <ele>1209.2</ele>
   </trkpt>
   <trkpt lat="36.0787810" lon="-115.4716900">
    <ele>1208.8</ele>
   </trkpt>
   <trkpt lat="36.0787690" lon="-115.4716180">
    <ele>1207.8</ele>
   </trkpt>
   <trkpt lat="36.0787530" lon="-115.4715930">
    <ele>1207.6</ele>
   </trkpt>
   <trkpt lat="36.0787320" lon="-115.4715390">
    <ele>1207.0</ele>
   </trkpt>
   <trkpt lat="36.0787430" lon="-115.4715270">
    <ele>1206.8</ele>
   </trkpt>
   <trkpt lat="36.0787760" lon="-115.4715210">
    <ele>1205.8</ele>
   </trkpt>
   <trkpt lat="36.0787750" lon="-115.4715150">
    <ele>1205.6</ele>
   </trkpt>
   <trkpt lat="36.0787390" lon="-115.4715080">
    <ele>1205.8</ele>
   </trkpt>
   <trkpt lat="36.0786830" lon="-115.4714740">
    <ele>1206.8</ele>
   </trkpt>
   <trkpt lat="36.0786750" lon="-115.4714680">
    <ele>1206.8</ele>
   </trkpt>
   <trkpt lat="36.0786470" lon="-115.4714470">
    <ele>1207.0</ele>
   </trkpt>
   <trkpt lat="36.0786430" lon="-115.4714130">
    <ele>1207.0</ele>
   </trkpt>
   <trkpt lat="36.0786330" lon="-115.4714000">
    <ele>1206.8</ele>
   </trkpt>
   <trkpt lat="36.0786080" lon="-115.4713780">
    <ele>1206.4</ele>
   </trkpt>
   <trkpt lat="36.0786050" lon="-115.4713530">
    <ele>1206.2</ele>
   </trkpt>
   <trkpt lat="36.0786150" lon="-115.4713120">
    <ele>1206.0</ele>
   </trkpt>
   <trkpt lat="36.0786130" lon="-115.4712880">
    <ele>1205.8</ele>
   </trkpt>
   <trkpt lat="36.0786180" lon="-115.4712740">
    <ele>1205.8</ele>
   </trkpt>
   <trkpt lat="36.0786110" lon="-115.4712080">
    <ele>1205.0</ele>
   </trkpt>
   <trkpt lat="36.0786010" lon="-115.4711540">
    <ele>1204.6</ele>
   </trkpt>
   <trkpt lat="36.0785940" lon="-115.4711200">
    <ele>1204.4</ele>
   </trkpt>
   <trkpt lat="36.0785920" lon="-115.4710990">
    <ele>1204.0</ele>
   </trkpt>
   <trkpt lat="36.0785870" lon="-115.4710850">
    <ele>1203.6</ele>
   </trkpt>
   <trkpt lat="36.0785740" lon="-115.4710030">
    <ele>1203.0</ele>
   </trkpt>
   <trkpt lat="36.0785690" lon="-115.4709950">
    <ele>1203.0</ele>
   </trkpt>
   <trkpt lat="36.0785650" lon="-115.4709840">
    <ele>1203.0</ele>
   </trkpt>
   <trkpt lat="36.0785530" lon="-115.4709310">
    <ele>1203.0</ele>
   </trkpt>
   <trkpt lat="36.0785480" lon="-115.4708960">
    <ele>1203.0</ele>
   </trkpt>
   <trkpt lat="36.0785290" lon="-115.4708070">
    <ele>1202.6</ele>
   </trkpt>
   <trkpt lat="36.0785230" lon="-115.4707310">
    <ele>1202.2</ele>
   </trkpt>
   <trkpt lat="36.0784920" lon="-115.4706750">
    <ele>1201.8</ele>
   </trkpt>
   <trkpt lat="36.0784910" lon="-115.4706610">
    <ele>1201.8</ele>
   </trkpt>
   <trkpt lat="36.0784920" lon="-115.4706460">
    <ele>1201.8</ele>
   </trkpt>
   <trkpt lat="36.0784890" lon="-115.4706050">
    <ele>1201.8</ele>
   </trkpt>
   <trkpt lat="36.0784870" lon="-115.4705610">
    <ele>1201.8</ele>
   </trkpt>
   <trkpt lat="36.0784830" lon="-115.4704830">
    <ele>1201.4</ele>
   </trkpt>
   <trkpt lat="36.0784940" lon="-115.4703680">
    <ele>1200.4</ele>
   </trkpt>
   <trkpt lat="36.0785090" lon="-115.4703170">
    <ele>1200.4</ele>
   </trkpt>
   <trkpt lat="36.0785640" lon="-115.4701630">
    <ele>1199.2</ele>
   </trkpt>
   <trkpt lat="36.0785770" lon="-115.4701380">
    <ele>1199.0</ele>
   </trkpt>
   <trkpt lat="36.0786380" lon="-115.4700160">
    <ele>1198.2</ele>
   </trkpt>
   <trkpt lat="36.0786840" lon="-115.4698880">
    <ele>1197.2</ele>
   </trkpt>
   <trkpt lat="36.0786930" lon="-115.4698310">
    <ele>1196.6</ele>
   </trkpt>
   <trkpt lat="36.0786860" lon="-115.4697890">
    <ele>1196.6</ele>
   </trkpt>
   <trkpt lat="36.0786830" lon="-115.4696670">
    <ele>1197.4</ele>
   </trkpt>
   <trkpt lat="36.0786870" lon="-115.4696210">
    <ele>1197.2</ele>
   </trkpt>
   <trkpt lat="36.0786990" lon="-115.4695850">
    <ele>1197.2</ele>
   </trkpt>
   <trkpt lat="36.0787280" lon="-115.4695280">
    <ele>1196.2</ele>
   </trkpt>
   <trkpt lat="36.0787350" lon="-115.4695060">
    <ele>1195.8</ele>
   </trkpt>
   <trkpt lat="36.0787570" lon="-115.4693460">
    <ele>1195.0</ele>
   </trkpt>
   <trkpt lat="36.0787830" lon="-115.4692330">
    <ele>1194.8</ele>
   </trkpt>
   <trkpt lat="36.0788200" lon="-115.4691650">
    <ele>1194.6</ele>
   </trkpt>
   <trkpt lat="36.0789400" lon="-115.4690470">
    <ele>1193.8</ele>
   </trkpt>
   <trkpt lat="36.0789500" lon="-115.4689920">
    <ele>1193.8</ele>
   </trkpt>
   <trkpt lat="36.0789410" lon="-115.4689440">
    <ele>1193.6</ele>
   </trkpt>
   <trkpt lat="36.0789300" lon="-115.4689260">
    <ele>1193.4</ele>
   </trkpt>
   <trkpt lat="36.0789050" lon="-115.4688980">
    <ele>1193.0</ele>
   </trkpt>
   <trkpt lat="36.0789010" lon="-115.4688750">
    <ele>1193.0</ele>
   </trkpt>
   <trkpt lat="36.0788930" lon="-115.4688220">
    <ele>1192.6</ele>
   </trkpt>
   <trkpt lat="36.0788920" lon="-115.4687010">
    <ele>1191.8</ele>
   </trkpt>
   <trkpt lat="36.0789080" lon="-115.4686700">
    <ele>1191.6</ele>
   </trkpt>
   <trkpt lat="36.0789710" lon="-115.4685140">
    <ele>1191.2</ele>
   </trkpt>
   <trkpt lat="36.0789910" lon="-115.4684980">
    <ele>1191.0</ele>
   </trkpt>
   <trkpt lat="36.0791090" lon="-115.4683520">
    <ele>1190.6</ele>
   </trkpt>
   <trkpt lat="36.0791360" lon="-115.4683030">
    <ele>1190.4</ele>
   </trkpt>
   <trkpt lat="36.0791420" lon="-115.4682770">
    <ele>1190.2</ele>
   </trkpt>
   <trkpt lat="36.0791530" lon="-115.4681920">
    <ele>1190.0</ele>
   </trkpt>
   <trkpt lat="36.0791680" lon="-115.4680550">
    <ele>1190.0</ele>
   </trkpt>
   <trkpt lat="36.0791730" lon="-115.4680310">
    <ele>1190.2</ele>
   </trkpt>
   <trkpt lat="36.0792130" lon="-115.4679070">
    <ele>1190.6</ele>
   </trkpt>
   <trkpt lat="36.0793140" lon="-115.4677220">
    <ele>1189.6</ele>
   </trkpt>
   <trkpt lat="36.0793260" lon="-115.4676920">
    <ele>1189.4</ele>
   </trkpt>
   <trkpt lat="36.0794290" lon="-115.4675020">
    <ele>1189.2</ele>
   </trkpt>
   <trkpt lat="36.0794560" lon="-115.4674480">
    <ele>1189.0</ele>
   </trkpt>
   <trkpt lat="36.0794530" lon="-115.4672870">
    <ele>1188.8</ele>
   </trkpt>
   <trkpt lat="36.0794350" lon="-115.4671420">
    <ele>1188.8</ele>
   </trkpt>
   <trkpt lat="36.0794680" lon="-115.4670860">
    <ele>1188.6</ele>
   </trkpt>
   <trkpt lat="36.0794950" lon="-115.4670210">
    <ele>1188.2</ele>
   </trkpt>
   <trkpt lat="36.0795600" lon="-115.4669090">
    <ele>1187.4</ele>
   </trkpt>
   <trkpt lat="36.0795830" lon="-115.4668860">
    <ele>1187.2</ele>
   </trkpt>
   <trkpt lat="36.0796820" lon="-115.4667170">
    <ele>1186.2</ele>
   </trkpt>
   <trkpt lat="36.0796900" lon="-115.4666810">
    <ele>1186.0</ele>
   </trkpt>
   <trkpt lat="36.0797120" lon="-115.4664570">
    <ele>1185.0</ele>
   </trkpt>
   <trkpt lat="36.0797140" lon="-115.4664200">
    <ele>1184.8</ele>
   </trkpt>
   <trkpt lat="36.0797160" lon="-115.4661700">
    <ele>1184.2</ele>
   </trkpt>
   <trkpt lat="36.0796970" lon="-115.4661000">
    <ele>1183.8</ele>
   </trkpt>
   <trkpt lat="36.0796180" lon="-115.4659480">
    <ele>1183.0</ele>
   </trkpt>
   <trkpt lat="36.0795830" lon="-115.4658570">
    <ele>1182.4</ele>
   </trkpt>
   <trkpt lat="36.0795710" lon="-115.4657970">
    <ele>1181.8</ele>
   </trkpt>
   <trkpt lat="36.0795730" lon="-115.4657680">
    <ele>1181.8</ele>
   </trkpt>
   <trkpt lat="36.0796270" lon="-115.4656370">
    <ele>1181.0</ele>
   </trkpt>
   <trkpt lat="36.0796400" lon="-115.4656110">
    <ele>1180.6</ele>
   </trkpt>
   <trkpt lat="36.0796540" lon="-115.4655180">
    <ele>1180.0</ele>
   </trkpt>
   <trkpt lat="36.0796750" lon="-115.4654170">
    <ele>1179.2</ele>
   </trkpt>
   <trkpt lat="36.0796900" lon="-115.4653510">
    <ele>1178.8</ele>
   </trkpt>
   <trkpt lat="36.0797170" lon="-115.4651450">
    <ele>1178.0</ele>
   </trkpt>
   <trkpt lat="36.0797290" lon="-115.4650790">
    <ele>1177.8</ele>
   </trkpt>
   <trkpt lat="36.0798030" lon="-115.4648970">
    <ele>1177.0</ele>
   </trkpt>
   <trkpt lat="36.0798360" lon="-115.4648370">
    <ele>1176.6</ele>
   </trkpt>
   <trkpt lat="36.0799390" lon="-115.4646910">
    <ele>1176.0</ele>
   </trkpt>
   <trkpt lat="36.0800920" lon="-115.4645620">
    <ele>1175.6</ele>
   </trkpt>
   <trkpt lat="36.0801090" lon="-115.4645350">
    <ele>1175.6</ele>
   </trkpt>
   <trkpt lat="36.0801520" lon="-115.4643740">
    <ele>1175.2</ele>
   </trkpt>
   <trkpt lat="36.0801440" lon="-115.4642700">
    <ele>1174.4</ele>
   </trkpt>
   <trkpt lat="36.0801320" lon="-115.4642410">
    <ele>1174.2</ele>
   </trkpt>
   <trkpt lat="36.0800720" lon="-115.4640410">
    <ele>1173.0</ele>
   </trkpt>
   <trkpt lat="36.0800580" lon="-115.4639480">
    <ele>1172.8</ele>
   </trkpt>
   <trkpt lat="36.0800100" lon="-115.4638160">
    <ele>1172.0</ele>
   </trkpt>
   <trkpt lat="36.0800040" lon="-115.4637490">
    <ele>1172.0</ele>
   </trkpt>
   <trkpt lat="36.0800210" lon="-115.4636950">
    <ele>1172.0</ele>
   </trkpt>
   <trkpt lat="36.0801150" lon="-115.4635650">
    <ele>1171.8</ele>
   </trkpt>
   <trkpt lat="36.0801570" lon="-115.4634430">
    <ele>1170.6</ele>
   </trkpt>
   <trkpt lat="36.0801540" lon="-115.4633760">
    <ele>1170.2</ele>
   </trkpt>
   <trkpt lat="36.0801260" lon="-115.4631370">
    <ele>1169.6</ele>
   </trkpt>
   <trkpt lat="36.0801050" lon="-115.4629980">
    <ele>1168.6</ele>
   </trkpt>
   <trkpt lat="36.0801000" lon="-115.4629620">
    <ele>1168.4</ele>
   </trkpt>
   <trkpt lat="36.0800690" lon="-115.4627120">
    <ele>1167.4</ele>
   </trkpt>
   <trkpt lat="36.0800630" lon="-115.4626750">
    <ele>1167.2</ele>
   </trkpt>
   <trkpt lat="36.0800590" lon="-115.4626370">
    <ele>1166.8</ele>
   </trkpt>
   <trkpt lat="36.0800770" lon="-115.4624290">
    <ele>1166.0</ele>
   </trkpt>
   <trkpt lat="36.0800820" lon="-115.4623940">
    <ele>1166.0</ele>
   </trkpt>
   <trkpt lat="36.0801520" lon="-115.4622200">
    <ele>1165.2</ele>
   </trkpt>
   <trkpt lat="36.0801570" lon="-115.4621860">
    <ele>1164.8</ele>
   </trkpt>
   <trkpt lat="36.0801410" lon="-115.4620810">
    <ele>1163.8</ele>
   </trkpt>
   <trkpt lat="36.0801330" lon="-115.4620470">
    <ele>1163.8</ele>
   </trkpt>
   <trkpt lat="36.0800870" lon="-115.4618470">
    <ele>1162.6</ele>
   </trkpt>
   <trkpt lat="36.0800660" lon="-115.4616810">
    <ele>1161.8</ele>
   </trkpt>
   <trkpt lat="36.0800640" lon="-115.4616480">
    <ele>1161.6</ele>
   </trkpt>
   <trkpt lat="36.0800780" lon="-115.4614150">
    <ele>1160.8</ele>
   </trkpt>
   <trkpt lat="36.0800740" lon="-115.4613090">
    <ele>1160.6</ele>
   </trkpt>
   <trkpt lat="36.0800710" lon="-115.4612740">
    <ele>1160.4</ele>
   </trkpt>
   <trkpt lat="36.0800560" lon="-115.4612060">
    <ele>1159.2</ele>
   </trkpt>
   <trkpt lat="36.0800000" lon="-115.4610670">
    <ele>1158.8</ele>
   </trkpt>
   <trkpt lat="36.0799700" lon="-115.4610020">
    <ele>1158.2</ele>
   </trkpt>
   <trkpt lat="36.0799270" lon="-115.4608270">
    <ele>1157.8</ele>
   </trkpt>
   <trkpt lat="36.0799100" lon="-115.4606860">
    <ele>1157.0</ele>
   </trkpt>
   <trkpt lat="36.0798730" lon="-115.4604380">
    <ele>1156.4</ele>
   </trkpt>
   <trkpt lat="36.0798290" lon="-115.4603440">
    <ele>1156.0</ele>
   </trkpt>
   <trkpt lat="36.0797620" lon="-115.4602230">
    <ele>1155.6</ele>
   </trkpt>
   <trkpt lat="36.0797440" lon="-115.4600640">
    <ele>1155.2</ele>
   </trkpt>
   <trkpt lat="36.0797270" lon="-115.4599590">
    <ele>1154.8</ele>
   </trkpt>
   <trkpt lat="36.0796860" lon="-115.4597500">
    <ele>1153.8</ele>
   </trkpt>
   <trkpt lat="36.0796750" lon="-115.4596840">
    <ele>1153.8</ele>
   </trkpt>
   <trkpt lat="36.0796810" lon="-115.4594960">
    <ele>1153.2</ele>
   </trkpt>
   <trkpt lat="36.0796930" lon="-115.4594310">
    <ele>1152.6</ele>
   </trkpt>
   <trkpt lat="36.0797540" lon="-115.4593400">
    <ele>1152.6</ele>
   </trkpt>
   <trkpt lat="36.0798620" lon="-115.4592610">
    <ele>1151.4</ele>
   </trkpt>
   <trkpt lat="36.0799170" lon="-115.4592390">
    <ele>1151.0</ele>
   </trkpt>
   <trkpt lat="36.0800100" lon="-115.4591560">
    <ele>1150.2</ele>
   </trkpt>
   <trkpt lat="36.0800750" lon="-115.4590890">
    <ele>1150.0</ele>
   </trkpt>
   <trkpt lat="36.0802380" lon="-115.4590250">
    <ele>1149.6</ele>
   </trkpt>
   <trkpt lat="36.0803370" lon="-115.4589160">
    <ele>1149.4</ele>
   </trkpt>
   <trkpt lat="36.0803480" lon="-115.4588480">
    <ele>1148.8</ele>
   </trkpt>
   <trkpt lat="36.0803950" lon="-115.4587180">
    <ele>1148.4</ele>
   </trkpt>
   <trkpt lat="36.0804420" lon="-115.4585030">
    <ele>1147.6</ele>
   </trkpt>
   <trkpt lat="36.0804520" lon="-115.4583350">
    <ele>1147.2</ele>
   </trkpt>
   <trkpt lat="36.0804360" lon="-115.4581200">
    <ele>1146.4</ele>
   </trkpt>
   <trkpt lat="36.0804070" lon="-115.4580140">
    <ele>1145.8</ele>
   </trkpt>
   <trkpt lat="36.0803980" lon="-115.4579800">
    <ele>1145.0</ele>
   </trkpt>
   <trkpt lat="36.0804120" lon="-115.4578420">
    <ele>1144.4</ele>
   </trkpt>
   <trkpt lat="36.0804610" lon="-115.4576190">
    <ele>1144.6</ele>
   </trkpt>
   <trkpt lat="36.0804600" lon="-115.4575900">
    <ele>1144.4</ele>
   </trkpt>
   <trkpt lat="36.0804600" lon="-115.4573320">
    <ele>1144.0</ele>
   </trkpt>
   <trkpt lat="36.0804640" lon="-115.4572170">
    <ele>1143.4</ele>
   </trkpt>
   <trkpt lat="36.0804680" lon="-115.4571420">
    <ele>1143.0</ele>
   </trkpt>
   <trkpt lat="36.0805090" lon="-115.4568870">
    <ele>1141.8</ele>
   </trkpt>
   <trkpt lat="36.0805860" lon="-115.4566470">
    <ele>1140.8</ele>
   </trkpt>
   <trkpt lat="36.0806030" lon="-115.4564880">
    <ele>1139.6</ele>
   </trkpt>
   <trkpt lat="36.0805990" lon="-115.4564120">
    <ele>1139.0</ele>
   </trkpt>
   <trkpt lat="36.0805860" lon="-115.4563350">
    <ele>1138.4</ele>
   </trkpt>
   <trkpt lat="36.0805150" lon="-115.4561340">
    <ele>1137.6</ele>
   </trkpt>
   <trkpt lat="36.0804870" lon="-115.4560700">
    <ele>1137.4</ele>
   </trkpt>
   <trkpt lat="36.0804760" lon="-115.4559610">
    <ele>1137.2</ele>
   </trkpt>
   <trkpt lat="36.0804520" lon="-115.4557070">
    <ele>1136.4</ele>
   </trkpt>
   <trkpt lat="36.0804310" lon="-115.4556060">
    <ele>1136.2</ele>
   </trkpt>
   <trkpt lat="36.0804220" lon="-115.4553970">
    <ele>1135.8</ele>
   </trkpt>
   <trkpt lat="36.0804410" lon="-115.4552460">
    <ele>1135.2</ele>
   </trkpt>
   <trkpt lat="36.0804430" lon="-115.4550210">
    <ele>1134.2</ele>
   </trkpt>
   <trkpt lat="36.0804450" lon="-115.4549480">
    <ele>1134.0</ele>
   </trkpt>
   <trkpt lat="36.0804470" lon="-115.4547260">
    <ele>1133.2</ele>
   </trkpt>
   <trkpt lat="36.0804320" lon="-115.4546530">
    <ele>1133.0</ele>
   </trkpt>
   <trkpt lat="36.0803970" lon="-115.4545100">
    <ele>1132.6</ele>
   </trkpt>
   <trkpt lat="36.0803670" lon="-115.4543530">
    <ele>1131.8</ele>
   </trkpt>
   <trkpt lat="36.0803620" lon="-115.4543100">
    <ele>1131.8</ele>
   </trkpt>
   <trkpt lat="36.0803650" lon="-115.4540740">
    <ele>1130.8</ele>
   </trkpt>
   <trkpt lat="36.0803760" lon="-115.4539990">
    <ele>1130.4</ele>
   </trkpt>
   <trkpt lat="36.0803610" lon="-115.4537650">
    <ele>1129.8</ele>
   </trkpt>
   <trkpt lat="36.0803540" lon="-115.4537260">
    <ele>1129.8</ele>
   </trkpt>
   <trkpt lat="36.0803490" lon="-115.4535010">
    <ele>1128.6</ele>
   </trkpt>
   <trkpt lat="36.0803520" lon="-115.4534660">
    <ele>1128.6</ele>
   </trkpt>
   <trkpt lat="36.0803810" lon="-115.4532490">
    <ele>1127.6</ele>
   </trkpt>
   <trkpt lat="36.0803770" lon="-115.4531800">
    <ele>1127.2</ele>
   </trkpt>
   <trkpt lat="36.0803760" lon="-115.4531170">
    <ele>1126.4</ele>
   </trkpt>
   <trkpt lat="36.0804120" lon="-115.4529590">
    <ele>1126.2</ele>
   </trkpt>
   <trkpt lat="36.0804730" lon="-115.4527700">
    <ele>1126.0</ele>
   </trkpt>
   <trkpt lat="36.0804770" lon="-115.4526600">
    <ele>1125.4</ele>
   </trkpt>
   <trkpt lat="36.0804780" lon="-115.4525580">
    <ele>1124.8</ele>
   </trkpt>
   <trkpt lat="36.0805320" lon="-115.4523150">
    <ele>1124.6</ele>
   </trkpt>
   <trkpt lat="36.0805370" lon="-115.4522790">
    <ele>1124.6</ele>
   </trkpt>
   <trkpt lat="36.0805450" lon="-115.4522070">
    <ele>1124.4</ele>
   </trkpt>
   <trkpt lat="36.0805610" lon="-115.4519590">
    <ele>1123.6</ele>
   </trkpt>
   <trkpt lat="36.0805620" lon="-115.4519240">
    <ele>1123.6</ele>
   </trkpt>
   <trkpt lat="36.0805900" lon="-115.4517580">
    <ele>1123.2</ele>
   </trkpt>
   <trkpt lat="36.0806290" lon="-115.4516260">
    <ele>1122.6</ele>
   </trkpt>
   <trkpt lat="36.0807000" lon="-115.4514000">
    <ele>1122.2</ele>
   </trkpt>
   <trkpt lat="36.0807280" lon="-115.4513060">
    <ele>1121.8</ele>
   </trkpt>
   <trkpt lat="36.0807510" lon="-115.4512450">
    <ele>1121.6</ele>
   </trkpt>
   <trkpt lat="36.0807740" lon="-115.4511390">
    <ele>1121.4</ele>
   </trkpt>
   <trkpt lat="36.0807930" lon="-115.4510320">
    <ele>1121.2</ele>
   </trkpt>
   <trkpt lat="36.0807980" lon="-115.4509610">
    <ele>1120.4</ele>
   </trkpt>
   <trkpt lat="36.0807970" lon="-115.4508900">
    <ele>1120.2</ele>
   </trkpt>
   <trkpt lat="36.0808060" lon="-115.4506310">
    <ele>1119.2</ele>
   </trkpt>
   <trkpt lat="36.0808080" lon="-115.4505940">
    <ele>1119.0</ele>
   </trkpt>
   <trkpt lat="36.0808200" lon="-115.4503720">
    <ele>1118.4</ele>
   </trkpt>
   <trkpt lat="36.0808520" lon="-115.4501930">
    <ele>1118.2</ele>
   </trkpt>
   <trkpt lat="36.0808550" lon="-115.4501190">
    <ele>1118.0</ele>
   </trkpt>
   <trkpt lat="36.0808540" lon="-115.4498740">
    <ele>1117.2</ele>
   </trkpt>
   <trkpt lat="36.0808660" lon="-115.4497600">
    <ele>1116.8</ele>
   </trkpt>
   <trkpt lat="36.0808690" lon="-115.4495320">
    <ele>1116.2</ele>
   </trkpt>
   <trkpt lat="36.0808940" lon="-115.4494240">
    <ele>1115.8</ele>
   </trkpt>
   <trkpt lat="36.0809710" lon="-115.4491990">
    <ele>1115.4</ele>
   </trkpt>
   <trkpt lat="36.0810080" lon="-115.4491140">
    <ele>1115.2</ele>
   </trkpt>
   <trkpt lat="36.0810600" lon="-115.4490060">
    <ele>1114.8</ele>
   </trkpt>
   <trkpt lat="36.0810700" lon="-115.4489020">
    <ele>1114.4</ele>
   </trkpt>
   <trkpt lat="36.0810200" lon="-115.4488070">
    <ele>1114.0</ele>
   </trkpt>
   <trkpt lat="36.0810040" lon="-115.4487440">
    <ele>1113.8</ele>
   </trkpt>
   <trkpt lat="36.0809920" lon="-115.4486450">
    <ele>1113.4</ele>
   </trkpt>
   <trkpt lat="36.0810010" lon="-115.4485700">
    <ele>1112.4</ele>
   </trkpt>
   <trkpt lat="36.0810350" lon="-115.4484270">
    <ele>1111.4</ele>
   </trkpt>
   <trkpt lat="36.0811280" lon="-115.4482750">
    <ele>1111.0</ele>
   </trkpt>
   <trkpt lat="36.0811680" lon="-115.4482370">
    <ele>1111.2</ele>
   </trkpt>
   <trkpt lat="36.0812770" lon="-115.4481680">
    <ele>1112.0</ele>
   </trkpt>
   <trkpt lat="36.0812970" lon="-115.4481620">
    <ele>1112.2</ele>
   </trkpt>
  </trkseg>
 </trk>
</gpx>
