<?xml version="1.0" encoding="UTF-8"?>
<gpx xmlns:xsi="http://www.w3.org/2001/XMLSchema-instance" xsi:schemaLocation="http://www.topografix.com/GPX/1/1 http://www.topografix.com/GPX/1/1/gpx.xsd" creator="StravaGPX" version="1.1" xmlns="http://www.topografix.com/GPX/1/1">
 <trk>
  <name>Rainbow Triple Peak Loop</name>
  <type>running</type>
  <trkseg>
   <trkpt lat="36.1019810" lon="-115.4499530">
    <ele>1181.0</ele>
   </trkpt>
   <trkpt lat="36.1019810" lon="-115.4499530">
    <ele>1181.0</ele>
   </trkpt>
   <trkpt lat="36.1019830" lon="-115.4499590">
    <ele>1181.0</ele>
   </trkpt>
   <trkpt lat="36.1019850" lon="-115.4499660">
    <ele>1181.0</ele>
   </trkpt>
   <trkpt lat="36.1019970" lon="-115.4499770">
    <ele>1181.0</ele>
   </trkpt>
   <trkpt lat="36.1020080" lon="-115.4499880">
    <ele>1181.0</ele>
   </trkpt>
   <trkpt lat="36.1020270" lon="-115.4500050">
    <ele>1181.0</ele>
   </trkpt>
   <trkpt lat="36.1020460" lon="-115.4500210">
    <ele>1181.0</ele>
   </trkpt>
   <trkpt lat="36.1020670" lon="-115.4500440">
    <ele>1181.0</ele>
   </trkpt>
   <trkpt lat="36.1020880" lon="-115.4500670">
    <ele>1181.0</ele>
   </trkpt>
   <trkpt lat="36.1021060" lon="-115.4500980">
    <ele>1181.0</ele>
   </trkpt>
   <trkpt lat="36.1021240" lon="-115.4501290">
    <ele>1180.0</ele>
   </trkpt>
   <trkpt lat="36.1021380" lon="-115.4501670">
    <ele>1180.0</ele>
   </trkpt>
   <trkpt lat="36.1021520" lon="-115.4502040">
    <ele>1180.0</ele>
   </trkpt>
   <trkpt lat="36.1021650" lon="-115.4502420">
    <ele>1180.0</ele>
   </trkpt>
   <trkpt lat="36.1021780" lon="-115.4502790">
    <ele>1180.0</ele>
   </trkpt>
   <trkpt lat="36.1021910" lon="-115.4503170">
    <ele>1179.0</ele>
   </trkpt>
   <trkpt lat="36.1022040" lon="-115.4503540">
    <ele>1179.0</ele>
   </trkpt>
   <trkpt lat="36.1022150" lon="-115.4503910">
    <ele>1179.0</ele>
   </trkpt>
   <trkpt lat="36.1022280" lon="-115.4504280">
    <ele>1179.0</ele>
   </trkpt>
   <trkpt lat="36.1022410" lon="-115.4504650">
    <ele>1179.0</ele>
   </trkpt>
   <trkpt lat="36.1022540" lon="-115.4505030">
    <ele>1179.0</ele>
   </trkpt>
   <trkpt lat="36.1022690" lon="-115.4505390">
    <ele>1179.0</ele>
   </trkpt>
   <trkpt lat="36.1022840" lon="-115.4505760">
    <ele>1179.0</ele>
   </trkpt>
   <trkpt lat="36.1022990" lon="-115.4506120">
    <ele>1179.0</ele>
   </trkpt>
   <trkpt lat="36.1023150" lon="-115.4506480">
    <ele>1179.0</ele>
   </trkpt>
   <trkpt lat="36.1023310" lon="-115.4506820">
    <ele>1179.0</ele>
   </trkpt>
   <trkpt lat="36.1023480" lon="-115.4507160">
    <ele>1179.0</ele>
   </trkpt>
   <trkpt lat="36.1023640" lon="-115.4507490">
    <ele>1179.0</ele>
   </trkpt>
   <trkpt lat="36.1023810" lon="-115.4507810">
    <ele>1179.0</ele>
   </trkpt>
   <trkpt lat="36.1023950" lon="-115.4508160">
    <ele>1179.0</ele>
   </trkpt>
   <trkpt lat="36.1024090" lon="-115.4508500">
    <ele>1178.0</ele>
   </trkpt>
   <trkpt lat="36.1024220" lon="-115.4508840">
    <ele>1178.0</ele>
   </trkpt>
   <trkpt lat="36.1024350" lon="-115.4509190">
    <ele>1178.0</ele>
   </trkpt>
   <trkpt lat="36.1024470" lon="-115.4509550">
    <ele>1178.0</ele>
   </trkpt>
   <trkpt lat="36.1024580" lon="-115.4509910">
    <ele>1178.0</ele>
   </trkpt>
   <trkpt lat="36.1024700" lon="-115.4510270">
    <ele>1178.0</ele>
   </trkpt>
   <trkpt lat="36.1024830" lon="-115.4510630">
    <ele>1178.0</ele>
   </trkpt>
   <trkpt lat="36.1024970" lon="-115.4510990">
    <ele>1178.0</ele>
   </trkpt>
   <trkpt lat="36.1025110" lon="-115.4511340">
    <ele>1178.0</ele>
   </trkpt>
   <trkpt lat="36.1025260" lon="-115.4511710">
    <ele>1178.0</ele>
   </trkpt>
   <trkpt lat="36.1025410" lon="-115.4512080">
    <ele>1177.0</ele>
   </trkpt>
   <trkpt lat="36.1025570" lon="-115.4512440">
    <ele>1177.0</ele>
   </trkpt>
   <trkpt lat="36.1025740" lon="-115.4512810">
    <ele>1177.0</ele>
   </trkpt>
   <trkpt lat="36.1025940" lon="-115.4513130">
    <ele>1177.0</ele>
   </trkpt>
   <trkpt lat="36.1026130" lon="-115.4513460">
    <ele>1177.0</ele>
   </trkpt>
   <trkpt lat="36.1026360" lon="-115.4513740">
    <ele>1176.0</ele>
   </trkpt>
   <trkpt lat="36.1026590" lon="-115.4514030">
    <ele>1176.0</ele>
   </trkpt>
   <trkpt lat="36.1026830" lon="-115.4514300">
    <ele>1176.0</ele>
   </trkpt>
   <trkpt lat="36.1027070" lon="-115.4514570">
    <ele>1176.0</ele>
   </trkpt>
   <trkpt lat="36.1027300" lon="-115.4514850">
    <ele>1176.0</ele>
   </trkpt>
   <trkpt lat="36.1027530" lon="-115.4515130">
    <ele>1175.0</ele>
   </trkpt>
   <trkpt lat="36.1027750" lon="-115.4515400">
    <ele>1175.0</ele>
   </trkpt>
   <trkpt lat="36.1027970" lon="-115.4515670">
    <ele>1175.0</ele>
   </trkpt>
   <trkpt lat="36.1028180" lon="-115.4515930">
    <ele>1175.0</ele>
   </trkpt>
   <trkpt lat="36.1028400" lon="-115.4516200">
    <ele>1175.0</ele>
   </trkpt>
   <trkpt lat="36.1028620" lon="-115.4516430">
    <ele>1174.0</ele>
   </trkpt>
   <trkpt lat="36.1028850" lon="-115.4516670">
    <ele>1174.0</ele>
   </trkpt>
   <trkpt lat="36.1029090" lon="-115.4516880">
    <ele>1174.0</ele>
   </trkpt>
   <trkpt lat="36.1029340" lon="-115.4517090">
    <ele>1174.0</ele>
   </trkpt>
   <trkpt lat="36.1029590" lon="-115.4517300">
    <ele>1174.0</ele>
   </trkpt>
   <trkpt lat="36.1029840" lon="-115.4517510">
    <ele>1174.0</ele>
   </trkpt>
   <trkpt lat="36.1030060" lon="-115.4517750">
    <ele>1174.0</ele>
   </trkpt>
   <trkpt lat="36.1030280" lon="-115.4518000">
    <ele>1174.0</ele>
   </trkpt>
   <trkpt lat="36.1030470" lon="-115.4518280">
    <ele>1174.0</ele>
   </trkpt>
   <trkpt lat="36.1030670" lon="-115.4518560">
    <ele>1174.0</ele>
   </trkpt>
   <trkpt lat="36.1030850" lon="-115.4518860">
    <ele>1173.0</ele>
   </trkpt>
   <trkpt lat="36.1031020" lon="-115.4519170">
    <ele>1173.0</ele>
   </trkpt>
   <trkpt lat="36.1031140" lon="-115.4519490">
    <ele>1173.0</ele>
   </trkpt>
   <trkpt lat="36.1031270" lon="-115.4519820">
    <ele>1173.0</ele>
   </trkpt>
   <trkpt lat="36.1031300" lon="-115.4520160">
    <ele>1173.0</ele>
   </trkpt>
   <trkpt lat="36.1031340" lon="-115.4520500">
    <ele>1173.0</ele>
   </trkpt>
   <trkpt lat="36.1031340" lon="-115.4520880">
    <ele>1173.0</ele>
   </trkpt>
   <trkpt lat="36.1031340" lon="-115.4521260">
    <ele>1173.0</ele>
   </trkpt>
   <trkpt lat="36.1031330" lon="-115.4521660">
    <ele>1173.0</ele>
   </trkpt>
   <trkpt lat="36.1031320" lon="-115.4522060">
    <ele>1173.0</ele>
   </trkpt>
   <trkpt lat="36.1031320" lon="-115.4522460">
    <ele>1172.0</ele>
   </trkpt>
   <trkpt lat="36.1031310" lon="-115.4522870">
    <ele>1172.0</ele>
   </trkpt>
   <trkpt lat="36.1031300" lon="-115.4523280">
    <ele>1172.0</ele>
   </trkpt>
   <trkpt lat="36.1031290" lon="-115.4523690">
    <ele>1172.0</ele>
   </trkpt>
   <trkpt lat="36.1031260" lon="-115.4524090">
    <ele>1172.0</ele>
   </trkpt>
   <trkpt lat="36.1031230" lon="-115.4524490">
    <ele>1172.0</ele>
   </trkpt>
   <trkpt lat="36.1031180" lon="-115.4524860">
    <ele>1172.0</ele>
   </trkpt>
   <trkpt lat="36.1031130" lon="-115.4525230">
    <ele>1172.0</ele>
   </trkpt>
   <trkpt lat="36.1031060" lon="-115.4525580">
    <ele>1172.0</ele>
   </trkpt>
   <trkpt lat="36.1031000" lon="-115.4525940">
    <ele>1172.0</ele>
   </trkpt>
   <trkpt lat="36.1030930" lon="-115.4526300">
    <ele>1171.0</ele>
   </trkpt>
   <trkpt lat="36.1030870" lon="-115.4526670">
    <ele>1171.0</ele>
   </trkpt>
   <trkpt lat="36.1030820" lon="-115.4527050">
    <ele>1171.0</ele>
   </trkpt>
   <trkpt lat="36.1030770" lon="-115.4527430">
    <ele>1171.0</ele>
   </trkpt>
   <trkpt lat="36.1030720" lon="-115.4527820">
    <ele>1171.0</ele>
   </trkpt>
   <trkpt lat="36.1030670" lon="-115.4528210">
    <ele>1171.0</ele>
   </trkpt>
   <trkpt lat="36.1030620" lon="-115.4528620">
    <ele>1171.0</ele>
   </trkpt>
   <trkpt lat="36.1030570" lon="-115.4529030">
    <ele>1171.0</ele>
   </trkpt>
   <trkpt lat="36.1030530" lon="-115.4529440">
    <ele>1171.0</ele>
   </trkpt>
   <trkpt lat="36.1030500" lon="-115.4529850">
    <ele>1171.0</ele>
   </trkpt>
   <trkpt lat="36.1030480" lon="-115.4530270">
    <ele>1171.0</ele>
   </trkpt>
   <trkpt lat="36.1030470" lon="-115.4530700">
    <ele>1171.0</ele>
   </trkpt>
   <trkpt lat="36.1030470" lon="-115.4531110">
    <ele>1171.0</ele>
   </trkpt>
   <trkpt lat="36.1030460" lon="-115.4531520">
    <ele>1171.0</ele>
   </trkpt>
   <trkpt lat="36.1030450" lon="-115.4531910">
    <ele>1171.0</ele>
   </trkpt>
   <trkpt lat="36.1030450" lon="-115.4532300">
    <ele>1171.0</ele>
   </trkpt>
   <trkpt lat="36.1030440" lon="-115.4532680">
    <ele>1171.0</ele>
   </trkpt>
   <trkpt lat="36.1030440" lon="-115.4533070">
    <ele>1171.0</ele>
   </trkpt>
   <trkpt lat="36.1030440" lon="-115.4533450">
    <ele>1171.0</ele>
   </trkpt>
   <trkpt lat="36.1030440" lon="-115.4533820">
    <ele>1171.0</ele>
   </trkpt>
   <trkpt lat="36.1030450" lon="-115.4534210">
    <ele>1171.0</ele>
   </trkpt>
   <trkpt lat="36.1030460" lon="-115.4534600">
    <ele>1171.0</ele>
   </trkpt>
   <trkpt lat="36.1030490" lon="-115.4535020">
    <ele>1171.0</ele>
   </trkpt>
   <trkpt lat="36.1030510" lon="-115.4535430">
    <ele>1171.0</ele>
   </trkpt>
   <trkpt lat="36.1030550" lon="-115.4535830">
    <ele>1171.0</ele>
   </trkpt>
   <trkpt lat="36.1030590" lon="-115.4536230">
    <ele>1171.0</ele>
   </trkpt>
   <trkpt lat="36.1030640" lon="-115.4536600">
    <ele>1171.0</ele>
   </trkpt>
   <trkpt lat="36.1030680" lon="-115.4536980">
    <ele>1171.0</ele>
   </trkpt>
   <trkpt lat="36.1030720" lon="-115.4537340">
    <ele>1171.0</ele>
   </trkpt>
   <trkpt lat="36.1030760" lon="-115.4537690">
    <ele>1171.0</ele>
   </trkpt>
   <trkpt lat="36.1030790" lon="-115.4538050">
    <ele>1171.0</ele>
   </trkpt>
   <trkpt lat="36.1030830" lon="-115.4538400">
    <ele>1171.0</ele>
   </trkpt>
   <trkpt lat="36.1030870" lon="-115.4538740">
    <ele>1171.0</ele>
   </trkpt>
   <trkpt lat="36.1030910" lon="-115.4539090">
    <ele>1171.0</ele>
   </trkpt>
   <trkpt lat="36.1030950" lon="-115.4539430">
    <ele>1171.0</ele>
   </trkpt>
   <trkpt lat="36.1030990" lon="-115.4539770">
    <ele>1171.0</ele>
   </trkpt>
   <trkpt lat="36.1031020" lon="-115.4540130">
    <ele>1171.0</ele>
   </trkpt>
   <trkpt lat="36.1031060" lon="-115.4540500">
    <ele>1171.0</ele>
   </trkpt>
   <trkpt lat="36.1031090" lon="-115.4540850">
    <ele>1171.0</ele>
   </trkpt>
   <trkpt lat="36.1031130" lon="-115.4541200">
    <ele>1171.0</ele>
   </trkpt>
   <trkpt lat="36.1031180" lon="-115.4541560">
    <ele>1171.0</ele>
   </trkpt>
   <trkpt lat="36.1031220" lon="-115.4541920">
    <ele>1171.0</ele>
   </trkpt>
   <trkpt lat="36.1031270" lon="-115.4542270">
    <ele>1171.0</ele>
   </trkpt>
   <trkpt lat="36.1031320" lon="-115.4542630">
    <ele>1171.0</ele>
   </trkpt>
   <trkpt lat="36.1031360" lon="-115.4543000">
    <ele>1172.0</ele>
   </trkpt>
   <trkpt lat="36.1031400" lon="-115.4543370">
    <ele>1172.0</ele>
   </trkpt>
   <trkpt lat="36.1031440" lon="-115.4543770">
    <ele>1172.0</ele>
   </trkpt>
   <trkpt lat="36.1031480" lon="-115.4544160">
    <ele>1172.0</ele>
   </trkpt>
   <trkpt lat="36.1031500" lon="-115.4544560">
    <ele>1172.0</ele>
   </trkpt>
   <trkpt lat="36.1031520" lon="-115.4544960">
    <ele>1172.0</ele>
   </trkpt>
   <trkpt lat="36.1031520" lon="-115.4545360">
    <ele>1172.0</ele>
   </trkpt>
   <trkpt lat="36.1031520" lon="-115.4545770">
    <ele>1172.0</ele>
   </trkpt>
   <trkpt lat="36.1031510" lon="-115.4546160">
    <ele>1172.0</ele>
   </trkpt>
   <trkpt lat="36.1031500" lon="-115.4546560">
    <ele>1172.0</ele>
   </trkpt>
   <trkpt lat="36.1031520" lon="-115.4546970">
    <ele>1173.0</ele>
   </trkpt>
   <trkpt lat="36.1031530" lon="-115.4547380">
    <ele>1173.0</ele>
   </trkpt>
   <trkpt lat="36.1031570" lon="-115.4547780">
    <ele>1173.0</ele>
   </trkpt>
   <trkpt lat="36.1031620" lon="-115.4548180">
    <ele>1173.0</ele>
   </trkpt>
   <trkpt lat="36.1031680" lon="-115.4548580">
    <ele>1173.0</ele>
   </trkpt>
   <trkpt lat="36.1031750" lon="-115.4548980">
    <ele>1173.0</ele>
   </trkpt>
   <trkpt lat="36.1031820" lon="-115.4549360">
    <ele>1173.0</ele>
   </trkpt>
   <trkpt lat="36.1031890" lon="-115.4549730">
    <ele>1173.0</ele>
   </trkpt>
   <trkpt lat="36.1031950" lon="-115.4550100">
    <ele>1173.0</ele>
   </trkpt>
   <trkpt lat="36.1032010" lon="-115.4550460">
    <ele>1173.0</ele>
   </trkpt>
   <trkpt lat="36.1032030" lon="-115.4550810">
    <ele>1174.0</ele>
   </trkpt>
   <trkpt lat="36.1032060" lon="-115.4551150">
    <ele>1174.0</ele>
   </trkpt>
   <trkpt lat="36.1032100" lon="-115.4551480">
    <ele>1174.0</ele>
   </trkpt>
   <trkpt lat="36.1032130" lon="-115.4551800">
    <ele>1174.0</ele>
   </trkpt>
   <trkpt lat="36.1032190" lon="-115.4552120">
    <ele>1174.0</ele>
   </trkpt>
   <trkpt lat="36.1032250" lon="-115.4552440">
    <ele>1174.0</ele>
   </trkpt>
   <trkpt lat="36.1032330" lon="-115.4552760">
    <ele>1174.0</ele>
   </trkpt>
   <trkpt lat="36.1032420" lon="-115.4553080">
    <ele>1174.0</ele>
   </trkpt>
   <trkpt lat="36.1032540" lon="-115.4553410">
    <ele>1174.0</ele>
   </trkpt>
   <trkpt lat="36.1032650" lon="-115.4553740">
    <ele>1174.0</ele>
   </trkpt>
   <trkpt lat="36.1032790" lon="-115.4554050">
    <ele>1175.0</ele>
   </trkpt>
   <trkpt lat="36.1032920" lon="-115.4554370">
    <ele>1175.0</ele>
   </trkpt>
   <trkpt lat="36.1033050" lon="-115.4554660">
    <ele>1175.0</ele>
   </trkpt>
   <trkpt lat="36.1033190" lon="-115.4554950">
    <ele>1175.0</ele>
   </trkpt>
   <trkpt lat="36.1033310" lon="-115.4555230">
    <ele>1175.0</ele>
   </trkpt>
   <trkpt lat="36.1033430" lon="-115.4555510">
    <ele>1175.0</ele>
   </trkpt>
   <trkpt lat="36.1033550" lon="-115.4555780">
    <ele>1175.0</ele>
   </trkpt>
   <trkpt lat="36.1033670" lon="-115.4556050">
    <ele>1175.0</ele>
   </trkpt>
   <trkpt lat="36.1033800" lon="-115.4556320">
    <ele>1175.0</ele>
   </trkpt>
   <trkpt lat="36.1033930" lon="-115.4556590">
    <ele>1175.0</ele>
   </trkpt>
   <trkpt lat="36.1034080" lon="-115.4556860">
    <ele>1175.0</ele>
   </trkpt>
   <trkpt lat="36.1034230" lon="-115.4557130">
    <ele>1175.0</ele>
   </trkpt>
   <trkpt lat="36.1034390" lon="-115.4557400">
    <ele>1175.0</ele>
   </trkpt>
   <trkpt lat="36.1034560" lon="-115.4557670">
    <ele>1175.0</ele>
   </trkpt>
   <trkpt lat="36.1034730" lon="-115.4557940">
    <ele>1175.0</ele>
   </trkpt>
   <trkpt lat="36.1034910" lon="-115.4558200">
    <ele>1176.0</ele>
   </trkpt>
   <trkpt lat="36.1035090" lon="-115.4558470">
    <ele>1176.0</ele>
   </trkpt>
   <trkpt lat="36.1035280" lon="-115.4558730">
    <ele>1176.0</ele>
   </trkpt>
   <trkpt lat="36.1035450" lon="-115.4559000">
    <ele>1176.0</ele>
   </trkpt>
   <trkpt lat="36.1035620" lon="-115.4559280">
    <ele>1176.0</ele>
   </trkpt>
   <trkpt lat="36.1035760" lon="-115.4559570">
    <ele>1176.0</ele>
   </trkpt>
   <trkpt lat="36.1035900" lon="-115.4559870">
    <ele>1176.0</ele>
   </trkpt>
   <trkpt lat="36.1036020" lon="-115.4560190">
    <ele>1176.0</ele>
   </trkpt>
   <trkpt lat="36.1036130" lon="-115.4560500">
    <ele>1176.0</ele>
   </trkpt>
   <trkpt lat="36.1036230" lon="-115.4560820">
    <ele>1176.0</ele>
   </trkpt>
   <trkpt lat="36.1036340" lon="-115.4561130">
    <ele>1177.0</ele>
   </trkpt>
   <trkpt lat="36.1036430" lon="-115.4561440">
    <ele>1177.0</ele>
   </trkpt>
   <trkpt lat="36.1036530" lon="-115.4561760">
    <ele>1177.0</ele>
   </trkpt>
   <trkpt lat="36.1036620" lon="-115.4562080">
    <ele>1177.0</ele>
   </trkpt>
   <trkpt lat="36.1036710" lon="-115.4562400">
    <ele>1177.0</ele>
   </trkpt>
   <trkpt lat="36.1036810" lon="-115.4562720">
    <ele>1178.0</ele>
   </trkpt>
   <trkpt lat="36.1036900" lon="-115.4563050">
    <ele>1178.0</ele>
   </trkpt>
   <trkpt lat="36.1036990" lon="-115.4563380">
    <ele>1178.0</ele>
   </trkpt>
   <trkpt lat="36.1037080" lon="-115.4563700">
    <ele>1178.0</ele>
   </trkpt>
   <trkpt lat="36.1037140" lon="-115.4564030">
    <ele>1178.0</ele>
   </trkpt>
   <trkpt lat="36.1037210" lon="-115.4564350">
    <ele>1178.0</ele>
   </trkpt>
   <trkpt lat="36.1037240" lon="-115.4564680">
    <ele>1178.0</ele>
   </trkpt>
   <trkpt lat="36.1037280" lon="-115.4565010">
    <ele>1178.0</ele>
   </trkpt>
   <trkpt lat="36.1037300" lon="-115.4565320">
    <ele>1178.0</ele>
   </trkpt>
   <trkpt lat="36.1037320" lon="-115.4565640">
    <ele>1178.0</ele>
   </trkpt>
   <trkpt lat="36.1037320" lon="-115.4565960">
    <ele>1179.0</ele>
   </trkpt>
   <trkpt lat="36.1037330" lon="-115.4566270">
    <ele>1179.0</ele>
   </trkpt>
   <trkpt lat="36.1037330" lon="-115.4566600">
    <ele>1179.0</ele>
   </trkpt>
   <trkpt lat="36.1037330" lon="-115.4566920">
    <ele>1179.0</ele>
   </trkpt>
   <trkpt lat="36.1037330" lon="-115.4567240">
    <ele>1179.0</ele>
   </trkpt>
   <trkpt lat="36.1037330" lon="-115.4567570">
    <ele>1179.0</ele>
   </trkpt>
   <trkpt lat="36.1037320" lon="-115.4567910">
    <ele>1179.0</ele>
   </trkpt>
   <trkpt lat="36.1037310" lon="-115.4568250">
    <ele>1179.0</ele>
   </trkpt>
   <trkpt lat="36.1037270" lon="-115.4568610">
    <ele>1179.0</ele>
   </trkpt>
   <trkpt lat="36.1037230" lon="-115.4568960">
    <ele>1179.0</ele>
   </trkpt>
   <trkpt lat="36.1037150" lon="-115.4569310">
    <ele>1180.0</ele>
   </trkpt>
   <trkpt lat="36.1037070" lon="-115.4569670">
    <ele>1180.0</ele>
   </trkpt>
   <trkpt lat="36.1036950" lon="-115.4570030">
    <ele>1180.0</ele>
   </trkpt>
   <trkpt lat="36.1036840" lon="-115.4570390">
    <ele>1180.0</ele>
   </trkpt>
   <trkpt lat="36.1036710" lon="-115.4570750">
    <ele>1180.0</ele>
   </trkpt>
   <trkpt lat="36.1036580" lon="-115.4571110">
    <ele>1181.0</ele>
   </trkpt>
   <trkpt lat="36.1036450" lon="-115.4571480">
    <ele>1181.0</ele>
   </trkpt>
   <trkpt lat="36.1036320" lon="-115.4571850">
    <ele>1181.0</ele>
   </trkpt>
   <trkpt lat="36.1036190" lon="-115.4572220">
    <ele>1181.0</ele>
   </trkpt>
   <trkpt lat="36.1036070" lon="-115.4572600">
    <ele>1181.0</ele>
   </trkpt>
   <trkpt lat="36.1035970" lon="-115.4572980">
    <ele>1182.0</ele>
   </trkpt>
   <trkpt lat="36.1035870" lon="-115.4573350">
    <ele>1182.0</ele>
   </trkpt>
   <trkpt lat="36.1035790" lon="-115.4573730">
    <ele>1182.0</ele>
   </trkpt>
   <trkpt lat="36.1035720" lon="-115.4574100">
    <ele>1182.0</ele>
   </trkpt>
   <trkpt lat="36.1035660" lon="-115.4574480">
    <ele>1182.0</ele>
   </trkpt>
   <trkpt lat="36.1035600" lon="-115.4574860">
    <ele>1182.0</ele>
   </trkpt>
   <trkpt lat="36.1035540" lon="-115.4575220">
    <ele>1182.0</ele>
   </trkpt>
   <trkpt lat="36.1035490" lon="-115.4575580">
    <ele>1182.0</ele>
   </trkpt>
   <trkpt lat="36.1035450" lon="-115.4575920">
    <ele>1182.0</ele>
   </trkpt>
   <trkpt lat="36.1035420" lon="-115.4576260">
    <ele>1182.0</ele>
   </trkpt>
   <trkpt lat="36.1035410" lon="-115.4576600">
    <ele>1183.0</ele>
   </trkpt>
   <trkpt lat="36.1035400" lon="-115.4576930">
    <ele>1183.0</ele>
   </trkpt>
   <trkpt lat="36.1035390" lon="-115.4577270">
    <ele>1183.0</ele>
   </trkpt>
   <trkpt lat="36.1035380" lon="-115.4577610">
    <ele>1183.0</ele>
   </trkpt>
   <trkpt lat="36.1035380" lon="-115.4577950">
    <ele>1183.0</ele>
   </trkpt>
   <trkpt lat="36.1035370" lon="-115.4578290">
    <ele>1184.0</ele>
   </trkpt>
   <trkpt lat="36.1035350" lon="-115.4578630">
    <ele>1184.0</ele>
   </trkpt>
   <trkpt lat="36.1035330" lon="-115.4578960">
    <ele>1184.0</ele>
   </trkpt>
   <trkpt lat="36.1035310" lon="-115.4579280">
    <ele>1184.0</ele>
   </trkpt>
   <trkpt lat="36.1035280" lon="-115.4579610">
    <ele>1184.0</ele>
   </trkpt>
   <trkpt lat="36.1035260" lon="-115.4579920">
    <ele>1185.0</ele>
   </trkpt>
   <trkpt lat="36.1035230" lon="-115.4580240">
    <ele>1185.0</ele>
   </trkpt>
   <trkpt lat="36.1035200" lon="-115.4580570">
    <ele>1185.0</ele>
   </trkpt>
   <trkpt lat="36.1035170" lon="-115.4580890">
    <ele>1185.0</ele>
   </trkpt>
   <trkpt lat="36.1035120" lon="-115.4581210">
    <ele>1185.0</ele>
   </trkpt>
   <trkpt lat="36.1035070" lon="-115.4581520">
    <ele>1186.0</ele>
   </trkpt>
   <trkpt lat="36.1034980" lon="-115.4581830">
    <ele>1186.0</ele>
   </trkpt>
   <trkpt lat="36.1034900" lon="-115.4582140">
    <ele>1186.0</ele>
   </trkpt>
   <trkpt lat="36.1034790" lon="-115.4582460">
    <ele>1186.0</ele>
   </trkpt>
   <trkpt lat="36.1034680" lon="-115.4582770">
    <ele>1186.0</ele>
   </trkpt>
   <trkpt lat="36.1034580" lon="-115.4583100">
    <ele>1187.0</ele>
   </trkpt>
   <trkpt lat="36.1034490" lon="-115.4583430">
    <ele>1187.0</ele>
   </trkpt>
   <trkpt lat="36.1034460" lon="-115.4583770">
    <ele>1187.0</ele>
   </trkpt>
   <trkpt lat="36.1034430" lon="-115.4584120">
    <ele>1187.0</ele>
   </trkpt>
   <trkpt lat="36.1034440" lon="-115.4584470">
    <ele>1187.0</ele>
   </trkpt>
   <trkpt lat="36.1034460" lon="-115.4584820">
    <ele>1188.0</ele>
   </trkpt>
   <trkpt lat="36.1034500" lon="-115.4585170">
    <ele>1188.0</ele>
   </trkpt>
   <trkpt lat="36.1034530" lon="-115.4585520">
    <ele>1188.0</ele>
   </trkpt>
   <trkpt lat="36.1034570" lon="-115.4585860">
    <ele>1188.0</ele>
   </trkpt>
   <trkpt lat="36.1034600" lon="-115.4586200">
    <ele>1188.0</ele>
   </trkpt>
   <trkpt lat="36.1034610" lon="-115.4586530">
    <ele>1188.0</ele>
   </trkpt>
   <trkpt lat="36.1034620" lon="-115.4586860">
    <ele>1188.0</ele>
   </trkpt>
   <trkpt lat="36.1034620" lon="-115.4587200">
    <ele>1188.0</ele>
   </trkpt>
   <trkpt lat="36.1034620" lon="-115.4587530">
    <ele>1188.0</ele>
   </trkpt>
   <trkpt lat="36.1034610" lon="-115.4587880">
    <ele>1188.0</ele>
   </trkpt>
   <trkpt lat="36.1034590" lon="-115.4588220">
    <ele>1189.0</ele>
   </trkpt>
   <trkpt lat="36.1034560" lon="-115.4588570">
    <ele>1189.0</ele>
   </trkpt>
   <trkpt lat="36.1034520" lon="-115.4588920">
    <ele>1189.0</ele>
   </trkpt>
   <trkpt lat="36.1034480" lon="-115.4589280">
    <ele>1189.0</ele>
   </trkpt>
   <trkpt lat="36.1034440" lon="-115.4589640">
    <ele>1189.0</ele>
   </trkpt>
   <trkpt lat="36.1034400" lon="-115.4589990">
    <ele>1190.0</ele>
   </trkpt>
   <trkpt lat="36.1034360" lon="-115.4590350">
    <ele>1190.0</ele>
   </trkpt>
   <trkpt lat="36.1034350" lon="-115.4590680">
    <ele>1190.0</ele>
   </trkpt>
   <trkpt lat="36.1034340" lon="-115.4591010">
    <ele>1190.0</ele>
   </trkpt>
   <trkpt lat="36.1034340" lon="-115.4591330">
    <ele>1190.0</ele>
   </trkpt>
   <trkpt lat="36.1034350" lon="-115.4591660">
    <ele>1190.0</ele>
   </trkpt>
   <trkpt lat="36.1034360" lon="-115.4591970">
    <ele>1190.0</ele>
   </trkpt>
   <trkpt lat="36.1034370" lon="-115.4592290">
    <ele>1190.0</ele>
   </trkpt>
   <trkpt lat="36.1034380" lon="-115.4592610">
    <ele>1190.0</ele>
   </trkpt>
   <trkpt lat="36.1034390" lon="-115.4592930">
    <ele>1190.0</ele>
   </trkpt>
   <trkpt lat="36.1034410" lon="-115.4593250">
    <ele>1191.0</ele>
   </trkpt>
   <trkpt lat="36.1034430" lon="-115.4593580">
    <ele>1191.0</ele>
   </trkpt>
   <trkpt lat="36.1034450" lon="-115.4593920">
    <ele>1191.0</ele>
   </trkpt>
   <trkpt lat="36.1034470" lon="-115.4594260">
    <ele>1191.0</ele>
   </trkpt>
   <trkpt lat="36.1034480" lon="-115.4594590">
    <ele>1191.0</ele>
   </trkpt>
   <trkpt lat="36.1034490" lon="-115.4594930">
    <ele>1191.0</ele>
   </trkpt>
   <trkpt lat="36.1034480" lon="-115.4595260">
    <ele>1191.0</ele>
   </trkpt>
   <trkpt lat="36.1034480" lon="-115.4595590">
    <ele>1191.0</ele>
   </trkpt>
   <trkpt lat="36.1034480" lon="-115.4595940">
    <ele>1191.0</ele>
   </trkpt>
   <trkpt lat="36.1034490" lon="-115.4596280">
    <ele>1191.0</ele>
   </trkpt>
   <trkpt lat="36.1034510" lon="-115.4596630">
    <ele>1192.0</ele>
   </trkpt>
   <trkpt lat="36.1034530" lon="-115.4596970">
    <ele>1192.0</ele>
   </trkpt>
   <trkpt lat="36.1034550" lon="-115.4597300">
    <ele>1192.0</ele>
   </trkpt>
   <trkpt lat="36.1034580" lon="-115.4597620">
    <ele>1192.0</ele>
   </trkpt>
   <trkpt lat="36.1034590" lon="-115.4597930">
    <ele>1192.0</ele>
   </trkpt>
   <trkpt lat="36.1034610" lon="-115.4598240">
    <ele>1193.0</ele>
   </trkpt>
   <trkpt lat="36.1034620" lon="-115.4598560">
    <ele>1193.0</ele>
   </trkpt>
   <trkpt lat="36.1034630" lon="-115.4598870">
    <ele>1193.0</ele>
   </trkpt>
   <trkpt lat="36.1034650" lon="-115.4599200">
    <ele>1193.0</ele>
   </trkpt>
   <trkpt lat="36.1034660" lon="-115.4599520">
    <ele>1193.0</ele>
   </trkpt>
   <trkpt lat="36.1034660" lon="-115.4599850">
    <ele>1193.0</ele>
   </trkpt>
   <trkpt lat="36.1034660" lon="-115.4600180">
    <ele>1193.0</ele>
   </trkpt>
   <trkpt lat="36.1034660" lon="-115.4600510">
    <ele>1193.0</ele>
   </trkpt>
   <trkpt lat="36.1034660" lon="-115.4600850">
    <ele>1193.0</ele>
   </trkpt>
   <trkpt lat="36.1034660" lon="-115.4601190">
    <ele>1193.0</ele>
   </trkpt>
   <trkpt lat="36.1034660" lon="-115.4601520">
    <ele>1194.0</ele>
   </trkpt>
   <trkpt lat="36.1034660" lon="-115.4601860">
    <ele>1194.0</ele>
   </trkpt>
   <trkpt lat="36.1034660" lon="-115.4602210">
    <ele>1194.0</ele>
   </trkpt>
   <trkpt lat="36.1034670" lon="-115.4602540">
    <ele>1194.0</ele>
   </trkpt>
   <trkpt lat="36.1034670" lon="-115.4602870">
    <ele>1194.0</ele>
   </trkpt>
   <trkpt lat="36.1034680" lon="-115.4603210">
    <ele>1195.0</ele>
   </trkpt>
   <trkpt lat="36.1034700" lon="-115.4603540">
    <ele>1195.0</ele>
   </trkpt>
   <trkpt lat="36.1034710" lon="-115.4603880">
    <ele>1195.0</ele>
   </trkpt>
   <trkpt lat="36.1034720" lon="-115.4604230">
    <ele>1195.0</ele>
   </trkpt>
   <trkpt lat="36.1034730" lon="-115.4604570">
    <ele>1195.0</ele>
   </trkpt>
   <trkpt lat="36.1034740" lon="-115.4604900">
    <ele>1195.0</ele>
   </trkpt>
   <trkpt lat="36.1034750" lon="-115.4605250">
    <ele>1195.0</ele>
   </trkpt>
   <trkpt lat="36.1034760" lon="-115.4605590">
    <ele>1195.0</ele>
   </trkpt>
   <trkpt lat="36.1034770" lon="-115.4605930">
    <ele>1195.0</ele>
   </trkpt>
   <trkpt lat="36.1034780" lon="-115.4606260">
    <ele>1195.0</ele>
   </trkpt>
   <trkpt lat="36.1034780" lon="-115.4606590">
    <ele>1196.0</ele>
   </trkpt>
   <trkpt lat="36.1034780" lon="-115.4606910">
    <ele>1196.0</ele>
   </trkpt>
   <trkpt lat="36.1034780" lon="-115.4607250">
    <ele>1196.0</ele>
   </trkpt>
   <trkpt lat="36.1034770" lon="-115.4607590">
    <ele>1196.0</ele>
   </trkpt>
   <trkpt lat="36.1034780" lon="-115.4607920">
    <ele>1196.0</ele>
   </trkpt>
   <trkpt lat="36.1034780" lon="-115.4608260">
    <ele>1196.0</ele>
   </trkpt>
   <trkpt lat="36.1034800" lon="-115.4608590">
    <ele>1196.0</ele>
   </trkpt>
   <trkpt lat="36.1034810" lon="-115.4608920">
    <ele>1196.0</ele>
   </trkpt>
   <trkpt lat="36.1034840" lon="-115.4609260">
    <ele>1196.0</ele>
   </trkpt>
   <trkpt lat="36.1034880" lon="-115.4609590">
    <ele>1196.0</ele>
   </trkpt>
   <trkpt lat="36.1034900" lon="-115.4609940">
    <ele>1197.0</ele>
   </trkpt>
   <trkpt lat="36.1034920" lon="-115.4610290">
    <ele>1197.0</ele>
   </trkpt>
   <trkpt lat="36.1034910" lon="-115.4610630">
    <ele>1197.0</ele>
   </trkpt>
   <trkpt lat="36.1034900" lon="-115.4610980">
    <ele>1197.0</ele>
   </trkpt>
   <trkpt lat="36.1034870" lon="-115.4611300">
    <ele>1197.0</ele>
   </trkpt>
   <trkpt lat="36.1034850" lon="-115.4611630">
    <ele>1197.0</ele>
   </trkpt>
   <trkpt lat="36.1034830" lon="-115.4611960">
    <ele>1197.0</ele>
   </trkpt>
   <trkpt lat="36.1034810" lon="-115.4612280">
    <ele>1197.0</ele>
   </trkpt>
   <trkpt lat="36.1034830" lon="-115.4612610">
    <ele>1197.0</ele>
   </trkpt>
   <trkpt lat="36.1034850" lon="-115.4612940">
    <ele>1197.0</ele>
   </trkpt>
   <trkpt lat="36.1034870" lon="-115.4613280">
    <ele>1197.0</ele>
   </trkpt>
   <trkpt lat="36.1034900" lon="-115.4613610">
    <ele>1197.0</ele>
   </trkpt>
   <trkpt lat="36.1034920" lon="-115.4613930">
    <ele>1197.0</ele>
   </trkpt>
   <trkpt lat="36.1034950" lon="-115.4614260">
    <ele>1197.0</ele>
   </trkpt>
   <trkpt lat="36.1034970" lon="-115.4614590">
    <ele>1197.0</ele>
   </trkpt>
   <trkpt lat="36.1034990" lon="-115.4614920">
    <ele>1198.0</ele>
   </trkpt>
   <trkpt lat="36.1034980" lon="-115.4615270">
    <ele>1198.0</ele>
   </trkpt>
   <trkpt lat="36.1034980" lon="-115.4615620">
    <ele>1198.0</ele>
   </trkpt>
   <trkpt lat="36.1034960" lon="-115.4615970">
    <ele>1198.0</ele>
   </trkpt>
   <trkpt lat="36.1034940" lon="-115.4616310">
    <ele>1198.0</ele>
   </trkpt>
   <trkpt lat="36.1034920" lon="-115.4616670">
    <ele>1198.0</ele>
   </trkpt>
   <trkpt lat="36.1034910" lon="-115.4617030">
    <ele>1198.0</ele>
   </trkpt>
   <trkpt lat="36.1034900" lon="-115.4617380">
    <ele>1198.0</ele>
   </trkpt>
   <trkpt lat="36.1034890" lon="-115.4617720">
    <ele>1198.0</ele>
   </trkpt>
   <trkpt lat="36.1034900" lon="-115.4618070">
    <ele>1198.0</ele>
   </trkpt>
   <trkpt lat="36.1034900" lon="-115.4618420">
    <ele>1199.0</ele>
   </trkpt>
   <trkpt lat="36.1034930" lon="-115.4618760">
    <ele>1199.0</ele>
   </trkpt>
   <trkpt lat="36.1034960" lon="-115.4619100">
    <ele>1199.0</ele>
   </trkpt>
   <trkpt lat="36.1035000" lon="-115.4619450">
    <ele>1199.0</ele>
   </trkpt>
   <trkpt lat="36.1035030" lon="-115.4619800">
    <ele>1199.0</ele>
   </trkpt>
   <trkpt lat="36.1035050" lon="-115.4620140">
    <ele>1199.0</ele>
   </trkpt>
   <trkpt lat="36.1035070" lon="-115.4620490">
    <ele>1199.0</ele>
   </trkpt>
   <trkpt lat="36.1035110" lon="-115.4620830">
    <ele>1199.0</ele>
   </trkpt>
   <trkpt lat="36.1035140" lon="-115.4621170">
    <ele>1199.0</ele>
   </trkpt>
   <trkpt lat="36.1035190" lon="-115.4621530">
    <ele>1199.0</ele>
   </trkpt>
   <trkpt lat="36.1035230" lon="-115.4621880">
    <ele>1199.0</ele>
   </trkpt>
   <trkpt lat="36.1035280" lon="-115.4622230">
    <ele>1199.0</ele>
   </trkpt>
   <trkpt lat="36.1035330" lon="-115.4622580">
    <ele>1199.0</ele>
   </trkpt>
   <trkpt lat="36.1035330" lon="-115.4622920">
    <ele>1199.0</ele>
   </trkpt>
   <trkpt lat="36.1035340" lon="-115.4623270">
    <ele>1199.0</ele>
   </trkpt>
   <trkpt lat="36.1035320" lon="-115.4623610">
    <ele>1200.0</ele>
   </trkpt>
   <trkpt lat="36.1035290" lon="-115.4623960">
    <ele>1200.0</ele>
   </trkpt>
   <trkpt lat="36.1035260" lon="-115.4624300">
    <ele>1200.0</ele>
   </trkpt>
   <trkpt lat="36.1035220" lon="-115.4624640">
    <ele>1200.0</ele>
   </trkpt>
   <trkpt lat="36.1035180" lon="-115.4625010">
    <ele>1200.0</ele>
   </trkpt>
   <trkpt lat="36.1035140" lon="-115.4625370">
    <ele>1200.0</ele>
   </trkpt>
   <trkpt lat="36.1035110" lon="-115.4625760">
    <ele>1200.0</ele>
   </trkpt>
   <trkpt lat="36.1035080" lon="-115.4626160">
    <ele>1200.0</ele>
   </trkpt>
   <trkpt lat="36.1035050" lon="-115.4626570">
    <ele>1200.0</ele>
   </trkpt>
   <trkpt lat="36.1035020" lon="-115.4626980">
    <ele>1200.0</ele>
   </trkpt>
   <trkpt lat="36.1034970" lon="-115.4627400">
    <ele>1200.0</ele>
   </trkpt>
   <trkpt lat="36.1034930" lon="-115.4627820">
    <ele>1200.0</ele>
   </trkpt>
   <trkpt lat="36.1034900" lon="-115.4628240">
    <ele>1200.0</ele>
   </trkpt>
   <trkpt lat="36.1034870" lon="-115.4628670">
    <ele>1200.0</ele>
   </trkpt>
   <trkpt lat="36.1034860" lon="-115.4629110">
    <ele>1200.0</ele>
   </trkpt>
   <trkpt lat="36.1034850" lon="-115.4629540">
    <ele>1200.0</ele>
   </trkpt>
   <trkpt lat="36.1034870" lon="-115.4629960">
    <ele>1200.0</ele>
   </trkpt>
   <trkpt lat="36.1034880" lon="-115.4630380">
    <ele>1200.0</ele>
   </trkpt>
   <trkpt lat="36.1034900" lon="-115.4630800">
    <ele>1200.0</ele>
   </trkpt>
   <trkpt lat="36.1034920" lon="-115.4631220">
    <ele>1200.0</ele>
   </trkpt>
   <trkpt lat="36.1034920" lon="-115.4631630">
    <ele>1201.0</ele>
   </trkpt>
   <trkpt lat="36.1034930" lon="-115.4632050">
    <ele>1201.0</ele>
   </trkpt>
   <trkpt lat="36.1034890" lon="-115.4632470">
    <ele>1201.0</ele>
   </trkpt>
   <trkpt lat="36.1034860" lon="-115.4632880">
    <ele>1201.0</ele>
   </trkpt>
   <trkpt lat="36.1034820" lon="-115.4633290">
    <ele>1201.0</ele>
   </trkpt>
   <trkpt lat="36.1034780" lon="-115.4633690">
    <ele>1201.0</ele>
   </trkpt>
   <trkpt lat="36.1034780" lon="-115.4634060">
    <ele>1201.0</ele>
   </trkpt>
   <trkpt lat="36.1034780" lon="-115.4634440">
    <ele>1201.0</ele>
   </trkpt>
   <trkpt lat="36.1034790" lon="-115.4634780">
    <ele>1201.0</ele>
   </trkpt>
   <trkpt lat="36.1034790" lon="-115.4635120">
    <ele>1201.0</ele>
   </trkpt>
   <trkpt lat="36.1034780" lon="-115.4635430">
    <ele>1201.0</ele>
   </trkpt>
   <trkpt lat="36.1034760" lon="-115.4635750">
    <ele>1201.0</ele>
   </trkpt>
   <trkpt lat="36.1034710" lon="-115.4636040">
    <ele>1201.0</ele>
   </trkpt>
   <trkpt lat="36.1034660" lon="-115.4636340">
    <ele>1201.0</ele>
   </trkpt>
   <trkpt lat="36.1034640" lon="-115.4636630">
    <ele>1201.0</ele>
   </trkpt>
   <trkpt lat="36.1034610" lon="-115.4636920">
    <ele>1202.0</ele>
   </trkpt>
   <trkpt lat="36.1034600" lon="-115.4637220">
    <ele>1202.0</ele>
   </trkpt>
   <trkpt lat="36.1034590" lon="-115.4637510">
    <ele>1202.0</ele>
   </trkpt>
   <trkpt lat="36.1034590" lon="-115.4637810">
    <ele>1202.0</ele>
   </trkpt>
   <trkpt lat="36.1034590" lon="-115.4638110">
    <ele>1202.0</ele>
   </trkpt>
   <trkpt lat="36.1034590" lon="-115.4638400">
    <ele>1202.0</ele>
   </trkpt>
   <trkpt lat="36.1034590" lon="-115.4638690">
    <ele>1202.0</ele>
   </trkpt>
   <trkpt lat="36.1034590" lon="-115.4638960">
    <ele>1202.0</ele>
   </trkpt>
   <trkpt lat="36.1034580" lon="-115.4639220">
    <ele>1202.0</ele>
   </trkpt>
   <trkpt lat="36.1034590" lon="-115.4639460">
    <ele>1202.0</ele>
   </trkpt>
   <trkpt lat="36.1034600" lon="-115.4639700">
    <ele>1202.0</ele>
   </trkpt>
   <trkpt lat="36.1034620" lon="-115.4639950">
    <ele>1202.0</ele>
   </trkpt>
   <trkpt lat="36.1034630" lon="-115.4640200">
    <ele>1202.0</ele>
   </trkpt>
   <trkpt lat="36.1034620" lon="-115.4640450">
    <ele>1202.0</ele>
   </trkpt>
   <trkpt lat="36.1034610" lon="-115.4640700">
    <ele>1202.0</ele>
   </trkpt>
   <trkpt lat="36.1034580" lon="-115.4640960">
    <ele>1203.0</ele>
   </trkpt>
   <trkpt lat="36.1034560" lon="-115.4641220">
    <ele>1203.0</ele>
   </trkpt>
   <trkpt lat="36.1034520" lon="-115.4641500">
    <ele>1203.0</ele>
   </trkpt>
   <trkpt lat="36.1034490" lon="-115.4641770">
    <ele>1203.0</ele>
   </trkpt>
   <trkpt lat="36.1034470" lon="-115.4642060">
    <ele>1203.0</ele>
   </trkpt>
   <trkpt lat="36.1034450" lon="-115.4642340">
    <ele>1204.0</ele>
   </trkpt>
   <trkpt lat="36.1034430" lon="-115.4642620">
    <ele>1204.0</ele>
   </trkpt>
   <trkpt lat="36.1034420" lon="-115.4642910">
    <ele>1204.0</ele>
   </trkpt>
   <trkpt lat="36.1034410" lon="-115.4643190">
    <ele>1204.0</ele>
   </trkpt>
   <trkpt lat="36.1034400" lon="-115.4643460">
    <ele>1204.0</ele>
   </trkpt>
   <trkpt lat="36.1034390" lon="-115.4643760">
    <ele>1205.0</ele>
   </trkpt>
   <trkpt lat="36.1034380" lon="-115.4644060">
    <ele>1205.0</ele>
   </trkpt>
   <trkpt lat="36.1034350" lon="-115.4644360">
    <ele>1205.0</ele>
   </trkpt>
   <trkpt lat="36.1034330" lon="-115.4644660">
    <ele>1205.0</ele>
   </trkpt>
   <trkpt lat="36.1034300" lon="-115.4644980">
    <ele>1205.0</ele>
   </trkpt>
   <trkpt lat="36.1034260" lon="-115.4645290">
    <ele>1205.0</ele>
   </trkpt>
   <trkpt lat="36.1034220" lon="-115.4645600">
    <ele>1205.0</ele>
   </trkpt>
   <trkpt lat="36.1034190" lon="-115.4645920">
    <ele>1205.0</ele>
   </trkpt>
   <trkpt lat="36.1034170" lon="-115.4646230">
    <ele>1205.0</ele>
   </trkpt>
   <trkpt lat="36.1034150" lon="-115.4646540">
    <ele>1205.0</ele>
   </trkpt>
   <trkpt lat="36.1034160" lon="-115.4646840">
    <ele>1206.0</ele>
   </trkpt>
   <trkpt lat="36.1034160" lon="-115.4647140">
    <ele>1206.0</ele>
   </trkpt>
   <trkpt lat="36.1034170" lon="-115.4647440">
    <ele>1206.0</ele>
   </trkpt>
   <trkpt lat="36.1034180" lon="-115.4647740">
    <ele>1206.0</ele>
   </trkpt>
   <trkpt lat="36.1034190" lon="-115.4648050">
    <ele>1206.0</ele>
   </trkpt>
   <trkpt lat="36.1034210" lon="-115.4648370">
    <ele>1206.0</ele>
   </trkpt>
   <trkpt lat="36.1034220" lon="-115.4648660">
    <ele>1206.0</ele>
   </trkpt>
   <trkpt lat="36.1034230" lon="-115.4648960">
    <ele>1206.0</ele>
   </trkpt>
   <trkpt lat="36.1034240" lon="-115.4649250">
    <ele>1206.0</ele>
   </trkpt>
   <trkpt lat="36.1034250" lon="-115.4649530">
    <ele>1206.0</ele>
   </trkpt>
   <trkpt lat="36.1034240" lon="-115.4649840">
    <ele>1207.0</ele>
   </trkpt>
   <trkpt lat="36.1034230" lon="-115.4650150">
    <ele>1207.0</ele>
   </trkpt>
   <trkpt lat="36.1034230" lon="-115.4650470">
    <ele>1207.0</ele>
   </trkpt>
   <trkpt lat="36.1034220" lon="-115.4650780">
    <ele>1207.0</ele>
   </trkpt>
   <trkpt lat="36.1034210" lon="-115.4651100">
    <ele>1207.0</ele>
   </trkpt>
   <trkpt lat="36.1034210" lon="-115.4651420">
    <ele>1208.0</ele>
   </trkpt>
   <trkpt lat="36.1034210" lon="-115.4651720">
    <ele>1208.0</ele>
   </trkpt>
   <trkpt lat="36.1034200" lon="-115.4652030">
    <ele>1208.0</ele>
   </trkpt>
   <trkpt lat="36.1034190" lon="-115.4652320">
    <ele>1208.0</ele>
   </trkpt>
   <trkpt lat="36.1034190" lon="-115.4652620">
    <ele>1208.0</ele>
   </trkpt>
   <trkpt lat="36.1034190" lon="-115.4652920">
    <ele>1209.0</ele>
   </trkpt>
   <trkpt lat="36.1034190" lon="-115.4653210">
    <ele>1209.0</ele>
   </trkpt>
   <trkpt lat="36.1034200" lon="-115.4653520">
    <ele>1209.0</ele>
   </trkpt>
   <trkpt lat="36.1034220" lon="-115.4653830">
    <ele>1209.0</ele>
   </trkpt>
   <trkpt lat="36.1034220" lon="-115.4654130">
    <ele>1209.0</ele>
   </trkpt>
   <trkpt lat="36.1034230" lon="-115.4654420">
    <ele>1210.0</ele>
   </trkpt>
   <trkpt lat="36.1034230" lon="-115.4654720">
    <ele>1210.0</ele>
   </trkpt>
   <trkpt lat="36.1034220" lon="-115.4655010">
    <ele>1210.0</ele>
   </trkpt>
   <trkpt lat="36.1034240" lon="-115.4655330">
    <ele>1210.0</ele>
   </trkpt>
   <trkpt lat="36.1034260" lon="-115.4655640">
    <ele>1210.0</ele>
   </trkpt>
   <trkpt lat="36.1034310" lon="-115.4655940">
    <ele>1211.0</ele>
   </trkpt>
   <trkpt lat="36.1034350" lon="-115.4656240">
    <ele>1211.0</ele>
   </trkpt>
   <trkpt lat="36.1034380" lon="-115.4656530">
    <ele>1211.0</ele>
   </trkpt>
   <trkpt lat="36.1034410" lon="-115.4656820">
    <ele>1211.0</ele>
   </trkpt>
   <trkpt lat="36.1034430" lon="-115.4657120">
    <ele>1211.0</ele>
   </trkpt>
   <trkpt lat="36.1034440" lon="-115.4657420">
    <ele>1211.0</ele>
   </trkpt>
   <trkpt lat="36.1034450" lon="-115.4657730">
    <ele>1211.0</ele>
   </trkpt>
   <trkpt lat="36.1034460" lon="-115.4658050">
    <ele>1211.0</ele>
   </trkpt>
   <trkpt lat="36.1034460" lon="-115.4658370">
    <ele>1211.0</ele>
   </trkpt>
   <trkpt lat="36.1034470" lon="-115.4658700">
    <ele>1211.0</ele>
   </trkpt>
   <trkpt lat="36.1034490" lon="-115.4658990">
    <ele>1211.0</ele>
   </trkpt>
   <trkpt lat="36.1034510" lon="-115.4659290">
    <ele>1211.0</ele>
   </trkpt>
   <trkpt lat="36.1034540" lon="-115.4659560">
    <ele>1211.0</ele>
   </trkpt>
   <trkpt lat="36.1034570" lon="-115.4659840">
    <ele>1212.0</ele>
   </trkpt>
   <trkpt lat="36.1034610" lon="-115.4660110">
    <ele>1212.0</ele>
   </trkpt>
   <trkpt lat="36.1034650" lon="-115.4660390">
    <ele>1213.0</ele>
   </trkpt>
   <trkpt lat="36.1034710" lon="-115.4660680">
    <ele>1213.0</ele>
   </trkpt>
   <trkpt lat="36.1034770" lon="-115.4660970">
    <ele>1213.0</ele>
   </trkpt>
   <trkpt lat="36.1034840" lon="-115.4661270">
    <ele>1213.0</ele>
   </trkpt>
   <trkpt lat="36.1034920" lon="-115.4661560">
    <ele>1213.0</ele>
   </trkpt>
   <trkpt lat="36.1034980" lon="-115.4661850">
    <ele>1214.0</ele>
   </trkpt>
   <trkpt lat="36.1035050" lon="-115.4662140">
    <ele>1214.0</ele>
   </trkpt>
   <trkpt lat="36.1035110" lon="-115.4662440">
    <ele>1214.0</ele>
   </trkpt>
   <trkpt lat="36.1035170" lon="-115.4662740">
    <ele>1214.0</ele>
   </trkpt>
   <trkpt lat="36.1035220" lon="-115.4663030">
    <ele>1214.0</ele>
   </trkpt>
   <trkpt lat="36.1035270" lon="-115.4663320">
    <ele>1215.0</ele>
   </trkpt>
   <trkpt lat="36.1035330" lon="-115.4663600">
    <ele>1215.0</ele>
   </trkpt>
   <trkpt lat="36.1035390" lon="-115.4663870">
    <ele>1215.0</ele>
   </trkpt>
   <trkpt lat="36.1035490" lon="-115.4664130">
    <ele>1215.0</ele>
   </trkpt>
   <trkpt lat="36.1035580" lon="-115.4664400">
    <ele>1215.0</ele>
   </trkpt>
   <trkpt lat="36.1035670" lon="-115.4664680">
    <ele>1215.0</ele>
   </trkpt>
   <trkpt lat="36.1035770" lon="-115.4664960">
    <ele>1215.0</ele>
   </trkpt>
   <trkpt lat="36.1035850" lon="-115.4665250">
    <ele>1215.0</ele>
   </trkpt>
   <trkpt lat="36.1035940" lon="-115.4665540">
    <ele>1215.0</ele>
   </trkpt>
   <trkpt lat="36.1036030" lon="-115.4665810">
    <ele>1215.0</ele>
   </trkpt>
   <trkpt lat="36.1036120" lon="-115.4666080">
    <ele>1215.0</ele>
   </trkpt>
   <trkpt lat="36.1036180" lon="-115.4666350">
    <ele>1215.0</ele>
   </trkpt>
   <trkpt lat="36.1036250" lon="-115.4666610">
    <ele>1215.0</ele>
   </trkpt>
   <trkpt lat="36.1036290" lon="-115.4666900">
    <ele>1215.0</ele>
   </trkpt>
   <trkpt lat="36.1036320" lon="-115.4667180">
    <ele>1215.0</ele>
   </trkpt>
   <trkpt lat="36.1036350" lon="-115.4667480">
    <ele>1216.0</ele>
   </trkpt>
   <trkpt lat="36.1036380" lon="-115.4667790">
    <ele>1216.0</ele>
   </trkpt>
   <trkpt lat="36.1036400" lon="-115.4668130">
    <ele>1216.0</ele>
   </trkpt>
   <trkpt lat="36.1036430" lon="-115.4668460">
    <ele>1216.0</ele>
   </trkpt>
   <trkpt lat="36.1036450" lon="-115.4668800">
    <ele>1216.0</ele>
   </trkpt>
   <trkpt lat="36.1036480" lon="-115.4669140">
    <ele>1216.0</ele>
   </trkpt>
   <trkpt lat="36.1036480" lon="-115.4669460">
    <ele>1216.0</ele>
   </trkpt>
   <trkpt lat="36.1036490" lon="-115.4669790">
    <ele>1216.0</ele>
   </trkpt>
   <trkpt lat="36.1036490" lon="-115.4670100">
    <ele>1216.0</ele>
   </trkpt>
   <trkpt lat="36.1036490" lon="-115.4670410">
    <ele>1216.0</ele>
   </trkpt>
   <trkpt lat="36.1036490" lon="-115.4670730">
    <ele>1217.0</ele>
   </trkpt>
   <trkpt lat="36.1036490" lon="-115.4671060">
    <ele>1217.0</ele>
   </trkpt>
   <trkpt lat="36.1036510" lon="-115.4671380">
    <ele>1217.0</ele>
   </trkpt>
   <trkpt lat="36.1036520" lon="-115.4671710">
    <ele>1217.0</ele>
   </trkpt>
   <trkpt lat="36.1036560" lon="-115.4672020">
    <ele>1217.0</ele>
   </trkpt>
   <trkpt lat="36.1036590" lon="-115.4672330">
    <ele>1217.0</ele>
   </trkpt>
   <trkpt lat="36.1036650" lon="-115.4672650">
    <ele>1217.0</ele>
   </trkpt>
   <trkpt lat="36.1036710" lon="-115.4672960">
    <ele>1217.0</ele>
   </trkpt>
   <trkpt lat="36.1036780" lon="-115.4673290">
    <ele>1217.0</ele>
   </trkpt>
   <trkpt lat="36.1036840" lon="-115.4673620">
    <ele>1217.0</ele>
   </trkpt>
   <trkpt lat="36.1036880" lon="-115.4673960">
    <ele>1218.0</ele>
   </trkpt>
   <trkpt lat="36.1036930" lon="-115.4674310">
    <ele>1218.0</ele>
   </trkpt>
   <trkpt lat="36.1036950" lon="-115.4674640">
    <ele>1218.0</ele>
   </trkpt>
   <trkpt lat="36.1036970" lon="-115.4674970">
    <ele>1218.0</ele>
   </trkpt>
   <trkpt lat="36.1036980" lon="-115.4675320">
    <ele>1218.0</ele>
   </trkpt>
   <trkpt lat="36.1036990" lon="-115.4675670">
    <ele>1219.0</ele>
   </trkpt>
   <trkpt lat="36.1037000" lon="-115.4676000">
    <ele>1219.0</ele>
   </trkpt>
   <trkpt lat="36.1037020" lon="-115.4676330">
    <ele>1219.0</ele>
   </trkpt>
   <trkpt lat="36.1037010" lon="-115.4676640">
    <ele>1219.0</ele>
   </trkpt>
   <trkpt lat="36.1037000" lon="-115.4676960">
    <ele>1219.0</ele>
   </trkpt>
   <trkpt lat="36.1036950" lon="-115.4677250">
    <ele>1220.0</ele>
   </trkpt>
   <trkpt lat="36.1036900" lon="-115.4677550">
    <ele>1220.0</ele>
   </trkpt>
   <trkpt lat="36.1036820" lon="-115.4677850">
    <ele>1220.0</ele>
   </trkpt>
   <trkpt lat="36.1036750" lon="-115.4678140">
    <ele>1220.0</ele>
   </trkpt>
   <trkpt lat="36.1036670" lon="-115.4678450">
    <ele>1220.0</ele>
   </trkpt>
   <trkpt lat="36.1036600" lon="-115.4678770">
    <ele>1220.0</ele>
   </trkpt>
   <trkpt lat="36.1036520" lon="-115.4679080">
    <ele>1220.0</ele>
   </trkpt>
   <trkpt lat="36.1036450" lon="-115.4679400">
    <ele>1220.0</ele>
   </trkpt>
   <trkpt lat="36.1036380" lon="-115.4679750">
    <ele>1220.0</ele>
   </trkpt>
   <trkpt lat="36.1036320" lon="-115.4680100">
    <ele>1220.0</ele>
   </trkpt>
   <trkpt lat="36.1036280" lon="-115.4680460">
    <ele>1221.0</ele>
   </trkpt>
   <trkpt lat="36.1036240" lon="-115.4680830">
    <ele>1221.0</ele>
   </trkpt>
   <trkpt lat="36.1036210" lon="-115.4681200">
    <ele>1221.0</ele>
   </trkpt>
   <trkpt lat="36.1036190" lon="-115.4681570">
    <ele>1221.0</ele>
   </trkpt>
   <trkpt lat="36.1036170" lon="-115.4681940">
    <ele>1221.0</ele>
   </trkpt>
   <trkpt lat="36.1036150" lon="-115.4682300">
    <ele>1221.0</ele>
   </trkpt>
   <trkpt lat="36.1036130" lon="-115.4682630">
    <ele>1221.0</ele>
   </trkpt>
   <trkpt lat="36.1036120" lon="-115.4682950">
    <ele>1221.0</ele>
   </trkpt>
   <trkpt lat="36.1036100" lon="-115.4683270">
    <ele>1221.0</ele>
   </trkpt>
   <trkpt lat="36.1036090" lon="-115.4683580">
    <ele>1221.0</ele>
   </trkpt>
   <trkpt lat="36.1036080" lon="-115.4683890">
    <ele>1222.0</ele>
   </trkpt>
   <trkpt lat="36.1036070" lon="-115.4684210">
    <ele>1222.0</ele>
   </trkpt>
   <trkpt lat="36.1036070" lon="-115.4684530">
    <ele>1222.0</ele>
   </trkpt>
   <trkpt lat="36.1036060" lon="-115.4684850">
    <ele>1222.0</ele>
   </trkpt>
   <trkpt lat="36.1036050" lon="-115.4685150">
    <ele>1222.0</ele>
   </trkpt>
   <trkpt lat="36.1036030" lon="-115.4685460">
    <ele>1222.0</ele>
   </trkpt>
   <trkpt lat="36.1036020" lon="-115.4685770">
    <ele>1222.0</ele>
   </trkpt>
   <trkpt lat="36.1036010" lon="-115.4686070">
    <ele>1222.0</ele>
   </trkpt>
   <trkpt lat="36.1036030" lon="-115.4686380">
    <ele>1222.0</ele>
   </trkpt>
   <trkpt lat="36.1036040" lon="-115.4686690">
    <ele>1222.0</ele>
   </trkpt>
   <trkpt lat="36.1036050" lon="-115.4687000">
    <ele>1223.0</ele>
   </trkpt>
   <trkpt lat="36.1036050" lon="-115.4687300">
    <ele>1223.0</ele>
   </trkpt>
   <trkpt lat="36.1036030" lon="-115.4687590">
    <ele>1223.0</ele>
   </trkpt>
   <trkpt lat="36.1036020" lon="-115.4687890">
    <ele>1223.0</ele>
   </trkpt>
   <trkpt lat="36.1035990" lon="-115.4688160">
    <ele>1223.0</ele>
   </trkpt>
   <trkpt lat="36.1035970" lon="-115.4688440">
    <ele>1224.0</ele>
   </trkpt>
   <trkpt lat="36.1035960" lon="-115.4688740">
    <ele>1224.0</ele>
   </trkpt>
   <trkpt lat="36.1035950" lon="-115.4689050">
    <ele>1224.0</ele>
   </trkpt>
   <trkpt lat="36.1035950" lon="-115.4689360">
    <ele>1224.0</ele>
   </trkpt>
   <trkpt lat="36.1035940" lon="-115.4689680">
    <ele>1224.0</ele>
   </trkpt>
   <trkpt lat="36.1035920" lon="-115.4690010">
    <ele>1224.0</ele>
   </trkpt>
   <trkpt lat="36.1035900" lon="-115.4690350">
    <ele>1224.0</ele>
   </trkpt>
   <trkpt lat="36.1035860" lon="-115.4690700">
    <ele>1224.0</ele>
   </trkpt>
   <trkpt lat="36.1035830" lon="-115.4691040">
    <ele>1224.0</ele>
   </trkpt>
   <trkpt lat="36.1035820" lon="-115.4691350">
    <ele>1224.0</ele>
   </trkpt>
   <trkpt lat="36.1035810" lon="-115.4691670">
    <ele>1225.0</ele>
   </trkpt>
   <trkpt lat="36.1035800" lon="-115.4691960">
    <ele>1225.0</ele>
   </trkpt>
   <trkpt lat="36.1035800" lon="-115.4692260">
    <ele>1225.0</ele>
   </trkpt>
   <trkpt lat="36.1035790" lon="-115.4692550">
    <ele>1225.0</ele>
   </trkpt>
   <trkpt lat="36.1035770" lon="-115.4692840">
    <ele>1225.0</ele>
   </trkpt>
   <trkpt lat="36.1035750" lon="-115.4693130">
    <ele>1226.0</ele>
   </trkpt>
   <trkpt lat="36.1035720" lon="-115.4693430">
    <ele>1226.0</ele>
   </trkpt>
   <trkpt lat="36.1035700" lon="-115.4693710">
    <ele>1226.0</ele>
   </trkpt>
   <trkpt lat="36.1035670" lon="-115.4693990">
    <ele>1226.0</ele>
   </trkpt>
   <trkpt lat="36.1035680" lon="-115.4694250">
    <ele>1226.0</ele>
   </trkpt>
   <trkpt lat="36.1035700" lon="-115.4694520">
    <ele>1227.0</ele>
   </trkpt>
   <trkpt lat="36.1035720" lon="-115.4694810">
    <ele>1227.0</ele>
   </trkpt>
   <trkpt lat="36.1035740" lon="-115.4695100">
    <ele>1227.0</ele>
   </trkpt>
   <trkpt lat="36.1035740" lon="-115.4695400">
    <ele>1227.0</ele>
   </trkpt>
   <trkpt lat="36.1035730" lon="-115.4695700">
    <ele>1227.0</ele>
   </trkpt>
   <trkpt lat="36.1035720" lon="-115.4696010">
    <ele>1227.0</ele>
   </trkpt>
   <trkpt lat="36.1035710" lon="-115.4696320">
    <ele>1227.0</ele>
   </trkpt>
   <trkpt lat="36.1035690" lon="-115.4696620">
    <ele>1227.0</ele>
   </trkpt>
   <trkpt lat="36.1035670" lon="-115.4696910">
    <ele>1227.0</ele>
   </trkpt>
   <trkpt lat="36.1035660" lon="-115.4697230">
    <ele>1227.0</ele>
   </trkpt>
   <trkpt lat="36.1035650" lon="-115.4697540">
    <ele>1228.0</ele>
   </trkpt>
   <trkpt lat="36.1035670" lon="-115.4697860">
    <ele>1228.0</ele>
   </trkpt>
   <trkpt lat="36.1035690" lon="-115.4698190">
    <ele>1228.0</ele>
   </trkpt>
   <trkpt lat="36.1035750" lon="-115.4698510">
    <ele>1228.0</ele>
   </trkpt>
   <trkpt lat="36.1035810" lon="-115.4698840">
    <ele>1228.0</ele>
   </trkpt>
   <trkpt lat="36.1035860" lon="-115.4699160">
    <ele>1229.0</ele>
   </trkpt>
   <trkpt lat="36.1035910" lon="-115.4699480">
    <ele>1229.0</ele>
   </trkpt>
   <trkpt lat="36.1035930" lon="-115.4699790">
    <ele>1229.0</ele>
   </trkpt>
   <trkpt lat="36.1035940" lon="-115.4700100">
    <ele>1229.0</ele>
   </trkpt>
   <trkpt lat="36.1035920" lon="-115.4700400">
    <ele>1229.0</ele>
   </trkpt>
   <trkpt lat="36.1035900" lon="-115.4700700">
    <ele>1230.0</ele>
   </trkpt>
   <trkpt lat="36.1035890" lon="-115.4700990">
    <ele>1230.0</ele>
   </trkpt>
   <trkpt lat="36.1035870" lon="-115.4701280">
    <ele>1230.0</ele>
   </trkpt>
   <trkpt lat="36.1035840" lon="-115.4701580">
    <ele>1230.0</ele>
   </trkpt>
   <trkpt lat="36.1035810" lon="-115.4701870">
    <ele>1230.0</ele>
   </trkpt>
   <trkpt lat="36.1035770" lon="-115.4702160">
    <ele>1230.0</ele>
   </trkpt>
   <trkpt lat="36.1035740" lon="-115.4702450">
    <ele>1230.0</ele>
   </trkpt>
   <trkpt lat="36.1035690" lon="-115.4702740">
    <ele>1230.0</ele>
   </trkpt>
   <trkpt lat="36.1035640" lon="-115.4703040">
    <ele>1230.0</ele>
   </trkpt>
   <trkpt lat="36.1035600" lon="-115.4703340">
    <ele>1230.0</ele>
   </trkpt>
   <trkpt lat="36.1035550" lon="-115.4703650">
    <ele>1231.0</ele>
   </trkpt>
   <trkpt lat="36.1035520" lon="-115.4703940">
    <ele>1231.0</ele>
   </trkpt>
   <trkpt lat="36.1035500" lon="-115.4704230">
    <ele>1231.0</ele>
   </trkpt>
   <trkpt lat="36.1035470" lon="-115.4704530">
    <ele>1231.0</ele>
   </trkpt>
   <trkpt lat="36.1035440" lon="-115.4704820">
    <ele>1231.0</ele>
   </trkpt>
   <trkpt lat="36.1035420" lon="-115.4705100">
    <ele>1232.0</ele>
   </trkpt>
   <trkpt lat="36.1035400" lon="-115.4705380">
    <ele>1232.0</ele>
   </trkpt>
   <trkpt lat="36.1035410" lon="-115.4705690">
    <ele>1232.0</ele>
   </trkpt>
   <trkpt lat="36.1035420" lon="-115.4705990">
    <ele>1232.0</ele>
   </trkpt>
   <trkpt lat="36.1035450" lon="-115.4706300">
    <ele>1232.0</ele>
   </trkpt>
   <trkpt lat="36.1035480" lon="-115.4706610">
    <ele>1232.0</ele>
   </trkpt>
   <trkpt lat="36.1035510" lon="-115.4706920">
    <ele>1232.0</ele>
   </trkpt>
   <trkpt lat="36.1035540" lon="-115.4707230">
    <ele>1232.0</ele>
   </trkpt>
   <trkpt lat="36.1035560" lon="-115.4707540">
    <ele>1232.0</ele>
   </trkpt>
   <trkpt lat="36.1035570" lon="-115.4707860">
    <ele>1232.0</ele>
   </trkpt>
   <trkpt lat="36.1035590" lon="-115.4708170">
    <ele>1232.0</ele>
   </trkpt>
   <trkpt lat="36.1035600" lon="-115.4708490">
    <ele>1232.0</ele>
   </trkpt>
   <trkpt lat="36.1035590" lon="-115.4708790">
    <ele>1232.0</ele>
   </trkpt>
   <trkpt lat="36.1035590" lon="-115.4709080">
    <ele>1232.0</ele>
   </trkpt>
   <trkpt lat="36.1035560" lon="-115.4709360">
    <ele>1232.0</ele>
   </trkpt>
   <trkpt lat="36.1035540" lon="-115.4709630">
    <ele>1233.0</ele>
   </trkpt>
   <trkpt lat="36.1035520" lon="-115.4709900">
    <ele>1233.0</ele>
   </trkpt>
   <trkpt lat="36.1035510" lon="-115.4710170">
    <ele>1233.0</ele>
   </trkpt>
   <trkpt lat="36.1035520" lon="-115.4710440">
    <ele>1233.0</ele>
   </trkpt>
   <trkpt lat="36.1035540" lon="-115.4710720">
    <ele>1233.0</ele>
   </trkpt>
   <trkpt lat="36.1035550" lon="-115.4711000">
    <ele>1233.0</ele>
   </trkpt>
   <trkpt lat="36.1035560" lon="-115.4711280">
    <ele>1233.0</ele>
   </trkpt>
   <trkpt lat="36.1035550" lon="-115.4711560">
    <ele>1233.0</ele>
   </trkpt>
   <trkpt lat="36.1035540" lon="-115.4711840">
    <ele>1233.0</ele>
   </trkpt>
   <trkpt lat="36.1035540" lon="-115.4712140">
    <ele>1233.0</ele>
   </trkpt>
   <trkpt lat="36.1035530" lon="-115.4712450">
    <ele>1234.0</ele>
   </trkpt>
   <trkpt lat="36.1035560" lon="-115.4712760">
    <ele>1234.0</ele>
   </trkpt>
   <trkpt lat="36.1035590" lon="-115.4713080">
    <ele>1234.0</ele>
   </trkpt>
   <trkpt lat="36.1035630" lon="-115.4713410">
    <ele>1234.0</ele>
   </trkpt>
   <trkpt lat="36.1035680" lon="-115.4713740">
    <ele>1234.0</ele>
   </trkpt>
   <trkpt lat="36.1035720" lon="-115.4714070">
    <ele>1234.0</ele>
   </trkpt>
   <trkpt lat="36.1035760" lon="-115.4714410">
    <ele>1234.0</ele>
   </trkpt>
   <trkpt lat="36.1035780" lon="-115.4714740">
    <ele>1234.0</ele>
   </trkpt>
   <trkpt lat="36.1035800" lon="-115.4715070">
    <ele>1234.0</ele>
   </trkpt>
   <trkpt lat="36.1035810" lon="-115.4715390">
    <ele>1234.0</ele>
   </trkpt>
   <trkpt lat="36.1035820" lon="-115.4715720">
    <ele>1235.0</ele>
   </trkpt>
   <trkpt lat="36.1035840" lon="-115.4716030">
    <ele>1235.0</ele>
   </trkpt>
   <trkpt lat="36.1035850" lon="-115.4716340">
    <ele>1235.0</ele>
   </trkpt>
   <trkpt lat="36.1035880" lon="-115.4716630">
    <ele>1235.0</ele>
   </trkpt>
   <trkpt lat="36.1035910" lon="-115.4716930">
    <ele>1235.0</ele>
   </trkpt>
   <trkpt lat="36.1035940" lon="-115.4717210">
    <ele>1236.0</ele>
   </trkpt>
   <trkpt lat="36.1035980" lon="-115.4717500">
    <ele>1236.0</ele>
   </trkpt>
   <trkpt lat="36.1036000" lon="-115.4717800">
    <ele>1236.0</ele>
   </trkpt>
   <trkpt lat="36.1036030" lon="-115.4718100">
    <ele>1236.0</ele>
   </trkpt>
   <trkpt lat="36.1036040" lon="-115.4718400">
    <ele>1236.0</ele>
   </trkpt>
   <trkpt lat="36.1036050" lon="-115.4718710">
    <ele>1236.0</ele>
   </trkpt>
   <trkpt lat="36.1036070" lon="-115.4719030">
    <ele>1236.0</ele>
   </trkpt>
   <trkpt lat="36.1036090" lon="-115.4719340">
    <ele>1236.0</ele>
   </trkpt>
   <trkpt lat="36.1036120" lon="-115.4719660">
    <ele>1236.0</ele>
   </trkpt>
   <trkpt lat="36.1036150" lon="-115.4719980">
    <ele>1236.0</ele>
   </trkpt>
   <trkpt lat="36.1036190" lon="-115.4720290">
    <ele>1237.0</ele>
   </trkpt>
   <trkpt lat="36.1036230" lon="-115.4720600">
    <ele>1237.0</ele>
   </trkpt>
   <trkpt lat="36.1036270" lon="-115.4720930">
    <ele>1237.0</ele>
   </trkpt>
   <trkpt lat="36.1036310" lon="-115.4721250">
    <ele>1237.0</ele>
   </trkpt>
   <trkpt lat="36.1036360" lon="-115.4721580">
    <ele>1237.0</ele>
   </trkpt>
   <trkpt lat="36.1036410" lon="-115.4721920">
    <ele>1238.0</ele>
   </trkpt>
   <trkpt lat="36.1036460" lon="-115.4722260">
    <ele>1238.0</ele>
   </trkpt>
   <trkpt lat="36.1036510" lon="-115.4722600">
    <ele>1238.0</ele>
   </trkpt>
   <trkpt lat="36.1036570" lon="-115.4722940">
    <ele>1238.0</ele>
   </trkpt>
   <trkpt lat="36.1036620" lon="-115.4723280">
    <ele>1238.0</ele>
   </trkpt>
   <trkpt lat="36.1036670" lon="-115.4723620">
    <ele>1239.0</ele>
   </trkpt>
   <trkpt lat="36.1036730" lon="-115.4723950">
    <ele>1239.0</ele>
   </trkpt>
   <trkpt lat="36.1036760" lon="-115.4724120">
    <ele>1239.0</ele>
   </trkpt>
   <trkpt lat="36.1036800" lon="-115.4724290">
    <ele>1239.0</ele>
   </trkpt>
   <trkpt lat="36.1036840" lon="-115.4724460">
    <ele>1239.0</ele>
   </trkpt>
   <trkpt lat="36.1036890" lon="-115.4724600">
    <ele>1239.0</ele>
   </trkpt>
   <trkpt lat="36.1036940" lon="-115.4724740">
    <ele>1239.0</ele>
   </trkpt>
   <trkpt lat="36.1037010" lon="-115.4724850">
    <ele>1239.0</ele>
   </trkpt>
   <trkpt lat="36.1037090" lon="-115.4724970">
    <ele>1239.0</ele>
   </trkpt>
   <trkpt lat="36.1037210" lon="-115.4725130">
    <ele>1239.0</ele>
   </trkpt>
   <trkpt lat="36.1037330" lon="-115.4725290">
    <ele>1240.0</ele>
   </trkpt>
   <trkpt lat="36.1037450" lon="-115.4725500">
    <ele>1240.0</ele>
   </trkpt>
   <trkpt lat="36.1037560" lon="-115.4725710">
    <ele>1240.0</ele>
   </trkpt>
   <trkpt lat="36.1037650" lon="-115.4725970">
    <ele>1240.0</ele>
   </trkpt>
   <trkpt lat="36.1037730" lon="-115.4726230">
    <ele>1240.0</ele>
   </trkpt>
   <trkpt lat="36.1037810" lon="-115.4726510">
    <ele>1240.0</ele>
   </trkpt>
   <trkpt lat="36.1037880" lon="-115.4726800">
    <ele>1240.0</ele>
   </trkpt>
   <trkpt lat="36.1037960" lon="-115.4727070">
    <ele>1240.0</ele>
   </trkpt>
   <trkpt lat="36.1038040" lon="-115.4727350">
    <ele>1240.0</ele>
   </trkpt>
   <trkpt lat="36.1038130" lon="-115.4727650">
    <ele>1240.0</ele>
   </trkpt>
   <trkpt lat="36.1038210" lon="-115.4727940">
    <ele>1241.0</ele>
   </trkpt>
   <trkpt lat="36.1038300" lon="-115.4728240">
    <ele>1241.0</ele>
   </trkpt>
   <trkpt lat="36.1038390" lon="-115.4728530">
    <ele>1241.0</ele>
   </trkpt>
   <trkpt lat="36.1038500" lon="-115.4728820">
    <ele>1241.0</ele>
   </trkpt>
   <trkpt lat="36.1038600" lon="-115.4729120">
    <ele>1241.0</ele>
   </trkpt>
   <trkpt lat="36.1038710" lon="-115.4729400">
    <ele>1242.0</ele>
   </trkpt>
   <trkpt lat="36.1038820" lon="-115.4729690">
    <ele>1242.0</ele>
   </trkpt>
   <trkpt lat="36.1038950" lon="-115.4729970">
    <ele>1242.0</ele>
   </trkpt>
   <trkpt lat="36.1039080" lon="-115.4730260">
    <ele>1242.0</ele>
   </trkpt>
   <trkpt lat="36.1039220" lon="-115.4730540">
    <ele>1242.0</ele>
   </trkpt>
   <trkpt lat="36.1039350" lon="-115.4730820">
    <ele>1243.0</ele>
   </trkpt>
   <trkpt lat="36.1039490" lon="-115.4731080">
    <ele>1243.0</ele>
   </trkpt>
   <trkpt lat="36.1039620" lon="-115.4731340">
    <ele>1243.0</ele>
   </trkpt>
   <trkpt lat="36.1039780" lon="-115.4731600">
    <ele>1243.0</ele>
   </trkpt>
   <trkpt lat="36.1039940" lon="-115.4731860">
    <ele>1243.0</ele>
   </trkpt>
   <trkpt lat="36.1040120" lon="-115.4732110">
    <ele>1243.0</ele>
   </trkpt>
   <trkpt lat="36.1040290" lon="-115.4732370">
    <ele>1243.0</ele>
   </trkpt>
   <trkpt lat="36.1040430" lon="-115.4732640">
    <ele>1243.0</ele>
   </trkpt>
   <trkpt lat="36.1040580" lon="-115.4732910">
    <ele>1243.0</ele>
   </trkpt>
   <trkpt lat="36.1040700" lon="-115.4733170">
    <ele>1243.0</ele>
   </trkpt>
   <trkpt lat="36.1040830" lon="-115.4733440">
    <ele>1244.0</ele>
   </trkpt>
   <trkpt lat="36.1040940" lon="-115.4733690">
    <ele>1244.0</ele>
   </trkpt>
   <trkpt lat="36.1041060" lon="-115.4733940">
    <ele>1244.0</ele>
   </trkpt>
   <trkpt lat="36.1041170" lon="-115.4734180">
    <ele>1244.0</ele>
   </trkpt>
   <trkpt lat="36.1041280" lon="-115.4734430">
    <ele>1244.0</ele>
   </trkpt>
   <trkpt lat="36.1041390" lon="-115.4734690">
    <ele>1244.0</ele>
   </trkpt>
   <trkpt lat="36.1041500" lon="-115.4734950">
    <ele>1244.0</ele>
   </trkpt>
   <trkpt lat="36.1041580" lon="-115.4735230">
    <ele>1244.0</ele>
   </trkpt>
   <trkpt lat="36.1041670" lon="-115.4735500">
    <ele>1244.0</ele>
   </trkpt>
   <trkpt lat="36.1041750" lon="-115.4735780">
    <ele>1244.0</ele>
   </trkpt>
   <trkpt lat="36.1041820" lon="-115.4736050">
    <ele>1245.0</ele>
   </trkpt>
   <trkpt lat="36.1041910" lon="-115.4736330">
    <ele>1245.0</ele>
   </trkpt>
   <trkpt lat="36.1042000" lon="-115.4736600">
    <ele>1245.0</ele>
   </trkpt>
   <trkpt lat="36.1042090" lon="-115.4736890">
    <ele>1245.0</ele>
   </trkpt>
   <trkpt lat="36.1042170" lon="-115.4737170">
    <ele>1245.0</ele>
   </trkpt>
   <trkpt lat="36.1042240" lon="-115.4737500">
    <ele>1245.0</ele>
   </trkpt>
   <trkpt lat="36.1042310" lon="-115.4737820">
    <ele>1245.0</ele>
   </trkpt>
   <trkpt lat="36.1042340" lon="-115.4738180">
    <ele>1245.0</ele>
   </trkpt>
   <trkpt lat="36.1042380" lon="-115.4738550">
    <ele>1245.0</ele>
   </trkpt>
   <trkpt lat="36.1042390" lon="-115.4738940">
    <ele>1245.0</ele>
   </trkpt>
   <trkpt lat="36.1042400" lon="-115.4739330">
    <ele>1246.0</ele>
   </trkpt>
   <trkpt lat="36.1042360" lon="-115.4739730">
    <ele>1246.0</ele>
   </trkpt>
   <trkpt lat="36.1042310" lon="-115.4740130">
    <ele>1246.0</ele>
   </trkpt>
   <trkpt lat="36.1042230" lon="-115.4740470">
    <ele>1246.0</ele>
   </trkpt>
   <trkpt lat="36.1042150" lon="-115.4740810">
    <ele>1246.0</ele>
   </trkpt>
   <trkpt lat="36.1042060" lon="-115.4741120">
    <ele>1246.0</ele>
   </trkpt>
   <trkpt lat="36.1041970" lon="-115.4741430">
    <ele>1246.0</ele>
   </trkpt>
   <trkpt lat="36.1041900" lon="-115.4741700">
    <ele>1246.0</ele>
   </trkpt>
   <trkpt lat="36.1041830" lon="-115.4741970">
    <ele>1246.0</ele>
   </trkpt>
   <trkpt lat="36.1041780" lon="-115.4742260">
    <ele>1246.0</ele>
   </trkpt>
   <trkpt lat="36.1041730" lon="-115.4742550">
    <ele>1246.0</ele>
   </trkpt>
   <trkpt lat="36.1041660" lon="-115.4742860">
    <ele>1246.0</ele>
   </trkpt>
   <trkpt lat="36.1041600" lon="-115.4743170">
    <ele>1246.0</ele>
   </trkpt>
   <trkpt lat="36.1041500" lon="-115.4743500">
    <ele>1246.0</ele>
   </trkpt>
   <trkpt lat="36.1041400" lon="-115.4743830">
    <ele>1246.0</ele>
   </trkpt>
   <trkpt lat="36.1041300" lon="-115.4744150">
    <ele>1246.0</ele>
   </trkpt>
   <trkpt lat="36.1041200" lon="-115.4744480">
    <ele>1246.0</ele>
   </trkpt>
   <trkpt lat="36.1041130" lon="-115.4744790">
    <ele>1246.0</ele>
   </trkpt>
   <trkpt lat="36.1041050" lon="-115.4745110">
    <ele>1246.0</ele>
   </trkpt>
   <trkpt lat="36.1040980" lon="-115.4745410">
    <ele>1246.0</ele>
   </trkpt>
   <trkpt lat="36.1040910" lon="-115.4745710">
    <ele>1246.0</ele>
   </trkpt>
   <trkpt lat="36.1040840" lon="-115.4745980">
    <ele>1246.0</ele>
   </trkpt>
   <trkpt lat="36.1040760" lon="-115.4746250">
    <ele>1246.0</ele>
   </trkpt>
   <trkpt lat="36.1040720" lon="-115.4746500">
    <ele>1246.0</ele>
   </trkpt>
   <trkpt lat="36.1040680" lon="-115.4746760">
    <ele>1246.0</ele>
   </trkpt>
   <trkpt lat="36.1040690" lon="-115.4747030">
    <ele>1246.0</ele>
   </trkpt>
   <trkpt lat="36.1040700" lon="-115.4747310">
    <ele>1246.0</ele>
   </trkpt>
   <trkpt lat="36.1040710" lon="-115.4747590">
    <ele>1246.0</ele>
   </trkpt>
   <trkpt lat="36.1040730" lon="-115.4747880">
    <ele>1246.0</ele>
   </trkpt>
   <trkpt lat="36.1040710" lon="-115.4748180">
    <ele>1246.0</ele>
   </trkpt>
   <trkpt lat="36.1040690" lon="-115.4748480">
    <ele>1246.0</ele>
   </trkpt>
   <trkpt lat="36.1040660" lon="-115.4748760">
    <ele>1246.0</ele>
   </trkpt>
   <trkpt lat="36.1040630" lon="-115.4749030">
    <ele>1246.0</ele>
   </trkpt>
   <trkpt lat="36.1040650" lon="-115.4749280">
    <ele>1246.0</ele>
   </trkpt>
   <trkpt lat="36.1040680" lon="-115.4749520">
    <ele>1246.0</ele>
   </trkpt>
   <trkpt lat="36.1040760" lon="-115.4749770">
    <ele>1246.0</ele>
   </trkpt>
   <trkpt lat="36.1040840" lon="-115.4750020">
    <ele>1246.0</ele>
   </trkpt>
   <trkpt lat="36.1040890" lon="-115.4750250">
    <ele>1246.0</ele>
   </trkpt>
   <trkpt lat="36.1040940" lon="-115.4750490">
    <ele>1246.0</ele>
   </trkpt>
   <trkpt lat="36.1040910" lon="-115.4750730">
    <ele>1246.0</ele>
   </trkpt>
   <trkpt lat="36.1040880" lon="-115.4750980">
    <ele>1246.0</ele>
   </trkpt>
   <trkpt lat="36.1040790" lon="-115.4751230">
    <ele>1246.0</ele>
   </trkpt>
   <trkpt lat="36.1040700" lon="-115.4751480">
    <ele>1246.0</ele>
   </trkpt>
   <trkpt lat="36.1040590" lon="-115.4751730">
    <ele>1246.0</ele>
   </trkpt>
   <trkpt lat="36.1040480" lon="-115.4751990">
    <ele>1246.0</ele>
   </trkpt>
   <trkpt lat="36.1040360" lon="-115.4752240">
    <ele>1247.0</ele>
   </trkpt>
   <trkpt lat="36.1040250" lon="-115.4752500">
    <ele>1247.0</ele>
   </trkpt>
   <trkpt lat="36.1040140" lon="-115.4752760">
    <ele>1247.0</ele>
   </trkpt>
   <trkpt lat="36.1040040" lon="-115.4753010">
    <ele>1247.0</ele>
   </trkpt>
   <trkpt lat="36.1039940" lon="-115.4753290">
    <ele>1247.0</ele>
   </trkpt>
   <trkpt lat="36.1039840" lon="-115.4753570">
    <ele>1247.0</ele>
   </trkpt>
   <trkpt lat="36.1039760" lon="-115.4753860">
    <ele>1247.0</ele>
   </trkpt>
   <trkpt lat="36.1039680" lon="-115.4754160">
    <ele>1247.0</ele>
   </trkpt>
   <trkpt lat="36.1039620" lon="-115.4754450">
    <ele>1247.0</ele>
   </trkpt>
   <trkpt lat="36.1039560" lon="-115.4754750">
    <ele>1247.0</ele>
   </trkpt>
   <trkpt lat="36.1039510" lon="-115.4755050">
    <ele>1247.0</ele>
   </trkpt>
   <trkpt lat="36.1039460" lon="-115.4755360">
    <ele>1247.0</ele>
   </trkpt>
   <trkpt lat="36.1039400" lon="-115.4755640">
    <ele>1247.0</ele>
   </trkpt>
   <trkpt lat="36.1039340" lon="-115.4755920">
    <ele>1247.0</ele>
   </trkpt>
   <trkpt lat="36.1039270" lon="-115.4756230">
    <ele>1247.0</ele>
   </trkpt>
   <trkpt lat="36.1039200" lon="-115.4756530">
    <ele>1248.0</ele>
   </trkpt>
   <trkpt lat="36.1039140" lon="-115.4756820">
    <ele>1248.0</ele>
   </trkpt>
   <trkpt lat="36.1039080" lon="-115.4757110">
    <ele>1248.0</ele>
   </trkpt>
   <trkpt lat="36.1039030" lon="-115.4757390">
    <ele>1248.0</ele>
   </trkpt>
   <trkpt lat="36.1038970" lon="-115.4757670">
    <ele>1248.0</ele>
   </trkpt>
   <trkpt lat="36.1038940" lon="-115.4757950">
    <ele>1249.0</ele>
   </trkpt>
   <trkpt lat="36.1038900" lon="-115.4758230">
    <ele>1249.0</ele>
   </trkpt>
   <trkpt lat="36.1038870" lon="-115.4758530">
    <ele>1249.0</ele>
   </trkpt>
   <trkpt lat="36.1038850" lon="-115.4758820">
    <ele>1249.0</ele>
   </trkpt>
   <trkpt lat="36.1038800" lon="-115.4759110">
    <ele>1249.0</ele>
   </trkpt>
   <trkpt lat="36.1038750" lon="-115.4759400">
    <ele>1250.0</ele>
   </trkpt>
   <trkpt lat="36.1038690" lon="-115.4759700">
    <ele>1250.0</ele>
   </trkpt>
   <trkpt lat="36.1038640" lon="-115.4759990">
    <ele>1250.0</ele>
   </trkpt>
   <trkpt lat="36.1038580" lon="-115.4760300">
    <ele>1250.0</ele>
   </trkpt>
   <trkpt lat="36.1038530" lon="-115.4760600">
    <ele>1250.0</ele>
   </trkpt>
   <trkpt lat="36.1038490" lon="-115.4760910">
    <ele>1250.0</ele>
   </trkpt>
   <trkpt lat="36.1038450" lon="-115.4761220">
    <ele>1250.0</ele>
   </trkpt>
   <trkpt lat="36.1038390" lon="-115.4761530">
    <ele>1250.0</ele>
   </trkpt>
   <trkpt lat="36.1038340" lon="-115.4761830">
    <ele>1250.0</ele>
   </trkpt>
   <trkpt lat="36.1038260" lon="-115.4762120">
    <ele>1250.0</ele>
   </trkpt>
   <trkpt lat="36.1038190" lon="-115.4762400">
    <ele>1250.0</ele>
   </trkpt>
   <trkpt lat="36.1038100" lon="-115.4762680">
    <ele>1250.0</ele>
   </trkpt>
   <trkpt lat="36.1038020" lon="-115.4762960">
    <ele>1250.0</ele>
   </trkpt>
   <trkpt lat="36.1037960" lon="-115.4763260">
    <ele>1250.0</ele>
   </trkpt>
   <trkpt lat="36.1037890" lon="-115.4763570">
    <ele>1250.0</ele>
   </trkpt>
   <trkpt lat="36.1037860" lon="-115.4763870">
    <ele>1250.0</ele>
   </trkpt>
   <trkpt lat="36.1037820" lon="-115.4764180">
    <ele>1250.0</ele>
   </trkpt>
   <trkpt lat="36.1037820" lon="-115.4764490">
    <ele>1250.0</ele>
   </trkpt>
   <trkpt lat="36.1037810" lon="-115.4764810">
    <ele>1251.0</ele>
   </trkpt>
   <trkpt lat="36.1037820" lon="-115.4765120">
    <ele>1251.0</ele>
   </trkpt>
   <trkpt lat="36.1037830" lon="-115.4765420">
    <ele>1252.0</ele>
   </trkpt>
   <trkpt lat="36.1037830" lon="-115.4765720">
    <ele>1252.0</ele>
   </trkpt>
   <trkpt lat="36.1037840" lon="-115.4766020">
    <ele>1252.0</ele>
   </trkpt>
   <trkpt lat="36.1037820" lon="-115.4766310">
    <ele>1252.0</ele>
   </trkpt>
   <trkpt lat="36.1037810" lon="-115.4766610">
    <ele>1252.0</ele>
   </trkpt>
   <trkpt lat="36.1037790" lon="-115.4766920">
    <ele>1253.0</ele>
   </trkpt>
   <trkpt lat="36.1037770" lon="-115.4767220">
    <ele>1253.0</ele>
   </trkpt>
   <trkpt lat="36.1037770" lon="-115.4767550">
    <ele>1253.0</ele>
   </trkpt>
   <trkpt lat="36.1037770" lon="-115.4767870">
    <ele>1253.0</ele>
   </trkpt>
   <trkpt lat="36.1037770" lon="-115.4768180">
    <ele>1253.0</ele>
   </trkpt>
   <trkpt lat="36.1037770" lon="-115.4768480">
    <ele>1254.0</ele>
   </trkpt>
   <trkpt lat="36.1037770" lon="-115.4768770">
    <ele>1254.0</ele>
   </trkpt>
   <trkpt lat="36.1037770" lon="-115.4769070">
    <ele>1254.0</ele>
   </trkpt>
   <trkpt lat="36.1037760" lon="-115.4769350">
    <ele>1254.0</ele>
   </trkpt>
   <trkpt lat="36.1037750" lon="-115.4769640">
    <ele>1254.0</ele>
   </trkpt>
   <trkpt lat="36.1037720" lon="-115.4769910">
    <ele>1254.0</ele>
   </trkpt>
   <trkpt lat="36.1037700" lon="-115.4770190">
    <ele>1254.0</ele>
   </trkpt>
   <trkpt lat="36.1037670" lon="-115.4770460">
    <ele>1254.0</ele>
   </trkpt>
   <trkpt lat="36.1037640" lon="-115.4770730">
    <ele>1254.0</ele>
   </trkpt>
   <trkpt lat="36.1037620" lon="-115.4770990">
    <ele>1254.0</ele>
   </trkpt>
   <trkpt lat="36.1037600" lon="-115.4771250">
    <ele>1255.0</ele>
   </trkpt>
   <trkpt lat="36.1037590" lon="-115.4771510">
    <ele>1255.0</ele>
   </trkpt>
   <trkpt lat="36.1037570" lon="-115.4771780">
    <ele>1255.0</ele>
   </trkpt>
   <trkpt lat="36.1037560" lon="-115.4772040">
    <ele>1255.0</ele>
   </trkpt>
   <trkpt lat="36.1037540" lon="-115.4772300">
    <ele>1255.0</ele>
   </trkpt>
   <trkpt lat="36.1037560" lon="-115.4772580">
    <ele>1256.0</ele>
   </trkpt>
   <trkpt lat="36.1037580" lon="-115.4772860">
    <ele>1256.0</ele>
   </trkpt>
   <trkpt lat="36.1037630" lon="-115.4773150">
    <ele>1256.0</ele>
   </trkpt>
   <trkpt lat="36.1037680" lon="-115.4773440">
    <ele>1256.0</ele>
   </trkpt>
   <trkpt lat="36.1037720" lon="-115.4773750">
    <ele>1256.0</ele>
   </trkpt>
   <trkpt lat="36.1037770" lon="-115.4774060">
    <ele>1256.0</ele>
   </trkpt>
   <trkpt lat="36.1037790" lon="-115.4774370">
    <ele>1256.0</ele>
   </trkpt>
   <trkpt lat="36.1037810" lon="-115.4774680">
    <ele>1256.0</ele>
   </trkpt>
   <trkpt lat="36.1037810" lon="-115.4774980">
    <ele>1256.0</ele>
   </trkpt>
   <trkpt lat="36.1037820" lon="-115.4775280">
    <ele>1256.0</ele>
   </trkpt>
   <trkpt lat="36.1037820" lon="-115.4775580">
    <ele>1257.0</ele>
   </trkpt>
   <trkpt lat="36.1037820" lon="-115.4775880">
    <ele>1257.0</ele>
   </trkpt>
   <trkpt lat="36.1037830" lon="-115.4776170">
    <ele>1257.0</ele>
   </trkpt>
   <trkpt lat="36.1037830" lon="-115.4776460">
    <ele>1257.0</ele>
   </trkpt>
   <trkpt lat="36.1037820" lon="-115.4776770">
    <ele>1257.0</ele>
   </trkpt>
   <trkpt lat="36.1037800" lon="-115.4777070">
    <ele>1257.0</ele>
   </trkpt>
   <trkpt lat="36.1037770" lon="-115.4777340">
    <ele>1257.0</ele>
   </trkpt>
   <trkpt lat="36.1037750" lon="-115.4777610">
    <ele>1257.0</ele>
   </trkpt>
   <trkpt lat="36.1037760" lon="-115.4777850">
    <ele>1257.0</ele>
   </trkpt>
   <trkpt lat="36.1037770" lon="-115.4778100">
    <ele>1257.0</ele>
   </trkpt>
   <trkpt lat="36.1037820" lon="-115.4778360">
    <ele>1258.0</ele>
   </trkpt>
   <trkpt lat="36.1037870" lon="-115.4778620">
    <ele>1258.0</ele>
   </trkpt>
   <trkpt lat="36.1037930" lon="-115.4778910">
    <ele>1258.0</ele>
   </trkpt>
   <trkpt lat="36.1038000" lon="-115.4779210">
    <ele>1258.0</ele>
   </trkpt>
   <trkpt lat="36.1038060" lon="-115.4779520">
    <ele>1258.0</ele>
   </trkpt>
   <trkpt lat="36.1038110" lon="-115.4779830">
    <ele>1258.0</ele>
   </trkpt>
   <trkpt lat="36.1038160" lon="-115.4780130">
    <ele>1258.0</ele>
   </trkpt>
   <trkpt lat="36.1038210" lon="-115.4780420">
    <ele>1258.0</ele>
   </trkpt>
   <trkpt lat="36.1038270" lon="-115.4780690">
    <ele>1258.0</ele>
   </trkpt>
   <trkpt lat="36.1038320" lon="-115.4780950">
    <ele>1258.0</ele>
   </trkpt>
   <trkpt lat="36.1038400" lon="-115.4781150">
    <ele>1258.0</ele>
   </trkpt>
   <trkpt lat="36.1038480" lon="-115.4781360">
    <ele>1258.0</ele>
   </trkpt>
   <trkpt lat="36.1038560" lon="-115.4781540">
    <ele>1258.0</ele>
   </trkpt>
   <trkpt lat="36.1038650" lon="-115.4781730">
    <ele>1258.0</ele>
   </trkpt>
   <trkpt lat="36.1038700" lon="-115.4781940">
    <ele>1258.0</ele>
   </trkpt>
   <trkpt lat="36.1038750" lon="-115.4782160">
    <ele>1258.0</ele>
   </trkpt>
   <trkpt lat="36.1038760" lon="-115.4782380">
    <ele>1258.0</ele>
   </trkpt>
   <trkpt lat="36.1038760" lon="-115.4782600">
    <ele>1258.0</ele>
   </trkpt>
   <trkpt lat="36.1038730" lon="-115.4782840">
    <ele>1258.0</ele>
   </trkpt>
   <trkpt lat="36.1038700" lon="-115.4783070">
    <ele>1258.0</ele>
   </trkpt>
   <trkpt lat="36.1038650" lon="-115.4783290">
    <ele>1259.0</ele>
   </trkpt>
   <trkpt lat="36.1038610" lon="-115.4783520">
    <ele>1259.0</ele>
   </trkpt>
   <trkpt lat="36.1038520" lon="-115.4783740">
    <ele>1259.0</ele>
   </trkpt>
   <trkpt lat="36.1038420" lon="-115.4783960">
    <ele>1259.0</ele>
   </trkpt>
   <trkpt lat="36.1038290" lon="-115.4784170">
    <ele>1259.0</ele>
   </trkpt>
   <trkpt lat="36.1038160" lon="-115.4784380">
    <ele>1260.0</ele>
   </trkpt>
   <trkpt lat="36.1038020" lon="-115.4784590">
    <ele>1260.0</ele>
   </trkpt>
   <trkpt lat="36.1037890" lon="-115.4784810">
    <ele>1260.0</ele>
   </trkpt>
   <trkpt lat="36.1037770" lon="-115.4785050">
    <ele>1260.0</ele>
   </trkpt>
   <trkpt lat="36.1037650" lon="-115.4785280">
    <ele>1260.0</ele>
   </trkpt>
   <trkpt lat="36.1037550" lon="-115.4785530">
    <ele>1261.0</ele>
   </trkpt>
   <trkpt lat="36.1037450" lon="-115.4785780">
    <ele>1261.0</ele>
   </trkpt>
   <trkpt lat="36.1037360" lon="-115.4786050">
    <ele>1261.0</ele>
   </trkpt>
   <trkpt lat="36.1037260" lon="-115.4786310">
    <ele>1261.0</ele>
   </trkpt>
   <trkpt lat="36.1037170" lon="-115.4786590">
    <ele>1261.0</ele>
   </trkpt>
   <trkpt lat="36.1037080" lon="-115.4786870">
    <ele>1261.0</ele>
   </trkpt>
   <trkpt lat="36.1036980" lon="-115.4787120">
    <ele>1261.0</ele>
   </trkpt>
   <trkpt lat="36.1036890" lon="-115.4787380">
    <ele>1261.0</ele>
   </trkpt>
   <trkpt lat="36.1036800" lon="-115.4787600">
    <ele>1261.0</ele>
   </trkpt>
   <trkpt lat="36.1036720" lon="-115.4787830">
    <ele>1261.0</ele>
   </trkpt>
   <trkpt lat="36.1036650" lon="-115.4788060">
    <ele>1262.0</ele>
   </trkpt>
   <trkpt lat="36.1036580" lon="-115.4788290">
    <ele>1262.0</ele>
   </trkpt>
   <trkpt lat="36.1036520" lon="-115.4788520">
    <ele>1262.0</ele>
   </trkpt>
   <trkpt lat="36.1036470" lon="-115.4788740">
    <ele>1262.0</ele>
   </trkpt>
   <trkpt lat="36.1036420" lon="-115.4788970">
    <ele>1262.0</ele>
   </trkpt>
   <trkpt lat="36.1036370" lon="-115.4789200">
    <ele>1263.0</ele>
   </trkpt>
   <trkpt lat="36.1036310" lon="-115.4789460">
    <ele>1263.0</ele>
   </trkpt>
   <trkpt lat="36.1036260" lon="-115.4789720">
    <ele>1263.0</ele>
   </trkpt>
   <trkpt lat="36.1036200" lon="-115.4789980">
    <ele>1263.0</ele>
   </trkpt>
   <trkpt lat="36.1036150" lon="-115.4790240">
    <ele>1263.0</ele>
   </trkpt>
   <trkpt lat="36.1036090" lon="-115.4790500">
    <ele>1264.0</ele>
   </trkpt>
   <trkpt lat="36.1036030" lon="-115.4790760">
    <ele>1264.0</ele>
   </trkpt>
   <trkpt lat="36.1035950" lon="-115.4791000">
    <ele>1264.0</ele>
   </trkpt>
   <trkpt lat="36.1035870" lon="-115.4791240">
    <ele>1264.0</ele>
   </trkpt>
   <trkpt lat="36.1035760" lon="-115.4791450">
    <ele>1264.0</ele>
   </trkpt>
   <trkpt lat="36.1035650" lon="-115.4791660">
    <ele>1264.0</ele>
   </trkpt>
   <trkpt lat="36.1035520" lon="-115.4791860">
    <ele>1264.0</ele>
   </trkpt>
   <trkpt lat="36.1035400" lon="-115.4792050">
    <ele>1264.0</ele>
   </trkpt>
   <trkpt lat="36.1035290" lon="-115.4792280">
    <ele>1265.0</ele>
   </trkpt>
   <trkpt lat="36.1035180" lon="-115.4792500">
    <ele>1265.0</ele>
   </trkpt>
   <trkpt lat="36.1035100" lon="-115.4792740">
    <ele>1266.0</ele>
   </trkpt>
   <trkpt lat="36.1035020" lon="-115.4792980">
    <ele>1266.0</ele>
   </trkpt>
   <trkpt lat="36.1034950" lon="-115.4793230">
    <ele>1266.0</ele>
   </trkpt>
   <trkpt lat="36.1034880" lon="-115.4793480">
    <ele>1266.0</ele>
   </trkpt>
   <trkpt lat="36.1034840" lon="-115.4793750">
    <ele>1266.0</ele>
   </trkpt>
   <trkpt lat="36.1034800" lon="-115.4794020">
    <ele>1267.0</ele>
   </trkpt>
   <trkpt lat="36.1034770" lon="-115.4794280">
    <ele>1267.0</ele>
   </trkpt>
   <trkpt lat="36.1034740" lon="-115.4794550">
    <ele>1267.0</ele>
   </trkpt>
   <trkpt lat="36.1034690" lon="-115.4794790">
    <ele>1267.0</ele>
   </trkpt>
   <trkpt lat="36.1034650" lon="-115.4795030">
    <ele>1267.0</ele>
   </trkpt>
   <trkpt lat="36.1034570" lon="-115.4795250">
    <ele>1268.0</ele>
   </trkpt>
   <trkpt lat="36.1034500" lon="-115.4795470">
    <ele>1268.0</ele>
   </trkpt>
   <trkpt lat="36.1034400" lon="-115.4795680">
    <ele>1268.0</ele>
   </trkpt>
   <trkpt lat="36.1034310" lon="-115.4795890">
    <ele>1268.0</ele>
   </trkpt>
   <trkpt lat="36.1034210" lon="-115.4796110">
    <ele>1268.0</ele>
   </trkpt>
   <trkpt lat="36.1034110" lon="-115.4796330">
    <ele>1269.0</ele>
   </trkpt>
   <trkpt lat="36.1034020" lon="-115.4796570">
    <ele>1269.0</ele>
   </trkpt>
   <trkpt lat="36.1033930" lon="-115.4796810">
    <ele>1269.0</ele>
   </trkpt>
   <trkpt lat="36.1033860" lon="-115.4797050">
    <ele>1269.0</ele>
   </trkpt>
   <trkpt lat="36.1033790" lon="-115.4797300">
    <ele>1269.0</ele>
   </trkpt>
   <trkpt lat="36.1033700" lon="-115.4797550">
    <ele>1270.0</ele>
   </trkpt>
   <trkpt lat="36.1033620" lon="-115.4797800">
    <ele>1270.0</ele>
   </trkpt>
   <trkpt lat="36.1033540" lon="-115.4798040">
    <ele>1270.0</ele>
   </trkpt>
   <trkpt lat="36.1033460" lon="-115.4798290">
    <ele>1270.0</ele>
   </trkpt>
   <trkpt lat="36.1033380" lon="-115.4798540">
    <ele>1270.0</ele>
   </trkpt>
   <trkpt lat="36.1033300" lon="-115.4798790">
    <ele>1270.0</ele>
   </trkpt>
   <trkpt lat="36.1033200" lon="-115.4799060">
    <ele>1270.0</ele>
   </trkpt>
   <trkpt lat="36.1033110" lon="-115.4799330">
    <ele>1270.0</ele>
   </trkpt>
   <trkpt lat="36.1033010" lon="-115.4799610">
    <ele>1270.0</ele>
   </trkpt>
   <trkpt lat="36.1032920" lon="-115.4799900">
    <ele>1270.0</ele>
   </trkpt>
   <trkpt lat="36.1032830" lon="-115.4800190">
    <ele>1271.0</ele>
   </trkpt>
   <trkpt lat="36.1032750" lon="-115.4800470">
    <ele>1271.0</ele>
   </trkpt>
   <trkpt lat="36.1032670" lon="-115.4800750">
    <ele>1271.0</ele>
   </trkpt>
   <trkpt lat="36.1032590" lon="-115.4801020">
    <ele>1272.0</ele>
   </trkpt>
   <trkpt lat="36.1032520" lon="-115.4801280">
    <ele>1272.0</ele>
   </trkpt>
   <trkpt lat="36.1032440" lon="-115.4801550">
    <ele>1273.0</ele>
   </trkpt>
   <trkpt lat="36.1032380" lon="-115.4801820">
    <ele>1273.0</ele>
   </trkpt>
   <trkpt lat="36.1032310" lon="-115.4802080">
    <ele>1273.0</ele>
   </trkpt>
   <trkpt lat="36.1032260" lon="-115.4802350">
    <ele>1273.0</ele>
   </trkpt>
   <trkpt lat="36.1032210" lon="-115.4802620">
    <ele>1273.0</ele>
   </trkpt>
   <trkpt lat="36.1032160" lon="-115.4802870">
    <ele>1274.0</ele>
   </trkpt>
   <trkpt lat="36.1032110" lon="-115.4803130">
    <ele>1274.0</ele>
   </trkpt>
   <trkpt lat="36.1032070" lon="-115.4803370">
    <ele>1274.0</ele>
   </trkpt>
   <trkpt lat="36.1032030" lon="-115.4803610">
    <ele>1274.0</ele>
   </trkpt>
   <trkpt lat="36.1032000" lon="-115.4803850">
    <ele>1274.0</ele>
   </trkpt>
   <trkpt lat="36.1031970" lon="-115.4804090">
    <ele>1275.0</ele>
   </trkpt>
   <trkpt lat="36.1031950" lon="-115.4804330">
    <ele>1275.0</ele>
   </trkpt>
   <trkpt lat="36.1031930" lon="-115.4804570">
    <ele>1275.0</ele>
   </trkpt>
   <trkpt lat="36.1031910" lon="-115.4804800">
    <ele>1275.0</ele>
   </trkpt>
   <trkpt lat="36.1031890" lon="-115.4805040">
    <ele>1275.0</ele>
   </trkpt>
   <trkpt lat="36.1031850" lon="-115.4805280">
    <ele>1276.0</ele>
   </trkpt>
   <trkpt lat="36.1031820" lon="-115.4805520">
    <ele>1276.0</ele>
   </trkpt>
   <trkpt lat="36.1031770" lon="-115.4805750">
    <ele>1276.0</ele>
   </trkpt>
   <trkpt lat="36.1031730" lon="-115.4805980">
    <ele>1276.0</ele>
   </trkpt>
   <trkpt lat="36.1031680" lon="-115.4806230">
    <ele>1276.0</ele>
   </trkpt>
   <trkpt lat="36.1031620" lon="-115.4806470">
    <ele>1277.0</ele>
   </trkpt>
   <trkpt lat="36.1031570" lon="-115.4806740">
    <ele>1277.0</ele>
   </trkpt>
   <trkpt lat="36.1031510" lon="-115.4807000">
    <ele>1277.0</ele>
   </trkpt>
   <trkpt lat="36.1031450" lon="-115.4807260">
    <ele>1277.0</ele>
   </trkpt>
   <trkpt lat="36.1031390" lon="-115.4807530">
    <ele>1277.0</ele>
   </trkpt>
   <trkpt lat="36.1031340" lon="-115.4807780">
    <ele>1278.0</ele>
   </trkpt>
   <trkpt lat="36.1031300" lon="-115.4808040">
    <ele>1278.0</ele>
   </trkpt>
   <trkpt lat="36.1031260" lon="-115.4808290">
    <ele>1278.0</ele>
   </trkpt>
   <trkpt lat="36.1031230" lon="-115.4808540">
    <ele>1278.0</ele>
   </trkpt>
   <trkpt lat="36.1031190" lon="-115.4808790">
    <ele>1278.0</ele>
   </trkpt>
   <trkpt lat="36.1031150" lon="-115.4809050">
    <ele>1279.0</ele>
   </trkpt>
   <trkpt lat="36.1031100" lon="-115.4809320">
    <ele>1279.0</ele>
   </trkpt>
   <trkpt lat="36.1031050" lon="-115.4809590">
    <ele>1279.0</ele>
   </trkpt>
   <trkpt lat="36.1030990" lon="-115.4809860">
    <ele>1279.0</ele>
   </trkpt>
   <trkpt lat="36.1030920" lon="-115.4810130">
    <ele>1279.0</ele>
   </trkpt>
   <trkpt lat="36.1030860" lon="-115.4810400">
    <ele>1280.0</ele>
   </trkpt>
   <trkpt lat="36.1030800" lon="-115.4810670">
    <ele>1280.0</ele>
   </trkpt>
   <trkpt lat="36.1030770" lon="-115.4810930">
    <ele>1280.0</ele>
   </trkpt>
   <trkpt lat="36.1030740" lon="-115.4811200">
    <ele>1280.0</ele>
   </trkpt>
   <trkpt lat="36.1030780" lon="-115.4811450">
    <ele>1280.0</ele>
   </trkpt>
   <trkpt lat="36.1030820" lon="-115.4811710">
    <ele>1281.0</ele>
   </trkpt>
   <trkpt lat="36.1030890" lon="-115.4811960">
    <ele>1281.0</ele>
   </trkpt>
   <trkpt lat="36.1030960" lon="-115.4812220">
    <ele>1281.0</ele>
   </trkpt>
   <trkpt lat="36.1031030" lon="-115.4812460">
    <ele>1281.0</ele>
   </trkpt>
   <trkpt lat="36.1031110" lon="-115.4812710">
    <ele>1281.0</ele>
   </trkpt>
   <trkpt lat="36.1031200" lon="-115.4812940">
    <ele>1281.0</ele>
   </trkpt>
   <trkpt lat="36.1031290" lon="-115.4813170">
    <ele>1281.0</ele>
   </trkpt>
   <trkpt lat="36.1031400" lon="-115.4813370">
    <ele>1281.0</ele>
   </trkpt>
   <trkpt lat="36.1031500" lon="-115.4813580">
    <ele>1281.0</ele>
   </trkpt>
   <trkpt lat="36.1031600" lon="-115.4813730">
    <ele>1281.0</ele>
   </trkpt>
   <trkpt lat="36.1031700" lon="-115.4813890">
    <ele>1282.0</ele>
   </trkpt>
   <trkpt lat="36.1031820" lon="-115.4814050">
    <ele>1282.0</ele>
   </trkpt>
   <trkpt lat="36.1031930" lon="-115.4814200">
    <ele>1282.0</ele>
   </trkpt>
   <trkpt lat="36.1032090" lon="-115.4814390">
    <ele>1282.0</ele>
   </trkpt>
   <trkpt lat="36.1032250" lon="-115.4814590">
    <ele>1282.0</ele>
   </trkpt>
   <trkpt lat="36.1032450" lon="-115.4814830">
    <ele>1283.0</ele>
   </trkpt>
   <trkpt lat="36.1032660" lon="-115.4815080">
    <ele>1283.0</ele>
   </trkpt>
   <trkpt lat="36.1032860" lon="-115.4815380">
    <ele>1283.0</ele>
   </trkpt>
   <trkpt lat="36.1033070" lon="-115.4815680">
    <ele>1283.0</ele>
   </trkpt>
   <trkpt lat="36.1033240" lon="-115.4816030">
    <ele>1283.0</ele>
   </trkpt>
   <trkpt lat="36.1033420" lon="-115.4816380">
    <ele>1283.0</ele>
   </trkpt>
   <trkpt lat="36.1033530" lon="-115.4816740">
    <ele>1283.0</ele>
   </trkpt>
   <trkpt lat="36.1033640" lon="-115.4817110">
    <ele>1283.0</ele>
   </trkpt>
   <trkpt lat="36.1033680" lon="-115.4817480">
    <ele>1283.0</ele>
   </trkpt>
   <trkpt lat="36.1033710" lon="-115.4817850">
    <ele>1283.0</ele>
   </trkpt>
   <trkpt lat="36.1033670" lon="-115.4818190">
    <ele>1284.0</ele>
   </trkpt>
   <trkpt lat="36.1033630" lon="-115.4818540">
    <ele>1283.0</ele>
   </trkpt>
   <trkpt lat="36.1033500" lon="-115.4818840">
    <ele>1283.0</ele>
   </trkpt>
   <trkpt lat="36.1033380" lon="-115.4819150">
    <ele>1283.0</ele>
   </trkpt>
   <trkpt lat="36.1033220" lon="-115.4819440">
    <ele>1283.0</ele>
   </trkpt>
   <trkpt lat="36.1033060" lon="-115.4819720">
    <ele>1283.0</ele>
   </trkpt>
   <trkpt lat="36.1032920" lon="-115.4819990">
    <ele>1283.0</ele>
   </trkpt>
   <trkpt lat="36.1032780" lon="-115.4820260">
    <ele>1283.0</ele>
   </trkpt>
   <trkpt lat="36.1032650" lon="-115.4820520">
    <ele>1283.0</ele>
   </trkpt>
   <trkpt lat="36.1032520" lon="-115.4820770">
    <ele>1283.0</ele>
   </trkpt>
   <trkpt lat="36.1032400" lon="-115.4821020">
    <ele>1283.0</ele>
   </trkpt>
   <trkpt lat="36.1032270" lon="-115.4821270">
    <ele>1283.0</ele>
   </trkpt>
   <trkpt lat="36.1032150" lon="-115.4821520">
    <ele>1283.0</ele>
   </trkpt>
   <trkpt lat="36.1032030" lon="-115.4821760">
    <ele>1283.0</ele>
   </trkpt>
   <trkpt lat="36.1031940" lon="-115.4822010">
    <ele>1283.0</ele>
   </trkpt>
   <trkpt lat="36.1031850" lon="-115.4822260">
    <ele>1283.0</ele>
   </trkpt>
   <trkpt lat="36.1031790" lon="-115.4822480">
    <ele>1283.0</ele>
   </trkpt>
   <trkpt lat="36.1031730" lon="-115.4822700">
    <ele>1283.0</ele>
   </trkpt>
   <trkpt lat="36.1031680" lon="-115.4822920">
    <ele>1283.0</ele>
   </trkpt>
   <trkpt lat="36.1031630" lon="-115.4823140">
    <ele>1283.0</ele>
   </trkpt>
   <trkpt lat="36.1031610" lon="-115.4823360">
    <ele>1283.0</ele>
   </trkpt>
   <trkpt lat="36.1031590" lon="-115.4823580">
    <ele>1283.0</ele>
   </trkpt>
   <trkpt lat="36.1031600" lon="-115.4823780">
    <ele>1283.0</ele>
   </trkpt>
   <trkpt lat="36.1031610" lon="-115.4823980">
    <ele>1283.0</ele>
   </trkpt>
   <trkpt lat="36.1031660" lon="-115.4824140">
    <ele>1283.0</ele>
   </trkpt>
   <trkpt lat="36.1031710" lon="-115.4824310">
    <ele>1284.0</ele>
   </trkpt>
   <trkpt lat="36.1031740" lon="-115.4824460">
    <ele>1284.0</ele>
   </trkpt>
   <trkpt lat="36.1031780" lon="-115.4824620">
    <ele>1284.0</ele>
   </trkpt>
   <trkpt lat="36.1031780" lon="-115.4824770">
    <ele>1284.0</ele>
   </trkpt>
   <trkpt lat="36.1031780" lon="-115.4824910">
    <ele>1284.0</ele>
   </trkpt>
   <trkpt lat="36.1031790" lon="-115.4825070">
    <ele>1284.0</ele>
   </trkpt>
   <trkpt lat="36.1031800" lon="-115.4825220">
    <ele>1284.0</ele>
   </trkpt>
   <trkpt lat="36.1031820" lon="-115.4825380">
    <ele>1284.0</ele>
   </trkpt>
   <trkpt lat="36.1031830" lon="-115.4825530">
    <ele>1284.0</ele>
   </trkpt>
   <trkpt lat="36.1031810" lon="-115.4825660">
    <ele>1284.0</ele>
   </trkpt>
   <trkpt lat="36.1031790" lon="-115.4825800">
    <ele>1285.0</ele>
   </trkpt>
   <trkpt lat="36.1031760" lon="-115.4825900">
    <ele>1285.0</ele>
   </trkpt>
   <trkpt lat="36.1031730" lon="-115.4826000">
    <ele>1285.0</ele>
   </trkpt>
   <trkpt lat="36.1031720" lon="-115.4826080">
    <ele>1285.0</ele>
   </trkpt>
   <trkpt lat="36.1031700" lon="-115.4826150">
    <ele>1285.0</ele>
   </trkpt>
   <trkpt lat="36.1031730" lon="-115.4826230">
    <ele>1286.0</ele>
   </trkpt>
   <trkpt lat="36.1031750" lon="-115.4826320">
    <ele>1286.0</ele>
   </trkpt>
   <trkpt lat="36.1031780" lon="-115.4826430">
    <ele>1286.0</ele>
   </trkpt>
   <trkpt lat="36.1031820" lon="-115.4826550">
    <ele>1286.0</ele>
   </trkpt>
   <trkpt lat="36.1031840" lon="-115.4826680">
    <ele>1286.0</ele>
   </trkpt>
   <trkpt lat="36.1031860" lon="-115.4826810">
    <ele>1287.0</ele>
   </trkpt>
   <trkpt lat="36.1031860" lon="-115.4826950">
    <ele>1287.0</ele>
   </trkpt>
   <trkpt lat="36.1031870" lon="-115.4827090">
    <ele>1287.0</ele>
   </trkpt>
   <trkpt lat="36.1031850" lon="-115.4827260">
    <ele>1287.0</ele>
   </trkpt>
   <trkpt lat="36.1031840" lon="-115.4827430">
    <ele>1287.0</ele>
   </trkpt>
   <trkpt lat="36.1031790" lon="-115.4827590">
    <ele>1288.0</ele>
   </trkpt>
   <trkpt lat="36.1031730" lon="-115.4827740">
    <ele>1288.0</ele>
   </trkpt>
   <trkpt lat="36.1031610" lon="-115.4827890">
    <ele>1288.0</ele>
   </trkpt>
   <trkpt lat="36.1031490" lon="-115.4828040">
    <ele>1288.0</ele>
   </trkpt>
   <trkpt lat="36.1031370" lon="-115.4828240">
    <ele>1288.0</ele>
   </trkpt>
   <trkpt lat="36.1031240" lon="-115.4828450">
    <ele>1289.0</ele>
   </trkpt>
   <trkpt lat="36.1031190" lon="-115.4828720">
    <ele>1289.0</ele>
   </trkpt>
   <trkpt lat="36.1031140" lon="-115.4828980">
    <ele>1289.0</ele>
   </trkpt>
   <trkpt lat="36.1031160" lon="-115.4829270">
    <ele>1289.0</ele>
   </trkpt>
   <trkpt lat="36.1031180" lon="-115.4829550">
    <ele>1289.0</ele>
   </trkpt>
   <trkpt lat="36.1031240" lon="-115.4829830">
    <ele>1289.0</ele>
   </trkpt>
   <trkpt lat="36.1031310" lon="-115.4830100">
    <ele>1289.0</ele>
   </trkpt>
   <trkpt lat="36.1031340" lon="-115.4830340">
    <ele>1289.0</ele>
   </trkpt>
   <trkpt lat="36.1031380" lon="-115.4830580">
    <ele>1289.0</ele>
   </trkpt>
   <trkpt lat="36.1031360" lon="-115.4830800">
    <ele>1289.0</ele>
   </trkpt>
   <trkpt lat="36.1031350" lon="-115.4831020">
    <ele>1290.0</ele>
   </trkpt>
   <trkpt lat="36.1031330" lon="-115.4831230">
    <ele>1290.0</ele>
   </trkpt>
   <trkpt lat="36.1031310" lon="-115.4831450">
    <ele>1290.0</ele>
   </trkpt>
   <trkpt lat="36.1031310" lon="-115.4831640">
    <ele>1290.0</ele>
   </trkpt>
   <trkpt lat="36.1031310" lon="-115.4831840">
    <ele>1290.0</ele>
   </trkpt>
   <trkpt lat="36.1031280" lon="-115.4832020">
    <ele>1290.0</ele>
   </trkpt>
   <trkpt lat="36.1031240" lon="-115.4832200">
    <ele>1290.0</ele>
   </trkpt>
   <trkpt lat="36.1031180" lon="-115.4832390">
    <ele>1290.0</ele>
   </trkpt>
   <trkpt lat="36.1031110" lon="-115.4832570">
    <ele>1290.0</ele>
   </trkpt>
   <trkpt lat="36.1031040" lon="-115.4832760">
    <ele>1290.0</ele>
   </trkpt>
   <trkpt lat="36.1030970" lon="-115.4832960">
    <ele>1291.0</ele>
   </trkpt>
   <trkpt lat="36.1030880" lon="-115.4833160">
    <ele>1291.0</ele>
   </trkpt>
   <trkpt lat="36.1030800" lon="-115.4833370">
    <ele>1291.0</ele>
   </trkpt>
   <trkpt lat="36.1030710" lon="-115.4833590">
    <ele>1291.0</ele>
   </trkpt>
   <trkpt lat="36.1030610" lon="-115.4833820">
    <ele>1291.0</ele>
   </trkpt>
   <trkpt lat="36.1030500" lon="-115.4834060">
    <ele>1292.0</ele>
   </trkpt>
   <trkpt lat="36.1030400" lon="-115.4834310">
    <ele>1292.0</ele>
   </trkpt>
   <trkpt lat="36.1030290" lon="-115.4834570">
    <ele>1292.0</ele>
   </trkpt>
   <trkpt lat="36.1030180" lon="-115.4834830">
    <ele>1292.0</ele>
   </trkpt>
   <trkpt lat="36.1030110" lon="-115.4835090">
    <ele>1292.0</ele>
   </trkpt>
   <trkpt lat="36.1030040" lon="-115.4835350">
    <ele>1293.0</ele>
   </trkpt>
   <trkpt lat="36.1029990" lon="-115.4835580">
    <ele>1293.0</ele>
   </trkpt>
   <trkpt lat="36.1029950" lon="-115.4835800">
    <ele>1293.0</ele>
   </trkpt>
   <trkpt lat="36.1029900" lon="-115.4835980">
    <ele>1293.0</ele>
   </trkpt>
   <trkpt lat="36.1029850" lon="-115.4836170">
    <ele>1293.0</ele>
   </trkpt>
   <trkpt lat="36.1029830" lon="-115.4836330">
    <ele>1294.0</ele>
   </trkpt>
   <trkpt lat="36.1029810" lon="-115.4836500">
    <ele>1294.0</ele>
   </trkpt>
   <trkpt lat="36.1029810" lon="-115.4836660">
    <ele>1294.0</ele>
   </trkpt>
   <trkpt lat="36.1029800" lon="-115.4836820">
    <ele>1294.0</ele>
   </trkpt>
   <trkpt lat="36.1029770" lon="-115.4836990">
    <ele>1294.0</ele>
   </trkpt>
   <trkpt lat="36.1029750" lon="-115.4837150">
    <ele>1295.0</ele>
   </trkpt>
   <trkpt lat="36.1029700" lon="-115.4837320">
    <ele>1295.0</ele>
   </trkpt>
   <trkpt lat="36.1029650" lon="-115.4837490">
    <ele>1295.0</ele>
   </trkpt>
   <trkpt lat="36.1029610" lon="-115.4837660">
    <ele>1295.0</ele>
   </trkpt>
   <trkpt lat="36.1029560" lon="-115.4837830">
    <ele>1295.0</ele>
   </trkpt>
   <trkpt lat="36.1029540" lon="-115.4838020">
    <ele>1295.0</ele>
   </trkpt>
   <trkpt lat="36.1029520" lon="-115.4838210">
    <ele>1295.0</ele>
   </trkpt>
   <trkpt lat="36.1029510" lon="-115.4838380">
    <ele>1295.0</ele>
   </trkpt>
   <trkpt lat="36.1029500" lon="-115.4838550">
    <ele>1295.0</ele>
   </trkpt>
   <trkpt lat="36.1029480" lon="-115.4838680">
    <ele>1295.0</ele>
   </trkpt>
   <trkpt lat="36.1029460" lon="-115.4838810">
    <ele>1295.0</ele>
   </trkpt>
   <trkpt lat="36.1029430" lon="-115.4838940">
    <ele>1295.0</ele>
   </trkpt>
   <trkpt lat="36.1029390" lon="-115.4839070">
    <ele>1295.0</ele>
   </trkpt>
   <trkpt lat="36.1029350" lon="-115.4839220">
    <ele>1295.0</ele>
   </trkpt>
   <trkpt lat="36.1029310" lon="-115.4839370">
    <ele>1295.0</ele>
   </trkpt>
   <trkpt lat="36.1029270" lon="-115.4839550">
    <ele>1296.0</ele>
   </trkpt>
   <trkpt lat="36.1029220" lon="-115.4839730">
    <ele>1296.0</ele>
   </trkpt>
   <trkpt lat="36.1029210" lon="-115.4839950">
    <ele>1296.0</ele>
   </trkpt>
   <trkpt lat="36.1029210" lon="-115.4840180">
    <ele>1296.0</ele>
   </trkpt>
   <trkpt lat="36.1029200" lon="-115.4840400">
    <ele>1296.0</ele>
   </trkpt>
   <trkpt lat="36.1029200" lon="-115.4840620">
    <ele>1297.0</ele>
   </trkpt>
   <trkpt lat="36.1029170" lon="-115.4840830">
    <ele>1297.0</ele>
   </trkpt>
   <trkpt lat="36.1029130" lon="-115.4841030">
    <ele>1297.0</ele>
   </trkpt>
   <trkpt lat="36.1029070" lon="-115.4841250">
    <ele>1297.0</ele>
   </trkpt>
   <trkpt lat="36.1029010" lon="-115.4841480">
    <ele>1297.0</ele>
   </trkpt>
   <trkpt lat="36.1028930" lon="-115.4841700">
    <ele>1298.0</ele>
   </trkpt>
   <trkpt lat="36.1028860" lon="-115.4841930">
    <ele>1298.0</ele>
   </trkpt>
   <trkpt lat="36.1028860" lon="-115.4841930">
    <ele>1298.0</ele>
   </trkpt>
   <trkpt lat="36.1028860" lon="-115.4841930">
    <ele>1298.0</ele>
   </trkpt>
   <trkpt lat="36.1028860" lon="-115.4841930">
    <ele>1298.0</ele>
   </trkpt>
   <trkpt lat="36.1028860" lon="-115.4841930">
    <ele>1298.0</ele>
   </trkpt>
   <trkpt lat="36.1028860" lon="-115.4841930">
    <ele>1298.0</ele>
   </trkpt>
   <trkpt lat="36.1028860" lon="-115.4841930">
    <ele>1298.0</ele>
   </trkpt>
   <trkpt lat="36.1028860" lon="-115.4841930">
    <ele>1298.0</ele>
   </trkpt>
   <trkpt lat="36.1028860" lon="-115.4841930">
    <ele>1298.0</ele>
   </trkpt>
   <trkpt lat="36.1028860" lon="-115.4841930">
    <ele>1299.0</ele>
   </trkpt>
   <trkpt lat="36.1028860" lon="-115.4841930">
    <ele>1299.0</ele>
   </trkpt>
   <trkpt lat="36.1028860" lon="-115.4841930">
    <ele>1299.0</ele>
   </trkpt>
   <trkpt lat="36.1028860" lon="-115.4841930">
    <ele>1299.0</ele>
   </trkpt>
   <trkpt lat="36.1028860" lon="-115.4841930">
    <ele>1299.0</ele>
   </trkpt>
   <trkpt lat="36.1028860" lon="-115.4841930">
    <ele>1299.0</ele>
   </trkpt>
   <trkpt lat="36.1028740" lon="-115.4842240">
    <ele>1299.0</ele>
   </trkpt>
   <trkpt lat="36.1028740" lon="-115.4842300">
    <ele>1299.0</ele>
   </trkpt>
   <trkpt lat="36.1028730" lon="-115.4842360">
    <ele>1299.0</ele>
   </trkpt>
   <trkpt lat="36.1028780" lon="-115.4842370">
    <ele>1299.0</ele>
   </trkpt>
   <trkpt lat="36.1028830" lon="-115.4842380">
    <ele>1299.0</ele>
   </trkpt>
   <trkpt lat="36.1028920" lon="-115.4842370">
    <ele>1299.0</ele>
   </trkpt>
   <trkpt lat="36.1029000" lon="-115.4842360">
    <ele>1299.0</ele>
   </trkpt>
   <trkpt lat="36.1029090" lon="-115.4842350">
    <ele>1299.0</ele>
   </trkpt>
   <trkpt lat="36.1029190" lon="-115.4842340">
    <ele>1299.0</ele>
   </trkpt>
   <trkpt lat="36.1029280" lon="-115.4842340">
    <ele>1300.0</ele>
   </trkpt>
   <trkpt lat="36.1029360" lon="-115.4842340">
    <ele>1300.0</ele>
   </trkpt>
   <trkpt lat="36.1029440" lon="-115.4842350">
    <ele>1300.0</ele>
   </trkpt>
   <trkpt lat="36.1029520" lon="-115.4842350">
    <ele>1300.0</ele>
   </trkpt>
   <trkpt lat="36.1029600" lon="-115.4842360">
    <ele>1300.0</ele>
   </trkpt>
   <trkpt lat="36.1029670" lon="-115.4842360">
    <ele>1300.0</ele>
   </trkpt>
   <trkpt lat="36.1029750" lon="-115.4842380">
    <ele>1300.0</ele>
   </trkpt>
   <trkpt lat="36.1029820" lon="-115.4842390">
    <ele>1300.0</ele>
   </trkpt>
   <trkpt lat="36.1029870" lon="-115.4842410">
    <ele>1300.0</ele>
   </trkpt>
   <trkpt lat="36.1029920" lon="-115.4842430">
    <ele>1300.0</ele>
   </trkpt>
   <trkpt lat="36.1029970" lon="-115.4842440">
    <ele>1301.0</ele>
   </trkpt>
   <trkpt lat="36.1030020" lon="-115.4842490">
    <ele>1301.0</ele>
   </trkpt>
   <trkpt lat="36.1030070" lon="-115.4842530">
    <ele>1301.0</ele>
   </trkpt>
   <trkpt lat="36.1030100" lon="-115.4842610">
    <ele>1301.0</ele>
   </trkpt>
   <trkpt lat="36.1030130" lon="-115.4842680">
    <ele>1301.0</ele>
   </trkpt>
   <trkpt lat="36.1030160" lon="-115.4842760">
    <ele>1302.0</ele>
   </trkpt>
   <trkpt lat="36.1030180" lon="-115.4842850">
    <ele>1302.0</ele>
   </trkpt>
   <trkpt lat="36.1030220" lon="-115.4842930">
    <ele>1302.0</ele>
   </trkpt>
   <trkpt lat="36.1030260" lon="-115.4843010">
    <ele>1302.0</ele>
   </trkpt>
   <trkpt lat="36.1030310" lon="-115.4843070">
    <ele>1302.0</ele>
   </trkpt>
   <trkpt lat="36.1030360" lon="-115.4843120">
    <ele>1303.0</ele>
   </trkpt>
   <trkpt lat="36.1030390" lon="-115.4843150">
    <ele>1303.0</ele>
   </trkpt>
   <trkpt lat="36.1030420" lon="-115.4843180">
    <ele>1303.0</ele>
   </trkpt>
   <trkpt lat="36.1030480" lon="-115.4843200">
    <ele>1304.0</ele>
   </trkpt>
   <trkpt lat="36.1030540" lon="-115.4843220">
    <ele>1304.0</ele>
   </trkpt>
   <trkpt lat="36.1030620" lon="-115.4843200">
    <ele>1305.0</ele>
   </trkpt>
   <trkpt lat="36.1030690" lon="-115.4843170">
    <ele>1305.0</ele>
   </trkpt>
   <trkpt lat="36.1030770" lon="-115.4843140">
    <ele>1305.0</ele>
   </trkpt>
   <trkpt lat="36.1030840" lon="-115.4843120">
    <ele>1305.0</ele>
   </trkpt>
   <trkpt lat="36.1030920" lon="-115.4843120">
    <ele>1305.0</ele>
   </trkpt>
   <trkpt lat="36.1031000" lon="-115.4843130">
    <ele>1306.0</ele>
   </trkpt>
   <trkpt lat="36.1031080" lon="-115.4843140">
    <ele>1306.0</ele>
   </trkpt>
   <trkpt lat="36.1031150" lon="-115.4843160">
    <ele>1306.0</ele>
   </trkpt>
   <trkpt lat="36.1031220" lon="-115.4843200">
    <ele>1306.0</ele>
   </trkpt>
   <trkpt lat="36.1031280" lon="-115.4843250">
    <ele>1306.0</ele>
   </trkpt>
   <trkpt lat="36.1031330" lon="-115.4843290">
    <ele>1307.0</ele>
   </trkpt>
   <trkpt lat="36.1031390" lon="-115.4843340">
    <ele>1307.0</ele>
   </trkpt>
   <trkpt lat="36.1031440" lon="-115.4843390">
    <ele>1307.0</ele>
   </trkpt>
   <trkpt lat="36.1031500" lon="-115.4843440">
    <ele>1307.0</ele>
   </trkpt>
   <trkpt lat="36.1031580" lon="-115.4843500">
    <ele>1307.0</ele>
   </trkpt>
   <trkpt lat="36.1031660" lon="-115.4843550">
    <ele>1308.0</ele>
   </trkpt>
   <trkpt lat="36.1031730" lon="-115.4843600">
    <ele>1308.0</ele>
   </trkpt>
   <trkpt lat="36.1031810" lon="-115.4843640">
    <ele>1308.0</ele>
   </trkpt>
   <trkpt lat="36.1031850" lon="-115.4843660">
    <ele>1309.0</ele>
   </trkpt>
   <trkpt lat="36.1031880" lon="-115.4843670">
    <ele>1309.0</ele>
   </trkpt>
   <trkpt lat="36.1031940" lon="-115.4843690">
    <ele>1310.0</ele>
   </trkpt>
   <trkpt lat="36.1032000" lon="-115.4843710">
    <ele>1310.0</ele>
   </trkpt>
   <trkpt lat="36.1032050" lon="-115.4843730">
    <ele>1310.0</ele>
   </trkpt>
   <trkpt lat="36.1032100" lon="-115.4843760">
    <ele>1310.0</ele>
   </trkpt>
   <trkpt lat="36.1032140" lon="-115.4843780">
    <ele>1310.0</ele>
   </trkpt>
   <trkpt lat="36.1032190" lon="-115.4843800">
    <ele>1311.0</ele>
   </trkpt>
   <trkpt lat="36.1032190" lon="-115.4843800">
    <ele>1311.0</ele>
   </trkpt>
   <trkpt lat="36.1032190" lon="-115.4843800">
    <ele>1311.0</ele>
   </trkpt>
   <trkpt lat="36.1032190" lon="-115.4843800">
    <ele>1311.0</ele>
   </trkpt>
   <trkpt lat="36.1032190" lon="-115.4843800">
    <ele>1311.0</ele>
   </trkpt>
   <trkpt lat="36.1032190" lon="-115.4843800">
    <ele>1312.0</ele>
   </trkpt>
   <trkpt lat="36.1032310" lon="-115.4843830">
    <ele>1312.0</ele>
   </trkpt>
   <trkpt lat="36.1032370" lon="-115.4843850">
    <ele>1312.0</ele>
   </trkpt>
   <trkpt lat="36.1032430" lon="-115.4843870">
    <ele>1312.0</ele>
   </trkpt>
   <trkpt lat="36.1032500" lon="-115.4843890">
    <ele>1312.0</ele>
   </trkpt>
   <trkpt lat="36.1032570" lon="-115.4843900">
    <ele>1313.0</ele>
   </trkpt>
   <trkpt lat="36.1032650" lon="-115.4843930">
    <ele>1313.0</ele>
   </trkpt>
   <trkpt lat="36.1032740" lon="-115.4843960">
    <ele>1313.0</ele>
   </trkpt>
   <trkpt lat="36.1032840" lon="-115.4843990">
    <ele>1313.0</ele>
   </trkpt>
   <trkpt lat="36.1032950" lon="-115.4844020">
    <ele>1313.0</ele>
   </trkpt>
   <trkpt lat="36.1033040" lon="-115.4844030">
    <ele>1314.0</ele>
   </trkpt>
   <trkpt lat="36.1033130" lon="-115.4844040">
    <ele>1314.0</ele>
   </trkpt>
   <trkpt lat="36.1033190" lon="-115.4844060">
    <ele>1314.0</ele>
   </trkpt>
   <trkpt lat="36.1033250" lon="-115.4844080">
    <ele>1314.0</ele>
   </trkpt>
   <trkpt lat="36.1033300" lon="-115.4844100">
    <ele>1314.0</ele>
   </trkpt>
   <trkpt lat="36.1033360" lon="-115.4844130">
    <ele>1315.0</ele>
   </trkpt>
   <trkpt lat="36.1033380" lon="-115.4844150">
    <ele>1315.0</ele>
   </trkpt>
   <trkpt lat="36.1033390" lon="-115.4844170">
    <ele>1315.0</ele>
   </trkpt>
   <trkpt lat="36.1033410" lon="-115.4844180">
    <ele>1316.0</ele>
   </trkpt>
   <trkpt lat="36.1033460" lon="-115.4844210">
    <ele>1316.0</ele>
   </trkpt>
   <trkpt lat="36.1033500" lon="-115.4844230">
    <ele>1317.0</ele>
   </trkpt>
   <trkpt lat="36.1033550" lon="-115.4844240">
    <ele>1317.0</ele>
   </trkpt>
   <trkpt lat="36.1033600" lon="-115.4844250">
    <ele>1317.0</ele>
   </trkpt>
   <trkpt lat="36.1033630" lon="-115.4844260">
    <ele>1318.0</ele>
   </trkpt>
   <trkpt lat="36.1033660" lon="-115.4844280">
    <ele>1318.0</ele>
   </trkpt>
   <trkpt lat="36.1033720" lon="-115.4844310">
    <ele>1319.0</ele>
   </trkpt>
   <trkpt lat="36.1033780" lon="-115.4844340">
    <ele>1319.0</ele>
   </trkpt>
   <trkpt lat="36.1033780" lon="-115.4844340">
    <ele>1319.0</ele>
   </trkpt>
   <trkpt lat="36.1033780" lon="-115.4844340">
    <ele>1319.0</ele>
   </trkpt>
   <trkpt lat="36.1033780" lon="-115.4844340">
    <ele>1319.0</ele>
   </trkpt>
   <trkpt lat="36.1033780" lon="-115.4844340">
    <ele>1320.0</ele>
   </trkpt>
   <trkpt lat="36.1033780" lon="-115.4844340">
    <ele>1320.0</ele>
   </trkpt>
   <trkpt lat="36.1033780" lon="-115.4844340">
    <ele>1320.0</ele>
   </trkpt>
   <trkpt lat="36.1033780" lon="-115.4844340">
    <ele>1321.0</ele>
   </trkpt>
   <trkpt lat="36.1033780" lon="-115.4844340">
    <ele>1321.0</ele>
   </trkpt>
   <trkpt lat="36.1033780" lon="-115.4844340">
    <ele>1322.0</ele>
   </trkpt>
   <trkpt lat="36.1034030" lon="-115.4844380">
    <ele>1322.0</ele>
   </trkpt>
   <trkpt lat="36.1034150" lon="-115.4844400">
    <ele>1322.0</ele>
   </trkpt>
   <trkpt lat="36.1034270" lon="-115.4844410">
    <ele>1322.0</ele>
   </trkpt>
   <trkpt lat="36.1034330" lon="-115.4844420">
    <ele>1322.0</ele>
   </trkpt>
   <trkpt lat="36.1034390" lon="-115.4844440">
    <ele>1323.0</ele>
   </trkpt>
   <trkpt lat="36.1034440" lon="-115.4844450">
    <ele>1323.0</ele>
   </trkpt>
   <trkpt lat="36.1034440" lon="-115.4844450">
    <ele>1323.0</ele>
   </trkpt>
   <trkpt lat="36.1034440" lon="-115.4844450">
    <ele>1323.0</ele>
   </trkpt>
   <trkpt lat="36.1034440" lon="-115.4844450">
    <ele>1323.0</ele>
   </trkpt>
   <trkpt lat="36.1034440" lon="-115.4844450">
    <ele>1324.0</ele>
   </trkpt>
   <trkpt lat="36.1034440" lon="-115.4844450">
    <ele>1324.0</ele>
   </trkpt>
   <trkpt lat="36.1034440" lon="-115.4844450">
    <ele>1324.0</ele>
   </trkpt>
   <trkpt lat="36.1034570" lon="-115.4844480">
    <ele>1325.0</ele>
   </trkpt>
   <trkpt lat="36.1034650" lon="-115.4844510">
    <ele>1325.0</ele>
   </trkpt>
   <trkpt lat="36.1034740" lon="-115.4844540">
    <ele>1326.0</ele>
   </trkpt>
   <trkpt lat="36.1034800" lon="-115.4844580">
    <ele>1326.0</ele>
   </trkpt>
   <trkpt lat="36.1034860" lon="-115.4844610">
    <ele>1326.0</ele>
   </trkpt>
   <trkpt lat="36.1034910" lon="-115.4844600">
    <ele>1326.0</ele>
   </trkpt>
   <trkpt lat="36.1034960" lon="-115.4844580">
    <ele>1326.0</ele>
   </trkpt>
   <trkpt lat="36.1035010" lon="-115.4844510">
    <ele>1327.0</ele>
   </trkpt>
   <trkpt lat="36.1035070" lon="-115.4844440">
    <ele>1327.0</ele>
   </trkpt>
   <trkpt lat="36.1035130" lon="-115.4844400">
    <ele>1327.0</ele>
   </trkpt>
   <trkpt lat="36.1035200" lon="-115.4844360">
    <ele>1327.0</ele>
   </trkpt>
   <trkpt lat="36.1035270" lon="-115.4844380">
    <ele>1327.0</ele>
   </trkpt>
   <trkpt lat="36.1035340" lon="-115.4844410">
    <ele>1328.0</ele>
   </trkpt>
   <trkpt lat="36.1035390" lon="-115.4844480">
    <ele>1328.0</ele>
   </trkpt>
   <trkpt lat="36.1035450" lon="-115.4844560">
    <ele>1328.0</ele>
   </trkpt>
   <trkpt lat="36.1035490" lon="-115.4844610">
    <ele>1328.0</ele>
   </trkpt>
   <trkpt lat="36.1035530" lon="-115.4844670">
    <ele>1328.0</ele>
   </trkpt>
   <trkpt lat="36.1035570" lon="-115.4844720">
    <ele>1329.0</ele>
   </trkpt>
   <trkpt lat="36.1035570" lon="-115.4844720">
    <ele>1329.0</ele>
   </trkpt>
   <trkpt lat="36.1035570" lon="-115.4844720">
    <ele>1329.0</ele>
   </trkpt>
   <trkpt lat="36.1035570" lon="-115.4844720">
    <ele>1330.0</ele>
   </trkpt>
   <trkpt lat="36.1035570" lon="-115.4844720">
    <ele>1330.0</ele>
   </trkpt>
   <trkpt lat="36.1035570" lon="-115.4844720">
    <ele>1331.0</ele>
   </trkpt>
   <trkpt lat="36.1035570" lon="-115.4844720">
    <ele>1331.0</ele>
   </trkpt>
   <trkpt lat="36.1035570" lon="-115.4844720">
    <ele>1331.0</ele>
   </trkpt>
   <trkpt lat="36.1035570" lon="-115.4844720">
    <ele>1331.0</ele>
   </trkpt>
   <trkpt lat="36.1035700" lon="-115.4844690">
    <ele>1331.0</ele>
   </trkpt>
   <trkpt lat="36.1035740" lon="-115.4844640">
    <ele>1332.0</ele>
   </trkpt>
   <trkpt lat="36.1035780" lon="-115.4844580">
    <ele>1332.0</ele>
   </trkpt>
   <trkpt lat="36.1035820" lon="-115.4844530">
    <ele>1332.0</ele>
   </trkpt>
   <trkpt lat="36.1035800" lon="-115.4844450">
    <ele>1332.0</ele>
   </trkpt>
   <trkpt lat="36.1035780" lon="-115.4844370">
    <ele>1332.0</ele>
   </trkpt>
   <trkpt lat="36.1035710" lon="-115.4844300">
    <ele>1333.0</ele>
   </trkpt>
   <trkpt lat="36.1035640" lon="-115.4844220">
    <ele>1333.0</ele>
   </trkpt>
   <trkpt lat="36.1035570" lon="-115.4844140">
    <ele>1333.0</ele>
   </trkpt>
   <trkpt lat="36.1035570" lon="-115.4844140">
    <ele>1334.0</ele>
   </trkpt>
   <trkpt lat="36.1035570" lon="-115.4844140">
    <ele>1334.0</ele>
   </trkpt>
   <trkpt lat="36.1035570" lon="-115.4844140">
    <ele>1335.0</ele>
   </trkpt>
   <trkpt lat="36.1035570" lon="-115.4844140">
    <ele>1335.0</ele>
   </trkpt>
   <trkpt lat="36.1035570" lon="-115.4844140">
    <ele>1335.0</ele>
   </trkpt>
   <trkpt lat="36.1035570" lon="-115.4844140">
    <ele>1335.0</ele>
   </trkpt>
   <trkpt lat="36.1035570" lon="-115.4844140">
    <ele>1335.0</ele>
   </trkpt>
   <trkpt lat="36.1035570" lon="-115.4844140">
    <ele>1336.0</ele>
   </trkpt>
   <trkpt lat="36.1035570" lon="-115.4844140">
    <ele>1336.0</ele>
   </trkpt>
   <trkpt lat="36.1035570" lon="-115.4844140">
    <ele>1336.0</ele>
   </trkpt>
   <trkpt lat="36.1035570" lon="-115.4844140">
    <ele>1336.0</ele>
   </trkpt>
   <trkpt lat="36.1035570" lon="-115.4844140">
    <ele>1336.0</ele>
   </trkpt>
   <trkpt lat="36.1035570" lon="-115.4844140">
    <ele>1337.0</ele>
   </trkpt>
   <trkpt lat="36.1035570" lon="-115.4844140">
    <ele>1337.0</ele>
   </trkpt>
   <trkpt lat="36.1035570" lon="-115.4844140">
    <ele>1337.0</ele>
   </trkpt>
   <trkpt lat="36.1035570" lon="-115.4844140">
    <ele>1337.0</ele>
   </trkpt>
   <trkpt lat="36.1035570" lon="-115.4844140">
    <ele>1337.0</ele>
   </trkpt>
   <trkpt lat="36.1035570" lon="-115.4844140">
    <ele>1337.0</ele>
   </trkpt>
   <trkpt lat="36.1035570" lon="-115.4844140">
    <ele>1337.0</ele>
   </trkpt>
   <trkpt lat="36.1035570" lon="-115.4844140">
    <ele>1337.0</ele>
   </trkpt>
   <trkpt lat="36.1035570" lon="-115.4844140">
    <ele>1337.0</ele>
   </trkpt>
   <trkpt lat="36.1035570" lon="-115.4844140">
    <ele>1337.0</ele>
   </trkpt>
   <trkpt lat="36.1035570" lon="-115.4844140">
    <ele>1338.0</ele>
   </trkpt>
   <trkpt lat="36.1035570" lon="-115.4844140">
    <ele>1338.0</ele>
   </trkpt>
   <trkpt lat="36.1035570" lon="-115.4844140">
    <ele>1338.0</ele>
   </trkpt>
   <trkpt lat="36.1035570" lon="-115.4844140">
    <ele>1338.0</ele>
   </trkpt>
   <trkpt lat="36.1035570" lon="-115.4844140">
    <ele>1338.0</ele>
   </trkpt>
   <trkpt lat="36.1035570" lon="-115.4844140">
    <ele>1338.0</ele>
   </trkpt>
   <trkpt lat="36.1035570" lon="-115.4844140">
    <ele>1338.0</ele>
   </trkpt>
   <trkpt lat="36.1035570" lon="-115.4844140">
    <ele>1338.0</ele>
   </trkpt>
   <trkpt lat="36.1035570" lon="-115.4844140">
    <ele>1338.0</ele>
   </trkpt>
   <trkpt lat="36.1035570" lon="-115.4844140">
    <ele>1338.0</ele>
   </trkpt>
   <trkpt lat="36.1035570" lon="-115.4844140">
    <ele>1339.0</ele>
   </trkpt>
   <trkpt lat="36.1035570" lon="-115.4844140">
    <ele>1339.0</ele>
   </trkpt>
   <trkpt lat="36.1035570" lon="-115.4844140">
    <ele>1339.0</ele>
   </trkpt>
   <trkpt lat="36.1035570" lon="-115.4844140">
    <ele>1339.0</ele>
   </trkpt>
   <trkpt lat="36.1035570" lon="-115.4844140">
    <ele>1339.0</ele>
   </trkpt>
   <trkpt lat="36.1035570" lon="-115.4844140">
    <ele>1339.0</ele>
   </trkpt>
   <trkpt lat="36.1035570" lon="-115.4844140">
    <ele>1339.0</ele>
   </trkpt>
   <trkpt lat="36.1035570" lon="-115.4844140">
    <ele>1339.0</ele>
   </trkpt>
   <trkpt lat="36.1035570" lon="-115.4844140">
    <ele>1339.0</ele>
   </trkpt>
   <trkpt lat="36.1035570" lon="-115.4844140">
    <ele>1339.0</ele>
   </trkpt>
   <trkpt lat="36.1035570" lon="-115.4844140">
    <ele>1339.0</ele>
   </trkpt>
   <trkpt lat="36.1035570" lon="-115.4844140">
    <ele>1339.0</ele>
   </trkpt>
   <trkpt lat="36.1035570" lon="-115.4844140">
    <ele>1339.0</ele>
   </trkpt>
   <trkpt lat="36.1035570" lon="-115.4844140">
    <ele>1339.0</ele>
   </trkpt>
   <trkpt lat="36.1035570" lon="-115.4844140">
    <ele>1339.0</ele>
   </trkpt>
   <trkpt lat="36.1035570" lon="-115.4844140">
    <ele>1340.0</ele>
   </trkpt>
   <trkpt lat="36.1035570" lon="-115.4844140">
    <ele>1340.0</ele>
   </trkpt>
   <trkpt lat="36.1035750" lon="-115.4844150">
    <ele>1340.0</ele>
   </trkpt>
   <trkpt lat="36.1035860" lon="-115.4844160">
    <ele>1340.0</ele>
   </trkpt>
   <trkpt lat="36.1035980" lon="-115.4844170">
    <ele>1340.0</ele>
   </trkpt>
   <trkpt lat="36.1035980" lon="-115.4844170">
    <ele>1340.0</ele>
   </trkpt>
   <trkpt lat="36.1035980" lon="-115.4844170">
    <ele>1340.0</ele>
   </trkpt>
   <trkpt lat="36.1035980" lon="-115.4844170">
    <ele>1340.0</ele>
   </trkpt>
   <trkpt lat="36.1035980" lon="-115.4844170">
    <ele>1340.0</ele>
   </trkpt>
   <trkpt lat="36.1035980" lon="-115.4844170">
    <ele>1340.0</ele>
   </trkpt>
   <trkpt lat="36.1035980" lon="-115.4844170">
    <ele>1341.0</ele>
   </trkpt>
   <trkpt lat="36.1035980" lon="-115.4844170">
    <ele>1341.0</ele>
   </trkpt>
   <trkpt lat="36.1035980" lon="-115.4844170">
    <ele>1341.0</ele>
   </trkpt>
   <trkpt lat="36.1036190" lon="-115.4844240">
    <ele>1341.0</ele>
   </trkpt>
   <trkpt lat="36.1036260" lon="-115.4844310">
    <ele>1341.0</ele>
   </trkpt>
   <trkpt lat="36.1036320" lon="-115.4844370">
    <ele>1342.0</ele>
   </trkpt>
   <trkpt lat="36.1036350" lon="-115.4844470">
    <ele>1342.0</ele>
   </trkpt>
   <trkpt lat="36.1036370" lon="-115.4844570">
    <ele>1342.0</ele>
   </trkpt>
   <trkpt lat="36.1036390" lon="-115.4844640">
    <ele>1342.0</ele>
   </trkpt>
   <trkpt lat="36.1036410" lon="-115.4844710">
    <ele>1342.0</ele>
   </trkpt>
   <trkpt lat="36.1036430" lon="-115.4844780">
    <ele>1343.0</ele>
   </trkpt>
   <trkpt lat="36.1036490" lon="-115.4844830">
    <ele>1343.0</ele>
   </trkpt>
   <trkpt lat="36.1036550" lon="-115.4844880">
    <ele>1343.0</ele>
   </trkpt>
   <trkpt lat="36.1036580" lon="-115.4844900">
    <ele>1343.0</ele>
   </trkpt>
   <trkpt lat="36.1036620" lon="-115.4844920">
    <ele>1343.0</ele>
   </trkpt>
   <trkpt lat="36.1036670" lon="-115.4844940">
    <ele>1344.0</ele>
   </trkpt>
   <trkpt lat="36.1036710" lon="-115.4844950">
    <ele>1344.0</ele>
   </trkpt>
   <trkpt lat="36.1036790" lon="-115.4844970">
    <ele>1344.0</ele>
   </trkpt>
   <trkpt lat="36.1036870" lon="-115.4844990">
    <ele>1344.0</ele>
   </trkpt>
   <trkpt lat="36.1036940" lon="-115.4844990">
    <ele>1344.0</ele>
   </trkpt>
   <trkpt lat="36.1037020" lon="-115.4845000">
    <ele>1345.0</ele>
   </trkpt>
   <trkpt lat="36.1037080" lon="-115.4845010">
    <ele>1345.0</ele>
   </trkpt>
   <trkpt lat="36.1037150" lon="-115.4845010">
    <ele>1345.0</ele>
   </trkpt>
   <trkpt lat="36.1037220" lon="-115.4845030">
    <ele>1346.0</ele>
   </trkpt>
   <trkpt lat="36.1037300" lon="-115.4845050">
    <ele>1346.0</ele>
   </trkpt>
   <trkpt lat="36.1037370" lon="-115.4845070">
    <ele>1347.0</ele>
   </trkpt>
   <trkpt lat="36.1037450" lon="-115.4845100">
    <ele>1347.0</ele>
   </trkpt>
   <trkpt lat="36.1037520" lon="-115.4845100">
    <ele>1347.0</ele>
   </trkpt>
   <trkpt lat="36.1037600" lon="-115.4845110">
    <ele>1347.0</ele>
   </trkpt>
   <trkpt lat="36.1037660" lon="-115.4845080">
    <ele>1347.0</ele>
   </trkpt>
   <trkpt lat="36.1037730" lon="-115.4845050">
    <ele>1348.0</ele>
   </trkpt>
   <trkpt lat="36.1037770" lon="-115.4845030">
    <ele>1348.0</ele>
   </trkpt>
   <trkpt lat="36.1037810" lon="-115.4845010">
    <ele>1348.0</ele>
   </trkpt>
   <trkpt lat="36.1037880" lon="-115.4844980">
    <ele>1348.0</ele>
   </trkpt>
   <trkpt lat="36.1037960" lon="-115.4844950">
    <ele>1348.0</ele>
   </trkpt>
   <trkpt lat="36.1037980" lon="-115.4844950">
    <ele>1349.0</ele>
   </trkpt>
   <trkpt lat="36.1038000" lon="-115.4844960">
    <ele>1349.0</ele>
   </trkpt>
   <trkpt lat="36.1038020" lon="-115.4844960">
    <ele>1349.0</ele>
   </trkpt>
   <trkpt lat="36.1038040" lon="-115.4844970">
    <ele>1349.0</ele>
   </trkpt>
   <trkpt lat="36.1038080" lon="-115.4845020">
    <ele>1349.0</ele>
   </trkpt>
   <trkpt lat="36.1038110" lon="-115.4845080">
    <ele>1350.0</ele>
   </trkpt>
   <trkpt lat="36.1038140" lon="-115.4845150">
    <ele>1350.0</ele>
   </trkpt>
   <trkpt lat="36.1038170" lon="-115.4845220">
    <ele>1350.0</ele>
   </trkpt>
   <trkpt lat="36.1038210" lon="-115.4845250">
    <ele>1350.0</ele>
   </trkpt>
   <trkpt lat="36.1038250" lon="-115.4845290">
    <ele>1350.0</ele>
   </trkpt>
   <trkpt lat="36.1038310" lon="-115.4845280">
    <ele>1351.0</ele>
   </trkpt>
   <trkpt lat="36.1038370" lon="-115.4845280">
    <ele>1351.0</ele>
   </trkpt>
   <trkpt lat="36.1038440" lon="-115.4845260">
    <ele>1351.0</ele>
   </trkpt>
   <trkpt lat="36.1038500" lon="-115.4845230">
    <ele>1351.0</ele>
   </trkpt>
   <trkpt lat="36.1038500" lon="-115.4845230">
    <ele>1351.0</ele>
   </trkpt>
   <trkpt lat="36.1038500" lon="-115.4845230">
    <ele>1352.0</ele>
   </trkpt>
   <trkpt lat="36.1038500" lon="-115.4845230">
    <ele>1352.0</ele>
   </trkpt>
   <trkpt lat="36.1038500" lon="-115.4845230">
    <ele>1352.0</ele>
   </trkpt>
   <trkpt lat="36.1038500" lon="-115.4845230">
    <ele>1352.0</ele>
   </trkpt>
   <trkpt lat="36.1038500" lon="-115.4845230">
    <ele>1352.0</ele>
   </trkpt>
   <trkpt lat="36.1038500" lon="-115.4845230">
    <ele>1353.0</ele>
   </trkpt>
   <trkpt lat="36.1038500" lon="-115.4845230">
    <ele>1353.0</ele>
   </trkpt>
   <trkpt lat="36.1038500" lon="-115.4845230">
    <ele>1353.0</ele>
   </trkpt>
   <trkpt lat="36.1038650" lon="-115.4845210">
    <ele>1354.0</ele>
   </trkpt>
   <trkpt lat="36.1038750" lon="-115.4845210">
    <ele>1354.0</ele>
   </trkpt>
   <trkpt lat="36.1038850" lon="-115.4845200">
    <ele>1355.0</ele>
   </trkpt>
   <trkpt lat="36.1038920" lon="-115.4845190">
    <ele>1355.0</ele>
   </trkpt>
   <trkpt lat="36.1038990" lon="-115.4845180">
    <ele>1355.0</ele>
   </trkpt>
   <trkpt lat="36.1039030" lon="-115.4845180">
    <ele>1355.0</ele>
   </trkpt>
   <trkpt lat="36.1039060" lon="-115.4845170">
    <ele>1355.0</ele>
   </trkpt>
   <trkpt lat="36.1039120" lon="-115.4845180">
    <ele>1356.0</ele>
   </trkpt>
   <trkpt lat="36.1039180" lon="-115.4845180">
    <ele>1356.0</ele>
   </trkpt>
   <trkpt lat="36.1039210" lon="-115.4845210">
    <ele>1356.0</ele>
   </trkpt>
   <trkpt lat="36.1039250" lon="-115.4845230">
    <ele>1356.0</ele>
   </trkpt>
   <trkpt lat="36.1039290" lon="-115.4845260">
    <ele>1356.0</ele>
   </trkpt>
   <trkpt lat="36.1039320" lon="-115.4845310">
    <ele>1357.0</ele>
   </trkpt>
   <trkpt lat="36.1039340" lon="-115.4845350">
    <ele>1357.0</ele>
   </trkpt>
   <trkpt lat="36.1039370" lon="-115.4845410">
    <ele>1357.0</ele>
   </trkpt>
   <trkpt lat="36.1039390" lon="-115.4845460">
    <ele>1357.0</ele>
   </trkpt>
   <trkpt lat="36.1039440" lon="-115.4845510">
    <ele>1357.0</ele>
   </trkpt>
   <trkpt lat="36.1039490" lon="-115.4845570">
    <ele>1358.0</ele>
   </trkpt>
   <trkpt lat="36.1039530" lon="-115.4845570">
    <ele>1358.0</ele>
   </trkpt>
   <trkpt lat="36.1039560" lon="-115.4845580">
    <ele>1358.0</ele>
   </trkpt>
   <trkpt lat="36.1039620" lon="-115.4845590">
    <ele>1358.0</ele>
   </trkpt>
   <trkpt lat="36.1039680" lon="-115.4845610">
    <ele>1358.0</ele>
   </trkpt>
   <trkpt lat="36.1039680" lon="-115.4845610">
    <ele>1359.0</ele>
   </trkpt>
   <trkpt lat="36.1039680" lon="-115.4845610">
    <ele>1359.0</ele>
   </trkpt>
   <trkpt lat="36.1039680" lon="-115.4845610">
    <ele>1359.0</ele>
   </trkpt>
   <trkpt lat="36.1039680" lon="-115.4845610">
    <ele>1359.0</ele>
   </trkpt>
   <trkpt lat="36.1039680" lon="-115.4845610">
    <ele>1359.0</ele>
   </trkpt>
   <trkpt lat="36.1039680" lon="-115.4845610">
    <ele>1360.0</ele>
   </trkpt>
   <trkpt lat="36.1039680" lon="-115.4845610">
    <ele>1360.0</ele>
   </trkpt>
   <trkpt lat="36.1039680" lon="-115.4845610">
    <ele>1360.0</ele>
   </trkpt>
   <trkpt lat="36.1039680" lon="-115.4845610">
    <ele>1360.0</ele>
   </trkpt>
   <trkpt lat="36.1039680" lon="-115.4845610">
    <ele>1360.0</ele>
   </trkpt>
   <trkpt lat="36.1039680" lon="-115.4845610">
    <ele>1361.0</ele>
   </trkpt>
   <trkpt lat="36.1039680" lon="-115.4845610">
    <ele>1361.0</ele>
   </trkpt>
   <trkpt lat="36.1039810" lon="-115.4845730">
    <ele>1361.0</ele>
   </trkpt>
   <trkpt lat="36.1039890" lon="-115.4845830">
    <ele>1361.0</ele>
   </trkpt>
   <trkpt lat="36.1039960" lon="-115.4845930">
    <ele>1361.0</ele>
   </trkpt>
   <trkpt lat="36.1039990" lon="-115.4845990">
    <ele>1362.0</ele>
   </trkpt>
   <trkpt lat="36.1040010" lon="-115.4846050">
    <ele>1362.0</ele>
   </trkpt>
   <trkpt lat="36.1040040" lon="-115.4846110">
    <ele>1362.0</ele>
   </trkpt>
   <trkpt lat="36.1040040" lon="-115.4846110">
    <ele>1362.0</ele>
   </trkpt>
   <trkpt lat="36.1040040" lon="-115.4846110">
    <ele>1362.0</ele>
   </trkpt>
   <trkpt lat="36.1040040" lon="-115.4846110">
    <ele>1363.0</ele>
   </trkpt>
   <trkpt lat="36.1040040" lon="-115.4846110">
    <ele>1363.0</ele>
   </trkpt>
   <trkpt lat="36.1040040" lon="-115.4846110">
    <ele>1363.0</ele>
   </trkpt>
   <trkpt lat="36.1040040" lon="-115.4846110">
    <ele>1363.0</ele>
   </trkpt>
   <trkpt lat="36.1040040" lon="-115.4846110">
    <ele>1363.0</ele>
   </trkpt>
   <trkpt lat="36.1040040" lon="-115.4846110">
    <ele>1364.0</ele>
   </trkpt>
   <trkpt lat="36.1040040" lon="-115.4846110">
    <ele>1364.0</ele>
   </trkpt>
   <trkpt lat="36.1040040" lon="-115.4846110">
    <ele>1364.0</ele>
   </trkpt>
   <trkpt lat="36.1040040" lon="-115.4846110">
    <ele>1364.0</ele>
   </trkpt>
   <trkpt lat="36.1040040" lon="-115.4846110">
    <ele>1364.0</ele>
   </trkpt>
   <trkpt lat="36.1040040" lon="-115.4846110">
    <ele>1365.0</ele>
   </trkpt>
   <trkpt lat="36.1040040" lon="-115.4846110">
    <ele>1365.0</ele>
   </trkpt>
   <trkpt lat="36.1040040" lon="-115.4846110">
    <ele>1365.0</ele>
   </trkpt>
   <trkpt lat="36.1040040" lon="-115.4846110">
    <ele>1365.0</ele>
   </trkpt>
   <trkpt lat="36.1040040" lon="-115.4846110">
    <ele>1365.0</ele>
   </trkpt>
   <trkpt lat="36.1040040" lon="-115.4846110">
    <ele>1366.0</ele>
   </trkpt>
   <trkpt lat="36.1040040" lon="-115.4846110">
    <ele>1366.0</ele>
   </trkpt>
   <trkpt lat="36.1040040" lon="-115.4846110">
    <ele>1366.0</ele>
   </trkpt>
   <trkpt lat="36.1040040" lon="-115.4846110">
    <ele>1366.0</ele>
   </trkpt>
   <trkpt lat="36.1040040" lon="-115.4846110">
    <ele>1366.0</ele>
   </trkpt>
   <trkpt lat="36.1040040" lon="-115.4846110">
    <ele>1367.0</ele>
   </trkpt>
   <trkpt lat="36.1040040" lon="-115.4846110">
    <ele>1367.0</ele>
   </trkpt>
   <trkpt lat="36.1040200" lon="-115.4846240">
    <ele>1367.0</ele>
   </trkpt>
   <trkpt lat="36.1040310" lon="-115.4846310">
    <ele>1367.0</ele>
   </trkpt>
   <trkpt lat="36.1040420" lon="-115.4846380">
    <ele>1367.0</ele>
   </trkpt>
   <trkpt lat="36.1040500" lon="-115.4846410">
    <ele>1368.0</ele>
   </trkpt>
   <trkpt lat="36.1040610" lon="-115.4846450">
    <ele>1368.0</ele>
   </trkpt>
   <trkpt lat="36.1040620" lon="-115.4846470">
    <ele>1368.0</ele>
   </trkpt>
   <trkpt lat="36.1040640" lon="-115.4846480">
    <ele>1368.0</ele>
   </trkpt>
   <trkpt lat="36.1040660" lon="-115.4846500">
    <ele>1368.0</ele>
   </trkpt>
   <trkpt lat="36.1040670" lon="-115.4846510">
    <ele>1369.0</ele>
   </trkpt>
   <trkpt lat="36.1040690" lon="-115.4846530">
    <ele>1369.0</ele>
   </trkpt>
   <trkpt lat="36.1040710" lon="-115.4846540">
    <ele>1369.0</ele>
   </trkpt>
   <trkpt lat="36.1040730" lon="-115.4846560">
    <ele>1369.0</ele>
   </trkpt>
   <trkpt lat="36.1040740" lon="-115.4846570">
    <ele>1369.0</ele>
   </trkpt>
   <trkpt lat="36.1040760" lon="-115.4846590">
    <ele>1370.0</ele>
   </trkpt>
   <trkpt lat="36.1040780" lon="-115.4846600">
    <ele>1370.0</ele>
   </trkpt>
   <trkpt lat="36.1040800" lon="-115.4846620">
    <ele>1370.0</ele>
   </trkpt>
   <trkpt lat="36.1040810" lon="-115.4846640">
    <ele>1371.0</ele>
   </trkpt>
   <trkpt lat="36.1040830" lon="-115.4846650">
    <ele>1371.0</ele>
   </trkpt>
   <trkpt lat="36.1040850" lon="-115.4846670">
    <ele>1372.0</ele>
   </trkpt>
   <trkpt lat="36.1040870" lon="-115.4846680">
    <ele>1372.0</ele>
   </trkpt>
   <trkpt lat="36.1040880" lon="-115.4846700">
    <ele>1372.0</ele>
   </trkpt>
   <trkpt lat="36.1040900" lon="-115.4846710">
    <ele>1372.0</ele>
   </trkpt>
   <trkpt lat="36.1040920" lon="-115.4846730">
    <ele>1372.0</ele>
   </trkpt>
   <trkpt lat="36.1040940" lon="-115.4846740">
    <ele>1373.0</ele>
   </trkpt>
   <trkpt lat="36.1040950" lon="-115.4846760">
    <ele>1373.0</ele>
   </trkpt>
   <trkpt lat="36.1040970" lon="-115.4846770">
    <ele>1373.0</ele>
   </trkpt>
   <trkpt lat="36.1040990" lon="-115.4846790">
    <ele>1373.0</ele>
   </trkpt>
   <trkpt lat="36.1041010" lon="-115.4846800">
    <ele>1373.0</ele>
   </trkpt>
   <trkpt lat="36.1041020" lon="-115.4846820">
    <ele>1374.0</ele>
   </trkpt>
   <trkpt lat="36.1041040" lon="-115.4846830">
    <ele>1374.0</ele>
   </trkpt>
   <trkpt lat="36.1041060" lon="-115.4846850">
    <ele>1374.0</ele>
   </trkpt>
   <trkpt lat="36.1041080" lon="-115.4846870">
    <ele>1374.0</ele>
   </trkpt>
   <trkpt lat="36.1041090" lon="-115.4846880">
    <ele>1374.0</ele>
   </trkpt>
   <trkpt lat="36.1041110" lon="-115.4846900">
    <ele>1375.0</ele>
   </trkpt>
   <trkpt lat="36.1041130" lon="-115.4846910">
    <ele>1375.0</ele>
   </trkpt>
   <trkpt lat="36.1041150" lon="-115.4846930">
    <ele>1375.0</ele>
   </trkpt>
   <trkpt lat="36.1041160" lon="-115.4846940">
    <ele>1376.0</ele>
   </trkpt>
   <trkpt lat="36.1041180" lon="-115.4846960">
    <ele>1376.0</ele>
   </trkpt>
   <trkpt lat="36.1041200" lon="-115.4846970">
    <ele>1377.0</ele>
   </trkpt>
   <trkpt lat="36.1041220" lon="-115.4846990">
    <ele>1377.0</ele>
   </trkpt>
   <trkpt lat="36.1041230" lon="-115.4847000">
    <ele>1377.0</ele>
   </trkpt>
   <trkpt lat="36.1041250" lon="-115.4847020">
    <ele>1377.0</ele>
   </trkpt>
   <trkpt lat="36.1041270" lon="-115.4847030">
    <ele>1377.0</ele>
   </trkpt>
   <trkpt lat="36.1041290" lon="-115.4847050">
    <ele>1378.0</ele>
   </trkpt>
   <trkpt lat="36.1041300" lon="-115.4847060">
    <ele>1378.0</ele>
   </trkpt>
   <trkpt lat="36.1041320" lon="-115.4847080">
    <ele>1378.0</ele>
   </trkpt>
   <trkpt lat="36.1041340" lon="-115.4847100">
    <ele>1378.0</ele>
   </trkpt>
   <trkpt lat="36.1041350" lon="-115.4847110">
    <ele>1378.0</ele>
   </trkpt>
   <trkpt lat="36.1041370" lon="-115.4847130">
    <ele>1379.0</ele>
   </trkpt>
   <trkpt lat="36.1041390" lon="-115.4847140">
    <ele>1379.0</ele>
   </trkpt>
   <trkpt lat="36.1041410" lon="-115.4847160">
    <ele>1379.0</ele>
   </trkpt>
   <trkpt lat="36.1041420" lon="-115.4847170">
    <ele>1379.0</ele>
   </trkpt>
   <trkpt lat="36.1041440" lon="-115.4847190">
    <ele>1379.0</ele>
   </trkpt>
   <trkpt lat="36.1041460" lon="-115.4847200">
    <ele>1380.0</ele>
   </trkpt>
   <trkpt lat="36.1041480" lon="-115.4847220">
    <ele>1380.0</ele>
   </trkpt>
   <trkpt lat="36.1041490" lon="-115.4847230">
    <ele>1380.0</ele>
   </trkpt>
   <trkpt lat="36.1041510" lon="-115.4847250">
    <ele>1381.0</ele>
   </trkpt>
   <trkpt lat="36.1041530" lon="-115.4847260">
    <ele>1381.0</ele>
   </trkpt>
   <trkpt lat="36.1041550" lon="-115.4847280">
    <ele>1382.0</ele>
   </trkpt>
   <trkpt lat="36.1041560" lon="-115.4847290">
    <ele>1382.0</ele>
   </trkpt>
   <trkpt lat="36.1041580" lon="-115.4847310">
    <ele>1382.0</ele>
   </trkpt>
   <trkpt lat="36.1041600" lon="-115.4847330">
    <ele>1382.0</ele>
   </trkpt>
   <trkpt lat="36.1041620" lon="-115.4847340">
    <ele>1382.0</ele>
   </trkpt>
   <trkpt lat="36.1041630" lon="-115.4847360">
    <ele>1383.0</ele>
   </trkpt>
   <trkpt lat="36.1041650" lon="-115.4847370">
    <ele>1383.0</ele>
   </trkpt>
   <trkpt lat="36.1041670" lon="-115.4847390">
    <ele>1383.0</ele>
   </trkpt>
   <trkpt lat="36.1041690" lon="-115.4847400">
    <ele>1384.0</ele>
   </trkpt>
   <trkpt lat="36.1041700" lon="-115.4847420">
    <ele>1384.0</ele>
   </trkpt>
   <trkpt lat="36.1041720" lon="-115.4847430">
    <ele>1385.0</ele>
   </trkpt>
   <trkpt lat="36.1041740" lon="-115.4847450">
    <ele>1385.0</ele>
   </trkpt>
   <trkpt lat="36.1041760" lon="-115.4847460">
    <ele>1385.0</ele>
   </trkpt>
   <trkpt lat="36.1041770" lon="-115.4847480">
    <ele>1385.0</ele>
   </trkpt>
   <trkpt lat="36.1041790" lon="-115.4847490">
    <ele>1385.0</ele>
   </trkpt>
   <trkpt lat="36.1041810" lon="-115.4847510">
    <ele>1386.0</ele>
   </trkpt>
   <trkpt lat="36.1041830" lon="-115.4847520">
    <ele>1386.0</ele>
   </trkpt>
   <trkpt lat="36.1041840" lon="-115.4847540">
    <ele>1386.0</ele>
   </trkpt>
   <trkpt lat="36.1041860" lon="-115.4847560">
    <ele>1386.0</ele>
   </trkpt>
   <trkpt lat="36.1041880" lon="-115.4847570">
    <ele>1386.0</ele>
   </trkpt>
   <trkpt lat="36.1041900" lon="-115.4847590">
    <ele>1387.0</ele>
   </trkpt>
   <trkpt lat="36.1041910" lon="-115.4847600">
    <ele>1387.0</ele>
   </trkpt>
   <trkpt lat="36.1041930" lon="-115.4847620">
    <ele>1387.0</ele>
   </trkpt>
   <trkpt lat="36.1041950" lon="-115.4847630">
    <ele>1388.0</ele>
   </trkpt>
   <trkpt lat="36.1041970" lon="-115.4847650">
    <ele>1388.0</ele>
   </trkpt>
   <trkpt lat="36.1041980" lon="-115.4847660">
    <ele>1389.0</ele>
   </trkpt>
   <trkpt lat="36.1042000" lon="-115.4847680">
    <ele>1389.0</ele>
   </trkpt>
   <trkpt lat="36.1042020" lon="-115.4847690">
    <ele>1389.0</ele>
   </trkpt>
   <trkpt lat="36.1042040" lon="-115.4847710">
    <ele>1389.0</ele>
   </trkpt>
   <trkpt lat="36.1042050" lon="-115.4847720">
    <ele>1389.0</ele>
   </trkpt>
   <trkpt lat="36.1042070" lon="-115.4847740">
    <ele>1390.0</ele>
   </trkpt>
   <trkpt lat="36.1042090" lon="-115.4847750">
    <ele>1390.0</ele>
   </trkpt>
   <trkpt lat="36.1042100" lon="-115.4847770">
    <ele>1390.0</ele>
   </trkpt>
   <trkpt lat="36.1042120" lon="-115.4847790">
    <ele>1390.0</ele>
   </trkpt>
   <trkpt lat="36.1042140" lon="-115.4847800">
    <ele>1390.0</ele>
   </trkpt>
   <trkpt lat="36.1042160" lon="-115.4847820">
    <ele>1391.0</ele>
   </trkpt>
   <trkpt lat="36.1042170" lon="-115.4847830">
    <ele>1391.0</ele>
   </trkpt>
   <trkpt lat="36.1042190" lon="-115.4847850">
    <ele>1391.0</ele>
   </trkpt>
   <trkpt lat="36.1042210" lon="-115.4847860">
    <ele>1391.0</ele>
   </trkpt>
   <trkpt lat="36.1042230" lon="-115.4847880">
    <ele>1391.0</ele>
   </trkpt>
   <trkpt lat="36.1042240" lon="-115.4847890">
    <ele>1392.0</ele>
   </trkpt>
   <trkpt lat="36.1042260" lon="-115.4847910">
    <ele>1392.0</ele>
   </trkpt>
   <trkpt lat="36.1042280" lon="-115.4847920">
    <ele>1392.0</ele>
   </trkpt>
   <trkpt lat="36.1042300" lon="-115.4847940">
    <ele>1392.0</ele>
   </trkpt>
   <trkpt lat="36.1042310" lon="-115.4847950">
    <ele>1392.0</ele>
   </trkpt>
   <trkpt lat="36.1042330" lon="-115.4847970">
    <ele>1393.0</ele>
   </trkpt>
   <trkpt lat="36.1042350" lon="-115.4847980">
    <ele>1393.0</ele>
   </trkpt>
   <trkpt lat="36.1042370" lon="-115.4848000">
    <ele>1393.0</ele>
   </trkpt>
   <trkpt lat="36.1042380" lon="-115.4848020">
    <ele>1393.0</ele>
   </trkpt>
   <trkpt lat="36.1042400" lon="-115.4848030">
    <ele>1393.0</ele>
   </trkpt>
   <trkpt lat="36.1042420" lon="-115.4848050">
    <ele>1394.0</ele>
   </trkpt>
   <trkpt lat="36.1042710" lon="-115.4848340">
    <ele>1394.0</ele>
   </trkpt>
   <trkpt lat="36.1042900" lon="-115.4848490">
    <ele>1394.0</ele>
   </trkpt>
   <trkpt lat="36.1042910" lon="-115.4848500">
    <ele>1394.0</ele>
   </trkpt>
   <trkpt lat="36.1042910" lon="-115.4848510">
    <ele>1394.0</ele>
   </trkpt>
   <trkpt lat="36.1042920" lon="-115.4848520">
    <ele>1395.0</ele>
   </trkpt>
   <trkpt lat="36.1042930" lon="-115.4848530">
    <ele>1395.0</ele>
   </trkpt>
   <trkpt lat="36.1042930" lon="-115.4848530">
    <ele>1395.0</ele>
   </trkpt>
   <trkpt lat="36.1042940" lon="-115.4848540">
    <ele>1395.0</ele>
   </trkpt>
   <trkpt lat="36.1042940" lon="-115.4848550">
    <ele>1395.0</ele>
   </trkpt>
   <trkpt lat="36.1042950" lon="-115.4848560">
    <ele>1396.0</ele>
   </trkpt>
   <trkpt lat="36.1042950" lon="-115.4848570">
    <ele>1396.0</ele>
   </trkpt>
   <trkpt lat="36.1042960" lon="-115.4848580">
    <ele>1396.0</ele>
   </trkpt>
   <trkpt lat="36.1042960" lon="-115.4848590">
    <ele>1396.0</ele>
   </trkpt>
   <trkpt lat="36.1042970" lon="-115.4848600">
    <ele>1396.0</ele>
   </trkpt>
   <trkpt lat="36.1042970" lon="-115.4848600">
    <ele>1397.0</ele>
   </trkpt>
   <trkpt lat="36.1042980" lon="-115.4848610">
    <ele>1397.0</ele>
   </trkpt>
   <trkpt lat="36.1042990" lon="-115.4848620">
    <ele>1397.0</ele>
   </trkpt>
   <trkpt lat="36.1042990" lon="-115.4848630">
    <ele>1397.0</ele>
   </trkpt>
   <trkpt lat="36.1043000" lon="-115.4848640">
    <ele>1397.0</ele>
   </trkpt>
   <trkpt lat="36.1043000" lon="-115.4848650">
    <ele>1398.0</ele>
   </trkpt>
   <trkpt lat="36.1043010" lon="-115.4848660">
    <ele>1398.0</ele>
   </trkpt>
   <trkpt lat="36.1043010" lon="-115.4848670">
    <ele>1398.0</ele>
   </trkpt>
   <trkpt lat="36.1043020" lon="-115.4848670">
    <ele>1398.0</ele>
   </trkpt>
   <trkpt lat="36.1043020" lon="-115.4848680">
    <ele>1398.0</ele>
   </trkpt>
   <trkpt lat="36.1043030" lon="-115.4848690">
    <ele>1398.0</ele>
   </trkpt>
   <trkpt lat="36.1043030" lon="-115.4848700">
    <ele>1398.0</ele>
   </trkpt>
   <trkpt lat="36.1043040" lon="-115.4848710">
    <ele>1398.0</ele>
   </trkpt>
   <trkpt lat="36.1043050" lon="-115.4848720">
    <ele>1398.0</ele>
   </trkpt>
   <trkpt lat="36.1043050" lon="-115.4848730">
    <ele>1398.0</ele>
   </trkpt>
   <trkpt lat="36.1043060" lon="-115.4848740">
    <ele>1399.0</ele>
   </trkpt>
   <trkpt lat="36.1043060" lon="-115.4848740">
    <ele>1399.0</ele>
   </trkpt>
   <trkpt lat="36.1043070" lon="-115.4848750">
    <ele>1399.0</ele>
   </trkpt>
   <trkpt lat="36.1043070" lon="-115.4848760">
    <ele>1399.0</ele>
   </trkpt>
   <trkpt lat="36.1043080" lon="-115.4848770">
    <ele>1399.0</ele>
   </trkpt>
   <trkpt lat="36.1043080" lon="-115.4848780">
    <ele>1399.0</ele>
   </trkpt>
   <trkpt lat="36.1043090" lon="-115.4848790">
    <ele>1399.0</ele>
   </trkpt>
   <trkpt lat="36.1043090" lon="-115.4848800">
    <ele>1399.0</ele>
   </trkpt>
   <trkpt lat="36.1043100" lon="-115.4848810">
    <ele>1399.0</ele>
   </trkpt>
   <trkpt lat="36.1043110" lon="-115.4848810">
    <ele>1399.0</ele>
   </trkpt>
   <trkpt lat="36.1043110" lon="-115.4848820">
    <ele>1399.0</ele>
   </trkpt>
   <trkpt lat="36.1043120" lon="-115.4848830">
    <ele>1399.0</ele>
   </trkpt>
   <trkpt lat="36.1043120" lon="-115.4848840">
    <ele>1399.0</ele>
   </trkpt>
   <trkpt lat="36.1043130" lon="-115.4848850">
    <ele>1399.0</ele>
   </trkpt>
   <trkpt lat="36.1043130" lon="-115.4848860">
    <ele>1399.0</ele>
   </trkpt>
   <trkpt lat="36.1043140" lon="-115.4848870">
    <ele>1399.0</ele>
   </trkpt>
   <trkpt lat="36.1043140" lon="-115.4848880">
    <ele>1399.0</ele>
   </trkpt>
   <trkpt lat="36.1043150" lon="-115.4848880">
    <ele>1399.0</ele>
   </trkpt>
   <trkpt lat="36.1043160" lon="-115.4848890">
    <ele>1399.0</ele>
   </trkpt>
   <trkpt lat="36.1043160" lon="-115.4848900">
    <ele>1399.0</ele>
   </trkpt>
   <trkpt lat="36.1043170" lon="-115.4848910">
    <ele>1400.0</ele>
   </trkpt>
   <trkpt lat="36.1043170" lon="-115.4848920">
    <ele>1400.0</ele>
   </trkpt>
   <trkpt lat="36.1043180" lon="-115.4848930">
    <ele>1400.0</ele>
   </trkpt>
   <trkpt lat="36.1043180" lon="-115.4848940">
    <ele>1400.0</ele>
   </trkpt>
   <trkpt lat="36.1043190" lon="-115.4848950">
    <ele>1400.0</ele>
   </trkpt>
   <trkpt lat="36.1043190" lon="-115.4848950">
    <ele>1400.0</ele>
   </trkpt>
   <trkpt lat="36.1043200" lon="-115.4848960">
    <ele>1399.0</ele>
   </trkpt>
   <trkpt lat="36.1043200" lon="-115.4848970">
    <ele>1399.0</ele>
   </trkpt>
   <trkpt lat="36.1043210" lon="-115.4848980">
    <ele>1399.0</ele>
   </trkpt>
   <trkpt lat="36.1043220" lon="-115.4848990">
    <ele>1399.0</ele>
   </trkpt>
   <trkpt lat="36.1043220" lon="-115.4849000">
    <ele>1399.0</ele>
   </trkpt>
   <trkpt lat="36.1043230" lon="-115.4849010">
    <ele>1399.0</ele>
   </trkpt>
   <trkpt lat="36.1043230" lon="-115.4849020">
    <ele>1399.0</ele>
   </trkpt>
   <trkpt lat="36.1043240" lon="-115.4849020">
    <ele>1399.0</ele>
   </trkpt>
   <trkpt lat="36.1043240" lon="-115.4849030">
    <ele>1399.0</ele>
   </trkpt>
   <trkpt lat="36.1043250" lon="-115.4849040">
    <ele>1399.0</ele>
   </trkpt>
   <trkpt lat="36.1043250" lon="-115.4849050">
    <ele>1399.0</ele>
   </trkpt>
   <trkpt lat="36.1043260" lon="-115.4849060">
    <ele>1399.0</ele>
   </trkpt>
   <trkpt lat="36.1043260" lon="-115.4849070">
    <ele>1399.0</ele>
   </trkpt>
   <trkpt lat="36.1043270" lon="-115.4849080">
    <ele>1399.0</ele>
   </trkpt>
   <trkpt lat="36.1043280" lon="-115.4849090">
    <ele>1399.0</ele>
   </trkpt>
   <trkpt lat="36.1043280" lon="-115.4849090">
    <ele>1399.0</ele>
   </trkpt>
   <trkpt lat="36.1043290" lon="-115.4849100">
    <ele>1399.0</ele>
   </trkpt>
   <trkpt lat="36.1043290" lon="-115.4849110">
    <ele>1399.0</ele>
   </trkpt>
   <trkpt lat="36.1043300" lon="-115.4849120">
    <ele>1399.0</ele>
   </trkpt>
   <trkpt lat="36.1043300" lon="-115.4849130">
    <ele>1399.0</ele>
   </trkpt>
   <trkpt lat="36.1043310" lon="-115.4849140">
    <ele>1399.0</ele>
   </trkpt>
   <trkpt lat="36.1043310" lon="-115.4849150">
    <ele>1399.0</ele>
   </trkpt>
   <trkpt lat="36.1043320" lon="-115.4849160">
    <ele>1399.0</ele>
   </trkpt>
   <trkpt lat="36.1043330" lon="-115.4849160">
    <ele>1399.0</ele>
   </trkpt>
   <trkpt lat="36.1043330" lon="-115.4849170">
    <ele>1399.0</ele>
   </trkpt>
   <trkpt lat="36.1043340" lon="-115.4849180">
    <ele>1399.0</ele>
   </trkpt>
   <trkpt lat="36.1043340" lon="-115.4849190">
    <ele>1399.0</ele>
   </trkpt>
   <trkpt lat="36.1043350" lon="-115.4849200">
    <ele>1399.0</ele>
   </trkpt>
   <trkpt lat="36.1043350" lon="-115.4849210">
    <ele>1399.0</ele>
   </trkpt>
   <trkpt lat="36.1043360" lon="-115.4849220">
    <ele>1399.0</ele>
   </trkpt>
   <trkpt lat="36.1043360" lon="-115.4849230">
    <ele>1399.0</ele>
   </trkpt>
   <trkpt lat="36.1043370" lon="-115.4849230">
    <ele>1399.0</ele>
   </trkpt>
   <trkpt lat="36.1043370" lon="-115.4849240">
    <ele>1399.0</ele>
   </trkpt>
   <trkpt lat="36.1043380" lon="-115.4849250">
    <ele>1399.0</ele>
   </trkpt>
   <trkpt lat="36.1043390" lon="-115.4849260">
    <ele>1399.0</ele>
   </trkpt>
   <trkpt lat="36.1043390" lon="-115.4849270">
    <ele>1399.0</ele>
   </trkpt>
   <trkpt lat="36.1043400" lon="-115.4849280">
    <ele>1399.0</ele>
   </trkpt>
   <trkpt lat="36.1043400" lon="-115.4849290">
    <ele>1399.0</ele>
   </trkpt>
   <trkpt lat="36.1043410" lon="-115.4849300">
    <ele>1399.0</ele>
   </trkpt>
   <trkpt lat="36.1043410" lon="-115.4849300">
    <ele>1400.0</ele>
   </trkpt>
   <trkpt lat="36.1043420" lon="-115.4849310">
    <ele>1400.0</ele>
   </trkpt>
   <trkpt lat="36.1043420" lon="-115.4849320">
    <ele>1400.0</ele>
   </trkpt>
   <trkpt lat="36.1043430" lon="-115.4849330">
    <ele>1400.0</ele>
   </trkpt>
   <trkpt lat="36.1043430" lon="-115.4849340">
    <ele>1400.0</ele>
   </trkpt>
   <trkpt lat="36.1043440" lon="-115.4849350">
    <ele>1400.0</ele>
   </trkpt>
   <trkpt lat="36.1043450" lon="-115.4849360">
    <ele>1400.0</ele>
   </trkpt>
   <trkpt lat="36.1043450" lon="-115.4849370">
    <ele>1400.0</ele>
   </trkpt>
   <trkpt lat="36.1043460" lon="-115.4849370">
    <ele>1400.0</ele>
   </trkpt>
   <trkpt lat="36.1043460" lon="-115.4849380">
    <ele>1400.0</ele>
   </trkpt>
   <trkpt lat="36.1043470" lon="-115.4849390">
    <ele>1401.0</ele>
   </trkpt>
   <trkpt lat="36.1043470" lon="-115.4849400">
    <ele>1401.0</ele>
   </trkpt>
   <trkpt lat="36.1043480" lon="-115.4849410">
    <ele>1401.0</ele>
   </trkpt>
   <trkpt lat="36.1043480" lon="-115.4849420">
    <ele>1401.0</ele>
   </trkpt>
   <trkpt lat="36.1043490" lon="-115.4849430">
    <ele>1401.0</ele>
   </trkpt>
   <trkpt lat="36.1043490" lon="-115.4849440">
    <ele>1401.0</ele>
   </trkpt>
   <trkpt lat="36.1043500" lon="-115.4849440">
    <ele>1401.0</ele>
   </trkpt>
   <trkpt lat="36.1043510" lon="-115.4849450">
    <ele>1401.0</ele>
   </trkpt>
   <trkpt lat="36.1043510" lon="-115.4849460">
    <ele>1401.0</ele>
   </trkpt>
   <trkpt lat="36.1043520" lon="-115.4849470">
    <ele>1401.0</ele>
   </trkpt>
   <trkpt lat="36.1043520" lon="-115.4849480">
    <ele>1402.0</ele>
   </trkpt>
   <trkpt lat="36.1043530" lon="-115.4849490">
    <ele>1402.0</ele>
   </trkpt>
   <trkpt lat="36.1043530" lon="-115.4849500">
    <ele>1402.0</ele>
   </trkpt>
   <trkpt lat="36.1043540" lon="-115.4849510">
    <ele>1403.0</ele>
   </trkpt>
   <trkpt lat="36.1043540" lon="-115.4849510">
    <ele>1403.0</ele>
   </trkpt>
   <trkpt lat="36.1043550" lon="-115.4849520">
    <ele>1404.0</ele>
   </trkpt>
   <trkpt lat="36.1043560" lon="-115.4849530">
    <ele>1404.0</ele>
   </trkpt>
   <trkpt lat="36.1043560" lon="-115.4849540">
    <ele>1404.0</ele>
   </trkpt>
   <trkpt lat="36.1043570" lon="-115.4849550">
    <ele>1404.0</ele>
   </trkpt>
   <trkpt lat="36.1043570" lon="-115.4849560">
    <ele>1404.0</ele>
   </trkpt>
   <trkpt lat="36.1043540" lon="-115.4849650">
    <ele>1405.0</ele>
   </trkpt>
   <trkpt lat="36.1043510" lon="-115.4849740">
    <ele>1405.0</ele>
   </trkpt>
   <trkpt lat="36.1043510" lon="-115.4849740">
    <ele>1405.0</ele>
   </trkpt>
   <trkpt lat="36.1043510" lon="-115.4849740">
    <ele>1405.0</ele>
   </trkpt>
   <trkpt lat="36.1043510" lon="-115.4849740">
    <ele>1405.0</ele>
   </trkpt>
   <trkpt lat="36.1043510" lon="-115.4849740">
    <ele>1406.0</ele>
   </trkpt>
   <trkpt lat="36.1043510" lon="-115.4849740">
    <ele>1406.0</ele>
   </trkpt>
   <trkpt lat="36.1043510" lon="-115.4849740">
    <ele>1406.0</ele>
   </trkpt>
   <trkpt lat="36.1043510" lon="-115.4849740">
    <ele>1406.0</ele>
   </trkpt>
   <trkpt lat="36.1043510" lon="-115.4849740">
    <ele>1406.0</ele>
   </trkpt>
   <trkpt lat="36.1043510" lon="-115.4849740">
    <ele>1407.0</ele>
   </trkpt>
   <trkpt lat="36.1043510" lon="-115.4849740">
    <ele>1407.0</ele>
   </trkpt>
   <trkpt lat="36.1043510" lon="-115.4849740">
    <ele>1407.0</ele>
   </trkpt>
   <trkpt lat="36.1043510" lon="-115.4849740">
    <ele>1408.0</ele>
   </trkpt>
   <trkpt lat="36.1043510" lon="-115.4849740">
    <ele>1408.0</ele>
   </trkpt>
   <trkpt lat="36.1043510" lon="-115.4849740">
    <ele>1409.0</ele>
   </trkpt>
   <trkpt lat="36.1043510" lon="-115.4849740">
    <ele>1409.0</ele>
   </trkpt>
   <trkpt lat="36.1043510" lon="-115.4849740">
    <ele>1409.0</ele>
   </trkpt>
   <trkpt lat="36.1043510" lon="-115.4849740">
    <ele>1409.0</ele>
   </trkpt>
   <trkpt lat="36.1043510" lon="-115.4849740">
    <ele>1409.0</ele>
   </trkpt>
   <trkpt lat="36.1043510" lon="-115.4849740">
    <ele>1409.0</ele>
   </trkpt>
   <trkpt lat="36.1043510" lon="-115.4849740">
    <ele>1409.0</ele>
   </trkpt>
   <trkpt lat="36.1043510" lon="-115.4849740">
    <ele>1409.0</ele>
   </trkpt>
   <trkpt lat="36.1043510" lon="-115.4849740">
    <ele>1410.0</ele>
   </trkpt>
   <trkpt lat="36.1043510" lon="-115.4849740">
    <ele>1410.0</ele>
   </trkpt>
   <trkpt lat="36.1043510" lon="-115.4849740">
    <ele>1411.0</ele>
   </trkpt>
   <trkpt lat="36.1043510" lon="-115.4849740">
    <ele>1411.0</ele>
   </trkpt>
   <trkpt lat="36.1043510" lon="-115.4849740">
    <ele>1411.0</ele>
   </trkpt>
   <trkpt lat="36.1043510" lon="-115.4849740">
    <ele>1411.0</ele>
   </trkpt>
   <trkpt lat="36.1043510" lon="-115.4849740">
    <ele>1411.0</ele>
   </trkpt>
   <trkpt lat="36.1043510" lon="-115.4849740">
    <ele>1412.0</ele>
   </trkpt>
   <trkpt lat="36.1043510" lon="-115.4849740">
    <ele>1412.0</ele>
   </trkpt>
   <trkpt lat="36.1043510" lon="-115.4849740">
    <ele>1412.0</ele>
   </trkpt>
   <trkpt lat="36.1043510" lon="-115.4849740">
    <ele>1412.0</ele>
   </trkpt>
   <trkpt lat="36.1043510" lon="-115.4849740">
    <ele>1412.0</ele>
   </trkpt>
   <trkpt lat="36.1043510" lon="-115.4849740">
    <ele>1413.0</ele>
   </trkpt>
   <trkpt lat="36.1043510" lon="-115.4849740">
    <ele>1413.0</ele>
   </trkpt>
   <trkpt lat="36.1043510" lon="-115.4849740">
    <ele>1413.0</ele>
   </trkpt>
   <trkpt lat="36.1043510" lon="-115.4849740">
    <ele>1413.0</ele>
   </trkpt>
   <trkpt lat="36.1043510" lon="-115.4849740">
    <ele>1413.0</ele>
   </trkpt>
   <trkpt lat="36.1043510" lon="-115.4849740">
    <ele>1414.0</ele>
   </trkpt>
   <trkpt lat="36.1043510" lon="-115.4849740">
    <ele>1414.0</ele>
   </trkpt>
   <trkpt lat="36.1043510" lon="-115.4849740">
    <ele>1414.0</ele>
   </trkpt>
   <trkpt lat="36.1043510" lon="-115.4849740">
    <ele>1414.0</ele>
   </trkpt>
   <trkpt lat="36.1043510" lon="-115.4849740">
    <ele>1414.0</ele>
   </trkpt>
   <trkpt lat="36.1043510" lon="-115.4849740">
    <ele>1414.0</ele>
   </trkpt>
   <trkpt lat="36.1043510" lon="-115.4849740">
    <ele>1414.0</ele>
   </trkpt>
   <trkpt lat="36.1043510" lon="-115.4849740">
    <ele>1414.0</ele>
   </trkpt>
   <trkpt lat="36.1043510" lon="-115.4849740">
    <ele>1414.0</ele>
   </trkpt>
   <trkpt lat="36.1043510" lon="-115.4849740">
    <ele>1414.0</ele>
   </trkpt>
   <trkpt lat="36.1043510" lon="-115.4849740">
    <ele>1414.0</ele>
   </trkpt>
   <trkpt lat="36.1043510" lon="-115.4849740">
    <ele>1414.0</ele>
   </trkpt>
   <trkpt lat="36.1043510" lon="-115.4849740">
    <ele>1414.0</ele>
   </trkpt>
   <trkpt lat="36.1043510" lon="-115.4849740">
    <ele>1414.0</ele>
   </trkpt>
   <trkpt lat="36.1043510" lon="-115.4849740">
    <ele>1414.0</ele>
   </trkpt>
   <trkpt lat="36.1043510" lon="-115.4849740">
    <ele>1415.0</ele>
   </trkpt>
   <trkpt lat="36.1043510" lon="-115.4849740">
    <ele>1415.0</ele>
   </trkpt>
   <trkpt lat="36.1043510" lon="-115.4849740">
    <ele>1415.0</ele>
   </trkpt>
   <trkpt lat="36.1043510" lon="-115.4849740">
    <ele>1415.0</ele>
   </trkpt>
   <trkpt lat="36.1043510" lon="-115.4849740">
    <ele>1415.0</ele>
   </trkpt>
   <trkpt lat="36.1043510" lon="-115.4849740">
    <ele>1416.0</ele>
   </trkpt>
   <trkpt lat="36.1043510" lon="-115.4849740">
    <ele>1416.0</ele>
   </trkpt>
   <trkpt lat="36.1043630" lon="-115.4849940">
    <ele>1416.0</ele>
   </trkpt>
   <trkpt lat="36.1043720" lon="-115.4850070">
    <ele>1417.0</ele>
   </trkpt>
   <trkpt lat="36.1043810" lon="-115.4850200">
    <ele>1417.0</ele>
   </trkpt>
   <trkpt lat="36.1043860" lon="-115.4850260">
    <ele>1418.0</ele>
   </trkpt>
   <trkpt lat="36.1043910" lon="-115.4850330">
    <ele>1418.0</ele>
   </trkpt>
   <trkpt lat="36.1043960" lon="-115.4850390">
    <ele>1418.0</ele>
   </trkpt>
   <trkpt lat="36.1044020" lon="-115.4850510">
    <ele>1418.0</ele>
   </trkpt>
   <trkpt lat="36.1044080" lon="-115.4850620">
    <ele>1418.0</ele>
   </trkpt>
   <trkpt lat="36.1044140" lon="-115.4850740">
    <ele>1419.0</ele>
   </trkpt>
   <trkpt lat="36.1044200" lon="-115.4850860">
    <ele>1419.0</ele>
   </trkpt>
   <trkpt lat="36.1044230" lon="-115.4850970">
    <ele>1419.0</ele>
   </trkpt>
   <trkpt lat="36.1044260" lon="-115.4851080">
    <ele>1419.0</ele>
   </trkpt>
   <trkpt lat="36.1044260" lon="-115.4851080">
    <ele>1419.0</ele>
   </trkpt>
   <trkpt lat="36.1044260" lon="-115.4851080">
    <ele>1420.0</ele>
   </trkpt>
   <trkpt lat="36.1044260" lon="-115.4851080">
    <ele>1420.0</ele>
   </trkpt>
   <trkpt lat="36.1044260" lon="-115.4851080">
    <ele>1420.0</ele>
   </trkpt>
   <trkpt lat="36.1044260" lon="-115.4851080">
    <ele>1421.0</ele>
   </trkpt>
   <trkpt lat="36.1044260" lon="-115.4851080">
    <ele>1421.0</ele>
   </trkpt>
   <trkpt lat="36.1044290" lon="-115.4851350">
    <ele>1422.0</ele>
   </trkpt>
   <trkpt lat="36.1044290" lon="-115.4851470">
    <ele>1422.0</ele>
   </trkpt>
   <trkpt lat="36.1044280" lon="-115.4851590">
    <ele>1422.0</ele>
   </trkpt>
   <trkpt lat="36.1044270" lon="-115.4851690">
    <ele>1422.0</ele>
   </trkpt>
   <trkpt lat="36.1044250" lon="-115.4851790">
    <ele>1422.0</ele>
   </trkpt>
   <trkpt lat="36.1044250" lon="-115.4851820">
    <ele>1423.0</ele>
   </trkpt>
   <trkpt lat="36.1044240" lon="-115.4851850">
    <ele>1423.0</ele>
   </trkpt>
   <trkpt lat="36.1044240" lon="-115.4851890">
    <ele>1424.0</ele>
   </trkpt>
   <trkpt lat="36.1044220" lon="-115.4851950">
    <ele>1424.0</ele>
   </trkpt>
   <trkpt lat="36.1044200" lon="-115.4852010">
    <ele>1425.0</ele>
   </trkpt>
   <trkpt lat="36.1044170" lon="-115.4852060">
    <ele>1426.0</ele>
   </trkpt>
   <trkpt lat="36.1044150" lon="-115.4852110">
    <ele>1426.0</ele>
   </trkpt>
   <trkpt lat="36.1044150" lon="-115.4852160">
    <ele>1426.0</ele>
   </trkpt>
   <trkpt lat="36.1044150" lon="-115.4852210">
    <ele>1427.0</ele>
   </trkpt>
   <trkpt lat="36.1044150" lon="-115.4852260">
    <ele>1427.0</ele>
   </trkpt>
   <trkpt lat="36.1044140" lon="-115.4852310">
    <ele>1428.0</ele>
   </trkpt>
   <trkpt lat="36.1044140" lon="-115.4852360">
    <ele>1428.0</ele>
   </trkpt>
   <trkpt lat="36.1044140" lon="-115.4852380">
    <ele>1428.0</ele>
   </trkpt>
   <trkpt lat="36.1044130" lon="-115.4852410">
    <ele>1428.0</ele>
   </trkpt>
   <trkpt lat="36.1044120" lon="-115.4852440">
    <ele>1428.0</ele>
   </trkpt>
   <trkpt lat="36.1044110" lon="-115.4852460">
    <ele>1429.0</ele>
   </trkpt>
   <trkpt lat="36.1044070" lon="-115.4852520">
    <ele>1429.0</ele>
   </trkpt>
   <trkpt lat="36.1044030" lon="-115.4852570">
    <ele>1429.0</ele>
   </trkpt>
   <trkpt lat="36.1043990" lon="-115.4852600">
    <ele>1429.0</ele>
   </trkpt>
   <trkpt lat="36.1043950" lon="-115.4852640">
    <ele>1429.0</ele>
   </trkpt>
   <trkpt lat="36.1043910" lon="-115.4852670">
    <ele>1430.0</ele>
   </trkpt>
   <trkpt lat="36.1043880" lon="-115.4852700">
    <ele>1430.0</ele>
   </trkpt>
   <trkpt lat="36.1043850" lon="-115.4852730">
    <ele>1430.0</ele>
   </trkpt>
   <trkpt lat="36.1043830" lon="-115.4852800">
    <ele>1431.0</ele>
   </trkpt>
   <trkpt lat="36.1043810" lon="-115.4852870">
    <ele>1431.0</ele>
   </trkpt>
   <trkpt lat="36.1043800" lon="-115.4852910">
    <ele>1432.0</ele>
   </trkpt>
   <trkpt lat="36.1043800" lon="-115.4852960">
    <ele>1432.0</ele>
   </trkpt>
   <trkpt lat="36.1043800" lon="-115.4853000">
    <ele>1432.0</ele>
   </trkpt>
   <trkpt lat="36.1043800" lon="-115.4853040">
    <ele>1432.0</ele>
   </trkpt>
   <trkpt lat="36.1043790" lon="-115.4853090">
    <ele>1432.0</ele>
   </trkpt>
   <trkpt lat="36.1043770" lon="-115.4853150">
    <ele>1433.0</ele>
   </trkpt>
   <trkpt lat="36.1043750" lon="-115.4853210">
    <ele>1433.0</ele>
   </trkpt>
   <trkpt lat="36.1043700" lon="-115.4853210">
    <ele>1433.0</ele>
   </trkpt>
   <trkpt lat="36.1043650" lon="-115.4853220">
    <ele>1434.0</ele>
   </trkpt>
   <trkpt lat="36.1043650" lon="-115.4853220">
    <ele>1434.0</ele>
   </trkpt>
   <trkpt lat="36.1043650" lon="-115.4853220">
    <ele>1435.0</ele>
   </trkpt>
   <trkpt lat="36.1043650" lon="-115.4853220">
    <ele>1435.0</ele>
   </trkpt>
   <trkpt lat="36.1043650" lon="-115.4853220">
    <ele>1435.0</ele>
   </trkpt>
   <trkpt lat="36.1043650" lon="-115.4853220">
    <ele>1435.0</ele>
   </trkpt>
   <trkpt lat="36.1043650" lon="-115.4853220">
    <ele>1435.0</ele>
   </trkpt>
   <trkpt lat="36.1043650" lon="-115.4853220">
    <ele>1436.0</ele>
   </trkpt>
   <trkpt lat="36.1043650" lon="-115.4853220">
    <ele>1436.0</ele>
   </trkpt>
   <trkpt lat="36.1043650" lon="-115.4853220">
    <ele>1436.0</ele>
   </trkpt>
   <trkpt lat="36.1043650" lon="-115.4853220">
    <ele>1436.0</ele>
   </trkpt>
   <trkpt lat="36.1043650" lon="-115.4853220">
    <ele>1436.0</ele>
   </trkpt>
   <trkpt lat="36.1043650" lon="-115.4853220">
    <ele>1437.0</ele>
   </trkpt>
   <trkpt lat="36.1043470" lon="-115.4853440">
    <ele>1437.0</ele>
   </trkpt>
   <trkpt lat="36.1043410" lon="-115.4853580">
    <ele>1437.0</ele>
   </trkpt>
   <trkpt lat="36.1043350" lon="-115.4853720">
    <ele>1438.0</ele>
   </trkpt>
   <trkpt lat="36.1043330" lon="-115.4853830">
    <ele>1438.0</ele>
   </trkpt>
   <trkpt lat="36.1043320" lon="-115.4853950">
    <ele>1439.0</ele>
   </trkpt>
   <trkpt lat="36.1043330" lon="-115.4854070">
    <ele>1439.0</ele>
   </trkpt>
   <trkpt lat="36.1043340" lon="-115.4854180">
    <ele>1439.0</ele>
   </trkpt>
   <trkpt lat="36.1043360" lon="-115.4854230">
    <ele>1439.0</ele>
   </trkpt>
   <trkpt lat="36.1043370" lon="-115.4854280">
    <ele>1439.0</ele>
   </trkpt>
   <trkpt lat="36.1043390" lon="-115.4854320">
    <ele>1440.0</ele>
   </trkpt>
   <trkpt lat="36.1043420" lon="-115.4854420">
    <ele>1440.0</ele>
   </trkpt>
   <trkpt lat="36.1043450" lon="-115.4854510">
    <ele>1440.0</ele>
   </trkpt>
   <trkpt lat="36.1043470" lon="-115.4854590">
    <ele>1441.0</ele>
   </trkpt>
   <trkpt lat="36.1043500" lon="-115.4854660">
    <ele>1441.0</ele>
   </trkpt>
   <trkpt lat="36.1043500" lon="-115.4854660">
    <ele>1442.0</ele>
   </trkpt>
   <trkpt lat="36.1043500" lon="-115.4854660">
    <ele>1442.0</ele>
   </trkpt>
   <trkpt lat="36.1043500" lon="-115.4854660">
    <ele>1442.0</ele>
   </trkpt>
   <trkpt lat="36.1043500" lon="-115.4854660">
    <ele>1442.0</ele>
   </trkpt>
   <trkpt lat="36.1043500" lon="-115.4854660">
    <ele>1442.0</ele>
   </trkpt>
   <trkpt lat="36.1043500" lon="-115.4854660">
    <ele>1443.0</ele>
   </trkpt>
   <trkpt lat="36.1043500" lon="-115.4854660">
    <ele>1443.0</ele>
   </trkpt>
   <trkpt lat="36.1043500" lon="-115.4854660">
    <ele>1443.0</ele>
   </trkpt>
   <trkpt lat="36.1043500" lon="-115.4854660">
    <ele>1443.0</ele>
   </trkpt>
   <trkpt lat="36.1043500" lon="-115.4854660">
    <ele>1443.0</ele>
   </trkpt>
   <trkpt lat="36.1043550" lon="-115.4854740">
    <ele>1444.0</ele>
   </trkpt>
   <trkpt lat="36.1043570" lon="-115.4854780">
    <ele>1444.0</ele>
   </trkpt>
   <trkpt lat="36.1043580" lon="-115.4854810">
    <ele>1444.0</ele>
   </trkpt>
   <trkpt lat="36.1043580" lon="-115.4854810">
    <ele>1444.0</ele>
   </trkpt>
   <trkpt lat="36.1043580" lon="-115.4854810">
    <ele>1444.0</ele>
   </trkpt>
   <trkpt lat="36.1043580" lon="-115.4854810">
    <ele>1445.0</ele>
   </trkpt>
   <trkpt lat="36.1043580" lon="-115.4854810">
    <ele>1445.0</ele>
   </trkpt>
   <trkpt lat="36.1043580" lon="-115.4854810">
    <ele>1445.0</ele>
   </trkpt>
   <trkpt lat="36.1043580" lon="-115.4854810">
    <ele>1445.0</ele>
   </trkpt>
   <trkpt lat="36.1043560" lon="-115.4854960">
    <ele>1445.0</ele>
   </trkpt>
   <trkpt lat="36.1043570" lon="-115.4855070">
    <ele>1446.0</ele>
   </trkpt>
   <trkpt lat="36.1043580" lon="-115.4855170">
    <ele>1446.0</ele>
   </trkpt>
   <trkpt lat="36.1043620" lon="-115.4855220">
    <ele>1446.0</ele>
   </trkpt>
   <trkpt lat="36.1043650" lon="-115.4855270">
    <ele>1446.0</ele>
   </trkpt>
   <trkpt lat="36.1043680" lon="-115.4855310">
    <ele>1446.0</ele>
   </trkpt>
   <trkpt lat="36.1043720" lon="-115.4855360">
    <ele>1447.0</ele>
   </trkpt>
   <trkpt lat="36.1043750" lon="-115.4855410">
    <ele>1447.0</ele>
   </trkpt>
   <trkpt lat="36.1043780" lon="-115.4855450">
    <ele>1447.0</ele>
   </trkpt>
   <trkpt lat="36.1043820" lon="-115.4855500">
    <ele>1447.0</ele>
   </trkpt>
   <trkpt lat="36.1043850" lon="-115.4855550">
    <ele>1447.0</ele>
   </trkpt>
   <trkpt lat="36.1043880" lon="-115.4855590">
    <ele>1448.0</ele>
   </trkpt>
   <trkpt lat="36.1044070" lon="-115.4855950">
    <ele>1448.0</ele>
   </trkpt>
   <trkpt lat="36.1044270" lon="-115.4856300">
    <ele>1448.0</ele>
   </trkpt>
   <trkpt lat="36.1044440" lon="-115.4856720">
    <ele>1449.0</ele>
   </trkpt>
   <trkpt lat="36.1044620" lon="-115.4857150">
    <ele>1449.0</ele>
   </trkpt>
   <trkpt lat="36.1044680" lon="-115.4857360">
    <ele>1450.0</ele>
   </trkpt>
   <trkpt lat="36.1044740" lon="-115.4857580">
    <ele>1450.0</ele>
   </trkpt>
   <trkpt lat="36.1044740" lon="-115.4857580">
    <ele>1450.0</ele>
   </trkpt>
   <trkpt lat="36.1044740" lon="-115.4857580">
    <ele>1450.0</ele>
   </trkpt>
   <trkpt lat="36.1044740" lon="-115.4857580">
    <ele>1450.0</ele>
   </trkpt>
   <trkpt lat="36.1044740" lon="-115.4857580">
    <ele>1451.0</ele>
   </trkpt>
   <trkpt lat="36.1044740" lon="-115.4857580">
    <ele>1451.0</ele>
   </trkpt>
   <trkpt lat="36.1044740" lon="-115.4857580">
    <ele>1451.0</ele>
   </trkpt>
   <trkpt lat="36.1044740" lon="-115.4857580">
    <ele>1452.0</ele>
   </trkpt>
   <trkpt lat="36.1044740" lon="-115.4857580">
    <ele>1452.0</ele>
   </trkpt>
   <trkpt lat="36.1044740" lon="-115.4857580">
    <ele>1453.0</ele>
   </trkpt>
   <trkpt lat="36.1044740" lon="-115.4857580">
    <ele>1453.0</ele>
   </trkpt>
   <trkpt lat="36.1044720" lon="-115.4857400">
    <ele>1453.0</ele>
   </trkpt>
   <trkpt lat="36.1044720" lon="-115.4857290">
    <ele>1453.0</ele>
   </trkpt>
   <trkpt lat="36.1044720" lon="-115.4857180">
    <ele>1453.0</ele>
   </trkpt>
   <trkpt lat="36.1044720" lon="-115.4857180">
    <ele>1454.0</ele>
   </trkpt>
   <trkpt lat="36.1044720" lon="-115.4857180">
    <ele>1454.0</ele>
   </trkpt>
   <trkpt lat="36.1044720" lon="-115.4857180">
    <ele>1454.0</ele>
   </trkpt>
   <trkpt lat="36.1044720" lon="-115.4857180">
    <ele>1454.0</ele>
   </trkpt>
   <trkpt lat="36.1044720" lon="-115.4857180">
    <ele>1454.0</ele>
   </trkpt>
   <trkpt lat="36.1044720" lon="-115.4857180">
    <ele>1455.0</ele>
   </trkpt>
   <trkpt lat="36.1044720" lon="-115.4857180">
    <ele>1455.0</ele>
   </trkpt>
   <trkpt lat="36.1044720" lon="-115.4857180">
    <ele>1455.0</ele>
   </trkpt>
   <trkpt lat="36.1044720" lon="-115.4857180">
    <ele>1455.0</ele>
   </trkpt>
   <trkpt lat="36.1044720" lon="-115.4857180">
    <ele>1455.0</ele>
   </trkpt>
   <trkpt lat="36.1044720" lon="-115.4857180">
    <ele>1456.0</ele>
   </trkpt>
   <trkpt lat="36.1044720" lon="-115.4856840">
    <ele>1456.0</ele>
   </trkpt>
   <trkpt lat="36.1044710" lon="-115.4856690">
    <ele>1456.0</ele>
   </trkpt>
   <trkpt lat="36.1044710" lon="-115.4856530">
    <ele>1456.0</ele>
   </trkpt>
   <trkpt lat="36.1044710" lon="-115.4856530">
    <ele>1456.0</ele>
   </trkpt>
   <trkpt lat="36.1044710" lon="-115.4856530">
    <ele>1457.0</ele>
   </trkpt>
   <trkpt lat="36.1044710" lon="-115.4856530">
    <ele>1457.0</ele>
   </trkpt>
   <trkpt lat="36.1044710" lon="-115.4856530">
    <ele>1457.0</ele>
   </trkpt>
   <trkpt lat="36.1044710" lon="-115.4856530">
    <ele>1458.0</ele>
   </trkpt>
   <trkpt lat="36.1044710" lon="-115.4856530">
    <ele>1458.0</ele>
   </trkpt>
   <trkpt lat="36.1044710" lon="-115.4856530">
    <ele>1459.0</ele>
   </trkpt>
   <trkpt lat="36.1044710" lon="-115.4856530">
    <ele>1459.0</ele>
   </trkpt>
   <trkpt lat="36.1044710" lon="-115.4856530">
    <ele>1459.0</ele>
   </trkpt>
   <trkpt lat="36.1044710" lon="-115.4856530">
    <ele>1459.0</ele>
   </trkpt>
   <trkpt lat="36.1044710" lon="-115.4856530">
    <ele>1459.0</ele>
   </trkpt>
   <trkpt lat="36.1044710" lon="-115.4856530">
    <ele>1460.0</ele>
   </trkpt>
   <trkpt lat="36.1044710" lon="-115.4856530">
    <ele>1460.0</ele>
   </trkpt>
   <trkpt lat="36.1044710" lon="-115.4856530">
    <ele>1460.0</ele>
   </trkpt>
   <trkpt lat="36.1044710" lon="-115.4856530">
    <ele>1460.0</ele>
   </trkpt>
   <trkpt lat="36.1044710" lon="-115.4856530">
    <ele>1460.0</ele>
   </trkpt>
   <trkpt lat="36.1044710" lon="-115.4856530">
    <ele>1461.0</ele>
   </trkpt>
   <trkpt lat="36.1044710" lon="-115.4856530">
    <ele>1461.0</ele>
   </trkpt>
   <trkpt lat="36.1044710" lon="-115.4856530">
    <ele>1461.0</ele>
   </trkpt>
   <trkpt lat="36.1044710" lon="-115.4856530">
    <ele>1461.0</ele>
   </trkpt>
   <trkpt lat="36.1044710" lon="-115.4856530">
    <ele>1461.0</ele>
   </trkpt>
   <trkpt lat="36.1044710" lon="-115.4856530">
    <ele>1462.0</ele>
   </trkpt>
   <trkpt lat="36.1044710" lon="-115.4856530">
    <ele>1462.0</ele>
   </trkpt>
   <trkpt lat="36.1044710" lon="-115.4856530">
    <ele>1462.0</ele>
   </trkpt>
   <trkpt lat="36.1044710" lon="-115.4856530">
    <ele>1463.0</ele>
   </trkpt>
   <trkpt lat="36.1044710" lon="-115.4856530">
    <ele>1463.0</ele>
   </trkpt>
   <trkpt lat="36.1044710" lon="-115.4856530">
    <ele>1464.0</ele>
   </trkpt>
   <trkpt lat="36.1044710" lon="-115.4856530">
    <ele>1464.0</ele>
   </trkpt>
   <trkpt lat="36.1044710" lon="-115.4856530">
    <ele>1464.0</ele>
   </trkpt>
   <trkpt lat="36.1044710" lon="-115.4856530">
    <ele>1464.0</ele>
   </trkpt>
   <trkpt lat="36.1044710" lon="-115.4856530">
    <ele>1464.0</ele>
   </trkpt>
   <trkpt lat="36.1044710" lon="-115.4856530">
    <ele>1465.0</ele>
   </trkpt>
   <trkpt lat="36.1044710" lon="-115.4856530">
    <ele>1465.0</ele>
   </trkpt>
   <trkpt lat="36.1044710" lon="-115.4856530">
    <ele>1465.0</ele>
   </trkpt>
   <trkpt lat="36.1044710" lon="-115.4856530">
    <ele>1466.0</ele>
   </trkpt>
   <trkpt lat="36.1044710" lon="-115.4856530">
    <ele>1466.0</ele>
   </trkpt>
   <trkpt lat="36.1044710" lon="-115.4856530">
    <ele>1467.0</ele>
   </trkpt>
   <trkpt lat="36.1044710" lon="-115.4856530">
    <ele>1467.0</ele>
   </trkpt>
   <trkpt lat="36.1044710" lon="-115.4856530">
    <ele>1467.0</ele>
   </trkpt>
   <trkpt lat="36.1044710" lon="-115.4856530">
    <ele>1467.0</ele>
   </trkpt>
   <trkpt lat="36.1044710" lon="-115.4856530">
    <ele>1467.0</ele>
   </trkpt>
   <trkpt lat="36.1044710" lon="-115.4856530">
    <ele>1468.0</ele>
   </trkpt>
   <trkpt lat="36.1044710" lon="-115.4856530">
    <ele>1468.0</ele>
   </trkpt>
   <trkpt lat="36.1044710" lon="-115.4856530">
    <ele>1468.0</ele>
   </trkpt>
   <trkpt lat="36.1044710" lon="-115.4856530">
    <ele>1468.0</ele>
   </trkpt>
   <trkpt lat="36.1044890" lon="-115.4856360">
    <ele>1468.0</ele>
   </trkpt>
   <trkpt lat="36.1045000" lon="-115.4856370">
    <ele>1468.0</ele>
   </trkpt>
   <trkpt lat="36.1045110" lon="-115.4856380">
    <ele>1468.0</ele>
   </trkpt>
   <trkpt lat="36.1045150" lon="-115.4856430">
    <ele>1468.0</ele>
   </trkpt>
   <trkpt lat="36.1045190" lon="-115.4856480">
    <ele>1468.0</ele>
   </trkpt>
   <trkpt lat="36.1045230" lon="-115.4856530">
    <ele>1468.0</ele>
   </trkpt>
   <trkpt lat="36.1045270" lon="-115.4856570">
    <ele>1469.0</ele>
   </trkpt>
   <trkpt lat="36.1045310" lon="-115.4856620">
    <ele>1469.0</ele>
   </trkpt>
   <trkpt lat="36.1045350" lon="-115.4856670">
    <ele>1469.0</ele>
   </trkpt>
   <trkpt lat="36.1045390" lon="-115.4856720">
    <ele>1469.0</ele>
   </trkpt>
   <trkpt lat="36.1045430" lon="-115.4856770">
    <ele>1469.0</ele>
   </trkpt>
   <trkpt lat="36.1045470" lon="-115.4856820">
    <ele>1470.0</ele>
   </trkpt>
   <trkpt lat="36.1045560" lon="-115.4857040">
    <ele>1470.0</ele>
   </trkpt>
   <trkpt lat="36.1045650" lon="-115.4857260">
    <ele>1470.0</ele>
   </trkpt>
   <trkpt lat="36.1045650" lon="-115.4857260">
    <ele>1470.0</ele>
   </trkpt>
   <trkpt lat="36.1045650" lon="-115.4857260">
    <ele>1470.0</ele>
   </trkpt>
   <trkpt lat="36.1045650" lon="-115.4857260">
    <ele>1471.0</ele>
   </trkpt>
   <trkpt lat="36.1045650" lon="-115.4857260">
    <ele>1471.0</ele>
   </trkpt>
   <trkpt lat="36.1045650" lon="-115.4857260">
    <ele>1471.0</ele>
   </trkpt>
   <trkpt lat="36.1045650" lon="-115.4857260">
    <ele>1471.0</ele>
   </trkpt>
   <trkpt lat="36.1045650" lon="-115.4857260">
    <ele>1471.0</ele>
   </trkpt>
   <trkpt lat="36.1045650" lon="-115.4857260">
    <ele>1471.0</ele>
   </trkpt>
   <trkpt lat="36.1045650" lon="-115.4857260">
    <ele>1471.0</ele>
   </trkpt>
   <trkpt lat="36.1045650" lon="-115.4857260">
    <ele>1471.0</ele>
   </trkpt>
   <trkpt lat="36.1045650" lon="-115.4857260">
    <ele>1472.0</ele>
   </trkpt>
   <trkpt lat="36.1045650" lon="-115.4857260">
    <ele>1472.0</ele>
   </trkpt>
   <trkpt lat="36.1045680" lon="-115.4857470">
    <ele>1473.0</ele>
   </trkpt>
   <trkpt lat="36.1045660" lon="-115.4857450">
    <ele>1473.0</ele>
   </trkpt>
   <trkpt lat="36.1045650" lon="-115.4857440">
    <ele>1473.0</ele>
   </trkpt>
   <trkpt lat="36.1045660" lon="-115.4857460">
    <ele>1473.0</ele>
   </trkpt>
   <trkpt lat="36.1045670" lon="-115.4857470">
    <ele>1473.0</ele>
   </trkpt>
   <trkpt lat="36.1045700" lon="-115.4857510">
    <ele>1474.0</ele>
   </trkpt>
   <trkpt lat="36.1045740" lon="-115.4857550">
    <ele>1474.0</ele>
   </trkpt>
   <trkpt lat="36.1045800" lon="-115.4857610">
    <ele>1474.0</ele>
   </trkpt>
   <trkpt lat="36.1045850" lon="-115.4857660">
    <ele>1474.0</ele>
   </trkpt>
   <trkpt lat="36.1045910" lon="-115.4857730">
    <ele>1474.0</ele>
   </trkpt>
   <trkpt lat="36.1045970" lon="-115.4857800">
    <ele>1475.0</ele>
   </trkpt>
   <trkpt lat="36.1046040" lon="-115.4857900">
    <ele>1475.0</ele>
   </trkpt>
   <trkpt lat="36.1046100" lon="-115.4858000">
    <ele>1476.0</ele>
   </trkpt>
   <trkpt lat="36.1046100" lon="-115.4858000">
    <ele>1476.0</ele>
   </trkpt>
   <trkpt lat="36.1046100" lon="-115.4858000">
    <ele>1477.0</ele>
   </trkpt>
   <trkpt lat="36.1046100" lon="-115.4858000">
    <ele>1478.0</ele>
   </trkpt>
   <trkpt lat="36.1046100" lon="-115.4858000">
    <ele>1478.0</ele>
   </trkpt>
   <trkpt lat="36.1046100" lon="-115.4858000">
    <ele>1478.0</ele>
   </trkpt>
   <trkpt lat="36.1046100" lon="-115.4858000">
    <ele>1478.0</ele>
   </trkpt>
   <trkpt lat="36.1046100" lon="-115.4858000">
    <ele>1478.0</ele>
   </trkpt>
   <trkpt lat="36.1046100" lon="-115.4858000">
    <ele>1479.0</ele>
   </trkpt>
   <trkpt lat="36.1046200" lon="-115.4858180">
    <ele>1479.0</ele>
   </trkpt>
   <trkpt lat="36.1046260" lon="-115.4858260">
    <ele>1479.0</ele>
   </trkpt>
   <trkpt lat="36.1046310" lon="-115.4858340">
    <ele>1479.0</ele>
   </trkpt>
   <trkpt lat="36.1046350" lon="-115.4858330">
    <ele>1479.0</ele>
   </trkpt>
   <trkpt lat="36.1046380" lon="-115.4858310">
    <ele>1480.0</ele>
   </trkpt>
   <trkpt lat="36.1046380" lon="-115.4858300">
    <ele>1480.0</ele>
   </trkpt>
   <trkpt lat="36.1046380" lon="-115.4858290">
    <ele>1480.0</ele>
   </trkpt>
   <trkpt lat="36.1046380" lon="-115.4858280">
    <ele>1481.0</ele>
   </trkpt>
   <trkpt lat="36.1046380" lon="-115.4858270">
    <ele>1481.0</ele>
   </trkpt>
   <trkpt lat="36.1046380" lon="-115.4858260">
    <ele>1482.0</ele>
   </trkpt>
   <trkpt lat="36.1046380" lon="-115.4858250">
    <ele>1482.0</ele>
   </trkpt>
   <trkpt lat="36.1046380" lon="-115.4858240">
    <ele>1482.0</ele>
   </trkpt>
   <trkpt lat="36.1046380" lon="-115.4858230">
    <ele>1482.0</ele>
   </trkpt>
   <trkpt lat="36.1046380" lon="-115.4858220">
    <ele>1482.0</ele>
   </trkpt>
   <trkpt lat="36.1046380" lon="-115.4858210">
    <ele>1483.0</ele>
   </trkpt>
   <trkpt lat="36.1046380" lon="-115.4858200">
    <ele>1483.0</ele>
   </trkpt>
   <trkpt lat="36.1046370" lon="-115.4858190">
    <ele>1483.0</ele>
   </trkpt>
   <trkpt lat="36.1046370" lon="-115.4858180">
    <ele>1483.0</ele>
   </trkpt>
   <trkpt lat="36.1046370" lon="-115.4858170">
    <ele>1483.0</ele>
   </trkpt>
   <trkpt lat="36.1046370" lon="-115.4858150">
    <ele>1484.0</ele>
   </trkpt>
   <trkpt lat="36.1046370" lon="-115.4858140">
    <ele>1484.0</ele>
   </trkpt>
   <trkpt lat="36.1046370" lon="-115.4858130">
    <ele>1484.0</ele>
   </trkpt>
   <trkpt lat="36.1046370" lon="-115.4858120">
    <ele>1485.0</ele>
   </trkpt>
   <trkpt lat="36.1046370" lon="-115.4858110">
    <ele>1485.0</ele>
   </trkpt>
   <trkpt lat="36.1046370" lon="-115.4858100">
    <ele>1486.0</ele>
   </trkpt>
   <trkpt lat="36.1046370" lon="-115.4858090">
    <ele>1486.0</ele>
   </trkpt>
   <trkpt lat="36.1046370" lon="-115.4858080">
    <ele>1486.0</ele>
   </trkpt>
   <trkpt lat="36.1046370" lon="-115.4858070">
    <ele>1486.0</ele>
   </trkpt>
   <trkpt lat="36.1046370" lon="-115.4858060">
    <ele>1486.0</ele>
   </trkpt>
   <trkpt lat="36.1046370" lon="-115.4858050">
    <ele>1487.0</ele>
   </trkpt>
   <trkpt lat="36.1046370" lon="-115.4858040">
    <ele>1487.0</ele>
   </trkpt>
   <trkpt lat="36.1046370" lon="-115.4858030">
    <ele>1487.0</ele>
   </trkpt>
   <trkpt lat="36.1046370" lon="-115.4858020">
    <ele>1488.0</ele>
   </trkpt>
   <trkpt lat="36.1046370" lon="-115.4858010">
    <ele>1488.0</ele>
   </trkpt>
   <trkpt lat="36.1046370" lon="-115.4858000">
    <ele>1489.0</ele>
   </trkpt>
   <trkpt lat="36.1046550" lon="-115.4857910">
    <ele>1489.0</ele>
   </trkpt>
   <trkpt lat="36.1046730" lon="-115.4857850">
    <ele>1489.0</ele>
   </trkpt>
   <trkpt lat="36.1046730" lon="-115.4857860">
    <ele>1489.0</ele>
   </trkpt>
   <trkpt lat="36.1046740" lon="-115.4857880">
    <ele>1489.0</ele>
   </trkpt>
   <trkpt lat="36.1046740" lon="-115.4857890">
    <ele>1490.0</ele>
   </trkpt>
   <trkpt lat="36.1046740" lon="-115.4857910">
    <ele>1490.0</ele>
   </trkpt>
   <trkpt lat="36.1046750" lon="-115.4857920">
    <ele>1490.0</ele>
   </trkpt>
   <trkpt lat="36.1046750" lon="-115.4857940">
    <ele>1490.0</ele>
   </trkpt>
   <trkpt lat="36.1046750" lon="-115.4857950">
    <ele>1490.0</ele>
   </trkpt>
   <trkpt lat="36.1046750" lon="-115.4857970">
    <ele>1491.0</ele>
   </trkpt>
   <trkpt lat="36.1046760" lon="-115.4857980">
    <ele>1491.0</ele>
   </trkpt>
   <trkpt lat="36.1046760" lon="-115.4858000">
    <ele>1491.0</ele>
   </trkpt>
   <trkpt lat="36.1046760" lon="-115.4858010">
    <ele>1491.0</ele>
   </trkpt>
   <trkpt lat="36.1046770" lon="-115.4858030">
    <ele>1491.0</ele>
   </trkpt>
   <trkpt lat="36.1046770" lon="-115.4858040">
    <ele>1491.0</ele>
   </trkpt>
   <trkpt lat="36.1046770" lon="-115.4858060">
    <ele>1491.0</ele>
   </trkpt>
   <trkpt lat="36.1046780" lon="-115.4858070">
    <ele>1491.0</ele>
   </trkpt>
   <trkpt lat="36.1046780" lon="-115.4858090">
    <ele>1491.0</ele>
   </trkpt>
   <trkpt lat="36.1046780" lon="-115.4858100">
    <ele>1491.0</ele>
   </trkpt>
   <trkpt lat="36.1046790" lon="-115.4858120">
    <ele>1492.0</ele>
   </trkpt>
   <trkpt lat="36.1046790" lon="-115.4858130">
    <ele>1492.0</ele>
   </trkpt>
   <trkpt lat="36.1046790" lon="-115.4858150">
    <ele>1492.0</ele>
   </trkpt>
   <trkpt lat="36.1046790" lon="-115.4858160">
    <ele>1492.0</ele>
   </trkpt>
   <trkpt lat="36.1046800" lon="-115.4858180">
    <ele>1492.0</ele>
   </trkpt>
   <trkpt lat="36.1046800" lon="-115.4858190">
    <ele>1493.0</ele>
   </trkpt>
   <trkpt lat="36.1046800" lon="-115.4858210">
    <ele>1493.0</ele>
   </trkpt>
   <trkpt lat="36.1046810" lon="-115.4858220">
    <ele>1493.0</ele>
   </trkpt>
   <trkpt lat="36.1046810" lon="-115.4858240">
    <ele>1493.0</ele>
   </trkpt>
   <trkpt lat="36.1046810" lon="-115.4858250">
    <ele>1493.0</ele>
   </trkpt>
   <trkpt lat="36.1046820" lon="-115.4858270">
    <ele>1493.0</ele>
   </trkpt>
   <trkpt lat="36.1046820" lon="-115.4858280">
    <ele>1493.0</ele>
   </trkpt>
   <trkpt lat="36.1046820" lon="-115.4858300">
    <ele>1493.0</ele>
   </trkpt>
   <trkpt lat="36.1046820" lon="-115.4858310">
    <ele>1493.0</ele>
   </trkpt>
   <trkpt lat="36.1046830" lon="-115.4858330">
    <ele>1493.0</ele>
   </trkpt>
   <trkpt lat="36.1046830" lon="-115.4858340">
    <ele>1494.0</ele>
   </trkpt>
   <trkpt lat="36.1046830" lon="-115.4858360">
    <ele>1494.0</ele>
   </trkpt>
   <trkpt lat="36.1046840" lon="-115.4858370">
    <ele>1494.0</ele>
   </trkpt>
   <trkpt lat="36.1046840" lon="-115.4858390">
    <ele>1494.0</ele>
   </trkpt>
   <trkpt lat="36.1046840" lon="-115.4858400">
    <ele>1494.0</ele>
   </trkpt>
   <trkpt lat="36.1046850" lon="-115.4858410">
    <ele>1495.0</ele>
   </trkpt>
   <trkpt lat="36.1046850" lon="-115.4858430">
    <ele>1495.0</ele>
   </trkpt>
   <trkpt lat="36.1046850" lon="-115.4858440">
    <ele>1495.0</ele>
   </trkpt>
   <trkpt lat="36.1046860" lon="-115.4858460">
    <ele>1496.0</ele>
   </trkpt>
   <trkpt lat="36.1046860" lon="-115.4858470">
    <ele>1496.0</ele>
   </trkpt>
   <trkpt lat="36.1046860" lon="-115.4858490">
    <ele>1497.0</ele>
   </trkpt>
   <trkpt lat="36.1046860" lon="-115.4858500">
    <ele>1497.0</ele>
   </trkpt>
   <trkpt lat="36.1046870" lon="-115.4858520">
    <ele>1497.0</ele>
   </trkpt>
   <trkpt lat="36.1046870" lon="-115.4858530">
    <ele>1497.0</ele>
   </trkpt>
   <trkpt lat="36.1046870" lon="-115.4858550">
    <ele>1497.0</ele>
   </trkpt>
   <trkpt lat="36.1046880" lon="-115.4858560">
    <ele>1498.0</ele>
   </trkpt>
   <trkpt lat="36.1046880" lon="-115.4858580">
    <ele>1498.0</ele>
   </trkpt>
   <trkpt lat="36.1046880" lon="-115.4858590">
    <ele>1498.0</ele>
   </trkpt>
   <trkpt lat="36.1046890" lon="-115.4858610">
    <ele>1498.0</ele>
   </trkpt>
   <trkpt lat="36.1046890" lon="-115.4858620">
    <ele>1498.0</ele>
   </trkpt>
   <trkpt lat="36.1046890" lon="-115.4858640">
    <ele>1499.0</ele>
   </trkpt>
   <trkpt lat="36.1046900" lon="-115.4858650">
    <ele>1499.0</ele>
   </trkpt>
   <trkpt lat="36.1046900" lon="-115.4858670">
    <ele>1499.0</ele>
   </trkpt>
   <trkpt lat="36.1046900" lon="-115.4858680">
    <ele>1500.0</ele>
   </trkpt>
   <trkpt lat="36.1046900" lon="-115.4858700">
    <ele>1500.0</ele>
   </trkpt>
   <trkpt lat="36.1046910" lon="-115.4858710">
    <ele>1501.0</ele>
   </trkpt>
   <trkpt lat="36.1046910" lon="-115.4858730">
    <ele>1501.0</ele>
   </trkpt>
   <trkpt lat="36.1046910" lon="-115.4858740">
    <ele>1501.0</ele>
   </trkpt>
   <trkpt lat="36.1046920" lon="-115.4858760">
    <ele>1501.0</ele>
   </trkpt>
   <trkpt lat="36.1046920" lon="-115.4858770">
    <ele>1501.0</ele>
   </trkpt>
   <trkpt lat="36.1046920" lon="-115.4858790">
    <ele>1502.0</ele>
   </trkpt>
   <trkpt lat="36.1046930" lon="-115.4858800">
    <ele>1502.0</ele>
   </trkpt>
   <trkpt lat="36.1046930" lon="-115.4858820">
    <ele>1502.0</ele>
   </trkpt>
   <trkpt lat="36.1046930" lon="-115.4858830">
    <ele>1503.0</ele>
   </trkpt>
   <trkpt lat="36.1046930" lon="-115.4858850">
    <ele>1503.0</ele>
   </trkpt>
   <trkpt lat="36.1046940" lon="-115.4858860">
    <ele>1504.0</ele>
   </trkpt>
   <trkpt lat="36.1046940" lon="-115.4858880">
    <ele>1504.0</ele>
   </trkpt>
   <trkpt lat="36.1046940" lon="-115.4858890">
    <ele>1504.0</ele>
   </trkpt>
   <trkpt lat="36.1046950" lon="-115.4858910">
    <ele>1504.0</ele>
   </trkpt>
   <trkpt lat="36.1046950" lon="-115.4858920">
    <ele>1504.0</ele>
   </trkpt>
   <trkpt lat="36.1046950" lon="-115.4858940">
    <ele>1505.0</ele>
   </trkpt>
   <trkpt lat="36.1046960" lon="-115.4858950">
    <ele>1505.0</ele>
   </trkpt>
   <trkpt lat="36.1046960" lon="-115.4858970">
    <ele>1505.0</ele>
   </trkpt>
   <trkpt lat="36.1046960" lon="-115.4858980">
    <ele>1505.0</ele>
   </trkpt>
   <trkpt lat="36.1046970" lon="-115.4859000">
    <ele>1505.0</ele>
   </trkpt>
   <trkpt lat="36.1046970" lon="-115.4859010">
    <ele>1506.0</ele>
   </trkpt>
   <trkpt lat="36.1046970" lon="-115.4859030">
    <ele>1506.0</ele>
   </trkpt>
   <trkpt lat="36.1046970" lon="-115.4859040">
    <ele>1506.0</ele>
   </trkpt>
   <trkpt lat="36.1046980" lon="-115.4859060">
    <ele>1507.0</ele>
   </trkpt>
   <trkpt lat="36.1046980" lon="-115.4859070">
    <ele>1507.0</ele>
   </trkpt>
   <trkpt lat="36.1046980" lon="-115.4859090">
    <ele>1508.0</ele>
   </trkpt>
   <trkpt lat="36.1046990" lon="-115.4859100">
    <ele>1508.0</ele>
   </trkpt>
   <trkpt lat="36.1046990" lon="-115.4859120">
    <ele>1508.0</ele>
   </trkpt>
   <trkpt lat="36.1046990" lon="-115.4859130">
    <ele>1508.0</ele>
   </trkpt>
   <trkpt lat="36.1047000" lon="-115.4859150">
    <ele>1508.0</ele>
   </trkpt>
   <trkpt lat="36.1047000" lon="-115.4859160">
    <ele>1509.0</ele>
   </trkpt>
   <trkpt lat="36.1047000" lon="-115.4859180">
    <ele>1509.0</ele>
   </trkpt>
   <trkpt lat="36.1047000" lon="-115.4859190">
    <ele>1509.0</ele>
   </trkpt>
   <trkpt lat="36.1047010" lon="-115.4859210">
    <ele>1509.0</ele>
   </trkpt>
   <trkpt lat="36.1047010" lon="-115.4859220">
    <ele>1509.0</ele>
   </trkpt>
   <trkpt lat="36.1047010" lon="-115.4859240">
    <ele>1510.0</ele>
   </trkpt>
   <trkpt lat="36.1047020" lon="-115.4859250">
    <ele>1510.0</ele>
   </trkpt>
   <trkpt lat="36.1047020" lon="-115.4859270">
    <ele>1510.0</ele>
   </trkpt>
   <trkpt lat="36.1047020" lon="-115.4859280">
    <ele>1510.0</ele>
   </trkpt>
   <trkpt lat="36.1047030" lon="-115.4859300">
    <ele>1510.0</ele>
   </trkpt>
   <trkpt lat="36.1047030" lon="-115.4859310">
    <ele>1511.0</ele>
   </trkpt>
   <trkpt lat="36.1047030" lon="-115.4859330">
    <ele>1511.0</ele>
   </trkpt>
   <trkpt lat="36.1047040" lon="-115.4859340">
    <ele>1511.0</ele>
   </trkpt>
   <trkpt lat="36.1047040" lon="-115.4859360">
    <ele>1511.0</ele>
   </trkpt>
   <trkpt lat="36.1047040" lon="-115.4859370">
    <ele>1511.0</ele>
   </trkpt>
   <trkpt lat="36.1047040" lon="-115.4859390">
    <ele>1512.0</ele>
   </trkpt>
   <trkpt lat="36.1047050" lon="-115.4859400">
    <ele>1512.0</ele>
   </trkpt>
   <trkpt lat="36.1046870" lon="-115.4859720">
    <ele>1512.0</ele>
   </trkpt>
   <trkpt lat="36.1046780" lon="-115.4859880">
    <ele>1512.0</ele>
   </trkpt>
   <trkpt lat="36.1046680" lon="-115.4860040">
    <ele>1512.0</ele>
   </trkpt>
   <trkpt lat="36.1046680" lon="-115.4860040">
    <ele>1513.0</ele>
   </trkpt>
   <trkpt lat="36.1046680" lon="-115.4860040">
    <ele>1513.0</ele>
   </trkpt>
   <trkpt lat="36.1046680" lon="-115.4860040">
    <ele>1513.0</ele>
   </trkpt>
   <trkpt lat="36.1046680" lon="-115.4860040">
    <ele>1513.0</ele>
   </trkpt>
   <trkpt lat="36.1046680" lon="-115.4860040">
    <ele>1513.0</ele>
   </trkpt>
   <trkpt lat="36.1046680" lon="-115.4860040">
    <ele>1514.0</ele>
   </trkpt>
   <trkpt lat="36.1046680" lon="-115.4860040">
    <ele>1514.0</ele>
   </trkpt>
   <trkpt lat="36.1046680" lon="-115.4860040">
    <ele>1514.0</ele>
   </trkpt>
   <trkpt lat="36.1046680" lon="-115.4860040">
    <ele>1514.0</ele>
   </trkpt>
   <trkpt lat="36.1046680" lon="-115.4860040">
    <ele>1514.0</ele>
   </trkpt>
   <trkpt lat="36.1046680" lon="-115.4860040">
    <ele>1515.0</ele>
   </trkpt>
   <trkpt lat="36.1046680" lon="-115.4860040">
    <ele>1515.0</ele>
   </trkpt>
   <trkpt lat="36.1046680" lon="-115.4860040">
    <ele>1515.0</ele>
   </trkpt>
   <trkpt lat="36.1046680" lon="-115.4860040">
    <ele>1515.0</ele>
   </trkpt>
   <trkpt lat="36.1046680" lon="-115.4860040">
    <ele>1515.0</ele>
   </trkpt>
   <trkpt lat="36.1046610" lon="-115.4860220">
    <ele>1516.0</ele>
   </trkpt>
   <trkpt lat="36.1046590" lon="-115.4860340">
    <ele>1516.0</ele>
   </trkpt>
   <trkpt lat="36.1046560" lon="-115.4860460">
    <ele>1516.0</ele>
   </trkpt>
   <trkpt lat="36.1046590" lon="-115.4860570">
    <ele>1517.0</ele>
   </trkpt>
   <trkpt lat="36.1046610" lon="-115.4860680">
    <ele>1517.0</ele>
   </trkpt>
   <trkpt lat="36.1046610" lon="-115.4860680">
    <ele>1518.0</ele>
   </trkpt>
   <trkpt lat="36.1046610" lon="-115.4860680">
    <ele>1518.0</ele>
   </trkpt>
   <trkpt lat="36.1046610" lon="-115.4860680">
    <ele>1518.0</ele>
   </trkpt>
   <trkpt lat="36.1046610" lon="-115.4860680">
    <ele>1518.0</ele>
   </trkpt>
   <trkpt lat="36.1046610" lon="-115.4860680">
    <ele>1518.0</ele>
   </trkpt>
   <trkpt lat="36.1046610" lon="-115.4860680">
    <ele>1519.0</ele>
   </trkpt>
   <trkpt lat="36.1046610" lon="-115.4860680">
    <ele>1519.0</ele>
   </trkpt>
   <trkpt lat="36.1046610" lon="-115.4860680">
    <ele>1519.0</ele>
   </trkpt>
   <trkpt lat="36.1046610" lon="-115.4860680">
    <ele>1520.0</ele>
   </trkpt>
   <trkpt lat="36.1046610" lon="-115.4860680">
    <ele>1520.0</ele>
   </trkpt>
   <trkpt lat="36.1046610" lon="-115.4860680">
    <ele>1521.0</ele>
   </trkpt>
   <trkpt lat="36.1046610" lon="-115.4860680">
    <ele>1521.0</ele>
   </trkpt>
   <trkpt lat="36.1046610" lon="-115.4860680">
    <ele>1521.0</ele>
   </trkpt>
   <trkpt lat="36.1046610" lon="-115.4860680">
    <ele>1521.0</ele>
   </trkpt>
   <trkpt lat="36.1046610" lon="-115.4860680">
    <ele>1521.0</ele>
   </trkpt>
   <trkpt lat="36.1046610" lon="-115.4860680">
    <ele>1522.0</ele>
   </trkpt>
   <trkpt lat="36.1046610" lon="-115.4860680">
    <ele>1522.0</ele>
   </trkpt>
   <trkpt lat="36.1046610" lon="-115.4860680">
    <ele>1522.0</ele>
   </trkpt>
   <trkpt lat="36.1046610" lon="-115.4860680">
    <ele>1522.0</ele>
   </trkpt>
   <trkpt lat="36.1046720" lon="-115.4861050">
    <ele>1522.0</ele>
   </trkpt>
   <trkpt lat="36.1046760" lon="-115.4861230">
    <ele>1523.0</ele>
   </trkpt>
   <trkpt lat="36.1046800" lon="-115.4861400">
    <ele>1523.0</ele>
   </trkpt>
   <trkpt lat="36.1046820" lon="-115.4861450">
    <ele>1523.0</ele>
   </trkpt>
   <trkpt lat="36.1046830" lon="-115.4861490">
    <ele>1523.0</ele>
   </trkpt>
   <trkpt lat="36.1046850" lon="-115.4861540">
    <ele>1523.0</ele>
   </trkpt>
   <trkpt lat="36.1046860" lon="-115.4861590">
    <ele>1524.0</ele>
   </trkpt>
   <trkpt lat="36.1046880" lon="-115.4861630">
    <ele>1524.0</ele>
   </trkpt>
   <trkpt lat="36.1046900" lon="-115.4861680">
    <ele>1524.0</ele>
   </trkpt>
   <trkpt lat="36.1046910" lon="-115.4861720">
    <ele>1524.0</ele>
   </trkpt>
   <trkpt lat="36.1046930" lon="-115.4861770">
    <ele>1524.0</ele>
   </trkpt>
   <trkpt lat="36.1046940" lon="-115.4861810">
    <ele>1525.0</ele>
   </trkpt>
   <trkpt lat="36.1046960" lon="-115.4861860">
    <ele>1525.0</ele>
   </trkpt>
   <trkpt lat="36.1046970" lon="-115.4861900">
    <ele>1525.0</ele>
   </trkpt>
   <trkpt lat="36.1046990" lon="-115.4861950">
    <ele>1526.0</ele>
   </trkpt>
   <trkpt lat="36.1047010" lon="-115.4862000">
    <ele>1526.0</ele>
   </trkpt>
   <trkpt lat="36.1047020" lon="-115.4862040">
    <ele>1527.0</ele>
   </trkpt>
   <trkpt lat="36.1047040" lon="-115.4862090">
    <ele>1527.0</ele>
   </trkpt>
   <trkpt lat="36.1047050" lon="-115.4862130">
    <ele>1527.0</ele>
   </trkpt>
   <trkpt lat="36.1047070" lon="-115.4862180">
    <ele>1527.0</ele>
   </trkpt>
   <trkpt lat="36.1047090" lon="-115.4862220">
    <ele>1527.0</ele>
   </trkpt>
   <trkpt lat="36.1047100" lon="-115.4862270">
    <ele>1528.0</ele>
   </trkpt>
   <trkpt lat="36.1047120" lon="-115.4862310">
    <ele>1528.0</ele>
   </trkpt>
   <trkpt lat="36.1047130" lon="-115.4862360">
    <ele>1528.0</ele>
   </trkpt>
   <trkpt lat="36.1047220" lon="-115.4862530">
    <ele>1528.0</ele>
   </trkpt>
   <trkpt lat="36.1047310" lon="-115.4862700">
    <ele>1528.0</ele>
   </trkpt>
   <trkpt lat="36.1047400" lon="-115.4862820">
    <ele>1529.0</ele>
   </trkpt>
   <trkpt lat="36.1047480" lon="-115.4862950">
    <ele>1529.0</ele>
   </trkpt>
   <trkpt lat="36.1047530" lon="-115.4863040">
    <ele>1530.0</ele>
   </trkpt>
   <trkpt lat="36.1047580" lon="-115.4863130">
    <ele>1530.0</ele>
   </trkpt>
   <trkpt lat="36.1047560" lon="-115.4863150">
    <ele>1531.0</ele>
   </trkpt>
   <trkpt lat="36.1047550" lon="-115.4863160">
    <ele>1532.0</ele>
   </trkpt>
   <trkpt lat="36.1047530" lon="-115.4863100">
    <ele>1532.0</ele>
   </trkpt>
   <trkpt lat="36.1047510" lon="-115.4863040">
    <ele>1532.0</ele>
   </trkpt>
   <trkpt lat="36.1047510" lon="-115.4863030">
    <ele>1532.0</ele>
   </trkpt>
   <trkpt lat="36.1047500" lon="-115.4863010">
    <ele>1532.0</ele>
   </trkpt>
   <trkpt lat="36.1047490" lon="-115.4862990">
    <ele>1533.0</ele>
   </trkpt>
   <trkpt lat="36.1047490" lon="-115.4862970">
    <ele>1533.0</ele>
   </trkpt>
   <trkpt lat="36.1047480" lon="-115.4862960">
    <ele>1533.0</ele>
   </trkpt>
   <trkpt lat="36.1047450" lon="-115.4862920">
    <ele>1534.0</ele>
   </trkpt>
   <trkpt lat="36.1047420" lon="-115.4862880">
    <ele>1534.0</ele>
   </trkpt>
   <trkpt lat="36.1047360" lon="-115.4862870">
    <ele>1535.0</ele>
   </trkpt>
   <trkpt lat="36.1047300" lon="-115.4862870">
    <ele>1535.0</ele>
   </trkpt>
   <trkpt lat="36.1047270" lon="-115.4862870">
    <ele>1535.0</ele>
   </trkpt>
   <trkpt lat="36.1047230" lon="-115.4862880">
    <ele>1535.0</ele>
   </trkpt>
   <trkpt lat="36.1047210" lon="-115.4862920">
    <ele>1535.0</ele>
   </trkpt>
   <trkpt lat="36.1047180" lon="-115.4862960">
    <ele>1536.0</ele>
   </trkpt>
   <trkpt lat="36.1047210" lon="-115.4863050">
    <ele>1536.0</ele>
   </trkpt>
   <trkpt lat="36.1047240" lon="-115.4863130">
    <ele>1536.0</ele>
   </trkpt>
   <trkpt lat="36.1047270" lon="-115.4863220">
    <ele>1536.0</ele>
   </trkpt>
   <trkpt lat="36.1047350" lon="-115.4863330">
    <ele>1536.0</ele>
   </trkpt>
   <trkpt lat="36.1047430" lon="-115.4863440">
    <ele>1537.0</ele>
   </trkpt>
   <trkpt lat="36.1047430" lon="-115.4863440">
    <ele>1537.0</ele>
   </trkpt>
   <trkpt lat="36.1047430" lon="-115.4863440">
    <ele>1537.0</ele>
   </trkpt>
   <trkpt lat="36.1047430" lon="-115.4863440">
    <ele>1537.0</ele>
   </trkpt>
   <trkpt lat="36.1047430" lon="-115.4863440">
    <ele>1537.0</ele>
   </trkpt>
   <trkpt lat="36.1047430" lon="-115.4863440">
    <ele>1538.0</ele>
   </trkpt>
   <trkpt lat="36.1047430" lon="-115.4863440">
    <ele>1538.0</ele>
   </trkpt>
   <trkpt lat="36.1047430" lon="-115.4863440">
    <ele>1538.0</ele>
   </trkpt>
   <trkpt lat="36.1047430" lon="-115.4863440">
    <ele>1539.0</ele>
   </trkpt>
   <trkpt lat="36.1047430" lon="-115.4863440">
    <ele>1539.0</ele>
   </trkpt>
   <trkpt lat="36.1047430" lon="-115.4863550">
    <ele>1540.0</ele>
   </trkpt>
   <trkpt lat="36.1047480" lon="-115.4863660">
    <ele>1540.0</ele>
   </trkpt>
   <trkpt lat="36.1047530" lon="-115.4863760">
    <ele>1540.0</ele>
   </trkpt>
   <trkpt lat="36.1047610" lon="-115.4863860">
    <ele>1540.0</ele>
   </trkpt>
   <trkpt lat="36.1047690" lon="-115.4863950">
    <ele>1540.0</ele>
   </trkpt>
   <trkpt lat="36.1047690" lon="-115.4863950">
    <ele>1541.0</ele>
   </trkpt>
   <trkpt lat="36.1047690" lon="-115.4863950">
    <ele>1541.0</ele>
   </trkpt>
   <trkpt lat="36.1047690" lon="-115.4863950">
    <ele>1541.0</ele>
   </trkpt>
   <trkpt lat="36.1047690" lon="-115.4863950">
    <ele>1541.0</ele>
   </trkpt>
   <trkpt lat="36.1047690" lon="-115.4863950">
    <ele>1541.0</ele>
   </trkpt>
   <trkpt lat="36.1047690" lon="-115.4863950">
    <ele>1542.0</ele>
   </trkpt>
   <trkpt lat="36.1047690" lon="-115.4863950">
    <ele>1542.0</ele>
   </trkpt>
   <trkpt lat="36.1047690" lon="-115.4863950">
    <ele>1542.0</ele>
   </trkpt>
   <trkpt lat="36.1047690" lon="-115.4863950">
    <ele>1542.0</ele>
   </trkpt>
   <trkpt lat="36.1047690" lon="-115.4863950">
    <ele>1542.0</ele>
   </trkpt>
   <trkpt lat="36.1047690" lon="-115.4863950">
    <ele>1543.0</ele>
   </trkpt>
   <trkpt lat="36.1047690" lon="-115.4863950">
    <ele>1543.0</ele>
   </trkpt>
   <trkpt lat="36.1047690" lon="-115.4863950">
    <ele>1543.0</ele>
   </trkpt>
   <trkpt lat="36.1047690" lon="-115.4863950">
    <ele>1543.0</ele>
   </trkpt>
   <trkpt lat="36.1047690" lon="-115.4863950">
    <ele>1543.0</ele>
   </trkpt>
   <trkpt lat="36.1047690" lon="-115.4863950">
    <ele>1544.0</ele>
   </trkpt>
   <trkpt lat="36.1047690" lon="-115.4863950">
    <ele>1544.0</ele>
   </trkpt>
   <trkpt lat="36.1047690" lon="-115.4863950">
    <ele>1544.0</ele>
   </trkpt>
   <trkpt lat="36.1047690" lon="-115.4863950">
    <ele>1544.0</ele>
   </trkpt>
   <trkpt lat="36.1047690" lon="-115.4863950">
    <ele>1544.0</ele>
   </trkpt>
   <trkpt lat="36.1047690" lon="-115.4863950">
    <ele>1545.0</ele>
   </trkpt>
   <trkpt lat="36.1047690" lon="-115.4863950">
    <ele>1545.0</ele>
   </trkpt>
   <trkpt lat="36.1047770" lon="-115.4864040">
    <ele>1545.0</ele>
   </trkpt>
   <trkpt lat="36.1047860" lon="-115.4864090">
    <ele>1546.0</ele>
   </trkpt>
   <trkpt lat="36.1047940" lon="-115.4864140">
    <ele>1546.0</ele>
   </trkpt>
   <trkpt lat="36.1047940" lon="-115.4864140">
    <ele>1547.0</ele>
   </trkpt>
   <trkpt lat="36.1047940" lon="-115.4864140">
    <ele>1547.0</ele>
   </trkpt>
   <trkpt lat="36.1047940" lon="-115.4864140">
    <ele>1547.0</ele>
   </trkpt>
   <trkpt lat="36.1047940" lon="-115.4864140">
    <ele>1547.0</ele>
   </trkpt>
   <trkpt lat="36.1047940" lon="-115.4864140">
    <ele>1547.0</ele>
   </trkpt>
   <trkpt lat="36.1048110" lon="-115.4864240">
    <ele>1548.0</ele>
   </trkpt>
   <trkpt lat="36.1048140" lon="-115.4864310">
    <ele>1548.0</ele>
   </trkpt>
   <trkpt lat="36.1048170" lon="-115.4864390">
    <ele>1548.0</ele>
   </trkpt>
   <trkpt lat="36.1048180" lon="-115.4864460">
    <ele>1548.0</ele>
   </trkpt>
   <trkpt lat="36.1048190" lon="-115.4864540">
    <ele>1548.0</ele>
   </trkpt>
   <trkpt lat="36.1048190" lon="-115.4864620">
    <ele>1549.0</ele>
   </trkpt>
   <trkpt lat="36.1048200" lon="-115.4864740">
    <ele>1549.0</ele>
   </trkpt>
   <trkpt lat="36.1048210" lon="-115.4864860">
    <ele>1549.0</ele>
   </trkpt>
   <trkpt lat="36.1048180" lon="-115.4865000">
    <ele>1549.0</ele>
   </trkpt>
   <trkpt lat="36.1048150" lon="-115.4865140">
    <ele>1549.0</ele>
   </trkpt>
   <trkpt lat="36.1048140" lon="-115.4865220">
    <ele>1550.0</ele>
   </trkpt>
   <trkpt lat="36.1048140" lon="-115.4865310">
    <ele>1550.0</ele>
   </trkpt>
   <trkpt lat="36.1048140" lon="-115.4865310">
    <ele>1550.0</ele>
   </trkpt>
   <trkpt lat="36.1048140" lon="-115.4865310">
    <ele>1550.0</ele>
   </trkpt>
   <trkpt lat="36.1048140" lon="-115.4865310">
    <ele>1550.0</ele>
   </trkpt>
   <trkpt lat="36.1048140" lon="-115.4865310">
    <ele>1551.0</ele>
   </trkpt>
   <trkpt lat="36.1048140" lon="-115.4865310">
    <ele>1551.0</ele>
   </trkpt>
   <trkpt lat="36.1048180" lon="-115.4865470">
    <ele>1551.0</ele>
   </trkpt>
   <trkpt lat="36.1048210" lon="-115.4865520">
    <ele>1552.0</ele>
   </trkpt>
   <trkpt lat="36.1048240" lon="-115.4865570">
    <ele>1552.0</ele>
   </trkpt>
   <trkpt lat="36.1048280" lon="-115.4865550">
    <ele>1553.0</ele>
   </trkpt>
   <trkpt lat="36.1048320" lon="-115.4865540">
    <ele>1553.0</ele>
   </trkpt>
   <trkpt lat="36.1048390" lon="-115.4865490">
    <ele>1553.0</ele>
   </trkpt>
   <trkpt lat="36.1048460" lon="-115.4865450">
    <ele>1553.0</ele>
   </trkpt>
   <trkpt lat="36.1048530" lon="-115.4865410">
    <ele>1553.0</ele>
   </trkpt>
   <trkpt lat="36.1048610" lon="-115.4865380">
    <ele>1554.0</ele>
   </trkpt>
   <trkpt lat="36.1048660" lon="-115.4865370">
    <ele>1554.0</ele>
   </trkpt>
   <trkpt lat="36.1048720" lon="-115.4865370">
    <ele>1554.0</ele>
   </trkpt>
   <trkpt lat="36.1048710" lon="-115.4865390">
    <ele>1555.0</ele>
   </trkpt>
   <trkpt lat="36.1048700" lon="-115.4865400">
    <ele>1555.0</ele>
   </trkpt>
   <trkpt lat="36.1048700" lon="-115.4865400">
    <ele>1556.0</ele>
   </trkpt>
   <trkpt lat="36.1048700" lon="-115.4865400">
    <ele>1556.0</ele>
   </trkpt>
   <trkpt lat="36.1048700" lon="-115.4865400">
    <ele>1556.0</ele>
   </trkpt>
   <trkpt lat="36.1048700" lon="-115.4865400">
    <ele>1556.0</ele>
   </trkpt>
   <trkpt lat="36.1048700" lon="-115.4865400">
    <ele>1556.0</ele>
   </trkpt>
   <trkpt lat="36.1048700" lon="-115.4865400">
    <ele>1557.0</ele>
   </trkpt>
   <trkpt lat="36.1048700" lon="-115.4865400">
    <ele>1557.0</ele>
   </trkpt>
   <trkpt lat="36.1048700" lon="-115.4865400">
    <ele>1557.0</ele>
   </trkpt>
   <trkpt lat="36.1048700" lon="-115.4865400">
    <ele>1557.0</ele>
   </trkpt>
   <trkpt lat="36.1048700" lon="-115.4865400">
    <ele>1557.0</ele>
   </trkpt>
   <trkpt lat="36.1048700" lon="-115.4865400">
    <ele>1558.0</ele>
   </trkpt>
   <trkpt lat="36.1048700" lon="-115.4865400">
    <ele>1558.0</ele>
   </trkpt>
   <trkpt lat="36.1048700" lon="-115.4865400">
    <ele>1558.0</ele>
   </trkpt>
   <trkpt lat="36.1048700" lon="-115.4865400">
    <ele>1559.0</ele>
   </trkpt>
   <trkpt lat="36.1048700" lon="-115.4865400">
    <ele>1559.0</ele>
   </trkpt>
   <trkpt lat="36.1048700" lon="-115.4865400">
    <ele>1560.0</ele>
   </trkpt>
   <trkpt lat="36.1048700" lon="-115.4865400">
    <ele>1560.0</ele>
   </trkpt>
   <trkpt lat="36.1048700" lon="-115.4865400">
    <ele>1560.0</ele>
   </trkpt>
   <trkpt lat="36.1048700" lon="-115.4865400">
    <ele>1560.0</ele>
   </trkpt>
   <trkpt lat="36.1048610" lon="-115.4865570">
    <ele>1560.0</ele>
   </trkpt>
   <trkpt lat="36.1048590" lon="-115.4865660">
    <ele>1561.0</ele>
   </trkpt>
   <trkpt lat="36.1048570" lon="-115.4865750">
    <ele>1561.0</ele>
   </trkpt>
   <trkpt lat="36.1048580" lon="-115.4865850">
    <ele>1561.0</ele>
   </trkpt>
   <trkpt lat="36.1048590" lon="-115.4865960">
    <ele>1561.0</ele>
   </trkpt>
   <trkpt lat="36.1048610" lon="-115.4866080">
    <ele>1561.0</ele>
   </trkpt>
   <trkpt lat="36.1048640" lon="-115.4866210">
    <ele>1561.0</ele>
   </trkpt>
   <trkpt lat="36.1048690" lon="-115.4866330">
    <ele>1561.0</ele>
   </trkpt>
   <trkpt lat="36.1048730" lon="-115.4866450">
    <ele>1561.0</ele>
   </trkpt>
   <trkpt lat="36.1048760" lon="-115.4866560">
    <ele>1562.0</ele>
   </trkpt>
   <trkpt lat="36.1048800" lon="-115.4866670">
    <ele>1562.0</ele>
   </trkpt>
   <trkpt lat="36.1048810" lon="-115.4866690">
    <ele>1563.0</ele>
   </trkpt>
   <trkpt lat="36.1048820" lon="-115.4866720">
    <ele>1563.0</ele>
   </trkpt>
   <trkpt lat="36.1048830" lon="-115.4866750">
    <ele>1563.0</ele>
   </trkpt>
   <trkpt lat="36.1048850" lon="-115.4866780">
    <ele>1563.0</ele>
   </trkpt>
   <trkpt lat="36.1048890" lon="-115.4866850">
    <ele>1563.0</ele>
   </trkpt>
   <trkpt lat="36.1048920" lon="-115.4866920">
    <ele>1564.0</ele>
   </trkpt>
   <trkpt lat="36.1048950" lon="-115.4866970">
    <ele>1564.0</ele>
   </trkpt>
   <trkpt lat="36.1048970" lon="-115.4867010">
    <ele>1564.0</ele>
   </trkpt>
   <trkpt lat="36.1049000" lon="-115.4867050">
    <ele>1564.0</ele>
   </trkpt>
   <trkpt lat="36.1049010" lon="-115.4867100">
    <ele>1564.0</ele>
   </trkpt>
   <trkpt lat="36.1049030" lon="-115.4867160">
    <ele>1564.0</ele>
   </trkpt>
   <trkpt lat="36.1049050" lon="-115.4867210">
    <ele>1564.0</ele>
   </trkpt>
   <trkpt lat="36.1049050" lon="-115.4867210">
    <ele>1564.0</ele>
   </trkpt>
   <trkpt lat="36.1049050" lon="-115.4867210">
    <ele>1564.0</ele>
   </trkpt>
   <trkpt lat="36.1049050" lon="-115.4867210">
    <ele>1564.0</ele>
   </trkpt>
   <trkpt lat="36.1049050" lon="-115.4867210">
    <ele>1565.0</ele>
   </trkpt>
   <trkpt lat="36.1049050" lon="-115.4867210">
    <ele>1565.0</ele>
   </trkpt>
   <trkpt lat="36.1049050" lon="-115.4867210">
    <ele>1565.0</ele>
   </trkpt>
   <trkpt lat="36.1049050" lon="-115.4867210">
    <ele>1566.0</ele>
   </trkpt>
   <trkpt lat="36.1049050" lon="-115.4867210">
    <ele>1566.0</ele>
   </trkpt>
   <trkpt lat="36.1049180" lon="-115.4867360">
    <ele>1567.0</ele>
   </trkpt>
   <trkpt lat="36.1049250" lon="-115.4867470">
    <ele>1567.0</ele>
   </trkpt>
   <trkpt lat="36.1049330" lon="-115.4867580">
    <ele>1567.0</ele>
   </trkpt>
   <trkpt lat="36.1049360" lon="-115.4867670">
    <ele>1567.0</ele>
   </trkpt>
   <trkpt lat="36.1049390" lon="-115.4867770">
    <ele>1567.0</ele>
   </trkpt>
   <trkpt lat="36.1049400" lon="-115.4867800">
    <ele>1568.0</ele>
   </trkpt>
   <trkpt lat="36.1049410" lon="-115.4867830">
    <ele>1568.0</ele>
   </trkpt>
   <trkpt lat="36.1049420" lon="-115.4867870">
    <ele>1568.0</ele>
   </trkpt>
   <trkpt lat="36.1049470" lon="-115.4867910">
    <ele>1568.0</ele>
   </trkpt>
   <trkpt lat="36.1049520" lon="-115.4867960">
    <ele>1568.0</ele>
   </trkpt>
   <trkpt lat="36.1049580" lon="-115.4867990">
    <ele>1569.0</ele>
   </trkpt>
   <trkpt lat="36.1049630" lon="-115.4868020">
    <ele>1569.0</ele>
   </trkpt>
   <trkpt lat="36.1049700" lon="-115.4868050">
    <ele>1569.0</ele>
   </trkpt>
   <trkpt lat="36.1049770" lon="-115.4868080">
    <ele>1570.0</ele>
   </trkpt>
   <trkpt lat="36.1049840" lon="-115.4868140">
    <ele>1570.0</ele>
   </trkpt>
   <trkpt lat="36.1049900" lon="-115.4868210">
    <ele>1571.0</ele>
   </trkpt>
   <trkpt lat="36.1049950" lon="-115.4868330">
    <ele>1571.0</ele>
   </trkpt>
   <trkpt lat="36.1050010" lon="-115.4868440">
    <ele>1571.0</ele>
   </trkpt>
   <trkpt lat="36.1050010" lon="-115.4868440">
    <ele>1571.0</ele>
   </trkpt>
   <trkpt lat="36.1050010" lon="-115.4868440">
    <ele>1571.0</ele>
   </trkpt>
   <trkpt lat="36.1050010" lon="-115.4868440">
    <ele>1572.0</ele>
   </trkpt>
   <trkpt lat="36.1050010" lon="-115.4868440">
    <ele>1572.0</ele>
   </trkpt>
   <trkpt lat="36.1050010" lon="-115.4868440">
    <ele>1572.0</ele>
   </trkpt>
   <trkpt lat="36.1050010" lon="-115.4868440">
    <ele>1572.0</ele>
   </trkpt>
   <trkpt lat="36.1050010" lon="-115.4868440">
    <ele>1572.0</ele>
   </trkpt>
   <trkpt lat="36.1050010" lon="-115.4868440">
    <ele>1573.0</ele>
   </trkpt>
   <trkpt lat="36.1050010" lon="-115.4868440">
    <ele>1573.0</ele>
   </trkpt>
   <trkpt lat="36.1050010" lon="-115.4868440">
    <ele>1573.0</ele>
   </trkpt>
   <trkpt lat="36.1050010" lon="-115.4868440">
    <ele>1573.0</ele>
   </trkpt>
   <trkpt lat="36.1050010" lon="-115.4868440">
    <ele>1573.0</ele>
   </trkpt>
   <trkpt lat="36.1050010" lon="-115.4868440">
    <ele>1574.0</ele>
   </trkpt>
   <trkpt lat="36.1050010" lon="-115.4868440">
    <ele>1574.0</ele>
   </trkpt>
   <trkpt lat="36.1050010" lon="-115.4868440">
    <ele>1574.0</ele>
   </trkpt>
   <trkpt lat="36.1050010" lon="-115.4868440">
    <ele>1574.0</ele>
   </trkpt>
   <trkpt lat="36.1050010" lon="-115.4868440">
    <ele>1574.0</ele>
   </trkpt>
   <trkpt lat="36.1050190" lon="-115.4868690">
    <ele>1575.0</ele>
   </trkpt>
   <trkpt lat="36.1050290" lon="-115.4868760">
    <ele>1575.0</ele>
   </trkpt>
   <trkpt lat="36.1050390" lon="-115.4868820">
    <ele>1575.0</ele>
   </trkpt>
   <trkpt lat="36.1050390" lon="-115.4868820">
    <ele>1576.0</ele>
   </trkpt>
   <trkpt lat="36.1050390" lon="-115.4868820">
    <ele>1576.0</ele>
   </trkpt>
   <trkpt lat="36.1050390" lon="-115.4868820">
    <ele>1577.0</ele>
   </trkpt>
   <trkpt lat="36.1050390" lon="-115.4868820">
    <ele>1577.0</ele>
   </trkpt>
   <trkpt lat="36.1050390" lon="-115.4868820">
    <ele>1577.0</ele>
   </trkpt>
   <trkpt lat="36.1050390" lon="-115.4868820">
    <ele>1577.0</ele>
   </trkpt>
   <trkpt lat="36.1050390" lon="-115.4868820">
    <ele>1577.0</ele>
   </trkpt>
   <trkpt lat="36.1050390" lon="-115.4868820">
    <ele>1578.0</ele>
   </trkpt>
   <trkpt lat="36.1050390" lon="-115.4868820">
    <ele>1578.0</ele>
   </trkpt>
   <trkpt lat="36.1050390" lon="-115.4868820">
    <ele>1578.0</ele>
   </trkpt>
   <trkpt lat="36.1050390" lon="-115.4868820">
    <ele>1578.0</ele>
   </trkpt>
   <trkpt lat="36.1050580" lon="-115.4869010">
    <ele>1578.0</ele>
   </trkpt>
   <trkpt lat="36.1050660" lon="-115.4869120">
    <ele>1579.0</ele>
   </trkpt>
   <trkpt lat="36.1050750" lon="-115.4869240">
    <ele>1579.0</ele>
   </trkpt>
   <trkpt lat="36.1050800" lon="-115.4869290">
    <ele>1579.0</ele>
   </trkpt>
   <trkpt lat="36.1050860" lon="-115.4869340">
    <ele>1580.0</ele>
   </trkpt>
   <trkpt lat="36.1050920" lon="-115.4869400">
    <ele>1580.0</ele>
   </trkpt>
   <trkpt lat="36.1050980" lon="-115.4869450">
    <ele>1581.0</ele>
   </trkpt>
   <trkpt lat="36.1051050" lon="-115.4869500">
    <ele>1581.0</ele>
   </trkpt>
   <trkpt lat="36.1051120" lon="-115.4869540">
    <ele>1581.0</ele>
   </trkpt>
   <trkpt lat="36.1051170" lon="-115.4869580">
    <ele>1581.0</ele>
   </trkpt>
   <trkpt lat="36.1051220" lon="-115.4869610">
    <ele>1581.0</ele>
   </trkpt>
   <trkpt lat="36.1051280" lon="-115.4869630">
    <ele>1582.0</ele>
   </trkpt>
   <trkpt lat="36.1051340" lon="-115.4869640">
    <ele>1582.0</ele>
   </trkpt>
   <trkpt lat="36.1051340" lon="-115.4869640">
    <ele>1583.0</ele>
   </trkpt>
   <trkpt lat="36.1051340" lon="-115.4869640">
    <ele>1583.0</ele>
   </trkpt>
   <trkpt lat="36.1051340" lon="-115.4869640">
    <ele>1584.0</ele>
   </trkpt>
   <trkpt lat="36.1051340" lon="-115.4869640">
    <ele>1585.0</ele>
   </trkpt>
   <trkpt lat="36.1051340" lon="-115.4869640">
    <ele>1585.0</ele>
   </trkpt>
   <trkpt lat="36.1051340" lon="-115.4869640">
    <ele>1585.0</ele>
   </trkpt>
   <trkpt lat="36.1051340" lon="-115.4869640">
    <ele>1585.0</ele>
   </trkpt>
   <trkpt lat="36.1051340" lon="-115.4869640">
    <ele>1585.0</ele>
   </trkpt>
   <trkpt lat="36.1051340" lon="-115.4869640">
    <ele>1586.0</ele>
   </trkpt>
   <trkpt lat="36.1051340" lon="-115.4869640">
    <ele>1586.0</ele>
   </trkpt>
   <trkpt lat="36.1051340" lon="-115.4869640">
    <ele>1586.0</ele>
   </trkpt>
   <trkpt lat="36.1051340" lon="-115.4869640">
    <ele>1587.0</ele>
   </trkpt>
   <trkpt lat="36.1051340" lon="-115.4869640">
    <ele>1587.0</ele>
   </trkpt>
   <trkpt lat="36.1051340" lon="-115.4869640">
    <ele>1588.0</ele>
   </trkpt>
   <trkpt lat="36.1051340" lon="-115.4869640">
    <ele>1588.0</ele>
   </trkpt>
   <trkpt lat="36.1051540" lon="-115.4869590">
    <ele>1588.0</ele>
   </trkpt>
   <trkpt lat="36.1051600" lon="-115.4869540">
    <ele>1588.0</ele>
   </trkpt>
   <trkpt lat="36.1051660" lon="-115.4869500">
    <ele>1588.0</ele>
   </trkpt>
   <trkpt lat="36.1051680" lon="-115.4869430">
    <ele>1589.0</ele>
   </trkpt>
   <trkpt lat="36.1051710" lon="-115.4869370">
    <ele>1589.0</ele>
   </trkpt>
   <trkpt lat="36.1051730" lon="-115.4869260">
    <ele>1589.0</ele>
   </trkpt>
   <trkpt lat="36.1051750" lon="-115.4869160">
    <ele>1589.0</ele>
   </trkpt>
   <trkpt lat="36.1051760" lon="-115.4869070">
    <ele>1589.0</ele>
   </trkpt>
   <trkpt lat="36.1051780" lon="-115.4868970">
    <ele>1589.0</ele>
   </trkpt>
   <trkpt lat="36.1051790" lon="-115.4868880">
    <ele>1589.0</ele>
   </trkpt>
   <trkpt lat="36.1051850" lon="-115.4868740">
    <ele>1589.0</ele>
   </trkpt>
   <trkpt lat="36.1051900" lon="-115.4868600">
    <ele>1589.0</ele>
   </trkpt>
   <trkpt lat="36.1051980" lon="-115.4868470">
    <ele>1589.0</ele>
   </trkpt>
   <trkpt lat="36.1052050" lon="-115.4868340">
    <ele>1590.0</ele>
   </trkpt>
   <trkpt lat="36.1052090" lon="-115.4868240">
    <ele>1590.0</ele>
   </trkpt>
   <trkpt lat="36.1052120" lon="-115.4868130">
    <ele>1590.0</ele>
   </trkpt>
   <trkpt lat="36.1052120" lon="-115.4868040">
    <ele>1590.0</ele>
   </trkpt>
   <trkpt lat="36.1052120" lon="-115.4867950">
    <ele>1590.0</ele>
   </trkpt>
   <trkpt lat="36.1052100" lon="-115.4867880">
    <ele>1591.0</ele>
   </trkpt>
   <trkpt lat="36.1052090" lon="-115.4867800">
    <ele>1591.0</ele>
   </trkpt>
   <trkpt lat="36.1052040" lon="-115.4867740">
    <ele>1591.0</ele>
   </trkpt>
   <trkpt lat="36.1052000" lon="-115.4867670">
    <ele>1591.0</ele>
   </trkpt>
   <trkpt lat="36.1052000" lon="-115.4867670">
    <ele>1591.0</ele>
   </trkpt>
   <trkpt lat="36.1052000" lon="-115.4867670">
    <ele>1592.0</ele>
   </trkpt>
   <trkpt lat="36.1052000" lon="-115.4867670">
    <ele>1592.0</ele>
   </trkpt>
   <trkpt lat="36.1052000" lon="-115.4867670">
    <ele>1592.0</ele>
   </trkpt>
   <trkpt lat="36.1052000" lon="-115.4867670">
    <ele>1592.0</ele>
   </trkpt>
   <trkpt lat="36.1052000" lon="-115.4867670">
    <ele>1592.0</ele>
   </trkpt>
   <trkpt lat="36.1052000" lon="-115.4867670">
    <ele>1593.0</ele>
   </trkpt>
   <trkpt lat="36.1052000" lon="-115.4867670">
    <ele>1593.0</ele>
   </trkpt>
   <trkpt lat="36.1052000" lon="-115.4867670">
    <ele>1593.0</ele>
   </trkpt>
   <trkpt lat="36.1052000" lon="-115.4867670">
    <ele>1593.0</ele>
   </trkpt>
   <trkpt lat="36.1052000" lon="-115.4867670">
    <ele>1593.0</ele>
   </trkpt>
   <trkpt lat="36.1051870" lon="-115.4867490">
    <ele>1594.0</ele>
   </trkpt>
   <trkpt lat="36.1051820" lon="-115.4867410">
    <ele>1594.0</ele>
   </trkpt>
   <trkpt lat="36.1051770" lon="-115.4867320">
    <ele>1594.0</ele>
   </trkpt>
   <trkpt lat="36.1051740" lon="-115.4867190">
    <ele>1594.0</ele>
   </trkpt>
   <trkpt lat="36.1051740" lon="-115.4867140">
    <ele>1594.0</ele>
   </trkpt>
   <trkpt lat="36.1051740" lon="-115.4867100">
    <ele>1595.0</ele>
   </trkpt>
   <trkpt lat="36.1051740" lon="-115.4867050">
    <ele>1595.0</ele>
   </trkpt>
   <trkpt lat="36.1051740" lon="-115.4867010">
    <ele>1595.0</ele>
   </trkpt>
   <trkpt lat="36.1051740" lon="-115.4866960">
    <ele>1595.0</ele>
   </trkpt>
   <trkpt lat="36.1051750" lon="-115.4866920">
    <ele>1595.0</ele>
   </trkpt>
   <trkpt lat="36.1051750" lon="-115.4866870">
    <ele>1595.0</ele>
   </trkpt>
   <trkpt lat="36.1051750" lon="-115.4866830">
    <ele>1595.0</ele>
   </trkpt>
   <trkpt lat="36.1051750" lon="-115.4866780">
    <ele>1595.0</ele>
   </trkpt>
   <trkpt lat="36.1051750" lon="-115.4866740">
    <ele>1595.0</ele>
   </trkpt>
   <trkpt lat="36.1051750" lon="-115.4866690">
    <ele>1595.0</ele>
   </trkpt>
   <trkpt lat="36.1051750" lon="-115.4866650">
    <ele>1596.0</ele>
   </trkpt>
   <trkpt lat="36.1051760" lon="-115.4866600">
    <ele>1596.0</ele>
   </trkpt>
   <trkpt lat="36.1051760" lon="-115.4866560">
    <ele>1596.0</ele>
   </trkpt>
   <trkpt lat="36.1051760" lon="-115.4866510">
    <ele>1596.0</ele>
   </trkpt>
   <trkpt lat="36.1051760" lon="-115.4866470">
    <ele>1596.0</ele>
   </trkpt>
   <trkpt lat="36.1051800" lon="-115.4866330">
    <ele>1597.0</ele>
   </trkpt>
   <trkpt lat="36.1051870" lon="-115.4866180">
    <ele>1597.0</ele>
   </trkpt>
   <trkpt lat="36.1051880" lon="-115.4866170">
    <ele>1597.0</ele>
   </trkpt>
   <trkpt lat="36.1051900" lon="-115.4866160">
    <ele>1597.0</ele>
   </trkpt>
   <trkpt lat="36.1051920" lon="-115.4866150">
    <ele>1597.0</ele>
   </trkpt>
   <trkpt lat="36.1051940" lon="-115.4866150">
    <ele>1597.0</ele>
   </trkpt>
   <trkpt lat="36.1051950" lon="-115.4866140">
    <ele>1597.0</ele>
   </trkpt>
   <trkpt lat="36.1051970" lon="-115.4866130">
    <ele>1597.0</ele>
   </trkpt>
   <trkpt lat="36.1051990" lon="-115.4866120">
    <ele>1597.0</ele>
   </trkpt>
   <trkpt lat="36.1052010" lon="-115.4866110">
    <ele>1597.0</ele>
   </trkpt>
   <trkpt lat="36.1052020" lon="-115.4866100">
    <ele>1598.0</ele>
   </trkpt>
   <trkpt lat="36.1052040" lon="-115.4866090">
    <ele>1598.0</ele>
   </trkpt>
   <trkpt lat="36.1052060" lon="-115.4866080">
    <ele>1598.0</ele>
   </trkpt>
   <trkpt lat="36.1052080" lon="-115.4866070">
    <ele>1598.0</ele>
   </trkpt>
   <trkpt lat="36.1052090" lon="-115.4866070">
    <ele>1598.0</ele>
   </trkpt>
   <trkpt lat="36.1052110" lon="-115.4866060">
    <ele>1599.0</ele>
   </trkpt>
   <trkpt lat="36.1052130" lon="-115.4866050">
    <ele>1599.0</ele>
   </trkpt>
   <trkpt lat="36.1052150" lon="-115.4866040">
    <ele>1599.0</ele>
   </trkpt>
   <trkpt lat="36.1052160" lon="-115.4866030">
    <ele>1599.0</ele>
   </trkpt>
   <trkpt lat="36.1052180" lon="-115.4866020">
    <ele>1599.0</ele>
   </trkpt>
   <trkpt lat="36.1052200" lon="-115.4866010">
    <ele>1599.0</ele>
   </trkpt>
   <trkpt lat="36.1052220" lon="-115.4866000">
    <ele>1599.0</ele>
   </trkpt>
   <trkpt lat="36.1052230" lon="-115.4865990">
    <ele>1599.0</ele>
   </trkpt>
   <trkpt lat="36.1052250" lon="-115.4865980">
    <ele>1599.0</ele>
   </trkpt>
   <trkpt lat="36.1052270" lon="-115.4865980">
    <ele>1599.0</ele>
   </trkpt>
   <trkpt lat="36.1052280" lon="-115.4865970">
    <ele>1600.0</ele>
   </trkpt>
   <trkpt lat="36.1052300" lon="-115.4865960">
    <ele>1600.0</ele>
   </trkpt>
   <trkpt lat="36.1052320" lon="-115.4865950">
    <ele>1600.0</ele>
   </trkpt>
   <trkpt lat="36.1052340" lon="-115.4865940">
    <ele>1600.0</ele>
   </trkpt>
   <trkpt lat="36.1052350" lon="-115.4865930">
    <ele>1600.0</ele>
   </trkpt>
   <trkpt lat="36.1052370" lon="-115.4865920">
    <ele>1600.0</ele>
   </trkpt>
   <trkpt lat="36.1052390" lon="-115.4865910">
    <ele>1600.0</ele>
   </trkpt>
   <trkpt lat="36.1052410" lon="-115.4865900">
    <ele>1600.0</ele>
   </trkpt>
   <trkpt lat="36.1052420" lon="-115.4865900">
    <ele>1600.0</ele>
   </trkpt>
   <trkpt lat="36.1052440" lon="-115.4865890">
    <ele>1600.0</ele>
   </trkpt>
   <trkpt lat="36.1052460" lon="-115.4865880">
    <ele>1601.0</ele>
   </trkpt>
   <trkpt lat="36.1052480" lon="-115.4865870">
    <ele>1601.0</ele>
   </trkpt>
   <trkpt lat="36.1052490" lon="-115.4865860">
    <ele>1601.0</ele>
   </trkpt>
   <trkpt lat="36.1052670" lon="-115.4865860">
    <ele>1601.0</ele>
   </trkpt>
   <trkpt lat="36.1052780" lon="-115.4865870">
    <ele>1601.0</ele>
   </trkpt>
   <trkpt lat="36.1052790" lon="-115.4865880">
    <ele>1601.0</ele>
   </trkpt>
   <trkpt lat="36.1052810" lon="-115.4865890">
    <ele>1601.0</ele>
   </trkpt>
   <trkpt lat="36.1052830" lon="-115.4865900">
    <ele>1601.0</ele>
   </trkpt>
   <trkpt lat="36.1052840" lon="-115.4865910">
    <ele>1601.0</ele>
   </trkpt>
   <trkpt lat="36.1052860" lon="-115.4865920">
    <ele>1601.0</ele>
   </trkpt>
   <trkpt lat="36.1052880" lon="-115.4865930">
    <ele>1602.0</ele>
   </trkpt>
   <trkpt lat="36.1052890" lon="-115.4865940">
    <ele>1602.0</ele>
   </trkpt>
   <trkpt lat="36.1052910" lon="-115.4865960">
    <ele>1602.0</ele>
   </trkpt>
   <trkpt lat="36.1052930" lon="-115.4865970">
    <ele>1602.0</ele>
   </trkpt>
   <trkpt lat="36.1052950" lon="-115.4865980">
    <ele>1602.0</ele>
   </trkpt>
   <trkpt lat="36.1052960" lon="-115.4865990">
    <ele>1603.0</ele>
   </trkpt>
   <trkpt lat="36.1052980" lon="-115.4866000">
    <ele>1603.0</ele>
   </trkpt>
   <trkpt lat="36.1053000" lon="-115.4866010">
    <ele>1603.0</ele>
   </trkpt>
   <trkpt lat="36.1053010" lon="-115.4866020">
    <ele>1603.0</ele>
   </trkpt>
   <trkpt lat="36.1053030" lon="-115.4866030">
    <ele>1603.0</ele>
   </trkpt>
   <trkpt lat="36.1053050" lon="-115.4866040">
    <ele>1604.0</ele>
   </trkpt>
   <trkpt lat="36.1053060" lon="-115.4866050">
    <ele>1604.0</ele>
   </trkpt>
   <trkpt lat="36.1053080" lon="-115.4866060">
    <ele>1604.0</ele>
   </trkpt>
   <trkpt lat="36.1053100" lon="-115.4866070">
    <ele>1604.0</ele>
   </trkpt>
   <trkpt lat="36.1053120" lon="-115.4866080">
    <ele>1604.0</ele>
   </trkpt>
   <trkpt lat="36.1053130" lon="-115.4866090">
    <ele>1605.0</ele>
   </trkpt>
   <trkpt lat="36.1053150" lon="-115.4866100">
    <ele>1605.0</ele>
   </trkpt>
   <trkpt lat="36.1053170" lon="-115.4866120">
    <ele>1605.0</ele>
   </trkpt>
   <trkpt lat="36.1053180" lon="-115.4866130">
    <ele>1605.0</ele>
   </trkpt>
   <trkpt lat="36.1053200" lon="-115.4866140">
    <ele>1605.0</ele>
   </trkpt>
   <trkpt lat="36.1053220" lon="-115.4866150">
    <ele>1606.0</ele>
   </trkpt>
   <trkpt lat="36.1053230" lon="-115.4866160">
    <ele>1606.0</ele>
   </trkpt>
   <trkpt lat="36.1053250" lon="-115.4866170">
    <ele>1606.0</ele>
   </trkpt>
   <trkpt lat="36.1053270" lon="-115.4866180">
    <ele>1606.0</ele>
   </trkpt>
   <trkpt lat="36.1053290" lon="-115.4866190">
    <ele>1606.0</ele>
   </trkpt>
   <trkpt lat="36.1053300" lon="-115.4866200">
    <ele>1607.0</ele>
   </trkpt>
   <trkpt lat="36.1053320" lon="-115.4866210">
    <ele>1607.0</ele>
   </trkpt>
   <trkpt lat="36.1053340" lon="-115.4866220">
    <ele>1607.0</ele>
   </trkpt>
   <trkpt lat="36.1053350" lon="-115.4866230">
    <ele>1607.0</ele>
   </trkpt>
   <trkpt lat="36.1053370" lon="-115.4866240">
    <ele>1607.0</ele>
   </trkpt>
   <trkpt lat="36.1053390" lon="-115.4866250">
    <ele>1608.0</ele>
   </trkpt>
   <trkpt lat="36.1053400" lon="-115.4866260">
    <ele>1608.0</ele>
   </trkpt>
   <trkpt lat="36.1053420" lon="-115.4866280">
    <ele>1608.0</ele>
   </trkpt>
   <trkpt lat="36.1053440" lon="-115.4866290">
    <ele>1608.0</ele>
   </trkpt>
   <trkpt lat="36.1053460" lon="-115.4866300">
    <ele>1608.0</ele>
   </trkpt>
   <trkpt lat="36.1053470" lon="-115.4866310">
    <ele>1609.0</ele>
   </trkpt>
   <trkpt lat="36.1053490" lon="-115.4866320">
    <ele>1609.0</ele>
   </trkpt>
   <trkpt lat="36.1053510" lon="-115.4866330">
    <ele>1609.0</ele>
   </trkpt>
   <trkpt lat="36.1053520" lon="-115.4866340">
    <ele>1609.0</ele>
   </trkpt>
   <trkpt lat="36.1053540" lon="-115.4866350">
    <ele>1609.0</ele>
   </trkpt>
   <trkpt lat="36.1053560" lon="-115.4866360">
    <ele>1610.0</ele>
   </trkpt>
   <trkpt lat="36.1053580" lon="-115.4866370">
    <ele>1610.0</ele>
   </trkpt>
   <trkpt lat="36.1053590" lon="-115.4866380">
    <ele>1610.0</ele>
   </trkpt>
   <trkpt lat="36.1053610" lon="-115.4866390">
    <ele>1610.0</ele>
   </trkpt>
   <trkpt lat="36.1053630" lon="-115.4866400">
    <ele>1610.0</ele>
   </trkpt>
   <trkpt lat="36.1053640" lon="-115.4866410">
    <ele>1611.0</ele>
   </trkpt>
   <trkpt lat="36.1053660" lon="-115.4866420">
    <ele>1611.0</ele>
   </trkpt>
   <trkpt lat="36.1053680" lon="-115.4866430">
    <ele>1611.0</ele>
   </trkpt>
   <trkpt lat="36.1053690" lon="-115.4866450">
    <ele>1612.0</ele>
   </trkpt>
   <trkpt lat="36.1053710" lon="-115.4866460">
    <ele>1612.0</ele>
   </trkpt>
   <trkpt lat="36.1053730" lon="-115.4866470">
    <ele>1613.0</ele>
   </trkpt>
   <trkpt lat="36.1053750" lon="-115.4866480">
    <ele>1613.0</ele>
   </trkpt>
   <trkpt lat="36.1053760" lon="-115.4866490">
    <ele>1613.0</ele>
   </trkpt>
   <trkpt lat="36.1053780" lon="-115.4866500">
    <ele>1613.0</ele>
   </trkpt>
   <trkpt lat="36.1053800" lon="-115.4866510">
    <ele>1613.0</ele>
   </trkpt>
   <trkpt lat="36.1053810" lon="-115.4866520">
    <ele>1614.0</ele>
   </trkpt>
   <trkpt lat="36.1053830" lon="-115.4866530">
    <ele>1614.0</ele>
   </trkpt>
   <trkpt lat="36.1053850" lon="-115.4866540">
    <ele>1614.0</ele>
   </trkpt>
   <trkpt lat="36.1053860" lon="-115.4866550">
    <ele>1614.0</ele>
   </trkpt>
   <trkpt lat="36.1053880" lon="-115.4866560">
    <ele>1614.0</ele>
   </trkpt>
   <trkpt lat="36.1053900" lon="-115.4866570">
    <ele>1615.0</ele>
   </trkpt>
   <trkpt lat="36.1053920" lon="-115.4866580">
    <ele>1615.0</ele>
   </trkpt>
   <trkpt lat="36.1053930" lon="-115.4866590">
    <ele>1615.0</ele>
   </trkpt>
   <trkpt lat="36.1053950" lon="-115.4866610">
    <ele>1615.0</ele>
   </trkpt>
   <trkpt lat="36.1053970" lon="-115.4866620">
    <ele>1615.0</ele>
   </trkpt>
   <trkpt lat="36.1053980" lon="-115.4866630">
    <ele>1616.0</ele>
   </trkpt>
   <trkpt lat="36.1054000" lon="-115.4866640">
    <ele>1616.0</ele>
   </trkpt>
   <trkpt lat="36.1054020" lon="-115.4866650">
    <ele>1616.0</ele>
   </trkpt>
   <trkpt lat="36.1054030" lon="-115.4866660">
    <ele>1616.0</ele>
   </trkpt>
   <trkpt lat="36.1054200" lon="-115.4866740">
    <ele>1616.0</ele>
   </trkpt>
   <trkpt lat="36.1054300" lon="-115.4866740">
    <ele>1617.0</ele>
   </trkpt>
   <trkpt lat="36.1054390" lon="-115.4866750">
    <ele>1617.0</ele>
   </trkpt>
   <trkpt lat="36.1054480" lon="-115.4866750">
    <ele>1617.0</ele>
   </trkpt>
   <trkpt lat="36.1054490" lon="-115.4866720">
    <ele>1617.0</ele>
   </trkpt>
   <trkpt lat="36.1054500" lon="-115.4866680">
    <ele>1617.0</ele>
   </trkpt>
   <trkpt lat="36.1054510" lon="-115.4866650">
    <ele>1618.0</ele>
   </trkpt>
   <trkpt lat="36.1054520" lon="-115.4866610">
    <ele>1618.0</ele>
   </trkpt>
   <trkpt lat="36.1054530" lon="-115.4866580">
    <ele>1618.0</ele>
   </trkpt>
   <trkpt lat="36.1054550" lon="-115.4866480">
    <ele>1619.0</ele>
   </trkpt>
   <trkpt lat="36.1054560" lon="-115.4866380">
    <ele>1619.0</ele>
   </trkpt>
   <trkpt lat="36.1054580" lon="-115.4866280">
    <ele>1620.0</ele>
   </trkpt>
   <trkpt lat="36.1054590" lon="-115.4866190">
    <ele>1620.0</ele>
   </trkpt>
   <trkpt lat="36.1054610" lon="-115.4866130">
    <ele>1620.0</ele>
   </trkpt>
   <trkpt lat="36.1054620" lon="-115.4866070">
    <ele>1620.0</ele>
   </trkpt>
   <trkpt lat="36.1054630" lon="-115.4866010">
    <ele>1620.0</ele>
   </trkpt>
   <trkpt lat="36.1054660" lon="-115.4865950">
    <ele>1621.0</ele>
   </trkpt>
   <trkpt lat="36.1054690" lon="-115.4865900">
    <ele>1621.0</ele>
   </trkpt>
   <trkpt lat="36.1054740" lon="-115.4865880">
    <ele>1621.0</ele>
   </trkpt>
   <trkpt lat="36.1054800" lon="-115.4865860">
    <ele>1621.0</ele>
   </trkpt>
   <trkpt lat="36.1054840" lon="-115.4865850">
    <ele>1621.0</ele>
   </trkpt>
   <trkpt lat="36.1054890" lon="-115.4865840">
    <ele>1622.0</ele>
   </trkpt>
   <trkpt lat="36.1054990" lon="-115.4865810">
    <ele>1622.0</ele>
   </trkpt>
   <trkpt lat="36.1055080" lon="-115.4865790">
    <ele>1622.0</ele>
   </trkpt>
   <trkpt lat="36.1055180" lon="-115.4865750">
    <ele>1622.0</ele>
   </trkpt>
   <trkpt lat="36.1055280" lon="-115.4865710">
    <ele>1622.0</ele>
   </trkpt>
   <trkpt lat="36.1055280" lon="-115.4865710">
    <ele>1623.0</ele>
   </trkpt>
   <trkpt lat="36.1055280" lon="-115.4865710">
    <ele>1623.0</ele>
   </trkpt>
   <trkpt lat="36.1055280" lon="-115.4865710">
    <ele>1623.0</ele>
   </trkpt>
   <trkpt lat="36.1055280" lon="-115.4865710">
    <ele>1623.0</ele>
   </trkpt>
   <trkpt lat="36.1055280" lon="-115.4865710">
    <ele>1623.0</ele>
   </trkpt>
   <trkpt lat="36.1055280" lon="-115.4865710">
    <ele>1623.0</ele>
   </trkpt>
   <trkpt lat="36.1055280" lon="-115.4865710">
    <ele>1623.0</ele>
   </trkpt>
   <trkpt lat="36.1055280" lon="-115.4865710">
    <ele>1623.0</ele>
   </trkpt>
   <trkpt lat="36.1055430" lon="-115.4865580">
    <ele>1623.0</ele>
   </trkpt>
   <trkpt lat="36.1055540" lon="-115.4865480">
    <ele>1623.0</ele>
   </trkpt>
   <trkpt lat="36.1055650" lon="-115.4865390">
    <ele>1624.0</ele>
   </trkpt>
   <trkpt lat="36.1055750" lon="-115.4865330">
    <ele>1624.0</ele>
   </trkpt>
   <trkpt lat="36.1055840" lon="-115.4865280">
    <ele>1624.0</ele>
   </trkpt>
   <trkpt lat="36.1055920" lon="-115.4865260">
    <ele>1624.0</ele>
   </trkpt>
   <trkpt lat="36.1056000" lon="-115.4865250">
    <ele>1624.0</ele>
   </trkpt>
   <trkpt lat="36.1056070" lon="-115.4865240">
    <ele>1625.0</ele>
   </trkpt>
   <trkpt lat="36.1056130" lon="-115.4865230">
    <ele>1625.0</ele>
   </trkpt>
   <trkpt lat="36.1056180" lon="-115.4865210">
    <ele>1625.0</ele>
   </trkpt>
   <trkpt lat="36.1056220" lon="-115.4865190">
    <ele>1625.0</ele>
   </trkpt>
   <trkpt lat="36.1056270" lon="-115.4865160">
    <ele>1625.0</ele>
   </trkpt>
   <trkpt lat="36.1056320" lon="-115.4865140">
    <ele>1626.0</ele>
   </trkpt>
   <trkpt lat="36.1056380" lon="-115.4865120">
    <ele>1626.0</ele>
   </trkpt>
   <trkpt lat="36.1056400" lon="-115.4865120">
    <ele>1626.0</ele>
   </trkpt>
   <trkpt lat="36.1056420" lon="-115.4865130">
    <ele>1626.0</ele>
   </trkpt>
   <trkpt lat="36.1056440" lon="-115.4865140">
    <ele>1626.0</ele>
   </trkpt>
   <trkpt lat="36.1056460" lon="-115.4865140">
    <ele>1627.0</ele>
   </trkpt>
   <trkpt lat="36.1056480" lon="-115.4865150">
    <ele>1627.0</ele>
   </trkpt>
   <trkpt lat="36.1056560" lon="-115.4865220">
    <ele>1627.0</ele>
   </trkpt>
   <trkpt lat="36.1056640" lon="-115.4865290">
    <ele>1627.0</ele>
   </trkpt>
   <trkpt lat="36.1056640" lon="-115.4865290">
    <ele>1627.0</ele>
   </trkpt>
   <trkpt lat="36.1056640" lon="-115.4865290">
    <ele>1628.0</ele>
   </trkpt>
   <trkpt lat="36.1056640" lon="-115.4865290">
    <ele>1628.0</ele>
   </trkpt>
   <trkpt lat="36.1056640" lon="-115.4865290">
    <ele>1628.0</ele>
   </trkpt>
   <trkpt lat="36.1056640" lon="-115.4865290">
    <ele>1628.0</ele>
   </trkpt>
   <trkpt lat="36.1056640" lon="-115.4865290">
    <ele>1628.0</ele>
   </trkpt>
   <trkpt lat="36.1056640" lon="-115.4865290">
    <ele>1629.0</ele>
   </trkpt>
   <trkpt lat="36.1056640" lon="-115.4865290">
    <ele>1629.0</ele>
   </trkpt>
   <trkpt lat="36.1056640" lon="-115.4865290">
    <ele>1629.0</ele>
   </trkpt>
   <trkpt lat="36.1056640" lon="-115.4865290">
    <ele>1629.0</ele>
   </trkpt>
   <trkpt lat="36.1056640" lon="-115.4865290">
    <ele>1629.0</ele>
   </trkpt>
   <trkpt lat="36.1056640" lon="-115.4865290">
    <ele>1629.0</ele>
   </trkpt>
   <trkpt lat="36.1056640" lon="-115.4865290">
    <ele>1629.0</ele>
   </trkpt>
   <trkpt lat="36.1056640" lon="-115.4865290">
    <ele>1629.0</ele>
   </trkpt>
   <trkpt lat="36.1056920" lon="-115.4865700">
    <ele>1629.0</ele>
   </trkpt>
   <trkpt lat="36.1057010" lon="-115.4865900">
    <ele>1629.0</ele>
   </trkpt>
   <trkpt lat="36.1057100" lon="-115.4866100">
    <ele>1630.0</ele>
   </trkpt>
   <trkpt lat="36.1057100" lon="-115.4866100">
    <ele>1630.0</ele>
   </trkpt>
   <trkpt lat="36.1057100" lon="-115.4866100">
    <ele>1630.0</ele>
   </trkpt>
   <trkpt lat="36.1057100" lon="-115.4866100">
    <ele>1630.0</ele>
   </trkpt>
   <trkpt lat="36.1057100" lon="-115.4866100">
    <ele>1630.0</ele>
   </trkpt>
   <trkpt lat="36.1057100" lon="-115.4866100">
    <ele>1631.0</ele>
   </trkpt>
   <trkpt lat="36.1057100" lon="-115.4866100">
    <ele>1631.0</ele>
   </trkpt>
   <trkpt lat="36.1057010" lon="-115.4866210">
    <ele>1631.0</ele>
   </trkpt>
   <trkpt lat="36.1056920" lon="-115.4866180">
    <ele>1631.0</ele>
   </trkpt>
   <trkpt lat="36.1056840" lon="-115.4866150">
    <ele>1631.0</ele>
   </trkpt>
   <trkpt lat="36.1056800" lon="-115.4866070">
    <ele>1631.0</ele>
   </trkpt>
   <trkpt lat="36.1056750" lon="-115.4866000">
    <ele>1631.0</ele>
   </trkpt>
   <trkpt lat="36.1056750" lon="-115.4865930">
    <ele>1631.0</ele>
   </trkpt>
   <trkpt lat="36.1056740" lon="-115.4865870">
    <ele>1631.0</ele>
   </trkpt>
   <trkpt lat="36.1056740" lon="-115.4865810">
    <ele>1631.0</ele>
   </trkpt>
   <trkpt lat="36.1056740" lon="-115.4865760">
    <ele>1632.0</ele>
   </trkpt>
   <trkpt lat="36.1056740" lon="-115.4865710">
    <ele>1632.0</ele>
   </trkpt>
   <trkpt lat="36.1056770" lon="-115.4865630">
    <ele>1632.0</ele>
   </trkpt>
   <trkpt lat="36.1056800" lon="-115.4865540">
    <ele>1632.0</ele>
   </trkpt>
   <trkpt lat="36.1056830" lon="-115.4865520">
    <ele>1632.0</ele>
   </trkpt>
   <trkpt lat="36.1056860" lon="-115.4865510">
    <ele>1633.0</ele>
   </trkpt>
   <trkpt lat="36.1056880" lon="-115.4865490">
    <ele>1633.0</ele>
   </trkpt>
   <trkpt lat="36.1056910" lon="-115.4865480">
    <ele>1633.0</ele>
   </trkpt>
   <trkpt lat="36.1056940" lon="-115.4865460">
    <ele>1633.0</ele>
   </trkpt>
   <trkpt lat="36.1057020" lon="-115.4865450">
    <ele>1633.0</ele>
   </trkpt>
   <trkpt lat="36.1057110" lon="-115.4865430">
    <ele>1634.0</ele>
   </trkpt>
   <trkpt lat="36.1057170" lon="-115.4865420">
    <ele>1634.0</ele>
   </trkpt>
   <trkpt lat="36.1057240" lon="-115.4865400">
    <ele>1635.0</ele>
   </trkpt>
   <trkpt lat="36.1057290" lon="-115.4865360">
    <ele>1635.0</ele>
   </trkpt>
   <trkpt lat="36.1057330" lon="-115.4865330">
    <ele>1636.0</ele>
   </trkpt>
   <trkpt lat="36.1057400" lon="-115.4865230">
    <ele>1637.0</ele>
   </trkpt>
   <trkpt lat="36.1057470" lon="-115.4865140">
    <ele>1637.0</ele>
   </trkpt>
   <trkpt lat="36.1057490" lon="-115.4865080">
    <ele>1637.0</ele>
   </trkpt>
   <trkpt lat="36.1057510" lon="-115.4865030">
    <ele>1637.0</ele>
   </trkpt>
   <trkpt lat="36.1057520" lon="-115.4864970">
    <ele>1637.0</ele>
   </trkpt>
   <trkpt lat="36.1057540" lon="-115.4864910">
    <ele>1638.0</ele>
   </trkpt>
   <trkpt lat="36.1057530" lon="-115.4864810">
    <ele>1638.0</ele>
   </trkpt>
   <trkpt lat="36.1057530" lon="-115.4864700">
    <ele>1638.0</ele>
   </trkpt>
   <trkpt lat="36.1057520" lon="-115.4864570">
    <ele>1638.0</ele>
   </trkpt>
   <trkpt lat="36.1057530" lon="-115.4864560">
    <ele>1638.0</ele>
   </trkpt>
   <trkpt lat="36.1057540" lon="-115.4864550">
    <ele>1639.0</ele>
   </trkpt>
   <trkpt lat="36.1057550" lon="-115.4864540">
    <ele>1639.0</ele>
   </trkpt>
   <trkpt lat="36.1057560" lon="-115.4864520">
    <ele>1639.0</ele>
   </trkpt>
   <trkpt lat="36.1057570" lon="-115.4864510">
    <ele>1639.0</ele>
   </trkpt>
   <trkpt lat="36.1057570" lon="-115.4864500">
    <ele>1639.0</ele>
   </trkpt>
   <trkpt lat="36.1057580" lon="-115.4864490">
    <ele>1640.0</ele>
   </trkpt>
   <trkpt lat="36.1057590" lon="-115.4864480">
    <ele>1640.0</ele>
   </trkpt>
   <trkpt lat="36.1057600" lon="-115.4864470">
    <ele>1640.0</ele>
   </trkpt>
   <trkpt lat="36.1057610" lon="-115.4864460">
    <ele>1640.0</ele>
   </trkpt>
   <trkpt lat="36.1057620" lon="-115.4864450">
    <ele>1640.0</ele>
   </trkpt>
   <trkpt lat="36.1057630" lon="-115.4864430">
    <ele>1641.0</ele>
   </trkpt>
   <trkpt lat="36.1057640" lon="-115.4864420">
    <ele>1641.0</ele>
   </trkpt>
   <trkpt lat="36.1057640" lon="-115.4864410">
    <ele>1641.0</ele>
   </trkpt>
   <trkpt lat="36.1057650" lon="-115.4864400">
    <ele>1641.0</ele>
   </trkpt>
   <trkpt lat="36.1057660" lon="-115.4864390">
    <ele>1641.0</ele>
   </trkpt>
   <trkpt lat="36.1057670" lon="-115.4864380">
    <ele>1642.0</ele>
   </trkpt>
   <trkpt lat="36.1057680" lon="-115.4864370">
    <ele>1642.0</ele>
   </trkpt>
   <trkpt lat="36.1057690" lon="-115.4864360">
    <ele>1642.0</ele>
   </trkpt>
   <trkpt lat="36.1057700" lon="-115.4864350">
    <ele>1642.0</ele>
   </trkpt>
   <trkpt lat="36.1057710" lon="-115.4864330">
    <ele>1642.0</ele>
   </trkpt>
   <trkpt lat="36.1057710" lon="-115.4864320">
    <ele>1643.0</ele>
   </trkpt>
   <trkpt lat="36.1057720" lon="-115.4864310">
    <ele>1643.0</ele>
   </trkpt>
   <trkpt lat="36.1057730" lon="-115.4864300">
    <ele>1643.0</ele>
   </trkpt>
   <trkpt lat="36.1057740" lon="-115.4864290">
    <ele>1643.0</ele>
   </trkpt>
   <trkpt lat="36.1057750" lon="-115.4864280">
    <ele>1643.0</ele>
   </trkpt>
   <trkpt lat="36.1057760" lon="-115.4864270">
    <ele>1644.0</ele>
   </trkpt>
   <trkpt lat="36.1057770" lon="-115.4864260">
    <ele>1644.0</ele>
   </trkpt>
   <trkpt lat="36.1057780" lon="-115.4864240">
    <ele>1644.0</ele>
   </trkpt>
   <trkpt lat="36.1057780" lon="-115.4864230">
    <ele>1645.0</ele>
   </trkpt>
   <trkpt lat="36.1057790" lon="-115.4864220">
    <ele>1645.0</ele>
   </trkpt>
   <trkpt lat="36.1057800" lon="-115.4864210">
    <ele>1646.0</ele>
   </trkpt>
   <trkpt lat="36.1057810" lon="-115.4864200">
    <ele>1646.0</ele>
   </trkpt>
   <trkpt lat="36.1057820" lon="-115.4864190">
    <ele>1646.0</ele>
   </trkpt>
   <trkpt lat="36.1057830" lon="-115.4864180">
    <ele>1646.0</ele>
   </trkpt>
   <trkpt lat="36.1057840" lon="-115.4864170">
    <ele>1646.0</ele>
   </trkpt>
   <trkpt lat="36.1057850" lon="-115.4864160">
    <ele>1647.0</ele>
   </trkpt>
   <trkpt lat="36.1057850" lon="-115.4864140">
    <ele>1647.0</ele>
   </trkpt>
   <trkpt lat="36.1057860" lon="-115.4864130">
    <ele>1647.0</ele>
   </trkpt>
   <trkpt lat="36.1057870" lon="-115.4864120">
    <ele>1647.0</ele>
   </trkpt>
   <trkpt lat="36.1057880" lon="-115.4864110">
    <ele>1647.0</ele>
   </trkpt>
   <trkpt lat="36.1057890" lon="-115.4864100">
    <ele>1648.0</ele>
   </trkpt>
   <trkpt lat="36.1057900" lon="-115.4864090">
    <ele>1648.0</ele>
   </trkpt>
   <trkpt lat="36.1057910" lon="-115.4864080">
    <ele>1648.0</ele>
   </trkpt>
   <trkpt lat="36.1057920" lon="-115.4864070">
    <ele>1648.0</ele>
   </trkpt>
   <trkpt lat="36.1057920" lon="-115.4864050">
    <ele>1648.0</ele>
   </trkpt>
   <trkpt lat="36.1057930" lon="-115.4864040">
    <ele>1649.0</ele>
   </trkpt>
   <trkpt lat="36.1057940" lon="-115.4864030">
    <ele>1649.0</ele>
   </trkpt>
   <trkpt lat="36.1057950" lon="-115.4864020">
    <ele>1649.0</ele>
   </trkpt>
   <trkpt lat="36.1057960" lon="-115.4864010">
    <ele>1649.0</ele>
   </trkpt>
   <trkpt lat="36.1057970" lon="-115.4864000">
    <ele>1649.0</ele>
   </trkpt>
   <trkpt lat="36.1057980" lon="-115.4863990">
    <ele>1649.0</ele>
   </trkpt>
   <trkpt lat="36.1057990" lon="-115.4863980">
    <ele>1649.0</ele>
   </trkpt>
   <trkpt lat="36.1057990" lon="-115.4863970">
    <ele>1649.0</ele>
   </trkpt>
   <trkpt lat="36.1058000" lon="-115.4863950">
    <ele>1649.0</ele>
   </trkpt>
   <trkpt lat="36.1058010" lon="-115.4863940">
    <ele>1649.0</ele>
   </trkpt>
   <trkpt lat="36.1058020" lon="-115.4863930">
    <ele>1650.0</ele>
   </trkpt>
   <trkpt lat="36.1058030" lon="-115.4863920">
    <ele>1650.0</ele>
   </trkpt>
   <trkpt lat="36.1058040" lon="-115.4863910">
    <ele>1650.0</ele>
   </trkpt>
   <trkpt lat="36.1058050" lon="-115.4863900">
    <ele>1651.0</ele>
   </trkpt>
   <trkpt lat="36.1058060" lon="-115.4863890">
    <ele>1651.0</ele>
   </trkpt>
   <trkpt lat="36.1058070" lon="-115.4863880">
    <ele>1652.0</ele>
   </trkpt>
   <trkpt lat="36.1058070" lon="-115.4863860">
    <ele>1652.0</ele>
   </trkpt>
   <trkpt lat="36.1058080" lon="-115.4863850">
    <ele>1652.0</ele>
   </trkpt>
   <trkpt lat="36.1058090" lon="-115.4863840">
    <ele>1652.0</ele>
   </trkpt>
   <trkpt lat="36.1058100" lon="-115.4863830">
    <ele>1652.0</ele>
   </trkpt>
   <trkpt lat="36.1058110" lon="-115.4863820">
    <ele>1652.0</ele>
   </trkpt>
   <trkpt lat="36.1058120" lon="-115.4863810">
    <ele>1652.0</ele>
   </trkpt>
   <trkpt lat="36.1058130" lon="-115.4863800">
    <ele>1652.0</ele>
   </trkpt>
   <trkpt lat="36.1058140" lon="-115.4863790">
    <ele>1652.0</ele>
   </trkpt>
   <trkpt lat="36.1058140" lon="-115.4863780">
    <ele>1652.0</ele>
   </trkpt>
   <trkpt lat="36.1058150" lon="-115.4863760">
    <ele>1653.0</ele>
   </trkpt>
   <trkpt lat="36.1058160" lon="-115.4863750">
    <ele>1653.0</ele>
   </trkpt>
   <trkpt lat="36.1058170" lon="-115.4863740">
    <ele>1653.0</ele>
   </trkpt>
   <trkpt lat="36.1058180" lon="-115.4863730">
    <ele>1653.0</ele>
   </trkpt>
   <trkpt lat="36.1058190" lon="-115.4863720">
    <ele>1653.0</ele>
   </trkpt>
   <trkpt lat="36.1058200" lon="-115.4863710">
    <ele>1654.0</ele>
   </trkpt>
   <trkpt lat="36.1058210" lon="-115.4863700">
    <ele>1654.0</ele>
   </trkpt>
   <trkpt lat="36.1058210" lon="-115.4863690">
    <ele>1654.0</ele>
   </trkpt>
   <trkpt lat="36.1058220" lon="-115.4863670">
    <ele>1655.0</ele>
   </trkpt>
   <trkpt lat="36.1058230" lon="-115.4863660">
    <ele>1655.0</ele>
   </trkpt>
   <trkpt lat="36.1058240" lon="-115.4863650">
    <ele>1656.0</ele>
   </trkpt>
   <trkpt lat="36.1058250" lon="-115.4863640">
    <ele>1656.0</ele>
   </trkpt>
   <trkpt lat="36.1058260" lon="-115.4863630">
    <ele>1656.0</ele>
   </trkpt>
   <trkpt lat="36.1058270" lon="-115.4863620">
    <ele>1656.0</ele>
   </trkpt>
   <trkpt lat="36.1058280" lon="-115.4863610">
    <ele>1656.0</ele>
   </trkpt>
   <trkpt lat="36.1058280" lon="-115.4863600">
    <ele>1657.0</ele>
   </trkpt>
   <trkpt lat="36.1058290" lon="-115.4863590">
    <ele>1657.0</ele>
   </trkpt>
   <trkpt lat="36.1058290" lon="-115.4863590">
    <ele>1657.0</ele>
   </trkpt>
   <trkpt lat="36.1058310" lon="-115.4863580">
    <ele>1658.0</ele>
   </trkpt>
   <trkpt lat="36.1058340" lon="-115.4863570">
    <ele>1658.0</ele>
   </trkpt>
   <trkpt lat="36.1058360" lon="-115.4863560">
    <ele>1659.0</ele>
   </trkpt>
   <trkpt lat="36.1058380" lon="-115.4863550">
    <ele>1659.0</ele>
   </trkpt>
   <trkpt lat="36.1058400" lon="-115.4863540">
    <ele>1659.0</ele>
   </trkpt>
   <trkpt lat="36.1058420" lon="-115.4863530">
    <ele>1659.0</ele>
   </trkpt>
   <trkpt lat="36.1058450" lon="-115.4863520">
    <ele>1659.0</ele>
   </trkpt>
   <trkpt lat="36.1058470" lon="-115.4863510">
    <ele>1660.0</ele>
   </trkpt>
   <trkpt lat="36.1058490" lon="-115.4863500">
    <ele>1660.0</ele>
   </trkpt>
   <trkpt lat="36.1058510" lon="-115.4863490">
    <ele>1660.0</ele>
   </trkpt>
   <trkpt lat="36.1058530" lon="-115.4863480">
    <ele>1660.0</ele>
   </trkpt>
   <trkpt lat="36.1058550" lon="-115.4863470">
    <ele>1660.0</ele>
   </trkpt>
   <trkpt lat="36.1058580" lon="-115.4863460">
    <ele>1661.0</ele>
   </trkpt>
   <trkpt lat="36.1058600" lon="-115.4863450">
    <ele>1661.0</ele>
   </trkpt>
   <trkpt lat="36.1058620" lon="-115.4863440">
    <ele>1661.0</ele>
   </trkpt>
   <trkpt lat="36.1058640" lon="-115.4863430">
    <ele>1661.0</ele>
   </trkpt>
   <trkpt lat="36.1058660" lon="-115.4863420">
    <ele>1661.0</ele>
   </trkpt>
   <trkpt lat="36.1058690" lon="-115.4863410">
    <ele>1662.0</ele>
   </trkpt>
   <trkpt lat="36.1058710" lon="-115.4863400">
    <ele>1662.0</ele>
   </trkpt>
   <trkpt lat="36.1058730" lon="-115.4863390">
    <ele>1662.0</ele>
   </trkpt>
   <trkpt lat="36.1058750" lon="-115.4863380">
    <ele>1662.0</ele>
   </trkpt>
   <trkpt lat="36.1058770" lon="-115.4863370">
    <ele>1662.0</ele>
   </trkpt>
   <trkpt lat="36.1058790" lon="-115.4863360">
    <ele>1663.0</ele>
   </trkpt>
   <trkpt lat="36.1058820" lon="-115.4863350">
    <ele>1663.0</ele>
   </trkpt>
   <trkpt lat="36.1058840" lon="-115.4863340">
    <ele>1663.0</ele>
   </trkpt>
   <trkpt lat="36.1058860" lon="-115.4863330">
    <ele>1663.0</ele>
   </trkpt>
   <trkpt lat="36.1058880" lon="-115.4863320">
    <ele>1663.0</ele>
   </trkpt>
   <trkpt lat="36.1058900" lon="-115.4863310">
    <ele>1664.0</ele>
   </trkpt>
   <trkpt lat="36.1058930" lon="-115.4863300">
    <ele>1664.0</ele>
   </trkpt>
   <trkpt lat="36.1058950" lon="-115.4863290">
    <ele>1664.0</ele>
   </trkpt>
   <trkpt lat="36.1058970" lon="-115.4863280">
    <ele>1664.0</ele>
   </trkpt>
   <trkpt lat="36.1058990" lon="-115.4863270">
    <ele>1664.0</ele>
   </trkpt>
   <trkpt lat="36.1059010" lon="-115.4863260">
    <ele>1665.0</ele>
   </trkpt>
   <trkpt lat="36.1059040" lon="-115.4863250">
    <ele>1665.0</ele>
   </trkpt>
   <trkpt lat="36.1059060" lon="-115.4863250">
    <ele>1665.0</ele>
   </trkpt>
   <trkpt lat="36.1059080" lon="-115.4863240">
    <ele>1666.0</ele>
   </trkpt>
   <trkpt lat="36.1059100" lon="-115.4863230">
    <ele>1666.0</ele>
   </trkpt>
   <trkpt lat="36.1059120" lon="-115.4863220">
    <ele>1667.0</ele>
   </trkpt>
   <trkpt lat="36.1059140" lon="-115.4863210">
    <ele>1667.0</ele>
   </trkpt>
   <trkpt lat="36.1059230" lon="-115.4863220">
    <ele>1667.0</ele>
   </trkpt>
   <trkpt lat="36.1059330" lon="-115.4863230">
    <ele>1667.0</ele>
   </trkpt>
   <trkpt lat="36.1059340" lon="-115.4863290">
    <ele>1667.0</ele>
   </trkpt>
   <trkpt lat="36.1059360" lon="-115.4863360">
    <ele>1668.0</ele>
   </trkpt>
   <trkpt lat="36.1059350" lon="-115.4863440">
    <ele>1668.0</ele>
   </trkpt>
   <trkpt lat="36.1059330" lon="-115.4863520">
    <ele>1668.0</ele>
   </trkpt>
   <trkpt lat="36.1059330" lon="-115.4863590">
    <ele>1668.0</ele>
   </trkpt>
   <trkpt lat="36.1059340" lon="-115.4863660">
    <ele>1668.0</ele>
   </trkpt>
   <trkpt lat="36.1059340" lon="-115.4863660">
    <ele>1669.0</ele>
   </trkpt>
   <trkpt lat="36.1059340" lon="-115.4863660">
    <ele>1669.0</ele>
   </trkpt>
   <trkpt lat="36.1059340" lon="-115.4863660">
    <ele>1669.0</ele>
   </trkpt>
   <trkpt lat="36.1059340" lon="-115.4863660">
    <ele>1670.0</ele>
   </trkpt>
   <trkpt lat="36.1059340" lon="-115.4863660">
    <ele>1670.0</ele>
   </trkpt>
   <trkpt lat="36.1059340" lon="-115.4863660">
    <ele>1671.0</ele>
   </trkpt>
   <trkpt lat="36.1059340" lon="-115.4863660">
    <ele>1671.0</ele>
   </trkpt>
   <trkpt lat="36.1059340" lon="-115.4863660">
    <ele>1671.0</ele>
   </trkpt>
   <trkpt lat="36.1059340" lon="-115.4863660">
    <ele>1671.0</ele>
   </trkpt>
   <trkpt lat="36.1059340" lon="-115.4863660">
    <ele>1671.0</ele>
   </trkpt>
   <trkpt lat="36.1059340" lon="-115.4863660">
    <ele>1672.0</ele>
   </trkpt>
   <trkpt lat="36.1059380" lon="-115.4863790">
    <ele>1672.0</ele>
   </trkpt>
   <trkpt lat="36.1059390" lon="-115.4863880">
    <ele>1672.0</ele>
   </trkpt>
   <trkpt lat="36.1059410" lon="-115.4863970">
    <ele>1672.0</ele>
   </trkpt>
   <trkpt lat="36.1059410" lon="-115.4863970">
    <ele>1672.0</ele>
   </trkpt>
   <trkpt lat="36.1059410" lon="-115.4863970">
    <ele>1673.0</ele>
   </trkpt>
   <trkpt lat="36.1059410" lon="-115.4863970">
    <ele>1673.0</ele>
   </trkpt>
   <trkpt lat="36.1059410" lon="-115.4863970">
    <ele>1673.0</ele>
   </trkpt>
   <trkpt lat="36.1059410" lon="-115.4863970">
    <ele>1673.0</ele>
   </trkpt>
   <trkpt lat="36.1059410" lon="-115.4863970">
    <ele>1673.0</ele>
   </trkpt>
   <trkpt lat="36.1059410" lon="-115.4863970">
    <ele>1674.0</ele>
   </trkpt>
   <trkpt lat="36.1059410" lon="-115.4863970">
    <ele>1674.0</ele>
   </trkpt>
   <trkpt lat="36.1059410" lon="-115.4863970">
    <ele>1674.0</ele>
   </trkpt>
   <trkpt lat="36.1059410" lon="-115.4863970">
    <ele>1674.0</ele>
   </trkpt>
   <trkpt lat="36.1059410" lon="-115.4863970">
    <ele>1674.0</ele>
   </trkpt>
   <trkpt lat="36.1059410" lon="-115.4863970">
    <ele>1675.0</ele>
   </trkpt>
   <trkpt lat="36.1059410" lon="-115.4863970">
    <ele>1675.0</ele>
   </trkpt>
   <trkpt lat="36.1059410" lon="-115.4863970">
    <ele>1675.0</ele>
   </trkpt>
   <trkpt lat="36.1059410" lon="-115.4863970">
    <ele>1675.0</ele>
   </trkpt>
   <trkpt lat="36.1059410" lon="-115.4863970">
    <ele>1675.0</ele>
   </trkpt>
   <trkpt lat="36.1059410" lon="-115.4863970">
    <ele>1676.0</ele>
   </trkpt>
   <trkpt lat="36.1059410" lon="-115.4863970">
    <ele>1676.0</ele>
   </trkpt>
   <trkpt lat="36.1059410" lon="-115.4863970">
    <ele>1676.0</ele>
   </trkpt>
   <trkpt lat="36.1059410" lon="-115.4863970">
    <ele>1677.0</ele>
   </trkpt>
   <trkpt lat="36.1059410" lon="-115.4863970">
    <ele>1677.0</ele>
   </trkpt>
   <trkpt lat="36.1059410" lon="-115.4863970">
    <ele>1678.0</ele>
   </trkpt>
   <trkpt lat="36.1059410" lon="-115.4863970">
    <ele>1678.0</ele>
   </trkpt>
   <trkpt lat="36.1059410" lon="-115.4863970">
    <ele>1678.0</ele>
   </trkpt>
   <trkpt lat="36.1059410" lon="-115.4863970">
    <ele>1678.0</ele>
   </trkpt>
   <trkpt lat="36.1059410" lon="-115.4863970">
    <ele>1678.0</ele>
   </trkpt>
   <trkpt lat="36.1059410" lon="-115.4863970">
    <ele>1679.0</ele>
   </trkpt>
   <trkpt lat="36.1059410" lon="-115.4863970">
    <ele>1679.0</ele>
   </trkpt>
   <trkpt lat="36.1059410" lon="-115.4863970">
    <ele>1679.0</ele>
   </trkpt>
   <trkpt lat="36.1059410" lon="-115.4863970">
    <ele>1679.0</ele>
   </trkpt>
   <trkpt lat="36.1059410" lon="-115.4863970">
    <ele>1679.0</ele>
   </trkpt>
   <trkpt lat="36.1059410" lon="-115.4863970">
    <ele>1680.0</ele>
   </trkpt>
   <trkpt lat="36.1059410" lon="-115.4863970">
    <ele>1680.0</ele>
   </trkpt>
   <trkpt lat="36.1059410" lon="-115.4863970">
    <ele>1680.0</ele>
   </trkpt>
   <trkpt lat="36.1059410" lon="-115.4863970">
    <ele>1680.0</ele>
   </trkpt>
   <trkpt lat="36.1059410" lon="-115.4863970">
    <ele>1680.0</ele>
   </trkpt>
   <trkpt lat="36.1059410" lon="-115.4863970">
    <ele>1681.0</ele>
   </trkpt>
   <trkpt lat="36.1059410" lon="-115.4863970">
    <ele>1681.0</ele>
   </trkpt>
   <trkpt lat="36.1059410" lon="-115.4863970">
    <ele>1681.0</ele>
   </trkpt>
   <trkpt lat="36.1059410" lon="-115.4863970">
    <ele>1681.0</ele>
   </trkpt>
   <trkpt lat="36.1059410" lon="-115.4863970">
    <ele>1681.0</ele>
   </trkpt>
   <trkpt lat="36.1059410" lon="-115.4863970">
    <ele>1682.0</ele>
   </trkpt>
   <trkpt lat="36.1059410" lon="-115.4863970">
    <ele>1682.0</ele>
   </trkpt>
   <trkpt lat="36.1059410" lon="-115.4863970">
    <ele>1682.0</ele>
   </trkpt>
   <trkpt lat="36.1059410" lon="-115.4863970">
    <ele>1682.0</ele>
   </trkpt>
   <trkpt lat="36.1059410" lon="-115.4863970">
    <ele>1682.0</ele>
   </trkpt>
   <trkpt lat="36.1059410" lon="-115.4863970">
    <ele>1682.0</ele>
   </trkpt>
   <trkpt lat="36.1059410" lon="-115.4863970">
    <ele>1682.0</ele>
   </trkpt>
   <trkpt lat="36.1059410" lon="-115.4863970">
    <ele>1682.0</ele>
   </trkpt>
   <trkpt lat="36.1059410" lon="-115.4863970">
    <ele>1682.0</ele>
   </trkpt>
   <trkpt lat="36.1059410" lon="-115.4863970">
    <ele>1682.0</ele>
   </trkpt>
   <trkpt lat="36.1059410" lon="-115.4863970">
    <ele>1683.0</ele>
   </trkpt>
   <trkpt lat="36.1059410" lon="-115.4863970">
    <ele>1683.0</ele>
   </trkpt>
   <trkpt lat="36.1059410" lon="-115.4863970">
    <ele>1683.0</ele>
   </trkpt>
   <trkpt lat="36.1059410" lon="-115.4863970">
    <ele>1683.0</ele>
   </trkpt>
   <trkpt lat="36.1059410" lon="-115.4863970">
    <ele>1683.0</ele>
   </trkpt>
   <trkpt lat="36.1059410" lon="-115.4863970">
    <ele>1684.0</ele>
   </trkpt>
   <trkpt lat="36.1059410" lon="-115.4863970">
    <ele>1684.0</ele>
   </trkpt>
   <trkpt lat="36.1059410" lon="-115.4863970">
    <ele>1684.0</ele>
   </trkpt>
   <trkpt lat="36.1059410" lon="-115.4863970">
    <ele>1684.0</ele>
   </trkpt>
   <trkpt lat="36.1059410" lon="-115.4863970">
    <ele>1684.0</ele>
   </trkpt>
   <trkpt lat="36.1059410" lon="-115.4863970">
    <ele>1684.0</ele>
   </trkpt>
   <trkpt lat="36.1059410" lon="-115.4863970">
    <ele>1684.0</ele>
   </trkpt>
   <trkpt lat="36.1059410" lon="-115.4863970">
    <ele>1684.0</ele>
   </trkpt>
   <trkpt lat="36.1059410" lon="-115.4863970">
    <ele>1684.0</ele>
   </trkpt>
   <trkpt lat="36.1059410" lon="-115.4863970">
    <ele>1684.0</ele>
   </trkpt>
   <trkpt lat="36.1059410" lon="-115.4863970">
    <ele>1685.0</ele>
   </trkpt>
   <trkpt lat="36.1059410" lon="-115.4863970">
    <ele>1685.0</ele>
   </trkpt>
   <trkpt lat="36.1059410" lon="-115.4863970">
    <ele>1685.0</ele>
   </trkpt>
   <trkpt lat="36.1059410" lon="-115.4863970">
    <ele>1685.0</ele>
   </trkpt>
   <trkpt lat="36.1059410" lon="-115.4863970">
    <ele>1685.0</ele>
   </trkpt>
   <trkpt lat="36.1059410" lon="-115.4863970">
    <ele>1685.0</ele>
   </trkpt>
   <trkpt lat="36.1059410" lon="-115.4863970">
    <ele>1685.0</ele>
   </trkpt>
   <trkpt lat="36.1059410" lon="-115.4863970">
    <ele>1685.0</ele>
   </trkpt>
   <trkpt lat="36.1059410" lon="-115.4863970">
    <ele>1685.0</ele>
   </trkpt>
   <trkpt lat="36.1059410" lon="-115.4863970">
    <ele>1685.0</ele>
   </trkpt>
   <trkpt lat="36.1059410" lon="-115.4863970">
    <ele>1686.0</ele>
   </trkpt>
   <trkpt lat="36.1059410" lon="-115.4863970">
    <ele>1686.0</ele>
   </trkpt>
   <trkpt lat="36.1059410" lon="-115.4863970">
    <ele>1686.0</ele>
   </trkpt>
   <trkpt lat="36.1059410" lon="-115.4863970">
    <ele>1686.0</ele>
   </trkpt>
   <trkpt lat="36.1059410" lon="-115.4863970">
    <ele>1686.0</ele>
   </trkpt>
   <trkpt lat="36.1059410" lon="-115.4863970">
    <ele>1686.0</ele>
   </trkpt>
   <trkpt lat="36.1059410" lon="-115.4863970">
    <ele>1686.0</ele>
   </trkpt>
   <trkpt lat="36.1059410" lon="-115.4863970">
    <ele>1686.0</ele>
   </trkpt>
   <trkpt lat="36.1059410" lon="-115.4863970">
    <ele>1686.0</ele>
   </trkpt>
   <trkpt lat="36.1059410" lon="-115.4863970">
    <ele>1686.0</ele>
   </trkpt>
   <trkpt lat="36.1059410" lon="-115.4863970">
    <ele>1687.0</ele>
   </trkpt>
   <trkpt lat="36.1059410" lon="-115.4863970">
    <ele>1687.0</ele>
   </trkpt>
   <trkpt lat="36.1059410" lon="-115.4863970">
    <ele>1687.0</ele>
   </trkpt>
   <trkpt lat="36.1059410" lon="-115.4863970">
    <ele>1687.0</ele>
   </trkpt>
   <trkpt lat="36.1059410" lon="-115.4863970">
    <ele>1687.0</ele>
   </trkpt>
   <trkpt lat="36.1059410" lon="-115.4863970">
    <ele>1688.0</ele>
   </trkpt>
   <trkpt lat="36.1059410" lon="-115.4863970">
    <ele>1688.0</ele>
   </trkpt>
   <trkpt lat="36.1059410" lon="-115.4863970">
    <ele>1688.0</ele>
   </trkpt>
   <trkpt lat="36.1059410" lon="-115.4863970">
    <ele>1688.0</ele>
   </trkpt>
   <trkpt lat="36.1059410" lon="-115.4863970">
    <ele>1688.0</ele>
   </trkpt>
   <trkpt lat="36.1059410" lon="-115.4863970">
    <ele>1688.0</ele>
   </trkpt>
   <trkpt lat="36.1059410" lon="-115.4863970">
    <ele>1688.0</ele>
   </trkpt>
   <trkpt lat="36.1059410" lon="-115.4863970">
    <ele>1688.0</ele>
   </trkpt>
   <trkpt lat="36.1059410" lon="-115.4863970">
    <ele>1688.0</ele>
   </trkpt>
   <trkpt lat="36.1059410" lon="-115.4863970">
    <ele>1688.0</ele>
   </trkpt>
   <trkpt lat="36.1059410" lon="-115.4863970">
    <ele>1689.0</ele>
   </trkpt>
   <trkpt lat="36.1059410" lon="-115.4863970">
    <ele>1689.0</ele>
   </trkpt>
   <trkpt lat="36.1059410" lon="-115.4863970">
    <ele>1689.0</ele>
   </trkpt>
   <trkpt lat="36.1059410" lon="-115.4863970">
    <ele>1689.0</ele>
   </trkpt>
   <trkpt lat="36.1059410" lon="-115.4863970">
    <ele>1689.0</ele>
   </trkpt>
   <trkpt lat="36.1059410" lon="-115.4863970">
    <ele>1689.0</ele>
   </trkpt>
   <trkpt lat="36.1059410" lon="-115.4863970">
    <ele>1689.0</ele>
   </trkpt>
   <trkpt lat="36.1059410" lon="-115.4863970">
    <ele>1689.0</ele>
   </trkpt>
   <trkpt lat="36.1059410" lon="-115.4863970">
    <ele>1689.0</ele>
   </trkpt>
   <trkpt lat="36.1059410" lon="-115.4863970">
    <ele>1689.0</ele>
   </trkpt>
   <trkpt lat="36.1059410" lon="-115.4863970">
    <ele>1689.0</ele>
   </trkpt>
   <trkpt lat="36.1059410" lon="-115.4863970">
    <ele>1689.0</ele>
   </trkpt>
   <trkpt lat="36.1059410" lon="-115.4863970">
    <ele>1689.0</ele>
   </trkpt>
   <trkpt lat="36.1059410" lon="-115.4863970">
    <ele>1689.0</ele>
   </trkpt>
   <trkpt lat="36.1059410" lon="-115.4863970">
    <ele>1689.0</ele>
   </trkpt>
   <trkpt lat="36.1059410" lon="-115.4863970">
    <ele>1689.0</ele>
   </trkpt>
   <trkpt lat="36.1059410" lon="-115.4863970">
    <ele>1689.0</ele>
   </trkpt>
   <trkpt lat="36.1059410" lon="-115.4863970">
    <ele>1689.0</ele>
   </trkpt>
   <trkpt lat="36.1059410" lon="-115.4863970">
    <ele>1689.0</ele>
   </trkpt>
   <trkpt lat="36.1059410" lon="-115.4863970">
    <ele>1689.0</ele>
   </trkpt>
   <trkpt lat="36.1059410" lon="-115.4863970">
    <ele>1689.0</ele>
   </trkpt>
   <trkpt lat="36.1059410" lon="-115.4863970">
    <ele>1689.0</ele>
   </trkpt>
   <trkpt lat="36.1059410" lon="-115.4863970">
    <ele>1689.0</ele>
   </trkpt>
   <trkpt lat="36.1059410" lon="-115.4863970">
    <ele>1689.0</ele>
   </trkpt>
   <trkpt lat="36.1059410" lon="-115.4863970">
    <ele>1689.0</ele>
   </trkpt>
   <trkpt lat="36.1059410" lon="-115.4863970">
    <ele>1689.0</ele>
   </trkpt>
   <trkpt lat="36.1059550" lon="-115.4864260">
    <ele>1689.0</ele>
   </trkpt>
   <trkpt lat="36.1059640" lon="-115.4864390">
    <ele>1689.0</ele>
   </trkpt>
   <trkpt lat="36.1059730" lon="-115.4864520">
    <ele>1689.0</ele>
   </trkpt>
   <trkpt lat="36.1059730" lon="-115.4864520">
    <ele>1689.0</ele>
   </trkpt>
   <trkpt lat="36.1059730" lon="-115.4864520">
    <ele>1689.0</ele>
   </trkpt>
   <trkpt lat="36.1059730" lon="-115.4864520">
    <ele>1689.0</ele>
   </trkpt>
   <trkpt lat="36.1059730" lon="-115.4864520">
    <ele>1689.0</ele>
   </trkpt>
   <trkpt lat="36.1059730" lon="-115.4864520">
    <ele>1690.0</ele>
   </trkpt>
   <trkpt lat="36.1059730" lon="-115.4864520">
    <ele>1690.0</ele>
   </trkpt>
   <trkpt lat="36.1059730" lon="-115.4864520">
    <ele>1691.0</ele>
   </trkpt>
   <trkpt lat="36.1059730" lon="-115.4864520">
    <ele>1691.0</ele>
   </trkpt>
   <trkpt lat="36.1059730" lon="-115.4864520">
    <ele>1691.0</ele>
   </trkpt>
   <trkpt lat="36.1059730" lon="-115.4864520">
    <ele>1691.0</ele>
   </trkpt>
   <trkpt lat="36.1059730" lon="-115.4864520">
    <ele>1691.0</ele>
   </trkpt>
   <trkpt lat="36.1059730" lon="-115.4864520">
    <ele>1692.0</ele>
   </trkpt>
   <trkpt lat="36.1059950" lon="-115.4864830">
    <ele>1692.0</ele>
   </trkpt>
   <trkpt lat="36.1059970" lon="-115.4864970">
    <ele>1692.0</ele>
   </trkpt>
   <trkpt lat="36.1059990" lon="-115.4865100">
    <ele>1692.0</ele>
   </trkpt>
   <trkpt lat="36.1060010" lon="-115.4865240">
    <ele>1692.0</ele>
   </trkpt>
   <trkpt lat="36.1059940" lon="-115.4865340">
    <ele>1693.0</ele>
   </trkpt>
   <trkpt lat="36.1059870" lon="-115.4865440">
    <ele>1693.0</ele>
   </trkpt>
   <trkpt lat="36.1059870" lon="-115.4865440">
    <ele>1693.0</ele>
   </trkpt>
   <trkpt lat="36.1059870" lon="-115.4865440">
    <ele>1693.0</ele>
   </trkpt>
   <trkpt lat="36.1059870" lon="-115.4865440">
    <ele>1693.0</ele>
   </trkpt>
   <trkpt lat="36.1059870" lon="-115.4865440">
    <ele>1694.0</ele>
   </trkpt>
   <trkpt lat="36.1059870" lon="-115.4865440">
    <ele>1694.0</ele>
   </trkpt>
   <trkpt lat="36.1059870" lon="-115.4865440">
    <ele>1694.0</ele>
   </trkpt>
   <trkpt lat="36.1059870" lon="-115.4865440">
    <ele>1695.0</ele>
   </trkpt>
   <trkpt lat="36.1059870" lon="-115.4865440">
    <ele>1695.0</ele>
   </trkpt>
   <trkpt lat="36.1059870" lon="-115.4865440">
    <ele>1696.0</ele>
   </trkpt>
   <trkpt lat="36.1059870" lon="-115.4865440">
    <ele>1696.0</ele>
   </trkpt>
   <trkpt lat="36.1059870" lon="-115.4865440">
    <ele>1696.0</ele>
   </trkpt>
   <trkpt lat="36.1059870" lon="-115.4865440">
    <ele>1696.0</ele>
   </trkpt>
   <trkpt lat="36.1059870" lon="-115.4865440">
    <ele>1696.0</ele>
   </trkpt>
   <trkpt lat="36.1059870" lon="-115.4865440">
    <ele>1697.0</ele>
   </trkpt>
   <trkpt lat="36.1059870" lon="-115.4865440">
    <ele>1697.0</ele>
   </trkpt>
   <trkpt lat="36.1059870" lon="-115.4865440">
    <ele>1697.0</ele>
   </trkpt>
   <trkpt lat="36.1059870" lon="-115.4865440">
    <ele>1697.0</ele>
   </trkpt>
   <trkpt lat="36.1059870" lon="-115.4865440">
    <ele>1697.0</ele>
   </trkpt>
   <trkpt lat="36.1059870" lon="-115.4865440">
    <ele>1698.0</ele>
   </trkpt>
   <trkpt lat="36.1059870" lon="-115.4865440">
    <ele>1698.0</ele>
   </trkpt>
   <trkpt lat="36.1059870" lon="-115.4865440">
    <ele>1698.0</ele>
   </trkpt>
   <trkpt lat="36.1059870" lon="-115.4865440">
    <ele>1698.0</ele>
   </trkpt>
   <trkpt lat="36.1059870" lon="-115.4865440">
    <ele>1698.0</ele>
   </trkpt>
   <trkpt lat="36.1059870" lon="-115.4865440">
    <ele>1699.0</ele>
   </trkpt>
   <trkpt lat="36.1059870" lon="-115.4865440">
    <ele>1699.0</ele>
   </trkpt>
   <trkpt lat="36.1059870" lon="-115.4865440">
    <ele>1699.0</ele>
   </trkpt>
   <trkpt lat="36.1059870" lon="-115.4865440">
    <ele>1699.0</ele>
   </trkpt>
   <trkpt lat="36.1059870" lon="-115.4865440">
    <ele>1699.0</ele>
   </trkpt>
   <trkpt lat="36.1059870" lon="-115.4865440">
    <ele>1700.0</ele>
   </trkpt>
   <trkpt lat="36.1059870" lon="-115.4865440">
    <ele>1700.0</ele>
   </trkpt>
   <trkpt lat="36.1059870" lon="-115.4865440">
    <ele>1700.0</ele>
   </trkpt>
   <trkpt lat="36.1059870" lon="-115.4865440">
    <ele>1700.0</ele>
   </trkpt>
   <trkpt lat="36.1059870" lon="-115.4865440">
    <ele>1700.0</ele>
   </trkpt>
   <trkpt lat="36.1059870" lon="-115.4865440">
    <ele>1701.0</ele>
   </trkpt>
   <trkpt lat="36.1059870" lon="-115.4865440">
    <ele>1701.0</ele>
   </trkpt>
   <trkpt lat="36.1059870" lon="-115.4865440">
    <ele>1701.0</ele>
   </trkpt>
   <trkpt lat="36.1059870" lon="-115.4865440">
    <ele>1701.0</ele>
   </trkpt>
   <trkpt lat="36.1059870" lon="-115.4865440">
    <ele>1701.0</ele>
   </trkpt>
   <trkpt lat="36.1059870" lon="-115.4865440">
    <ele>1702.0</ele>
   </trkpt>
   <trkpt lat="36.1059870" lon="-115.4865440">
    <ele>1702.0</ele>
   </trkpt>
   <trkpt lat="36.1059870" lon="-115.4865440">
    <ele>1702.0</ele>
   </trkpt>
   <trkpt lat="36.1059870" lon="-115.4865440">
    <ele>1702.0</ele>
   </trkpt>
   <trkpt lat="36.1059870" lon="-115.4865440">
    <ele>1702.0</ele>
   </trkpt>
   <trkpt lat="36.1059870" lon="-115.4865440">
    <ele>1703.0</ele>
   </trkpt>
   <trkpt lat="36.1059870" lon="-115.4865440">
    <ele>1703.0</ele>
   </trkpt>
   <trkpt lat="36.1059870" lon="-115.4865440">
    <ele>1703.0</ele>
   </trkpt>
   <trkpt lat="36.1059870" lon="-115.4865440">
    <ele>1703.0</ele>
   </trkpt>
   <trkpt lat="36.1059870" lon="-115.4865440">
    <ele>1703.0</ele>
   </trkpt>
   <trkpt lat="36.1059870" lon="-115.4865440">
    <ele>1704.0</ele>
   </trkpt>
   <trkpt lat="36.1059870" lon="-115.4865440">
    <ele>1704.0</ele>
   </trkpt>
   <trkpt lat="36.1059870" lon="-115.4865440">
    <ele>1704.0</ele>
   </trkpt>
   <trkpt lat="36.1059870" lon="-115.4865440">
    <ele>1704.0</ele>
   </trkpt>
   <trkpt lat="36.1059870" lon="-115.4865440">
    <ele>1704.0</ele>
   </trkpt>
   <trkpt lat="36.1059870" lon="-115.4865440">
    <ele>1704.0</ele>
   </trkpt>
   <trkpt lat="36.1059870" lon="-115.4865440">
    <ele>1704.0</ele>
   </trkpt>
   <trkpt lat="36.1059870" lon="-115.4865440">
    <ele>1704.0</ele>
   </trkpt>
   <trkpt lat="36.1059870" lon="-115.4865440">
    <ele>1704.0</ele>
   </trkpt>
   <trkpt lat="36.1059870" lon="-115.4865440">
    <ele>1704.0</ele>
   </trkpt>
   <trkpt lat="36.1059870" lon="-115.4865440">
    <ele>1705.0</ele>
   </trkpt>
   <trkpt lat="36.1059870" lon="-115.4865440">
    <ele>1705.0</ele>
   </trkpt>
   <trkpt lat="36.1059870" lon="-115.4865440">
    <ele>1705.0</ele>
   </trkpt>
   <trkpt lat="36.1059870" lon="-115.4865440">
    <ele>1705.0</ele>
   </trkpt>
   <trkpt lat="36.1059870" lon="-115.4865440">
    <ele>1705.0</ele>
   </trkpt>
   <trkpt lat="36.1059870" lon="-115.4865440">
    <ele>1706.0</ele>
   </trkpt>
   <trkpt lat="36.1059870" lon="-115.4865440">
    <ele>1706.0</ele>
   </trkpt>
   <trkpt lat="36.1059870" lon="-115.4865440">
    <ele>1706.0</ele>
   </trkpt>
   <trkpt lat="36.1059870" lon="-115.4865440">
    <ele>1706.0</ele>
   </trkpt>
   <trkpt lat="36.1059870" lon="-115.4865440">
    <ele>1706.0</ele>
   </trkpt>
   <trkpt lat="36.1059870" lon="-115.4865440">
    <ele>1706.0</ele>
   </trkpt>
   <trkpt lat="36.1059870" lon="-115.4865440">
    <ele>1706.0</ele>
   </trkpt>
   <trkpt lat="36.1059870" lon="-115.4865440">
    <ele>1706.0</ele>
   </trkpt>
   <trkpt lat="36.1061490" lon="-115.4867480">
    <ele>1706.0</ele>
   </trkpt>
   <trkpt lat="36.1061550" lon="-115.4867460">
    <ele>1706.0</ele>
   </trkpt>
   <trkpt lat="36.1061620" lon="-115.4867450">
    <ele>1707.0</ele>
   </trkpt>
   <trkpt lat="36.1061720" lon="-115.4867440">
    <ele>1707.0</ele>
   </trkpt>
   <trkpt lat="36.1061820" lon="-115.4867440">
    <ele>1707.0</ele>
   </trkpt>
   <trkpt lat="36.1061860" lon="-115.4867440">
    <ele>1707.0</ele>
   </trkpt>
   <trkpt lat="36.1061900" lon="-115.4867430">
    <ele>1707.0</ele>
   </trkpt>
   <trkpt lat="36.1061880" lon="-115.4867370">
    <ele>1708.0</ele>
   </trkpt>
   <trkpt lat="36.1061860" lon="-115.4867300">
    <ele>1708.0</ele>
   </trkpt>
   <trkpt lat="36.1061790" lon="-115.4867250">
    <ele>1708.0</ele>
   </trkpt>
   <trkpt lat="36.1061730" lon="-115.4867200">
    <ele>1708.0</ele>
   </trkpt>
   <trkpt lat="36.1061730" lon="-115.4867200">
    <ele>1708.0</ele>
   </trkpt>
   <trkpt lat="36.1061730" lon="-115.4867200">
    <ele>1708.0</ele>
   </trkpt>
   <trkpt lat="36.1061730" lon="-115.4867200">
    <ele>1708.0</ele>
   </trkpt>
   <trkpt lat="36.1061730" lon="-115.4867200">
    <ele>1708.0</ele>
   </trkpt>
   <trkpt lat="36.1061730" lon="-115.4867200">
    <ele>1708.0</ele>
   </trkpt>
   <trkpt lat="36.1061730" lon="-115.4867200">
    <ele>1708.0</ele>
   </trkpt>
   <trkpt lat="36.1061660" lon="-115.4867160">
    <ele>1709.0</ele>
   </trkpt>
   <trkpt lat="36.1061580" lon="-115.4867130">
    <ele>1709.0</ele>
   </trkpt>
   <trkpt lat="36.1061510" lon="-115.4867090">
    <ele>1709.0</ele>
   </trkpt>
   <trkpt lat="36.1061470" lon="-115.4867060">
    <ele>1709.0</ele>
   </trkpt>
   <trkpt lat="36.1061430" lon="-115.4867020">
    <ele>1709.0</ele>
   </trkpt>
   <trkpt lat="36.1061390" lon="-115.4866990">
    <ele>1709.0</ele>
   </trkpt>
   <trkpt lat="36.1061340" lon="-115.4866930">
    <ele>1709.0</ele>
   </trkpt>
   <trkpt lat="36.1061300" lon="-115.4866870">
    <ele>1709.0</ele>
   </trkpt>
   <trkpt lat="36.1061270" lon="-115.4866790">
    <ele>1709.0</ele>
   </trkpt>
   <trkpt lat="36.1061250" lon="-115.4866720">
    <ele>1709.0</ele>
   </trkpt>
   <trkpt lat="36.1061250" lon="-115.4866690">
    <ele>1710.0</ele>
   </trkpt>
   <trkpt lat="36.1061240" lon="-115.4866660">
    <ele>1710.0</ele>
   </trkpt>
   <trkpt lat="36.1061240" lon="-115.4866640">
    <ele>1710.0</ele>
   </trkpt>
   <trkpt lat="36.1061220" lon="-115.4866600">
    <ele>1710.0</ele>
   </trkpt>
   <trkpt lat="36.1061190" lon="-115.4866570">
    <ele>1710.0</ele>
   </trkpt>
   <trkpt lat="36.1061160" lon="-115.4866550">
    <ele>1710.0</ele>
   </trkpt>
   <trkpt lat="36.1061120" lon="-115.4866540">
    <ele>1710.0</ele>
   </trkpt>
   <trkpt lat="36.1061090" lon="-115.4866520">
    <ele>1710.0</ele>
   </trkpt>
   <trkpt lat="36.1061110" lon="-115.4866580">
    <ele>1710.0</ele>
   </trkpt>
   <trkpt lat="36.1061120" lon="-115.4866640">
    <ele>1710.0</ele>
   </trkpt>
   <trkpt lat="36.1061160" lon="-115.4866750">
    <ele>1710.0</ele>
   </trkpt>
   <trkpt lat="36.1061190" lon="-115.4866860">
    <ele>1710.0</ele>
   </trkpt>
   <trkpt lat="36.1061180" lon="-115.4866960">
    <ele>1710.0</ele>
   </trkpt>
   <trkpt lat="36.1061170" lon="-115.4867060">
    <ele>1710.0</ele>
   </trkpt>
   <trkpt lat="36.1061120" lon="-115.4867130">
    <ele>1710.0</ele>
   </trkpt>
   <trkpt lat="36.1061070" lon="-115.4867200">
    <ele>1711.0</ele>
   </trkpt>
   <trkpt lat="36.1061070" lon="-115.4867200">
    <ele>1711.0</ele>
   </trkpt>
   <trkpt lat="36.1061070" lon="-115.4867200">
    <ele>1711.0</ele>
   </trkpt>
   <trkpt lat="36.1061070" lon="-115.4867200">
    <ele>1711.0</ele>
   </trkpt>
   <trkpt lat="36.1061070" lon="-115.4867200">
    <ele>1711.0</ele>
   </trkpt>
   <trkpt lat="36.1061070" lon="-115.4867200">
    <ele>1711.0</ele>
   </trkpt>
   <trkpt lat="36.1061040" lon="-115.4867310">
    <ele>1711.0</ele>
   </trkpt>
   <trkpt lat="36.1061050" lon="-115.4867400">
    <ele>1711.0</ele>
   </trkpt>
   <trkpt lat="36.1061060" lon="-115.4867480">
    <ele>1712.0</ele>
   </trkpt>
   <trkpt lat="36.1061090" lon="-115.4867540">
    <ele>1712.0</ele>
   </trkpt>
   <trkpt lat="36.1061130" lon="-115.4867600">
    <ele>1713.0</ele>
   </trkpt>
   <trkpt lat="36.1061160" lon="-115.4867610">
    <ele>1713.0</ele>
   </trkpt>
   <trkpt lat="36.1061200" lon="-115.4867620">
    <ele>1713.0</ele>
   </trkpt>
   <trkpt lat="36.1061250" lon="-115.4867600">
    <ele>1713.0</ele>
   </trkpt>
   <trkpt lat="36.1061300" lon="-115.4867590">
    <ele>1713.0</ele>
   </trkpt>
   <trkpt lat="36.1061300" lon="-115.4867590">
    <ele>1714.0</ele>
   </trkpt>
   <trkpt lat="36.1061300" lon="-115.4867590">
    <ele>1714.0</ele>
   </trkpt>
   <trkpt lat="36.1061300" lon="-115.4867590">
    <ele>1714.0</ele>
   </trkpt>
   <trkpt lat="36.1061300" lon="-115.4867590">
    <ele>1714.0</ele>
   </trkpt>
   <trkpt lat="36.1061300" lon="-115.4867590">
    <ele>1714.0</ele>
   </trkpt>
   <trkpt lat="36.1061300" lon="-115.4867590">
    <ele>1715.0</ele>
   </trkpt>
   <trkpt lat="36.1061300" lon="-115.4867590">
    <ele>1715.0</ele>
   </trkpt>
   <trkpt lat="36.1061300" lon="-115.4867590">
    <ele>1715.0</ele>
   </trkpt>
   <trkpt lat="36.1061300" lon="-115.4867590">
    <ele>1715.0</ele>
   </trkpt>
   <trkpt lat="36.1061300" lon="-115.4867590">
    <ele>1715.0</ele>
   </trkpt>
   <trkpt lat="36.1061300" lon="-115.4867590">
    <ele>1716.0</ele>
   </trkpt>
   <trkpt lat="36.1061300" lon="-115.4867590">
    <ele>1716.0</ele>
   </trkpt>
   <trkpt lat="36.1061300" lon="-115.4867590">
    <ele>1716.0</ele>
   </trkpt>
   <trkpt lat="36.1061400" lon="-115.4867510">
    <ele>1716.0</ele>
   </trkpt>
   <trkpt lat="36.1061430" lon="-115.4867460">
    <ele>1716.0</ele>
   </trkpt>
   <trkpt lat="36.1061470" lon="-115.4867410">
    <ele>1717.0</ele>
   </trkpt>
   <trkpt lat="36.1061450" lon="-115.4867390">
    <ele>1717.0</ele>
   </trkpt>
   <trkpt lat="36.1061430" lon="-115.4867370">
    <ele>1717.0</ele>
   </trkpt>
   <trkpt lat="36.1061410" lon="-115.4867350">
    <ele>1717.0</ele>
   </trkpt>
   <trkpt lat="36.1061400" lon="-115.4867330">
    <ele>1717.0</ele>
   </trkpt>
   <trkpt lat="36.1061380" lon="-115.4867320">
    <ele>1718.0</ele>
   </trkpt>
   <trkpt lat="36.1061310" lon="-115.4867280">
    <ele>1718.0</ele>
   </trkpt>
   <trkpt lat="36.1061240" lon="-115.4867240">
    <ele>1718.0</ele>
   </trkpt>
   <trkpt lat="36.1061170" lon="-115.4867220">
    <ele>1718.0</ele>
   </trkpt>
   <trkpt lat="36.1061100" lon="-115.4867200">
    <ele>1718.0</ele>
   </trkpt>
   <trkpt lat="36.1061100" lon="-115.4867200">
    <ele>1719.0</ele>
   </trkpt>
   <trkpt lat="36.1061100" lon="-115.4867200">
    <ele>1719.0</ele>
   </trkpt>
   <trkpt lat="36.1061100" lon="-115.4867200">
    <ele>1719.0</ele>
   </trkpt>
   <trkpt lat="36.1061100" lon="-115.4867200">
    <ele>1719.0</ele>
   </trkpt>
   <trkpt lat="36.1061100" lon="-115.4867200">
    <ele>1719.0</ele>
   </trkpt>
   <trkpt lat="36.1061100" lon="-115.4867200">
    <ele>1720.0</ele>
   </trkpt>
   <trkpt lat="36.1061100" lon="-115.4867200">
    <ele>1720.0</ele>
   </trkpt>
   <trkpt lat="36.1061100" lon="-115.4867200">
    <ele>1720.0</ele>
   </trkpt>
   <trkpt lat="36.1061100" lon="-115.4867200">
    <ele>1720.0</ele>
   </trkpt>
   <trkpt lat="36.1061100" lon="-115.4867200">
    <ele>1720.0</ele>
   </trkpt>
   <trkpt lat="36.1061100" lon="-115.4867200">
    <ele>1721.0</ele>
   </trkpt>
   <trkpt lat="36.1061100" lon="-115.4867200">
    <ele>1721.0</ele>
   </trkpt>
   <trkpt lat="36.1061100" lon="-115.4867200">
    <ele>1721.0</ele>
   </trkpt>
   <trkpt lat="36.1061100" lon="-115.4867200">
    <ele>1721.0</ele>
   </trkpt>
   <trkpt lat="36.1061100" lon="-115.4867200">
    <ele>1721.0</ele>
   </trkpt>
   <trkpt lat="36.1061100" lon="-115.4867200">
    <ele>1722.0</ele>
   </trkpt>
   <trkpt lat="36.1061100" lon="-115.4867200">
    <ele>1722.0</ele>
   </trkpt>
   <trkpt lat="36.1061100" lon="-115.4867200">
    <ele>1722.0</ele>
   </trkpt>
   <trkpt lat="36.1061100" lon="-115.4867200">
    <ele>1722.0</ele>
   </trkpt>
   <trkpt lat="36.1061100" lon="-115.4867200">
    <ele>1722.0</ele>
   </trkpt>
   <trkpt lat="36.1061100" lon="-115.4867200">
    <ele>1723.0</ele>
   </trkpt>
   <trkpt lat="36.1061100" lon="-115.4867200">
    <ele>1723.0</ele>
   </trkpt>
   <trkpt lat="36.1061100" lon="-115.4867200">
    <ele>1723.0</ele>
   </trkpt>
   <trkpt lat="36.1061100" lon="-115.4867200">
    <ele>1723.0</ele>
   </trkpt>
   <trkpt lat="36.1061170" lon="-115.4867370">
    <ele>1723.0</ele>
   </trkpt>
   <trkpt lat="36.1061210" lon="-115.4867480">
    <ele>1724.0</ele>
   </trkpt>
   <trkpt lat="36.1061260" lon="-115.4867590">
    <ele>1724.0</ele>
   </trkpt>
   <trkpt lat="36.1061280" lon="-115.4867660">
    <ele>1724.0</ele>
   </trkpt>
   <trkpt lat="36.1061310" lon="-115.4867720">
    <ele>1724.0</ele>
   </trkpt>
   <trkpt lat="36.1061330" lon="-115.4867790">
    <ele>1724.0</ele>
   </trkpt>
   <trkpt lat="36.1061350" lon="-115.4867910">
    <ele>1724.0</ele>
   </trkpt>
   <trkpt lat="36.1061360" lon="-115.4868030">
    <ele>1724.0</ele>
   </trkpt>
   <trkpt lat="36.1061340" lon="-115.4868160">
    <ele>1724.0</ele>
   </trkpt>
   <trkpt lat="36.1061320" lon="-115.4868290">
    <ele>1724.0</ele>
   </trkpt>
   <trkpt lat="36.1061300" lon="-115.4868420">
    <ele>1724.0</ele>
   </trkpt>
   <trkpt lat="36.1061310" lon="-115.4868530">
    <ele>1725.0</ele>
   </trkpt>
   <trkpt lat="36.1061320" lon="-115.4868650">
    <ele>1725.0</ele>
   </trkpt>
   <trkpt lat="36.1061350" lon="-115.4868730">
    <ele>1725.0</ele>
   </trkpt>
   <trkpt lat="36.1061380" lon="-115.4868810">
    <ele>1725.0</ele>
   </trkpt>
   <trkpt lat="36.1061420" lon="-115.4868860">
    <ele>1725.0</ele>
   </trkpt>
   <trkpt lat="36.1061450" lon="-115.4868920">
    <ele>1726.0</ele>
   </trkpt>
   <trkpt lat="36.1061490" lon="-115.4868980">
    <ele>1726.0</ele>
   </trkpt>
   <trkpt lat="36.1061490" lon="-115.4868980">
    <ele>1726.0</ele>
   </trkpt>
   <trkpt lat="36.1061490" lon="-115.4868980">
    <ele>1726.0</ele>
   </trkpt>
   <trkpt lat="36.1061490" lon="-115.4868980">
    <ele>1726.0</ele>
   </trkpt>
   <trkpt lat="36.1061490" lon="-115.4868980">
    <ele>1727.0</ele>
   </trkpt>
   <trkpt lat="36.1061490" lon="-115.4868980">
    <ele>1727.0</ele>
   </trkpt>
   <trkpt lat="36.1061490" lon="-115.4868980">
    <ele>1727.0</ele>
   </trkpt>
   <trkpt lat="36.1061490" lon="-115.4868980">
    <ele>1727.0</ele>
   </trkpt>
   <trkpt lat="36.1061490" lon="-115.4868980">
    <ele>1727.0</ele>
   </trkpt>
   <trkpt lat="36.1061490" lon="-115.4868980">
    <ele>1728.0</ele>
   </trkpt>
   <trkpt lat="36.1061490" lon="-115.4868980">
    <ele>1728.0</ele>
   </trkpt>
   <trkpt lat="36.1061490" lon="-115.4868980">
    <ele>1728.0</ele>
   </trkpt>
   <trkpt lat="36.1061490" lon="-115.4868980">
    <ele>1728.0</ele>
   </trkpt>
   <trkpt lat="36.1061490" lon="-115.4868980">
    <ele>1728.0</ele>
   </trkpt>
   <trkpt lat="36.1061490" lon="-115.4868980">
    <ele>1729.0</ele>
   </trkpt>
   <trkpt lat="36.1061490" lon="-115.4868980">
    <ele>1729.0</ele>
   </trkpt>
   <trkpt lat="36.1061490" lon="-115.4868980">
    <ele>1729.0</ele>
   </trkpt>
   <trkpt lat="36.1061490" lon="-115.4868980">
    <ele>1729.0</ele>
   </trkpt>
   <trkpt lat="36.1061490" lon="-115.4868980">
    <ele>1729.0</ele>
   </trkpt>
   <trkpt lat="36.1061490" lon="-115.4868980">
    <ele>1730.0</ele>
   </trkpt>
   <trkpt lat="36.1061490" lon="-115.4868980">
    <ele>1730.0</ele>
   </trkpt>
   <trkpt lat="36.1061490" lon="-115.4868980">
    <ele>1730.0</ele>
   </trkpt>
   <trkpt lat="36.1061490" lon="-115.4868980">
    <ele>1730.0</ele>
   </trkpt>
   <trkpt lat="36.1061490" lon="-115.4868980">
    <ele>1730.0</ele>
   </trkpt>
   <trkpt lat="36.1061490" lon="-115.4868980">
    <ele>1731.0</ele>
   </trkpt>
   <trkpt lat="36.1061490" lon="-115.4868980">
    <ele>1731.0</ele>
   </trkpt>
   <trkpt lat="36.1061490" lon="-115.4868980">
    <ele>1731.0</ele>
   </trkpt>
   <trkpt lat="36.1061490" lon="-115.4868980">
    <ele>1731.0</ele>
   </trkpt>
   <trkpt lat="36.1061490" lon="-115.4868980">
    <ele>1731.0</ele>
   </trkpt>
   <trkpt lat="36.1061490" lon="-115.4868980">
    <ele>1732.0</ele>
   </trkpt>
   <trkpt lat="36.1061650" lon="-115.4869160">
    <ele>1732.0</ele>
   </trkpt>
   <trkpt lat="36.1061730" lon="-115.4869160">
    <ele>1732.0</ele>
   </trkpt>
   <trkpt lat="36.1061800" lon="-115.4869160">
    <ele>1732.0</ele>
   </trkpt>
   <trkpt lat="36.1061800" lon="-115.4869160">
    <ele>1732.0</ele>
   </trkpt>
   <trkpt lat="36.1061800" lon="-115.4869160">
    <ele>1733.0</ele>
   </trkpt>
   <trkpt lat="36.1061800" lon="-115.4869160">
    <ele>1733.0</ele>
   </trkpt>
   <trkpt lat="36.1061800" lon="-115.4869160">
    <ele>1733.0</ele>
   </trkpt>
   <trkpt lat="36.1061800" lon="-115.4869160">
    <ele>1733.0</ele>
   </trkpt>
   <trkpt lat="36.1061800" lon="-115.4869160">
    <ele>1733.0</ele>
   </trkpt>
   <trkpt lat="36.1061800" lon="-115.4869160">
    <ele>1733.0</ele>
   </trkpt>
   <trkpt lat="36.1061800" lon="-115.4869160">
    <ele>1733.0</ele>
   </trkpt>
   <trkpt lat="36.1061800" lon="-115.4869160">
    <ele>1733.0</ele>
   </trkpt>
   <trkpt lat="36.1061800" lon="-115.4869160">
    <ele>1733.0</ele>
   </trkpt>
   <trkpt lat="36.1061800" lon="-115.4869160">
    <ele>1733.0</ele>
   </trkpt>
   <trkpt lat="36.1061800" lon="-115.4869160">
    <ele>1734.0</ele>
   </trkpt>
   <trkpt lat="36.1061910" lon="-115.4869120">
    <ele>1734.0</ele>
   </trkpt>
   <trkpt lat="36.1061970" lon="-115.4869170">
    <ele>1734.0</ele>
   </trkpt>
   <trkpt lat="36.1062020" lon="-115.4869220">
    <ele>1734.0</ele>
   </trkpt>
   <trkpt lat="36.1062070" lon="-115.4869300">
    <ele>1734.0</ele>
   </trkpt>
   <trkpt lat="36.1062110" lon="-115.4869370">
    <ele>1734.0</ele>
   </trkpt>
   <trkpt lat="36.1062150" lon="-115.4869480">
    <ele>1734.0</ele>
   </trkpt>
   <trkpt lat="36.1062190" lon="-115.4869580">
    <ele>1734.0</ele>
   </trkpt>
   <trkpt lat="36.1062230" lon="-115.4869690">
    <ele>1734.0</ele>
   </trkpt>
   <trkpt lat="36.1062270" lon="-115.4869800">
    <ele>1734.0</ele>
   </trkpt>
   <trkpt lat="36.1062320" lon="-115.4869890">
    <ele>1735.0</ele>
   </trkpt>
   <trkpt lat="36.1062370" lon="-115.4869990">
    <ele>1735.0</ele>
   </trkpt>
   <trkpt lat="36.1062340" lon="-115.4870040">
    <ele>1735.0</ele>
   </trkpt>
   <trkpt lat="36.1062300" lon="-115.4870100">
    <ele>1735.0</ele>
   </trkpt>
   <trkpt lat="36.1062300" lon="-115.4870100">
    <ele>1735.0</ele>
   </trkpt>
   <trkpt lat="36.1062300" lon="-115.4870100">
    <ele>1736.0</ele>
   </trkpt>
   <trkpt lat="36.1062300" lon="-115.4870100">
    <ele>1736.0</ele>
   </trkpt>
   <trkpt lat="36.1062300" lon="-115.4870100">
    <ele>1736.0</ele>
   </trkpt>
   <trkpt lat="36.1062300" lon="-115.4870100">
    <ele>1736.0</ele>
   </trkpt>
   <trkpt lat="36.1062300" lon="-115.4870100">
    <ele>1736.0</ele>
   </trkpt>
   <trkpt lat="36.1062300" lon="-115.4870100">
    <ele>1736.0</ele>
   </trkpt>
   <trkpt lat="36.1062300" lon="-115.4870100">
    <ele>1736.0</ele>
   </trkpt>
   <trkpt lat="36.1062300" lon="-115.4870100">
    <ele>1736.0</ele>
   </trkpt>
   <trkpt lat="36.1062300" lon="-115.4870100">
    <ele>1736.0</ele>
   </trkpt>
   <trkpt lat="36.1062300" lon="-115.4870100">
    <ele>1736.0</ele>
   </trkpt>
   <trkpt lat="36.1062300" lon="-115.4870100">
    <ele>1737.0</ele>
   </trkpt>
   <trkpt lat="36.1062300" lon="-115.4870100">
    <ele>1737.0</ele>
   </trkpt>
   <trkpt lat="36.1062300" lon="-115.4870100">
    <ele>1737.0</ele>
   </trkpt>
   <trkpt lat="36.1062300" lon="-115.4870100">
    <ele>1737.0</ele>
   </trkpt>
   <trkpt lat="36.1062300" lon="-115.4870100">
    <ele>1737.0</ele>
   </trkpt>
   <trkpt lat="36.1062300" lon="-115.4870100">
    <ele>1737.0</ele>
   </trkpt>
   <trkpt lat="36.1062300" lon="-115.4870100">
    <ele>1737.0</ele>
   </trkpt>
   <trkpt lat="36.1062300" lon="-115.4870100">
    <ele>1737.0</ele>
   </trkpt>
   <trkpt lat="36.1062300" lon="-115.4870100">
    <ele>1737.0</ele>
   </trkpt>
   <trkpt lat="36.1062300" lon="-115.4870100">
    <ele>1737.0</ele>
   </trkpt>
   <trkpt lat="36.1062300" lon="-115.4870100">
    <ele>1738.0</ele>
   </trkpt>
   <trkpt lat="36.1062300" lon="-115.4870100">
    <ele>1738.0</ele>
   </trkpt>
   <trkpt lat="36.1062300" lon="-115.4870100">
    <ele>1738.0</ele>
   </trkpt>
   <trkpt lat="36.1062300" lon="-115.4870100">
    <ele>1738.0</ele>
   </trkpt>
   <trkpt lat="36.1062300" lon="-115.4870100">
    <ele>1738.0</ele>
   </trkpt>
   <trkpt lat="36.1062300" lon="-115.4870100">
    <ele>1738.0</ele>
   </trkpt>
   <trkpt lat="36.1062300" lon="-115.4870100">
    <ele>1738.0</ele>
   </trkpt>
   <trkpt lat="36.1062300" lon="-115.4870100">
    <ele>1738.0</ele>
   </trkpt>
   <trkpt lat="36.1062300" lon="-115.4870100">
    <ele>1738.0</ele>
   </trkpt>
   <trkpt lat="36.1062300" lon="-115.4870100">
    <ele>1738.0</ele>
   </trkpt>
   <trkpt lat="36.1062300" lon="-115.4870100">
    <ele>1738.0</ele>
   </trkpt>
   <trkpt lat="36.1062300" lon="-115.4870100">
    <ele>1738.0</ele>
   </trkpt>
   <trkpt lat="36.1062220" lon="-115.4870240">
    <ele>1738.0</ele>
   </trkpt>
   <trkpt lat="36.1062220" lon="-115.4870310">
    <ele>1738.0</ele>
   </trkpt>
   <trkpt lat="36.1062220" lon="-115.4870380">
    <ele>1738.0</ele>
   </trkpt>
   <trkpt lat="36.1062170" lon="-115.4870400">
    <ele>1739.0</ele>
   </trkpt>
   <trkpt lat="36.1062120" lon="-115.4870410">
    <ele>1739.0</ele>
   </trkpt>
   <trkpt lat="36.1062060" lon="-115.4870400">
    <ele>1739.0</ele>
   </trkpt>
   <trkpt lat="36.1061990" lon="-115.4870380">
    <ele>1739.0</ele>
   </trkpt>
   <trkpt lat="36.1061970" lon="-115.4870330">
    <ele>1739.0</ele>
   </trkpt>
   <trkpt lat="36.1061940" lon="-115.4870290">
    <ele>1739.0</ele>
   </trkpt>
   <trkpt lat="36.1061940" lon="-115.4870290">
    <ele>1739.0</ele>
   </trkpt>
   <trkpt lat="36.1061940" lon="-115.4870290">
    <ele>1739.0</ele>
   </trkpt>
   <trkpt lat="36.1061940" lon="-115.4870290">
    <ele>1739.0</ele>
   </trkpt>
   <trkpt lat="36.1061940" lon="-115.4870290">
    <ele>1739.0</ele>
   </trkpt>
   <trkpt lat="36.1061940" lon="-115.4870290">
    <ele>1740.0</ele>
   </trkpt>
   <trkpt lat="36.1061940" lon="-115.4870290">
    <ele>1740.0</ele>
   </trkpt>
   <trkpt lat="36.1061940" lon="-115.4870290">
    <ele>1740.0</ele>
   </trkpt>
   <trkpt lat="36.1061940" lon="-115.4870290">
    <ele>1740.0</ele>
   </trkpt>
   <trkpt lat="36.1061940" lon="-115.4870290">
    <ele>1740.0</ele>
   </trkpt>
   <trkpt lat="36.1061940" lon="-115.4870290">
    <ele>1740.0</ele>
   </trkpt>
   <trkpt lat="36.1061940" lon="-115.4870290">
    <ele>1740.0</ele>
   </trkpt>
   <trkpt lat="36.1061940" lon="-115.4870290">
    <ele>1740.0</ele>
   </trkpt>
   <trkpt lat="36.1061940" lon="-115.4870290">
    <ele>1740.0</ele>
   </trkpt>
   <trkpt lat="36.1061940" lon="-115.4870290">
    <ele>1740.0</ele>
   </trkpt>
   <trkpt lat="36.1061940" lon="-115.4870290">
    <ele>1740.0</ele>
   </trkpt>
   <trkpt lat="36.1061940" lon="-115.4870290">
    <ele>1740.0</ele>
   </trkpt>
   <trkpt lat="36.1061940" lon="-115.4870290">
    <ele>1740.0</ele>
   </trkpt>
   <trkpt lat="36.1061940" lon="-115.4870290">
    <ele>1740.0</ele>
   </trkpt>
   <trkpt lat="36.1061940" lon="-115.4870290">
    <ele>1740.0</ele>
   </trkpt>
   <trkpt lat="36.1061940" lon="-115.4870290">
    <ele>1740.0</ele>
   </trkpt>
   <trkpt lat="36.1061940" lon="-115.4870290">
    <ele>1740.0</ele>
   </trkpt>
   <trkpt lat="36.1061940" lon="-115.4870290">
    <ele>1740.0</ele>
   </trkpt>
   <trkpt lat="36.1061940" lon="-115.4870290">
    <ele>1740.0</ele>
   </trkpt>
   <trkpt lat="36.1061940" lon="-115.4870290">
    <ele>1740.0</ele>
   </trkpt>
   <trkpt lat="36.1062080" lon="-115.4870000">
    <ele>1740.0</ele>
   </trkpt>
   <trkpt lat="36.1062110" lon="-115.4869860">
    <ele>1740.0</ele>
   </trkpt>
   <trkpt lat="36.1062140" lon="-115.4869720">
    <ele>1740.0</ele>
   </trkpt>
   <trkpt lat="36.1062100" lon="-115.4869630">
    <ele>1740.0</ele>
   </trkpt>
   <trkpt lat="36.1062060" lon="-115.4869540">
    <ele>1740.0</ele>
   </trkpt>
   <trkpt lat="36.1062060" lon="-115.4869540">
    <ele>1741.0</ele>
   </trkpt>
   <trkpt lat="36.1062060" lon="-115.4869540">
    <ele>1741.0</ele>
   </trkpt>
   <trkpt lat="36.1062060" lon="-115.4869540">
    <ele>1741.0</ele>
   </trkpt>
   <trkpt lat="36.1062060" lon="-115.4869540">
    <ele>1741.0</ele>
   </trkpt>
   <trkpt lat="36.1062060" lon="-115.4869540">
    <ele>1741.0</ele>
   </trkpt>
   <trkpt lat="36.1062060" lon="-115.4869540">
    <ele>1741.0</ele>
   </trkpt>
   <trkpt lat="36.1062060" lon="-115.4869540">
    <ele>1741.0</ele>
   </trkpt>
   <trkpt lat="36.1062060" lon="-115.4869540">
    <ele>1741.0</ele>
   </trkpt>
   <trkpt lat="36.1062060" lon="-115.4869540">
    <ele>1741.0</ele>
   </trkpt>
   <trkpt lat="36.1062060" lon="-115.4869540">
    <ele>1741.0</ele>
   </trkpt>
   <trkpt lat="36.1062060" lon="-115.4869540">
    <ele>1741.0</ele>
   </trkpt>
   <trkpt lat="36.1062060" lon="-115.4869540">
    <ele>1741.0</ele>
   </trkpt>
   <trkpt lat="36.1062060" lon="-115.4869540">
    <ele>1741.0</ele>
   </trkpt>
   <trkpt lat="36.1062060" lon="-115.4869540">
    <ele>1741.0</ele>
   </trkpt>
   <trkpt lat="36.1062060" lon="-115.4869540">
    <ele>1741.0</ele>
   </trkpt>
   <trkpt lat="36.1062060" lon="-115.4869540">
    <ele>1741.0</ele>
   </trkpt>
   <trkpt lat="36.1062060" lon="-115.4869540">
    <ele>1741.0</ele>
   </trkpt>
   <trkpt lat="36.1062060" lon="-115.4869540">
    <ele>1741.0</ele>
   </trkpt>
   <trkpt lat="36.1062060" lon="-115.4869540">
    <ele>1741.0</ele>
   </trkpt>
   <trkpt lat="36.1062060" lon="-115.4869540">
    <ele>1741.0</ele>
   </trkpt>
   <trkpt lat="36.1062060" lon="-115.4869540">
    <ele>1742.0</ele>
   </trkpt>
   <trkpt lat="36.1062060" lon="-115.4869540">
    <ele>1742.0</ele>
   </trkpt>
   <trkpt lat="36.1062060" lon="-115.4869540">
    <ele>1742.0</ele>
   </trkpt>
   <trkpt lat="36.1061930" lon="-115.4869340">
    <ele>1742.0</ele>
   </trkpt>
   <trkpt lat="36.1061880" lon="-115.4869280">
    <ele>1742.0</ele>
   </trkpt>
   <trkpt lat="36.1061830" lon="-115.4869210">
    <ele>1742.0</ele>
   </trkpt>
   <trkpt lat="36.1061680" lon="-115.4869210">
    <ele>1742.0</ele>
   </trkpt>
   <trkpt lat="36.1061540" lon="-115.4869210">
    <ele>1742.0</ele>
   </trkpt>
   <trkpt lat="36.1061450" lon="-115.4869250">
    <ele>1743.0</ele>
   </trkpt>
   <trkpt lat="36.1061370" lon="-115.4869300">
    <ele>1743.0</ele>
   </trkpt>
   <trkpt lat="36.1061280" lon="-115.4869340">
    <ele>1744.0</ele>
   </trkpt>
   <trkpt lat="36.1061200" lon="-115.4869390">
    <ele>1744.0</ele>
   </trkpt>
   <trkpt lat="36.1061160" lon="-115.4869420">
    <ele>1744.0</ele>
   </trkpt>
   <trkpt lat="36.1061130" lon="-115.4869450">
    <ele>1744.0</ele>
   </trkpt>
   <trkpt lat="36.1061170" lon="-115.4869410">
    <ele>1744.0</ele>
   </trkpt>
   <trkpt lat="36.1061210" lon="-115.4869360">
    <ele>1744.0</ele>
   </trkpt>
   <trkpt lat="36.1061250" lon="-115.4869280">
    <ele>1744.0</ele>
   </trkpt>
   <trkpt lat="36.1061300" lon="-115.4869190">
    <ele>1744.0</ele>
   </trkpt>
   <trkpt lat="36.1061250" lon="-115.4869090">
    <ele>1744.0</ele>
   </trkpt>
   <trkpt lat="36.1061200" lon="-115.4868990">
    <ele>1744.0</ele>
   </trkpt>
   <trkpt lat="36.1061090" lon="-115.4868920">
    <ele>1744.0</ele>
   </trkpt>
   <trkpt lat="36.1060980" lon="-115.4868850">
    <ele>1744.0</ele>
   </trkpt>
   <trkpt lat="36.1060920" lon="-115.4868760">
    <ele>1744.0</ele>
   </trkpt>
   <trkpt lat="36.1060870" lon="-115.4868670">
    <ele>1744.0</ele>
   </trkpt>
   <trkpt lat="36.1060890" lon="-115.4868540">
    <ele>1744.0</ele>
   </trkpt>
   <trkpt lat="36.1060920" lon="-115.4868420">
    <ele>1745.0</ele>
   </trkpt>
   <trkpt lat="36.1060980" lon="-115.4868270">
    <ele>1745.0</ele>
   </trkpt>
   <trkpt lat="36.1061040" lon="-115.4868120">
    <ele>1745.0</ele>
   </trkpt>
   <trkpt lat="36.1061080" lon="-115.4868000">
    <ele>1745.0</ele>
   </trkpt>
   <trkpt lat="36.1061120" lon="-115.4867880">
    <ele>1745.0</ele>
   </trkpt>
   <trkpt lat="36.1061120" lon="-115.4867830">
    <ele>1745.0</ele>
   </trkpt>
   <trkpt lat="36.1061120" lon="-115.4867780">
    <ele>1745.0</ele>
   </trkpt>
   <trkpt lat="36.1061090" lon="-115.4867730">
    <ele>1745.0</ele>
   </trkpt>
   <trkpt lat="36.1061060" lon="-115.4867670">
    <ele>1745.0</ele>
   </trkpt>
   <trkpt lat="36.1060990" lon="-115.4867650">
    <ele>1745.0</ele>
   </trkpt>
   <trkpt lat="36.1060930" lon="-115.4867620">
    <ele>1745.0</ele>
   </trkpt>
   <trkpt lat="36.1060900" lon="-115.4867620">
    <ele>1745.0</ele>
   </trkpt>
   <trkpt lat="36.1060870" lon="-115.4867620">
    <ele>1745.0</ele>
   </trkpt>
   <trkpt lat="36.1060840" lon="-115.4867650">
    <ele>1745.0</ele>
   </trkpt>
   <trkpt lat="36.1060810" lon="-115.4867690">
    <ele>1745.0</ele>
   </trkpt>
   <trkpt lat="36.1060780" lon="-115.4867760">
    <ele>1745.0</ele>
   </trkpt>
   <trkpt lat="36.1060750" lon="-115.4867840">
    <ele>1745.0</ele>
   </trkpt>
   <trkpt lat="36.1060740" lon="-115.4867910">
    <ele>1745.0</ele>
   </trkpt>
   <trkpt lat="36.1060740" lon="-115.4867980">
    <ele>1745.0</ele>
   </trkpt>
   <trkpt lat="36.1060790" lon="-115.4868000">
    <ele>1745.0</ele>
   </trkpt>
   <trkpt lat="36.1060850" lon="-115.4868020">
    <ele>1745.0</ele>
   </trkpt>
   <trkpt lat="36.1060960" lon="-115.4868020">
    <ele>1745.0</ele>
   </trkpt>
   <trkpt lat="36.1061070" lon="-115.4868010">
    <ele>1745.0</ele>
   </trkpt>
   <trkpt lat="36.1061100" lon="-115.4868030">
    <ele>1745.0</ele>
   </trkpt>
   <trkpt lat="36.1061130" lon="-115.4868050">
    <ele>1745.0</ele>
   </trkpt>
   <trkpt lat="36.1061160" lon="-115.4868060">
    <ele>1746.0</ele>
   </trkpt>
   <trkpt lat="36.1061220" lon="-115.4868080">
    <ele>1746.0</ele>
   </trkpt>
   <trkpt lat="36.1061280" lon="-115.4868090">
    <ele>1746.0</ele>
   </trkpt>
   <trkpt lat="36.1061300" lon="-115.4868050">
    <ele>1746.0</ele>
   </trkpt>
   <trkpt lat="36.1061330" lon="-115.4868010">
    <ele>1746.0</ele>
   </trkpt>
   <trkpt lat="36.1061300" lon="-115.4867980">
    <ele>1746.0</ele>
   </trkpt>
   <trkpt lat="36.1061270" lon="-115.4867950">
    <ele>1746.0</ele>
   </trkpt>
   <trkpt lat="36.1061230" lon="-115.4867940">
    <ele>1746.0</ele>
   </trkpt>
   <trkpt lat="36.1061200" lon="-115.4867930">
    <ele>1746.0</ele>
   </trkpt>
   <trkpt lat="36.1061120" lon="-115.4867910">
    <ele>1746.0</ele>
   </trkpt>
   <trkpt lat="36.1061040" lon="-115.4867890">
    <ele>1747.0</ele>
   </trkpt>
   <trkpt lat="36.1061040" lon="-115.4867890">
    <ele>1747.0</ele>
   </trkpt>
   <trkpt lat="36.1061040" lon="-115.4867890">
    <ele>1747.0</ele>
   </trkpt>
   <trkpt lat="36.1061040" lon="-115.4867890">
    <ele>1747.0</ele>
   </trkpt>
   <trkpt lat="36.1061040" lon="-115.4867890">
    <ele>1747.0</ele>
   </trkpt>
   <trkpt lat="36.1061040" lon="-115.4867890">
    <ele>1747.0</ele>
   </trkpt>
   <trkpt lat="36.1060870" lon="-115.4867830">
    <ele>1747.0</ele>
   </trkpt>
   <trkpt lat="36.1060830" lon="-115.4867830">
    <ele>1747.0</ele>
   </trkpt>
   <trkpt lat="36.1060800" lon="-115.4867830">
    <ele>1747.0</ele>
   </trkpt>
   <trkpt lat="36.1060780" lon="-115.4867910">
    <ele>1747.0</ele>
   </trkpt>
   <trkpt lat="36.1060770" lon="-115.4867990">
    <ele>1748.0</ele>
   </trkpt>
   <trkpt lat="36.1060760" lon="-115.4868080">
    <ele>1748.0</ele>
   </trkpt>
   <trkpt lat="36.1060740" lon="-115.4868170">
    <ele>1748.0</ele>
   </trkpt>
   <trkpt lat="36.1060760" lon="-115.4868260">
    <ele>1748.0</ele>
   </trkpt>
   <trkpt lat="36.1060780" lon="-115.4868360">
    <ele>1748.0</ele>
   </trkpt>
   <trkpt lat="36.1060830" lon="-115.4868440">
    <ele>1748.0</ele>
   </trkpt>
   <trkpt lat="36.1060880" lon="-115.4868520">
    <ele>1748.0</ele>
   </trkpt>
   <trkpt lat="36.1060880" lon="-115.4868520">
    <ele>1748.0</ele>
   </trkpt>
   <trkpt lat="36.1060880" lon="-115.4868520">
    <ele>1748.0</ele>
   </trkpt>
   <trkpt lat="36.1060880" lon="-115.4868520">
    <ele>1748.0</ele>
   </trkpt>
   <trkpt lat="36.1060880" lon="-115.4868520">
    <ele>1748.0</ele>
   </trkpt>
   <trkpt lat="36.1060880" lon="-115.4868520">
    <ele>1748.0</ele>
   </trkpt>
   <trkpt lat="36.1060880" lon="-115.4868520">
    <ele>1748.0</ele>
   </trkpt>
   <trkpt lat="36.1060880" lon="-115.4868520">
    <ele>1748.0</ele>
   </trkpt>
   <trkpt lat="36.1060880" lon="-115.4868520">
    <ele>1748.0</ele>
   </trkpt>
   <trkpt lat="36.1060880" lon="-115.4868520">
    <ele>1749.0</ele>
   </trkpt>
   <trkpt lat="36.1060880" lon="-115.4868520">
    <ele>1749.0</ele>
   </trkpt>
   <trkpt lat="36.1060880" lon="-115.4868520">
    <ele>1749.0</ele>
   </trkpt>
   <trkpt lat="36.1060880" lon="-115.4868520">
    <ele>1749.0</ele>
   </trkpt>
   <trkpt lat="36.1060880" lon="-115.4868520">
    <ele>1749.0</ele>
   </trkpt>
   <trkpt lat="36.1060880" lon="-115.4868520">
    <ele>1749.0</ele>
   </trkpt>
   <trkpt lat="36.1060880" lon="-115.4868520">
    <ele>1749.0</ele>
   </trkpt>
   <trkpt lat="36.1060880" lon="-115.4868520">
    <ele>1749.0</ele>
   </trkpt>
   <trkpt lat="36.1061080" lon="-115.4868610">
    <ele>1749.0</ele>
   </trkpt>
   <trkpt lat="36.1061170" lon="-115.4868640">
    <ele>1749.0</ele>
   </trkpt>
   <trkpt lat="36.1061270" lon="-115.4868660">
    <ele>1749.0</ele>
   </trkpt>
   <trkpt lat="36.1061330" lon="-115.4868700">
    <ele>1749.0</ele>
   </trkpt>
   <trkpt lat="36.1061390" lon="-115.4868730">
    <ele>1749.0</ele>
   </trkpt>
   <trkpt lat="36.1061400" lon="-115.4868810">
    <ele>1749.0</ele>
   </trkpt>
   <trkpt lat="36.1061420" lon="-115.4868890">
    <ele>1749.0</ele>
   </trkpt>
   <trkpt lat="36.1061390" lon="-115.4868990">
    <ele>1750.0</ele>
   </trkpt>
   <trkpt lat="36.1061370" lon="-115.4869100">
    <ele>1750.0</ele>
   </trkpt>
   <trkpt lat="36.1061340" lon="-115.4869210">
    <ele>1750.0</ele>
   </trkpt>
   <trkpt lat="36.1061310" lon="-115.4869310">
    <ele>1750.0</ele>
   </trkpt>
   <trkpt lat="36.1061330" lon="-115.4869400">
    <ele>1750.0</ele>
   </trkpt>
   <trkpt lat="36.1061340" lon="-115.4869500">
    <ele>1750.0</ele>
   </trkpt>
   <trkpt lat="36.1061410" lon="-115.4869600">
    <ele>1750.0</ele>
   </trkpt>
   <trkpt lat="36.1061470" lon="-115.4869700">
    <ele>1750.0</ele>
   </trkpt>
   <trkpt lat="36.1061520" lon="-115.4869730">
    <ele>1750.0</ele>
   </trkpt>
   <trkpt lat="36.1061580" lon="-115.4869760">
    <ele>1750.0</ele>
   </trkpt>
   <trkpt lat="36.1061630" lon="-115.4869790">
    <ele>1750.0</ele>
   </trkpt>
   <trkpt lat="36.1061690" lon="-115.4869780">
    <ele>1750.0</ele>
   </trkpt>
   <trkpt lat="36.1061740" lon="-115.4869760">
    <ele>1750.0</ele>
   </trkpt>
   <trkpt lat="36.1061760" lon="-115.4869750">
    <ele>1750.0</ele>
   </trkpt>
   <trkpt lat="36.1061780" lon="-115.4869730">
    <ele>1750.0</ele>
   </trkpt>
   <trkpt lat="36.1061810" lon="-115.4869720">
    <ele>1750.0</ele>
   </trkpt>
   <trkpt lat="36.1061830" lon="-115.4869700">
    <ele>1750.0</ele>
   </trkpt>
   <trkpt lat="36.1061850" lon="-115.4869690">
    <ele>1750.0</ele>
   </trkpt>
   <trkpt lat="36.1061890" lon="-115.4869660">
    <ele>1750.0</ele>
   </trkpt>
   <trkpt lat="36.1061930" lon="-115.4869620">
    <ele>1750.0</ele>
   </trkpt>
   <trkpt lat="36.1061930" lon="-115.4869620">
    <ele>1750.0</ele>
   </trkpt>
   <trkpt lat="36.1061930" lon="-115.4869620">
    <ele>1750.0</ele>
   </trkpt>
   <trkpt lat="36.1061930" lon="-115.4869620">
    <ele>1750.0</ele>
   </trkpt>
   <trkpt lat="36.1061930" lon="-115.4869620">
    <ele>1750.0</ele>
   </trkpt>
   <trkpt lat="36.1061930" lon="-115.4869620">
    <ele>1750.0</ele>
   </trkpt>
   <trkpt lat="36.1061930" lon="-115.4869620">
    <ele>1750.0</ele>
   </trkpt>
   <trkpt lat="36.1061930" lon="-115.4869620">
    <ele>1750.0</ele>
   </trkpt>
   <trkpt lat="36.1061930" lon="-115.4869620">
    <ele>1750.0</ele>
   </trkpt>
   <trkpt lat="36.1061930" lon="-115.4869620">
    <ele>1750.0</ele>
   </trkpt>
   <trkpt lat="36.1061930" lon="-115.4869620">
    <ele>1750.0</ele>
   </trkpt>
   <trkpt lat="36.1061930" lon="-115.4869620">
    <ele>1751.0</ele>
   </trkpt>
   <trkpt lat="36.1061930" lon="-115.4869620">
    <ele>1751.0</ele>
   </trkpt>
   <trkpt lat="36.1061930" lon="-115.4869620">
    <ele>1751.0</ele>
   </trkpt>
   <trkpt lat="36.1061930" lon="-115.4869620">
    <ele>1751.0</ele>
   </trkpt>
   <trkpt lat="36.1061930" lon="-115.4869620">
    <ele>1751.0</ele>
   </trkpt>
   <trkpt lat="36.1061930" lon="-115.4869620">
    <ele>1751.0</ele>
   </trkpt>
   <trkpt lat="36.1061930" lon="-115.4869620">
    <ele>1751.0</ele>
   </trkpt>
   <trkpt lat="36.1061930" lon="-115.4869620">
    <ele>1751.0</ele>
   </trkpt>
   <trkpt lat="36.1061930" lon="-115.4869620">
    <ele>1751.0</ele>
   </trkpt>
   <trkpt lat="36.1061930" lon="-115.4869620">
    <ele>1751.0</ele>
   </trkpt>
   <trkpt lat="36.1061930" lon="-115.4869620">
    <ele>1752.0</ele>
   </trkpt>
   <trkpt lat="36.1061930" lon="-115.4869620">
    <ele>1752.0</ele>
   </trkpt>
   <trkpt lat="36.1061930" lon="-115.4869620">
    <ele>1752.0</ele>
   </trkpt>
   <trkpt lat="36.1061930" lon="-115.4869620">
    <ele>1752.0</ele>
   </trkpt>
   <trkpt lat="36.1061930" lon="-115.4869620">
    <ele>1752.0</ele>
   </trkpt>
   <trkpt lat="36.1061930" lon="-115.4869620">
    <ele>1753.0</ele>
   </trkpt>
   <trkpt lat="36.1061960" lon="-115.4869520">
    <ele>1753.0</ele>
   </trkpt>
   <trkpt lat="36.1061960" lon="-115.4869480">
    <ele>1753.0</ele>
   </trkpt>
   <trkpt lat="36.1061960" lon="-115.4869450">
    <ele>1753.0</ele>
   </trkpt>
   <trkpt lat="36.1061930" lon="-115.4869390">
    <ele>1753.0</ele>
   </trkpt>
   <trkpt lat="36.1061910" lon="-115.4869340">
    <ele>1753.0</ele>
   </trkpt>
   <trkpt lat="36.1061910" lon="-115.4869340">
    <ele>1753.0</ele>
   </trkpt>
   <trkpt lat="36.1061910" lon="-115.4869340">
    <ele>1753.0</ele>
   </trkpt>
   <trkpt lat="36.1061910" lon="-115.4869340">
    <ele>1753.0</ele>
   </trkpt>
   <trkpt lat="36.1061910" lon="-115.4869340">
    <ele>1753.0</ele>
   </trkpt>
   <trkpt lat="36.1061910" lon="-115.4869340">
    <ele>1754.0</ele>
   </trkpt>
   <trkpt lat="36.1061910" lon="-115.4869340">
    <ele>1754.0</ele>
   </trkpt>
   <trkpt lat="36.1061910" lon="-115.4869340">
    <ele>1754.0</ele>
   </trkpt>
   <trkpt lat="36.1061910" lon="-115.4869340">
    <ele>1754.0</ele>
   </trkpt>
   <trkpt lat="36.1061910" lon="-115.4869340">
    <ele>1754.0</ele>
   </trkpt>
   <trkpt lat="36.1061910" lon="-115.4869340">
    <ele>1755.0</ele>
   </trkpt>
   <trkpt lat="36.1061910" lon="-115.4869340">
    <ele>1755.0</ele>
   </trkpt>
   <trkpt lat="36.1061910" lon="-115.4869340">
    <ele>1755.0</ele>
   </trkpt>
   <trkpt lat="36.1061910" lon="-115.4869340">
    <ele>1755.0</ele>
   </trkpt>
   <trkpt lat="36.1061910" lon="-115.4869340">
    <ele>1755.0</ele>
   </trkpt>
   <trkpt lat="36.1061910" lon="-115.4869340">
    <ele>1756.0</ele>
   </trkpt>
   <trkpt lat="36.1061910" lon="-115.4869340">
    <ele>1756.0</ele>
   </trkpt>
   <trkpt lat="36.1062000" lon="-115.4869400">
    <ele>1756.0</ele>
   </trkpt>
   <trkpt lat="36.1062050" lon="-115.4869460">
    <ele>1756.0</ele>
   </trkpt>
   <trkpt lat="36.1062110" lon="-115.4869520">
    <ele>1756.0</ele>
   </trkpt>
   <trkpt lat="36.1062140" lon="-115.4869600">
    <ele>1757.0</ele>
   </trkpt>
   <trkpt lat="36.1062170" lon="-115.4869680">
    <ele>1757.0</ele>
   </trkpt>
   <trkpt lat="36.1062170" lon="-115.4869680">
    <ele>1757.0</ele>
   </trkpt>
   <trkpt lat="36.1062170" lon="-115.4869680">
    <ele>1757.0</ele>
   </trkpt>
   <trkpt lat="36.1062170" lon="-115.4869680">
    <ele>1757.0</ele>
   </trkpt>
   <trkpt lat="36.1062170" lon="-115.4869680">
    <ele>1757.0</ele>
   </trkpt>
   <trkpt lat="36.1062170" lon="-115.4869680">
    <ele>1757.0</ele>
   </trkpt>
   <trkpt lat="36.1062170" lon="-115.4869680">
    <ele>1757.0</ele>
   </trkpt>
   <trkpt lat="36.1062170" lon="-115.4869680">
    <ele>1757.0</ele>
   </trkpt>
   <trkpt lat="36.1062170" lon="-115.4869680">
    <ele>1757.0</ele>
   </trkpt>
   <trkpt lat="36.1062170" lon="-115.4869680">
    <ele>1758.0</ele>
   </trkpt>
   <trkpt lat="36.1062170" lon="-115.4869680">
    <ele>1758.0</ele>
   </trkpt>
   <trkpt lat="36.1062170" lon="-115.4869680">
    <ele>1758.0</ele>
   </trkpt>
   <trkpt lat="36.1062170" lon="-115.4869680">
    <ele>1758.0</ele>
   </trkpt>
   <trkpt lat="36.1062170" lon="-115.4869680">
    <ele>1758.0</ele>
   </trkpt>
   <trkpt lat="36.1062210" lon="-115.4869800">
    <ele>1759.0</ele>
   </trkpt>
   <trkpt lat="36.1062250" lon="-115.4869900">
    <ele>1759.0</ele>
   </trkpt>
   <trkpt lat="36.1062290" lon="-115.4869990">
    <ele>1759.0</ele>
   </trkpt>
   <trkpt lat="36.1062330" lon="-115.4870100">
    <ele>1759.0</ele>
   </trkpt>
   <trkpt lat="36.1062380" lon="-115.4870210">
    <ele>1759.0</ele>
   </trkpt>
   <trkpt lat="36.1062450" lon="-115.4870350">
    <ele>1760.0</ele>
   </trkpt>
   <trkpt lat="36.1062520" lon="-115.4870490">
    <ele>1760.0</ele>
   </trkpt>
   <trkpt lat="36.1062620" lon="-115.4870630">
    <ele>1760.0</ele>
   </trkpt>
   <trkpt lat="36.1062720" lon="-115.4870770">
    <ele>1761.0</ele>
   </trkpt>
   <trkpt lat="36.1062830" lon="-115.4870890">
    <ele>1761.0</ele>
   </trkpt>
   <trkpt lat="36.1062940" lon="-115.4871000">
    <ele>1762.0</ele>
   </trkpt>
   <trkpt lat="36.1063050" lon="-115.4871120">
    <ele>1762.0</ele>
   </trkpt>
   <trkpt lat="36.1063160" lon="-115.4871230">
    <ele>1762.0</ele>
   </trkpt>
   <trkpt lat="36.1063240" lon="-115.4871360">
    <ele>1762.0</ele>
   </trkpt>
   <trkpt lat="36.1063310" lon="-115.4871480">
    <ele>1762.0</ele>
   </trkpt>
   <trkpt lat="36.1063340" lon="-115.4871650">
    <ele>1763.0</ele>
   </trkpt>
   <trkpt lat="36.1063370" lon="-115.4871810">
    <ele>1763.0</ele>
   </trkpt>
   <trkpt lat="36.1063390" lon="-115.4871900">
    <ele>1763.0</ele>
   </trkpt>
   <trkpt lat="36.1063400" lon="-115.4871990">
    <ele>1763.0</ele>
   </trkpt>
   <trkpt lat="36.1063390" lon="-115.4871970">
    <ele>1763.0</ele>
   </trkpt>
   <trkpt lat="36.1063390" lon="-115.4871940">
    <ele>1764.0</ele>
   </trkpt>
   <trkpt lat="36.1063360" lon="-115.4871840">
    <ele>1764.0</ele>
   </trkpt>
   <trkpt lat="36.1063330" lon="-115.4871730">
    <ele>1764.0</ele>
   </trkpt>
   <trkpt lat="36.1063270" lon="-115.4871570">
    <ele>1765.0</ele>
   </trkpt>
   <trkpt lat="36.1063220" lon="-115.4871420">
    <ele>1765.0</ele>
   </trkpt>
   <trkpt lat="36.1063220" lon="-115.4871330">
    <ele>1766.0</ele>
   </trkpt>
   <trkpt lat="36.1063210" lon="-115.4871230">
    <ele>1766.0</ele>
   </trkpt>
   <trkpt lat="36.1063210" lon="-115.4871230">
    <ele>1766.0</ele>
   </trkpt>
   <trkpt lat="36.1063210" lon="-115.4871230">
    <ele>1766.0</ele>
   </trkpt>
   <trkpt lat="36.1063210" lon="-115.4871230">
    <ele>1766.0</ele>
   </trkpt>
   <trkpt lat="36.1063210" lon="-115.4871230">
    <ele>1767.0</ele>
   </trkpt>
   <trkpt lat="36.1063210" lon="-115.4871230">
    <ele>1767.0</ele>
   </trkpt>
   <trkpt lat="36.1063210" lon="-115.4871230">
    <ele>1767.0</ele>
   </trkpt>
   <trkpt lat="36.1063210" lon="-115.4871230">
    <ele>1767.0</ele>
   </trkpt>
   <trkpt lat="36.1063210" lon="-115.4871230">
    <ele>1767.0</ele>
   </trkpt>
   <trkpt lat="36.1063210" lon="-115.4871230">
    <ele>1768.0</ele>
   </trkpt>
   <trkpt lat="36.1063210" lon="-115.4871230">
    <ele>1768.0</ele>
   </trkpt>
   <trkpt lat="36.1063210" lon="-115.4871230">
    <ele>1768.0</ele>
   </trkpt>
   <trkpt lat="36.1063210" lon="-115.4871230">
    <ele>1768.0</ele>
   </trkpt>
   <trkpt lat="36.1063210" lon="-115.4871230">
    <ele>1768.0</ele>
   </trkpt>
   <trkpt lat="36.1063210" lon="-115.4871230">
    <ele>1769.0</ele>
   </trkpt>
   <trkpt lat="36.1063210" lon="-115.4871230">
    <ele>1769.0</ele>
   </trkpt>
   <trkpt lat="36.1063210" lon="-115.4871230">
    <ele>1769.0</ele>
   </trkpt>
   <trkpt lat="36.1063210" lon="-115.4871230">
    <ele>1769.0</ele>
   </trkpt>
   <trkpt lat="36.1063210" lon="-115.4871230">
    <ele>1769.0</ele>
   </trkpt>
   <trkpt lat="36.1063210" lon="-115.4871230">
    <ele>1770.0</ele>
   </trkpt>
   <trkpt lat="36.1063210" lon="-115.4871230">
    <ele>1770.0</ele>
   </trkpt>
   <trkpt lat="36.1063210" lon="-115.4871230">
    <ele>1770.0</ele>
   </trkpt>
   <trkpt lat="36.1063210" lon="-115.4871230">
    <ele>1770.0</ele>
   </trkpt>
   <trkpt lat="36.1063260" lon="-115.4871130">
    <ele>1770.0</ele>
   </trkpt>
   <trkpt lat="36.1063240" lon="-115.4871100">
    <ele>1771.0</ele>
   </trkpt>
   <trkpt lat="36.1063220" lon="-115.4871060">
    <ele>1771.0</ele>
   </trkpt>
   <trkpt lat="36.1063220" lon="-115.4871060">
    <ele>1771.0</ele>
   </trkpt>
   <trkpt lat="36.1063220" lon="-115.4871060">
    <ele>1771.0</ele>
   </trkpt>
   <trkpt lat="36.1063220" lon="-115.4871060">
    <ele>1771.0</ele>
   </trkpt>
   <trkpt lat="36.1063220" lon="-115.4871060">
    <ele>1772.0</ele>
   </trkpt>
   <trkpt lat="36.1063220" lon="-115.4871060">
    <ele>1772.0</ele>
   </trkpt>
   <trkpt lat="36.1063220" lon="-115.4871060">
    <ele>1772.0</ele>
   </trkpt>
   <trkpt lat="36.1063220" lon="-115.4871060">
    <ele>1772.0</ele>
   </trkpt>
   <trkpt lat="36.1063220" lon="-115.4871060">
    <ele>1772.0</ele>
   </trkpt>
   <trkpt lat="36.1063220" lon="-115.4871060">
    <ele>1772.0</ele>
   </trkpt>
   <trkpt lat="36.1063220" lon="-115.4871060">
    <ele>1772.0</ele>
   </trkpt>
   <trkpt lat="36.1063220" lon="-115.4871060">
    <ele>1772.0</ele>
   </trkpt>
   <trkpt lat="36.1063220" lon="-115.4871060">
    <ele>1772.0</ele>
   </trkpt>
   <trkpt lat="36.1063220" lon="-115.4871060">
    <ele>1772.0</ele>
   </trkpt>
   <trkpt lat="36.1063090" lon="-115.4870940">
    <ele>1773.0</ele>
   </trkpt>
   <trkpt lat="36.1063040" lon="-115.4870930">
    <ele>1773.0</ele>
   </trkpt>
   <trkpt lat="36.1062980" lon="-115.4870920">
    <ele>1773.0</ele>
   </trkpt>
   <trkpt lat="36.1062950" lon="-115.4870950">
    <ele>1773.0</ele>
   </trkpt>
   <trkpt lat="36.1062920" lon="-115.4870970">
    <ele>1773.0</ele>
   </trkpt>
   <trkpt lat="36.1062890" lon="-115.4871000">
    <ele>1773.0</ele>
   </trkpt>
   <trkpt lat="36.1062850" lon="-115.4871010">
    <ele>1773.0</ele>
   </trkpt>
   <trkpt lat="36.1062820" lon="-115.4871020">
    <ele>1773.0</ele>
   </trkpt>
   <trkpt lat="36.1062790" lon="-115.4870990">
    <ele>1773.0</ele>
   </trkpt>
   <trkpt lat="36.1062770" lon="-115.4870950">
    <ele>1773.0</ele>
   </trkpt>
   <trkpt lat="36.1062740" lon="-115.4870890">
    <ele>1774.0</ele>
   </trkpt>
   <trkpt lat="36.1062720" lon="-115.4870840">
    <ele>1774.0</ele>
   </trkpt>
   <trkpt lat="36.1062700" lon="-115.4870770">
    <ele>1774.0</ele>
   </trkpt>
   <trkpt lat="36.1062670" lon="-115.4870710">
    <ele>1774.0</ele>
   </trkpt>
   <trkpt lat="36.1062670" lon="-115.4870700">
    <ele>1774.0</ele>
   </trkpt>
   <trkpt lat="36.1062660" lon="-115.4870690">
    <ele>1775.0</ele>
   </trkpt>
   <trkpt lat="36.1062650" lon="-115.4870680">
    <ele>1775.0</ele>
   </trkpt>
   <trkpt lat="36.1062640" lon="-115.4870670">
    <ele>1775.0</ele>
   </trkpt>
   <trkpt lat="36.1062620" lon="-115.4870630">
    <ele>1775.0</ele>
   </trkpt>
   <trkpt lat="36.1062610" lon="-115.4870590">
    <ele>1775.0</ele>
   </trkpt>
   <trkpt lat="36.1062570" lon="-115.4870550">
    <ele>1775.0</ele>
   </trkpt>
   <trkpt lat="36.1062530" lon="-115.4870510">
    <ele>1775.0</ele>
   </trkpt>
   <trkpt lat="36.1062530" lon="-115.4870510">
    <ele>1775.0</ele>
   </trkpt>
   <trkpt lat="36.1062530" lon="-115.4870510">
    <ele>1775.0</ele>
   </trkpt>
   <trkpt lat="36.1062530" lon="-115.4870510">
    <ele>1775.0</ele>
   </trkpt>
   <trkpt lat="36.1062530" lon="-115.4870510">
    <ele>1776.0</ele>
   </trkpt>
   <trkpt lat="36.1062530" lon="-115.4870510">
    <ele>1776.0</ele>
   </trkpt>
   <trkpt lat="36.1062410" lon="-115.4870370">
    <ele>1776.0</ele>
   </trkpt>
   <trkpt lat="36.1062400" lon="-115.4870320">
    <ele>1776.0</ele>
   </trkpt>
   <trkpt lat="36.1062380" lon="-115.4870270">
    <ele>1776.0</ele>
   </trkpt>
   <trkpt lat="36.1062400" lon="-115.4870290">
    <ele>1777.0</ele>
   </trkpt>
   <trkpt lat="36.1062420" lon="-115.4870310">
    <ele>1777.0</ele>
   </trkpt>
   <trkpt lat="36.1062420" lon="-115.4870310">
    <ele>1777.0</ele>
   </trkpt>
   <trkpt lat="36.1062420" lon="-115.4870310">
    <ele>1777.0</ele>
   </trkpt>
   <trkpt lat="36.1062420" lon="-115.4870310">
    <ele>1777.0</ele>
   </trkpt>
   <trkpt lat="36.1062420" lon="-115.4870310">
    <ele>1778.0</ele>
   </trkpt>
   <trkpt lat="36.1062420" lon="-115.4870310">
    <ele>1778.0</ele>
   </trkpt>
   <trkpt lat="36.1062420" lon="-115.4870310">
    <ele>1778.0</ele>
   </trkpt>
   <trkpt lat="36.1062420" lon="-115.4870310">
    <ele>1778.0</ele>
   </trkpt>
   <trkpt lat="36.1062480" lon="-115.4870390">
    <ele>1778.0</ele>
   </trkpt>
   <trkpt lat="36.1062530" lon="-115.4870450">
    <ele>1779.0</ele>
   </trkpt>
   <trkpt lat="36.1062580" lon="-115.4870520">
    <ele>1779.0</ele>
   </trkpt>
   <trkpt lat="36.1062630" lon="-115.4870580">
    <ele>1779.0</ele>
   </trkpt>
   <trkpt lat="36.1062680" lon="-115.4870640">
    <ele>1779.0</ele>
   </trkpt>
   <trkpt lat="36.1062680" lon="-115.4870640">
    <ele>1779.0</ele>
   </trkpt>
   <trkpt lat="36.1062680" lon="-115.4870640">
    <ele>1779.0</ele>
   </trkpt>
   <trkpt lat="36.1062680" lon="-115.4870640">
    <ele>1779.0</ele>
   </trkpt>
   <trkpt lat="36.1062680" lon="-115.4870640">
    <ele>1779.0</ele>
   </trkpt>
   <trkpt lat="36.1062680" lon="-115.4870640">
    <ele>1779.0</ele>
   </trkpt>
   <trkpt lat="36.1062680" lon="-115.4870640">
    <ele>1779.0</ele>
   </trkpt>
   <trkpt lat="36.1062680" lon="-115.4870640">
    <ele>1780.0</ele>
   </trkpt>
   <trkpt lat="36.1062680" lon="-115.4870640">
    <ele>1780.0</ele>
   </trkpt>
   <trkpt lat="36.1062680" lon="-115.4870640">
    <ele>1780.0</ele>
   </trkpt>
   <trkpt lat="36.1062680" lon="-115.4870640">
    <ele>1780.0</ele>
   </trkpt>
   <trkpt lat="36.1062680" lon="-115.4870640">
    <ele>1780.0</ele>
   </trkpt>
   <trkpt lat="36.1062680" lon="-115.4870640">
    <ele>1781.0</ele>
   </trkpt>
   <trkpt lat="36.1062680" lon="-115.4870640">
    <ele>1781.0</ele>
   </trkpt>
   <trkpt lat="36.1062680" lon="-115.4870640">
    <ele>1781.0</ele>
   </trkpt>
   <trkpt lat="36.1062680" lon="-115.4870640">
    <ele>1781.0</ele>
   </trkpt>
   <trkpt lat="36.1062850" lon="-115.4870740">
    <ele>1781.0</ele>
   </trkpt>
   <trkpt lat="36.1062970" lon="-115.4870790">
    <ele>1781.0</ele>
   </trkpt>
   <trkpt lat="36.1063080" lon="-115.4870840">
    <ele>1781.0</ele>
   </trkpt>
   <trkpt lat="36.1063140" lon="-115.4870840">
    <ele>1781.0</ele>
   </trkpt>
   <trkpt lat="36.1063200" lon="-115.4870840">
    <ele>1781.0</ele>
   </trkpt>
   <trkpt lat="36.1063210" lon="-115.4870820">
    <ele>1781.0</ele>
   </trkpt>
   <trkpt lat="36.1063220" lon="-115.4870810">
    <ele>1782.0</ele>
   </trkpt>
   <trkpt lat="36.1063220" lon="-115.4870800">
    <ele>1782.0</ele>
   </trkpt>
   <trkpt lat="36.1063230" lon="-115.4870780">
    <ele>1782.0</ele>
   </trkpt>
   <trkpt lat="36.1063250" lon="-115.4870780">
    <ele>1782.0</ele>
   </trkpt>
   <trkpt lat="36.1063270" lon="-115.4870770">
    <ele>1782.0</ele>
   </trkpt>
   <trkpt lat="36.1063290" lon="-115.4870830">
    <ele>1783.0</ele>
   </trkpt>
   <trkpt lat="36.1063310" lon="-115.4870900">
    <ele>1783.0</ele>
   </trkpt>
   <trkpt lat="36.1063310" lon="-115.4870900">
    <ele>1783.0</ele>
   </trkpt>
   <trkpt lat="36.1063310" lon="-115.4870900">
    <ele>1783.0</ele>
   </trkpt>
   <trkpt lat="36.1063310" lon="-115.4870900">
    <ele>1783.0</ele>
   </trkpt>
   <trkpt lat="36.1063310" lon="-115.4870900">
    <ele>1784.0</ele>
   </trkpt>
   <trkpt lat="36.1063310" lon="-115.4870900">
    <ele>1784.0</ele>
   </trkpt>
   <trkpt lat="36.1063310" lon="-115.4870900">
    <ele>1784.0</ele>
   </trkpt>
   <trkpt lat="36.1063310" lon="-115.4870900">
    <ele>1784.0</ele>
   </trkpt>
   <trkpt lat="36.1063310" lon="-115.4870900">
    <ele>1784.0</ele>
   </trkpt>
   <trkpt lat="36.1063310" lon="-115.4870900">
    <ele>1785.0</ele>
   </trkpt>
   <trkpt lat="36.1063310" lon="-115.4870900">
    <ele>1785.0</ele>
   </trkpt>
   <trkpt lat="36.1063310" lon="-115.4870900">
    <ele>1785.0</ele>
   </trkpt>
   <trkpt lat="36.1063310" lon="-115.4870900">
    <ele>1785.0</ele>
   </trkpt>
   <trkpt lat="36.1063310" lon="-115.4870900">
    <ele>1785.0</ele>
   </trkpt>
   <trkpt lat="36.1063310" lon="-115.4870900">
    <ele>1785.0</ele>
   </trkpt>
   <trkpt lat="36.1063310" lon="-115.4870900">
    <ele>1785.0</ele>
   </trkpt>
   <trkpt lat="36.1063420" lon="-115.4871180">
    <ele>1785.0</ele>
   </trkpt>
   <trkpt lat="36.1063460" lon="-115.4871260">
    <ele>1785.0</ele>
   </trkpt>
   <trkpt lat="36.1063490" lon="-115.4871340">
    <ele>1785.0</ele>
   </trkpt>
   <trkpt lat="36.1063470" lon="-115.4871370">
    <ele>1786.0</ele>
   </trkpt>
   <trkpt lat="36.1063460" lon="-115.4871400">
    <ele>1786.0</ele>
   </trkpt>
   <trkpt lat="36.1063410" lon="-115.4871350">
    <ele>1786.0</ele>
   </trkpt>
   <trkpt lat="36.1063360" lon="-115.4871310">
    <ele>1786.0</ele>
   </trkpt>
   <trkpt lat="36.1063310" lon="-115.4871220">
    <ele>1786.0</ele>
   </trkpt>
   <trkpt lat="36.1063250" lon="-115.4871140">
    <ele>1787.0</ele>
   </trkpt>
   <trkpt lat="36.1063230" lon="-115.4871060">
    <ele>1787.0</ele>
   </trkpt>
   <trkpt lat="36.1063210" lon="-115.4870980">
    <ele>1787.0</ele>
   </trkpt>
   <trkpt lat="36.1063210" lon="-115.4870980">
    <ele>1787.0</ele>
   </trkpt>
   <trkpt lat="36.1063210" lon="-115.4870980">
    <ele>1787.0</ele>
   </trkpt>
   <trkpt lat="36.1063210" lon="-115.4870980">
    <ele>1788.0</ele>
   </trkpt>
   <trkpt lat="36.1063210" lon="-115.4870980">
    <ele>1788.0</ele>
   </trkpt>
   <trkpt lat="36.1063210" lon="-115.4870980">
    <ele>1788.0</ele>
   </trkpt>
   <trkpt lat="36.1063210" lon="-115.4870980">
    <ele>1788.0</ele>
   </trkpt>
   <trkpt lat="36.1063210" lon="-115.4870980">
    <ele>1788.0</ele>
   </trkpt>
   <trkpt lat="36.1063210" lon="-115.4870980">
    <ele>1789.0</ele>
   </trkpt>
   <trkpt lat="36.1063320" lon="-115.4871000">
    <ele>1789.0</ele>
   </trkpt>
   <trkpt lat="36.1063410" lon="-115.4871060">
    <ele>1789.0</ele>
   </trkpt>
   <trkpt lat="36.1063510" lon="-115.4871120">
    <ele>1789.0</ele>
   </trkpt>
   <trkpt lat="36.1063510" lon="-115.4871120">
    <ele>1789.0</ele>
   </trkpt>
   <trkpt lat="36.1063510" lon="-115.4871120">
    <ele>1790.0</ele>
   </trkpt>
   <trkpt lat="36.1063510" lon="-115.4871120">
    <ele>1790.0</ele>
   </trkpt>
   <trkpt lat="36.1063510" lon="-115.4871120">
    <ele>1790.0</ele>
   </trkpt>
   <trkpt lat="36.1063510" lon="-115.4871120">
    <ele>1790.0</ele>
   </trkpt>
   <trkpt lat="36.1063510" lon="-115.4871120">
    <ele>1790.0</ele>
   </trkpt>
   <trkpt lat="36.1063510" lon="-115.4871120">
    <ele>1791.0</ele>
   </trkpt>
   <trkpt lat="36.1063510" lon="-115.4871120">
    <ele>1791.0</ele>
   </trkpt>
   <trkpt lat="36.1063510" lon="-115.4871120">
    <ele>1791.0</ele>
   </trkpt>
   <trkpt lat="36.1063600" lon="-115.4871230">
    <ele>1791.0</ele>
   </trkpt>
   <trkpt lat="36.1063580" lon="-115.4871300">
    <ele>1791.0</ele>
   </trkpt>
   <trkpt lat="36.1063560" lon="-115.4871360">
    <ele>1792.0</ele>
   </trkpt>
   <trkpt lat="36.1063560" lon="-115.4871360">
    <ele>1792.0</ele>
   </trkpt>
   <trkpt lat="36.1063560" lon="-115.4871360">
    <ele>1792.0</ele>
   </trkpt>
   <trkpt lat="36.1063560" lon="-115.4871360">
    <ele>1792.0</ele>
   </trkpt>
   <trkpt lat="36.1063560" lon="-115.4871360">
    <ele>1792.0</ele>
   </trkpt>
   <trkpt lat="36.1063560" lon="-115.4871360">
    <ele>1792.0</ele>
   </trkpt>
   <trkpt lat="36.1063560" lon="-115.4871360">
    <ele>1792.0</ele>
   </trkpt>
   <trkpt lat="36.1063520" lon="-115.4871440">
    <ele>1792.0</ele>
   </trkpt>
   <trkpt lat="36.1063540" lon="-115.4871430">
    <ele>1792.0</ele>
   </trkpt>
   <trkpt lat="36.1063560" lon="-115.4871420">
    <ele>1792.0</ele>
   </trkpt>
   <trkpt lat="36.1063570" lon="-115.4871400">
    <ele>1793.0</ele>
   </trkpt>
   <trkpt lat="36.1063590" lon="-115.4871380">
    <ele>1793.0</ele>
   </trkpt>
   <trkpt lat="36.1063600" lon="-115.4871360">
    <ele>1793.0</ele>
   </trkpt>
   <trkpt lat="36.1063620" lon="-115.4871340">
    <ele>1793.0</ele>
   </trkpt>
   <trkpt lat="36.1063620" lon="-115.4871300">
    <ele>1793.0</ele>
   </trkpt>
   <trkpt lat="36.1063630" lon="-115.4871260">
    <ele>1794.0</ele>
   </trkpt>
   <trkpt lat="36.1063630" lon="-115.4871260">
    <ele>1794.0</ele>
   </trkpt>
   <trkpt lat="36.1063630" lon="-115.4871260">
    <ele>1794.0</ele>
   </trkpt>
   <trkpt lat="36.1063630" lon="-115.4871260">
    <ele>1794.0</ele>
   </trkpt>
   <trkpt lat="36.1063630" lon="-115.4871260">
    <ele>1794.0</ele>
   </trkpt>
   <trkpt lat="36.1063630" lon="-115.4871260">
    <ele>1794.0</ele>
   </trkpt>
   <trkpt lat="36.1063630" lon="-115.4871260">
    <ele>1794.0</ele>
   </trkpt>
   <trkpt lat="36.1063570" lon="-115.4871150">
    <ele>1794.0</ele>
   </trkpt>
   <trkpt lat="36.1063520" lon="-115.4871110">
    <ele>1794.0</ele>
   </trkpt>
   <trkpt lat="36.1063470" lon="-115.4871080">
    <ele>1794.0</ele>
   </trkpt>
   <trkpt lat="36.1063470" lon="-115.4871080">
    <ele>1795.0</ele>
   </trkpt>
   <trkpt lat="36.1063480" lon="-115.4871100">
    <ele>1795.0</ele>
   </trkpt>
   <trkpt lat="36.1063490" lon="-115.4871130">
    <ele>1795.0</ele>
   </trkpt>
   <trkpt lat="36.1063500" lon="-115.4871150">
    <ele>1795.0</ele>
   </trkpt>
   <trkpt lat="36.1063510" lon="-115.4871180">
    <ele>1795.0</ele>
   </trkpt>
   <trkpt lat="36.1063520" lon="-115.4871210">
    <ele>1795.0</ele>
   </trkpt>
   <trkpt lat="36.1063530" lon="-115.4871230">
    <ele>1795.0</ele>
   </trkpt>
   <trkpt lat="36.1063540" lon="-115.4871260">
    <ele>1795.0</ele>
   </trkpt>
   <trkpt lat="36.1063550" lon="-115.4871290">
    <ele>1796.0</ele>
   </trkpt>
   <trkpt lat="36.1063560" lon="-115.4871310">
    <ele>1796.0</ele>
   </trkpt>
   <trkpt lat="36.1063570" lon="-115.4871340">
    <ele>1797.0</ele>
   </trkpt>
   <trkpt lat="36.1063580" lon="-115.4871370">
    <ele>1797.0</ele>
   </trkpt>
   <trkpt lat="36.1063580" lon="-115.4871390">
    <ele>1797.0</ele>
   </trkpt>
   <trkpt lat="36.1063590" lon="-115.4871420">
    <ele>1797.0</ele>
   </trkpt>
   <trkpt lat="36.1063600" lon="-115.4871450">
    <ele>1797.0</ele>
   </trkpt>
   <trkpt lat="36.1063610" lon="-115.4871470">
    <ele>1797.0</ele>
   </trkpt>
   <trkpt lat="36.1063620" lon="-115.4871500">
    <ele>1797.0</ele>
   </trkpt>
   <trkpt lat="36.1063630" lon="-115.4871530">
    <ele>1797.0</ele>
   </trkpt>
   <trkpt lat="36.1063640" lon="-115.4871550">
    <ele>1797.0</ele>
   </trkpt>
   <trkpt lat="36.1063650" lon="-115.4871580">
    <ele>1797.0</ele>
   </trkpt>
   <trkpt lat="36.1063660" lon="-115.4871610">
    <ele>1797.0</ele>
   </trkpt>
   <trkpt lat="36.1063670" lon="-115.4871630">
    <ele>1797.0</ele>
   </trkpt>
   <trkpt lat="36.1063680" lon="-115.4871660">
    <ele>1797.0</ele>
   </trkpt>
   <trkpt lat="36.1063690" lon="-115.4871690">
    <ele>1797.0</ele>
   </trkpt>
   <trkpt lat="36.1063700" lon="-115.4871710">
    <ele>1797.0</ele>
   </trkpt>
   <trkpt lat="36.1063710" lon="-115.4871740">
    <ele>1798.0</ele>
   </trkpt>
   <trkpt lat="36.1063720" lon="-115.4871770">
    <ele>1798.0</ele>
   </trkpt>
   <trkpt lat="36.1063730" lon="-115.4871790">
    <ele>1798.0</ele>
   </trkpt>
   <trkpt lat="36.1063740" lon="-115.4871820">
    <ele>1798.0</ele>
   </trkpt>
   <trkpt lat="36.1063750" lon="-115.4871850">
    <ele>1798.0</ele>
   </trkpt>
   <trkpt lat="36.1063760" lon="-115.4871870">
    <ele>1798.0</ele>
   </trkpt>
   <trkpt lat="36.1063770" lon="-115.4871900">
    <ele>1798.0</ele>
   </trkpt>
   <trkpt lat="36.1063780" lon="-115.4871920">
    <ele>1798.0</ele>
   </trkpt>
   <trkpt lat="36.1063790" lon="-115.4871950">
    <ele>1798.0</ele>
   </trkpt>
   <trkpt lat="36.1063800" lon="-115.4871980">
    <ele>1798.0</ele>
   </trkpt>
   <trkpt lat="36.1063810" lon="-115.4872000">
    <ele>1798.0</ele>
   </trkpt>
   <trkpt lat="36.1063820" lon="-115.4872030">
    <ele>1798.0</ele>
   </trkpt>
   <trkpt lat="36.1063820" lon="-115.4872060">
    <ele>1798.0</ele>
   </trkpt>
   <trkpt lat="36.1063830" lon="-115.4872080">
    <ele>1798.0</ele>
   </trkpt>
   <trkpt lat="36.1063840" lon="-115.4872110">
    <ele>1798.0</ele>
   </trkpt>
   <trkpt lat="36.1063850" lon="-115.4872140">
    <ele>1798.0</ele>
   </trkpt>
   <trkpt lat="36.1063860" lon="-115.4872160">
    <ele>1798.0</ele>
   </trkpt>
   <trkpt lat="36.1063870" lon="-115.4872190">
    <ele>1798.0</ele>
   </trkpt>
   <trkpt lat="36.1063880" lon="-115.4872220">
    <ele>1798.0</ele>
   </trkpt>
   <trkpt lat="36.1063890" lon="-115.4872240">
    <ele>1798.0</ele>
   </trkpt>
   <trkpt lat="36.1063900" lon="-115.4872270">
    <ele>1799.0</ele>
   </trkpt>
   <trkpt lat="36.1063910" lon="-115.4872300">
    <ele>1799.0</ele>
   </trkpt>
   <trkpt lat="36.1063920" lon="-115.4872320">
    <ele>1799.0</ele>
   </trkpt>
   <trkpt lat="36.1063930" lon="-115.4872350">
    <ele>1799.0</ele>
   </trkpt>
   <trkpt lat="36.1063940" lon="-115.4872380">
    <ele>1799.0</ele>
   </trkpt>
   <trkpt lat="36.1063950" lon="-115.4872400">
    <ele>1800.0</ele>
   </trkpt>
   <trkpt lat="36.1063960" lon="-115.4872430">
    <ele>1800.0</ele>
   </trkpt>
   <trkpt lat="36.1063970" lon="-115.4872460">
    <ele>1800.0</ele>
   </trkpt>
   <trkpt lat="36.1063980" lon="-115.4872480">
    <ele>1800.0</ele>
   </trkpt>
   <trkpt lat="36.1063990" lon="-115.4872510">
    <ele>1800.0</ele>
   </trkpt>
   <trkpt lat="36.1064000" lon="-115.4872540">
    <ele>1801.0</ele>
   </trkpt>
   <trkpt lat="36.1064010" lon="-115.4872560">
    <ele>1801.0</ele>
   </trkpt>
   <trkpt lat="36.1064020" lon="-115.4872590">
    <ele>1801.0</ele>
   </trkpt>
   <trkpt lat="36.1064030" lon="-115.4872620">
    <ele>1801.0</ele>
   </trkpt>
   <trkpt lat="36.1064040" lon="-115.4872640">
    <ele>1801.0</ele>
   </trkpt>
   <trkpt lat="36.1064050" lon="-115.4872670">
    <ele>1801.0</ele>
   </trkpt>
   <trkpt lat="36.1064060" lon="-115.4872690">
    <ele>1801.0</ele>
   </trkpt>
   <trkpt lat="36.1064060" lon="-115.4872720">
    <ele>1801.0</ele>
   </trkpt>
   <trkpt lat="36.1064070" lon="-115.4872750">
    <ele>1801.0</ele>
   </trkpt>
   <trkpt lat="36.1064080" lon="-115.4872770">
    <ele>1801.0</ele>
   </trkpt>
   <trkpt lat="36.1064090" lon="-115.4872800">
    <ele>1802.0</ele>
   </trkpt>
   <trkpt lat="36.1064100" lon="-115.4872830">
    <ele>1802.0</ele>
   </trkpt>
   <trkpt lat="36.1064110" lon="-115.4872850">
    <ele>1802.0</ele>
   </trkpt>
   <trkpt lat="36.1064120" lon="-115.4872880">
    <ele>1802.0</ele>
   </trkpt>
   <trkpt lat="36.1064130" lon="-115.4872910">
    <ele>1802.0</ele>
   </trkpt>
   <trkpt lat="36.1064140" lon="-115.4872930">
    <ele>1802.0</ele>
   </trkpt>
   <trkpt lat="36.1064150" lon="-115.4872960">
    <ele>1802.0</ele>
   </trkpt>
   <trkpt lat="36.1064160" lon="-115.4872990">
    <ele>1802.0</ele>
   </trkpt>
   <trkpt lat="36.1064170" lon="-115.4873010">
    <ele>1802.0</ele>
   </trkpt>
   <trkpt lat="36.1064180" lon="-115.4873040">
    <ele>1802.0</ele>
   </trkpt>
   <trkpt lat="36.1064190" lon="-115.4873070">
    <ele>1803.0</ele>
   </trkpt>
   <trkpt lat="36.1064200" lon="-115.4873090">
    <ele>1803.0</ele>
   </trkpt>
   <trkpt lat="36.1064210" lon="-115.4873120">
    <ele>1803.0</ele>
   </trkpt>
   <trkpt lat="36.1064220" lon="-115.4873150">
    <ele>1803.0</ele>
   </trkpt>
   <trkpt lat="36.1064230" lon="-115.4873170">
    <ele>1803.0</ele>
   </trkpt>
   <trkpt lat="36.1064240" lon="-115.4873200">
    <ele>1804.0</ele>
   </trkpt>
   <trkpt lat="36.1064250" lon="-115.4873230">
    <ele>1804.0</ele>
   </trkpt>
   <trkpt lat="36.1064260" lon="-115.4873250">
    <ele>1804.0</ele>
   </trkpt>
   <trkpt lat="36.1064270" lon="-115.4873280">
    <ele>1804.0</ele>
   </trkpt>
   <trkpt lat="36.1064280" lon="-115.4873310">
    <ele>1804.0</ele>
   </trkpt>
   <trkpt lat="36.1064290" lon="-115.4873330">
    <ele>1804.0</ele>
   </trkpt>
   <trkpt lat="36.1064300" lon="-115.4873360">
    <ele>1804.0</ele>
   </trkpt>
   <trkpt lat="36.1064300" lon="-115.4873390">
    <ele>1804.0</ele>
   </trkpt>
   <trkpt lat="36.1064310" lon="-115.4873410">
    <ele>1804.0</ele>
   </trkpt>
   <trkpt lat="36.1064320" lon="-115.4873440">
    <ele>1804.0</ele>
   </trkpt>
   <trkpt lat="36.1064330" lon="-115.4873460">
    <ele>1805.0</ele>
   </trkpt>
   <trkpt lat="36.1064340" lon="-115.4873490">
    <ele>1805.0</ele>
   </trkpt>
   <trkpt lat="36.1064350" lon="-115.4873520">
    <ele>1805.0</ele>
   </trkpt>
   <trkpt lat="36.1064360" lon="-115.4873540">
    <ele>1805.0</ele>
   </trkpt>
   <trkpt lat="36.1064370" lon="-115.4873570">
    <ele>1805.0</ele>
   </trkpt>
   <trkpt lat="36.1064380" lon="-115.4873600">
    <ele>1805.0</ele>
   </trkpt>
   <trkpt lat="36.1064390" lon="-115.4873620">
    <ele>1805.0</ele>
   </trkpt>
   <trkpt lat="36.1064400" lon="-115.4873650">
    <ele>1805.0</ele>
   </trkpt>
   <trkpt lat="36.1064410" lon="-115.4873680">
    <ele>1805.0</ele>
   </trkpt>
   <trkpt lat="36.1064420" lon="-115.4873700">
    <ele>1805.0</ele>
   </trkpt>
   <trkpt lat="36.1064430" lon="-115.4873730">
    <ele>1805.0</ele>
   </trkpt>
   <trkpt lat="36.1064440" lon="-115.4873760">
    <ele>1805.0</ele>
   </trkpt>
   <trkpt lat="36.1064450" lon="-115.4873780">
    <ele>1805.0</ele>
   </trkpt>
   <trkpt lat="36.1064460" lon="-115.4873810">
    <ele>1805.0</ele>
   </trkpt>
   <trkpt lat="36.1064470" lon="-115.4873840">
    <ele>1805.0</ele>
   </trkpt>
   <trkpt lat="36.1064480" lon="-115.4873860">
    <ele>1805.0</ele>
   </trkpt>
   <trkpt lat="36.1064490" lon="-115.4873890">
    <ele>1805.0</ele>
   </trkpt>
   <trkpt lat="36.1064500" lon="-115.4873920">
    <ele>1805.0</ele>
   </trkpt>
   <trkpt lat="36.1064510" lon="-115.4873940">
    <ele>1805.0</ele>
   </trkpt>
   <trkpt lat="36.1064520" lon="-115.4873970">
    <ele>1805.0</ele>
   </trkpt>
   <trkpt lat="36.1064530" lon="-115.4874000">
    <ele>1806.0</ele>
   </trkpt>
   <trkpt lat="36.1064540" lon="-115.4874020">
    <ele>1806.0</ele>
   </trkpt>
   <trkpt lat="36.1064540" lon="-115.4874050">
    <ele>1806.0</ele>
   </trkpt>
   <trkpt lat="36.1064550" lon="-115.4874080">
    <ele>1806.0</ele>
   </trkpt>
   <trkpt lat="36.1064560" lon="-115.4874100">
    <ele>1806.0</ele>
   </trkpt>
   <trkpt lat="36.1064570" lon="-115.4874130">
    <ele>1806.0</ele>
   </trkpt>
   <trkpt lat="36.1064580" lon="-115.4874150">
    <ele>1806.0</ele>
   </trkpt>
   <trkpt lat="36.1064590" lon="-115.4874180">
    <ele>1806.0</ele>
   </trkpt>
   <trkpt lat="36.1064600" lon="-115.4874210">
    <ele>1806.0</ele>
   </trkpt>
   <trkpt lat="36.1064610" lon="-115.4874230">
    <ele>1806.0</ele>
   </trkpt>
   <trkpt lat="36.1064620" lon="-115.4874260">
    <ele>1806.0</ele>
   </trkpt>
   <trkpt lat="36.1064630" lon="-115.4874290">
    <ele>1806.0</ele>
   </trkpt>
   <trkpt lat="36.1064640" lon="-115.4874310">
    <ele>1806.0</ele>
   </trkpt>
   <trkpt lat="36.1064650" lon="-115.4874340">
    <ele>1806.0</ele>
   </trkpt>
   <trkpt lat="36.1064660" lon="-115.4874370">
    <ele>1806.0</ele>
   </trkpt>
   <trkpt lat="36.1064670" lon="-115.4874390">
    <ele>1807.0</ele>
   </trkpt>
   <trkpt lat="36.1064680" lon="-115.4874420">
    <ele>1807.0</ele>
   </trkpt>
   <trkpt lat="36.1064690" lon="-115.4874450">
    <ele>1807.0</ele>
   </trkpt>
   <trkpt lat="36.1064700" lon="-115.4874470">
    <ele>1807.0</ele>
   </trkpt>
   <trkpt lat="36.1064710" lon="-115.4874500">
    <ele>1807.0</ele>
   </trkpt>
   <trkpt lat="36.1064720" lon="-115.4874530">
    <ele>1808.0</ele>
   </trkpt>
   <trkpt lat="36.1064730" lon="-115.4874550">
    <ele>1808.0</ele>
   </trkpt>
   <trkpt lat="36.1064740" lon="-115.4874580">
    <ele>1808.0</ele>
   </trkpt>
   <trkpt lat="36.1064750" lon="-115.4874610">
    <ele>1808.0</ele>
   </trkpt>
   <trkpt lat="36.1064760" lon="-115.4874630">
    <ele>1808.0</ele>
   </trkpt>
   <trkpt lat="36.1064770" lon="-115.4874660">
    <ele>1809.0</ele>
   </trkpt>
   <trkpt lat="36.1064780" lon="-115.4874690">
    <ele>1809.0</ele>
   </trkpt>
   <trkpt lat="36.1064790" lon="-115.4874710">
    <ele>1809.0</ele>
   </trkpt>
   <trkpt lat="36.1064790" lon="-115.4874740">
    <ele>1809.0</ele>
   </trkpt>
   <trkpt lat="36.1064800" lon="-115.4874770">
    <ele>1809.0</ele>
   </trkpt>
   <trkpt lat="36.1064810" lon="-115.4874790">
    <ele>1810.0</ele>
   </trkpt>
   <trkpt lat="36.1064820" lon="-115.4874820">
    <ele>1810.0</ele>
   </trkpt>
   <trkpt lat="36.1064830" lon="-115.4874850">
    <ele>1810.0</ele>
   </trkpt>
   <trkpt lat="36.1064840" lon="-115.4874870">
    <ele>1810.0</ele>
   </trkpt>
   <trkpt lat="36.1064850" lon="-115.4874900">
    <ele>1810.0</ele>
   </trkpt>
   <trkpt lat="36.1064860" lon="-115.4874920">
    <ele>1811.0</ele>
   </trkpt>
   <trkpt lat="36.1064870" lon="-115.4874950">
    <ele>1811.0</ele>
   </trkpt>
   <trkpt lat="36.1064880" lon="-115.4874980">
    <ele>1811.0</ele>
   </trkpt>
   <trkpt lat="36.1064890" lon="-115.4875000">
    <ele>1811.0</ele>
   </trkpt>
   <trkpt lat="36.1064900" lon="-115.4875030">
    <ele>1811.0</ele>
   </trkpt>
   <trkpt lat="36.1064910" lon="-115.4875060">
    <ele>1812.0</ele>
   </trkpt>
   <trkpt lat="36.1064920" lon="-115.4875080">
    <ele>1812.0</ele>
   </trkpt>
   <trkpt lat="36.1064930" lon="-115.4875110">
    <ele>1812.0</ele>
   </trkpt>
   <trkpt lat="36.1064940" lon="-115.4875140">
    <ele>1812.0</ele>
   </trkpt>
   <trkpt lat="36.1064950" lon="-115.4875160">
    <ele>1812.0</ele>
   </trkpt>
   <trkpt lat="36.1064960" lon="-115.4875190">
    <ele>1813.0</ele>
   </trkpt>
   <trkpt lat="36.1064970" lon="-115.4875220">
    <ele>1813.0</ele>
   </trkpt>
   <trkpt lat="36.1064980" lon="-115.4875240">
    <ele>1813.0</ele>
   </trkpt>
   <trkpt lat="36.1064990" lon="-115.4875270">
    <ele>1814.0</ele>
   </trkpt>
   <trkpt lat="36.1065000" lon="-115.4875300">
    <ele>1814.0</ele>
   </trkpt>
   <trkpt lat="36.1065010" lon="-115.4875320">
    <ele>1815.0</ele>
   </trkpt>
   <trkpt lat="36.1065020" lon="-115.4875350">
    <ele>1815.0</ele>
   </trkpt>
   <trkpt lat="36.1065030" lon="-115.4875380">
    <ele>1815.0</ele>
   </trkpt>
   <trkpt lat="36.1065030" lon="-115.4875400">
    <ele>1815.0</ele>
   </trkpt>
   <trkpt lat="36.1065040" lon="-115.4875430">
    <ele>1815.0</ele>
   </trkpt>
   <trkpt lat="36.1065050" lon="-115.4875460">
    <ele>1816.0</ele>
   </trkpt>
   <trkpt lat="36.1065060" lon="-115.4875480">
    <ele>1816.0</ele>
   </trkpt>
   <trkpt lat="36.1065070" lon="-115.4875510">
    <ele>1816.0</ele>
   </trkpt>
   <trkpt lat="36.1065080" lon="-115.4875540">
    <ele>1816.0</ele>
   </trkpt>
   <trkpt lat="36.1065090" lon="-115.4875560">
    <ele>1816.0</ele>
   </trkpt>
   <trkpt lat="36.1065100" lon="-115.4875590">
    <ele>1817.0</ele>
   </trkpt>
   <trkpt lat="36.1065110" lon="-115.4875620">
    <ele>1817.0</ele>
   </trkpt>
   <trkpt lat="36.1065120" lon="-115.4875640">
    <ele>1817.0</ele>
   </trkpt>
   <trkpt lat="36.1065130" lon="-115.4875670">
    <ele>1818.0</ele>
   </trkpt>
   <trkpt lat="36.1065140" lon="-115.4875690">
    <ele>1818.0</ele>
   </trkpt>
   <trkpt lat="36.1065150" lon="-115.4875720">
    <ele>1819.0</ele>
   </trkpt>
   <trkpt lat="36.1065160" lon="-115.4875750">
    <ele>1819.0</ele>
   </trkpt>
   <trkpt lat="36.1065170" lon="-115.4875770">
    <ele>1819.0</ele>
   </trkpt>
   <trkpt lat="36.1065180" lon="-115.4875800">
    <ele>1819.0</ele>
   </trkpt>
   <trkpt lat="36.1065190" lon="-115.4875830">
    <ele>1819.0</ele>
   </trkpt>
   <trkpt lat="36.1065200" lon="-115.4875850">
    <ele>1820.0</ele>
   </trkpt>
   <trkpt lat="36.1065210" lon="-115.4875880">
    <ele>1820.0</ele>
   </trkpt>
   <trkpt lat="36.1065220" lon="-115.4875910">
    <ele>1820.0</ele>
   </trkpt>
   <trkpt lat="36.1065230" lon="-115.4875930">
    <ele>1820.0</ele>
   </trkpt>
   <trkpt lat="36.1065240" lon="-115.4875960">
    <ele>1820.0</ele>
   </trkpt>
   <trkpt lat="36.1065250" lon="-115.4875990">
    <ele>1821.0</ele>
   </trkpt>
   <trkpt lat="36.1065260" lon="-115.4876010">
    <ele>1821.0</ele>
   </trkpt>
   <trkpt lat="36.1065270" lon="-115.4876040">
    <ele>1821.0</ele>
   </trkpt>
   <trkpt lat="36.1065270" lon="-115.4876070">
    <ele>1821.0</ele>
   </trkpt>
   <trkpt lat="36.1065280" lon="-115.4876090">
    <ele>1821.0</ele>
   </trkpt>
   <trkpt lat="36.1065290" lon="-115.4876120">
    <ele>1822.0</ele>
   </trkpt>
   <trkpt lat="36.1065300" lon="-115.4876150">
    <ele>1822.0</ele>
   </trkpt>
   <trkpt lat="36.1065310" lon="-115.4876170">
    <ele>1822.0</ele>
   </trkpt>
   <trkpt lat="36.1065320" lon="-115.4876200">
    <ele>1822.0</ele>
   </trkpt>
   <trkpt lat="36.1065330" lon="-115.4876230">
    <ele>1822.0</ele>
   </trkpt>
   <trkpt lat="36.1065340" lon="-115.4876250">
    <ele>1823.0</ele>
   </trkpt>
   <trkpt lat="36.1065350" lon="-115.4876280">
    <ele>1823.0</ele>
   </trkpt>
   <trkpt lat="36.1065360" lon="-115.4876310">
    <ele>1823.0</ele>
   </trkpt>
   <trkpt lat="36.1065370" lon="-115.4876330">
    <ele>1823.0</ele>
   </trkpt>
   <trkpt lat="36.1065380" lon="-115.4876360">
    <ele>1823.0</ele>
   </trkpt>
   <trkpt lat="36.1065450" lon="-115.4876750">
    <ele>1824.0</ele>
   </trkpt>
   <trkpt lat="36.1065480" lon="-115.4876970">
    <ele>1824.0</ele>
   </trkpt>
   <trkpt lat="36.1065520" lon="-115.4877200">
    <ele>1824.0</ele>
   </trkpt>
   <trkpt lat="36.1065520" lon="-115.4877200">
    <ele>1824.0</ele>
   </trkpt>
   <trkpt lat="36.1065520" lon="-115.4877200">
    <ele>1824.0</ele>
   </trkpt>
   <trkpt lat="36.1065520" lon="-115.4877200">
    <ele>1825.0</ele>
   </trkpt>
   <trkpt lat="36.1065520" lon="-115.4877200">
    <ele>1825.0</ele>
   </trkpt>
   <trkpt lat="36.1065520" lon="-115.4877200">
    <ele>1825.0</ele>
   </trkpt>
   <trkpt lat="36.1065520" lon="-115.4877200">
    <ele>1825.0</ele>
   </trkpt>
   <trkpt lat="36.1065520" lon="-115.4877200">
    <ele>1825.0</ele>
   </trkpt>
   <trkpt lat="36.1065580" lon="-115.4877620">
    <ele>1826.0</ele>
   </trkpt>
   <trkpt lat="36.1065600" lon="-115.4877770">
    <ele>1826.0</ele>
   </trkpt>
   <trkpt lat="36.1065610" lon="-115.4877920">
    <ele>1826.0</ele>
   </trkpt>
   <trkpt lat="36.1065610" lon="-115.4877990">
    <ele>1826.0</ele>
   </trkpt>
   <trkpt lat="36.1065610" lon="-115.4878070">
    <ele>1826.0</ele>
   </trkpt>
   <trkpt lat="36.1065610" lon="-115.4878140">
    <ele>1827.0</ele>
   </trkpt>
   <trkpt lat="36.1065620" lon="-115.4878190">
    <ele>1827.0</ele>
   </trkpt>
   <trkpt lat="36.1065630" lon="-115.4878240">
    <ele>1827.0</ele>
   </trkpt>
   <trkpt lat="36.1065670" lon="-115.4878310">
    <ele>1827.0</ele>
   </trkpt>
   <trkpt lat="36.1065720" lon="-115.4878370">
    <ele>1827.0</ele>
   </trkpt>
   <trkpt lat="36.1065790" lon="-115.4878430">
    <ele>1828.0</ele>
   </trkpt>
   <trkpt lat="36.1065850" lon="-115.4878490">
    <ele>1828.0</ele>
   </trkpt>
   <trkpt lat="36.1065910" lon="-115.4878530">
    <ele>1828.0</ele>
   </trkpt>
   <trkpt lat="36.1065960" lon="-115.4878580">
    <ele>1829.0</ele>
   </trkpt>
   <trkpt lat="36.1066010" lon="-115.4878630">
    <ele>1829.0</ele>
   </trkpt>
   <trkpt lat="36.1066010" lon="-115.4878630">
    <ele>1830.0</ele>
   </trkpt>
   <trkpt lat="36.1066010" lon="-115.4878630">
    <ele>1830.0</ele>
   </trkpt>
   <trkpt lat="36.1066010" lon="-115.4878630">
    <ele>1830.0</ele>
   </trkpt>
   <trkpt lat="36.1066010" lon="-115.4878630">
    <ele>1830.0</ele>
   </trkpt>
   <trkpt lat="36.1066010" lon="-115.4878630">
    <ele>1830.0</ele>
   </trkpt>
   <trkpt lat="36.1066010" lon="-115.4878630">
    <ele>1831.0</ele>
   </trkpt>
   <trkpt lat="36.1066060" lon="-115.4878810">
    <ele>1831.0</ele>
   </trkpt>
   <trkpt lat="36.1066090" lon="-115.4878920">
    <ele>1831.0</ele>
   </trkpt>
   <trkpt lat="36.1066120" lon="-115.4879040">
    <ele>1831.0</ele>
   </trkpt>
   <trkpt lat="36.1066140" lon="-115.4879100">
    <ele>1831.0</ele>
   </trkpt>
   <trkpt lat="36.1066160" lon="-115.4879170">
    <ele>1832.0</ele>
   </trkpt>
   <trkpt lat="36.1066180" lon="-115.4879230">
    <ele>1832.0</ele>
   </trkpt>
   <trkpt lat="36.1066210" lon="-115.4879300">
    <ele>1832.0</ele>
   </trkpt>
   <trkpt lat="36.1066230" lon="-115.4879370">
    <ele>1833.0</ele>
   </trkpt>
   <trkpt lat="36.1066250" lon="-115.4879440">
    <ele>1833.0</ele>
   </trkpt>
   <trkpt lat="36.1066280" lon="-115.4879530">
    <ele>1834.0</ele>
   </trkpt>
   <trkpt lat="36.1066300" lon="-115.4879620">
    <ele>1834.0</ele>
   </trkpt>
   <trkpt lat="36.1066320" lon="-115.4879670">
    <ele>1834.0</ele>
   </trkpt>
   <trkpt lat="36.1066340" lon="-115.4879720">
    <ele>1834.0</ele>
   </trkpt>
   <trkpt lat="36.1066400" lon="-115.4879800">
    <ele>1834.0</ele>
   </trkpt>
   <trkpt lat="36.1066450" lon="-115.4879870">
    <ele>1835.0</ele>
   </trkpt>
   <trkpt lat="36.1066480" lon="-115.4879900">
    <ele>1835.0</ele>
   </trkpt>
   <trkpt lat="36.1066520" lon="-115.4879930">
    <ele>1835.0</ele>
   </trkpt>
   <trkpt lat="36.1066590" lon="-115.4879970">
    <ele>1836.0</ele>
   </trkpt>
   <trkpt lat="36.1066670" lon="-115.4880010">
    <ele>1836.0</ele>
   </trkpt>
   <trkpt lat="36.1066750" lon="-115.4880050">
    <ele>1837.0</ele>
   </trkpt>
   <trkpt lat="36.1066820" lon="-115.4880090">
    <ele>1837.0</ele>
   </trkpt>
   <trkpt lat="36.1066870" lon="-115.4880150">
    <ele>1837.0</ele>
   </trkpt>
   <trkpt lat="36.1066920" lon="-115.4880200">
    <ele>1838.0</ele>
   </trkpt>
   <trkpt lat="36.1066940" lon="-115.4880260">
    <ele>1838.0</ele>
   </trkpt>
   <trkpt lat="36.1066960" lon="-115.4880330">
    <ele>1839.0</ele>
   </trkpt>
   <trkpt lat="36.1066970" lon="-115.4880400">
    <ele>1839.0</ele>
   </trkpt>
   <trkpt lat="36.1066980" lon="-115.4880470">
    <ele>1839.0</ele>
   </trkpt>
   <trkpt lat="36.1067010" lon="-115.4880560">
    <ele>1840.0</ele>
   </trkpt>
   <trkpt lat="36.1067040" lon="-115.4880640">
    <ele>1840.0</ele>
   </trkpt>
   <trkpt lat="36.1067040" lon="-115.4880640">
    <ele>1841.0</ele>
   </trkpt>
   <trkpt lat="36.1067040" lon="-115.4880640">
    <ele>1841.0</ele>
   </trkpt>
   <trkpt lat="36.1067040" lon="-115.4880640">
    <ele>1841.0</ele>
   </trkpt>
   <trkpt lat="36.1067040" lon="-115.4880640">
    <ele>1841.0</ele>
   </trkpt>
   <trkpt lat="36.1067040" lon="-115.4880640">
    <ele>1841.0</ele>
   </trkpt>
   <trkpt lat="36.1067040" lon="-115.4880640">
    <ele>1842.0</ele>
   </trkpt>
   <trkpt lat="36.1067040" lon="-115.4880640">
    <ele>1842.0</ele>
   </trkpt>
   <trkpt lat="36.1067040" lon="-115.4880640">
    <ele>1842.0</ele>
   </trkpt>
   <trkpt lat="36.1067120" lon="-115.4880820">
    <ele>1843.0</ele>
   </trkpt>
   <trkpt lat="36.1067190" lon="-115.4880940">
    <ele>1843.0</ele>
   </trkpt>
   <trkpt lat="36.1067260" lon="-115.4881050">
    <ele>1844.0</ele>
   </trkpt>
   <trkpt lat="36.1067320" lon="-115.4881130">
    <ele>1844.0</ele>
   </trkpt>
   <trkpt lat="36.1067380" lon="-115.4881210">
    <ele>1844.0</ele>
   </trkpt>
   <trkpt lat="36.1067440" lon="-115.4881280">
    <ele>1845.0</ele>
   </trkpt>
   <trkpt lat="36.1067490" lon="-115.4881360">
    <ele>1845.0</ele>
   </trkpt>
   <trkpt lat="36.1067530" lon="-115.4881450">
    <ele>1846.0</ele>
   </trkpt>
   <trkpt lat="36.1067570" lon="-115.4881540">
    <ele>1846.0</ele>
   </trkpt>
   <trkpt lat="36.1067600" lon="-115.4881640">
    <ele>1846.0</ele>
   </trkpt>
   <trkpt lat="36.1067630" lon="-115.4881740">
    <ele>1846.0</ele>
   </trkpt>
   <trkpt lat="36.1067630" lon="-115.4881740">
    <ele>1846.0</ele>
   </trkpt>
   <trkpt lat="36.1067630" lon="-115.4881740">
    <ele>1847.0</ele>
   </trkpt>
   <trkpt lat="36.1067630" lon="-115.4881740">
    <ele>1847.0</ele>
   </trkpt>
   <trkpt lat="36.1067630" lon="-115.4881740">
    <ele>1847.0</ele>
   </trkpt>
   <trkpt lat="36.1067630" lon="-115.4881740">
    <ele>1847.0</ele>
   </trkpt>
   <trkpt lat="36.1067630" lon="-115.4881740">
    <ele>1847.0</ele>
   </trkpt>
   <trkpt lat="36.1067630" lon="-115.4881740">
    <ele>1848.0</ele>
   </trkpt>
   <trkpt lat="36.1067630" lon="-115.4881740">
    <ele>1848.0</ele>
   </trkpt>
   <trkpt lat="36.1067630" lon="-115.4881740">
    <ele>1849.0</ele>
   </trkpt>
   <trkpt lat="36.1067630" lon="-115.4881740">
    <ele>1849.0</ele>
   </trkpt>
   <trkpt lat="36.1067630" lon="-115.4881740">
    <ele>1850.0</ele>
   </trkpt>
   <trkpt lat="36.1067630" lon="-115.4881740">
    <ele>1851.0</ele>
   </trkpt>
   <trkpt lat="36.1067630" lon="-115.4881740">
    <ele>1851.0</ele>
   </trkpt>
   <trkpt lat="36.1067630" lon="-115.4881740">
    <ele>1851.0</ele>
   </trkpt>
   <trkpt lat="36.1067630" lon="-115.4881740">
    <ele>1851.0</ele>
   </trkpt>
   <trkpt lat="36.1067630" lon="-115.4881740">
    <ele>1851.0</ele>
   </trkpt>
   <trkpt lat="36.1067630" lon="-115.4881740">
    <ele>1852.0</ele>
   </trkpt>
   <trkpt lat="36.1067670" lon="-115.4881880">
    <ele>1852.0</ele>
   </trkpt>
   <trkpt lat="36.1067690" lon="-115.4881880">
    <ele>1852.0</ele>
   </trkpt>
   <trkpt lat="36.1067710" lon="-115.4881880">
    <ele>1852.0</ele>
   </trkpt>
   <trkpt lat="36.1067710" lon="-115.4881820">
    <ele>1852.0</ele>
   </trkpt>
   <trkpt lat="36.1067720" lon="-115.4881760">
    <ele>1853.0</ele>
   </trkpt>
   <trkpt lat="36.1067720" lon="-115.4881640">
    <ele>1853.0</ele>
   </trkpt>
   <trkpt lat="36.1067720" lon="-115.4881510">
    <ele>1853.0</ele>
   </trkpt>
   <trkpt lat="36.1067710" lon="-115.4881370">
    <ele>1853.0</ele>
   </trkpt>
   <trkpt lat="36.1067700" lon="-115.4881240">
    <ele>1853.0</ele>
   </trkpt>
   <trkpt lat="36.1067700" lon="-115.4881240">
    <ele>1854.0</ele>
   </trkpt>
   <trkpt lat="36.1067700" lon="-115.4881240">
    <ele>1854.0</ele>
   </trkpt>
   <trkpt lat="36.1067700" lon="-115.4881240">
    <ele>1854.0</ele>
   </trkpt>
   <trkpt lat="36.1067700" lon="-115.4881240">
    <ele>1854.0</ele>
   </trkpt>
   <trkpt lat="36.1067700" lon="-115.4881240">
    <ele>1854.0</ele>
   </trkpt>
   <trkpt lat="36.1067700" lon="-115.4881240">
    <ele>1855.0</ele>
   </trkpt>
   <trkpt lat="36.1067700" lon="-115.4881240">
    <ele>1855.0</ele>
   </trkpt>
   <trkpt lat="36.1067700" lon="-115.4881240">
    <ele>1855.0</ele>
   </trkpt>
   <trkpt lat="36.1067700" lon="-115.4881240">
    <ele>1855.0</ele>
   </trkpt>
   <trkpt lat="36.1067700" lon="-115.4881240">
    <ele>1855.0</ele>
   </trkpt>
   <trkpt lat="36.1067770" lon="-115.4881090">
    <ele>1855.0</ele>
   </trkpt>
   <trkpt lat="36.1067840" lon="-115.4881080">
    <ele>1855.0</ele>
   </trkpt>
   <trkpt lat="36.1067920" lon="-115.4881080">
    <ele>1855.0</ele>
   </trkpt>
   <trkpt lat="36.1067980" lon="-115.4881060">
    <ele>1855.0</ele>
   </trkpt>
   <trkpt lat="36.1068040" lon="-115.4881050">
    <ele>1855.0</ele>
   </trkpt>
   <trkpt lat="36.1068090" lon="-115.4881010">
    <ele>1856.0</ele>
   </trkpt>
   <trkpt lat="36.1068130" lon="-115.4880980">
    <ele>1856.0</ele>
   </trkpt>
   <trkpt lat="36.1068160" lon="-115.4880940">
    <ele>1856.0</ele>
   </trkpt>
   <trkpt lat="36.1068190" lon="-115.4880900">
    <ele>1856.0</ele>
   </trkpt>
   <trkpt lat="36.1068190" lon="-115.4880900">
    <ele>1856.0</ele>
   </trkpt>
   <trkpt lat="36.1068190" lon="-115.4880900">
    <ele>1857.0</ele>
   </trkpt>
   <trkpt lat="36.1068190" lon="-115.4880900">
    <ele>1857.0</ele>
   </trkpt>
   <trkpt lat="36.1068190" lon="-115.4880900">
    <ele>1857.0</ele>
   </trkpt>
   <trkpt lat="36.1068190" lon="-115.4880900">
    <ele>1857.0</ele>
   </trkpt>
   <trkpt lat="36.1068190" lon="-115.4880900">
    <ele>1857.0</ele>
   </trkpt>
   <trkpt lat="36.1068190" lon="-115.4880900">
    <ele>1858.0</ele>
   </trkpt>
   <trkpt lat="36.1068190" lon="-115.4880900">
    <ele>1858.0</ele>
   </trkpt>
   <trkpt lat="36.1068190" lon="-115.4880900">
    <ele>1858.0</ele>
   </trkpt>
   <trkpt lat="36.1068190" lon="-115.4880900">
    <ele>1858.0</ele>
   </trkpt>
   <trkpt lat="36.1068190" lon="-115.4880900">
    <ele>1858.0</ele>
   </trkpt>
   <trkpt lat="36.1068190" lon="-115.4880900">
    <ele>1859.0</ele>
   </trkpt>
   <trkpt lat="36.1068190" lon="-115.4880900">
    <ele>1859.0</ele>
   </trkpt>
   <trkpt lat="36.1068190" lon="-115.4880900">
    <ele>1859.0</ele>
   </trkpt>
   <trkpt lat="36.1068190" lon="-115.4880900">
    <ele>1860.0</ele>
   </trkpt>
   <trkpt lat="36.1068190" lon="-115.4880900">
    <ele>1860.0</ele>
   </trkpt>
   <trkpt lat="36.1068190" lon="-115.4880900">
    <ele>1861.0</ele>
   </trkpt>
   <trkpt lat="36.1068190" lon="-115.4880900">
    <ele>1861.0</ele>
   </trkpt>
   <trkpt lat="36.1068190" lon="-115.4880900">
    <ele>1861.0</ele>
   </trkpt>
   <trkpt lat="36.1068190" lon="-115.4880900">
    <ele>1861.0</ele>
   </trkpt>
   <trkpt lat="36.1068190" lon="-115.4880900">
    <ele>1861.0</ele>
   </trkpt>
   <trkpt lat="36.1068190" lon="-115.4880900">
    <ele>1862.0</ele>
   </trkpt>
   <trkpt lat="36.1068190" lon="-115.4880900">
    <ele>1862.0</ele>
   </trkpt>
   <trkpt lat="36.1068190" lon="-115.4880900">
    <ele>1862.0</ele>
   </trkpt>
   <trkpt lat="36.1068190" lon="-115.4880900">
    <ele>1862.0</ele>
   </trkpt>
   <trkpt lat="36.1068190" lon="-115.4880900">
    <ele>1862.0</ele>
   </trkpt>
   <trkpt lat="36.1068190" lon="-115.4880900">
    <ele>1863.0</ele>
   </trkpt>
   <trkpt lat="36.1068190" lon="-115.4880900">
    <ele>1863.0</ele>
   </trkpt>
   <trkpt lat="36.1068190" lon="-115.4880900">
    <ele>1863.0</ele>
   </trkpt>
   <trkpt lat="36.1068190" lon="-115.4880900">
    <ele>1863.0</ele>
   </trkpt>
   <trkpt lat="36.1068190" lon="-115.4880900">
    <ele>1863.0</ele>
   </trkpt>
   <trkpt lat="36.1068190" lon="-115.4880900">
    <ele>1864.0</ele>
   </trkpt>
   <trkpt lat="36.1068190" lon="-115.4880900">
    <ele>1864.0</ele>
   </trkpt>
   <trkpt lat="36.1068190" lon="-115.4880900">
    <ele>1864.0</ele>
   </trkpt>
   <trkpt lat="36.1068190" lon="-115.4880900">
    <ele>1864.0</ele>
   </trkpt>
   <trkpt lat="36.1068190" lon="-115.4880900">
    <ele>1864.0</ele>
   </trkpt>
   <trkpt lat="36.1068190" lon="-115.4880900">
    <ele>1865.0</ele>
   </trkpt>
   <trkpt lat="36.1068190" lon="-115.4880900">
    <ele>1865.0</ele>
   </trkpt>
   <trkpt lat="36.1068480" lon="-115.4880740">
    <ele>1865.0</ele>
   </trkpt>
   <trkpt lat="36.1068630" lon="-115.4880700">
    <ele>1866.0</ele>
   </trkpt>
   <trkpt lat="36.1068770" lon="-115.4880660">
    <ele>1866.0</ele>
   </trkpt>
   <trkpt lat="36.1068860" lon="-115.4880680">
    <ele>1867.0</ele>
   </trkpt>
   <trkpt lat="36.1068950" lon="-115.4880700">
    <ele>1867.0</ele>
   </trkpt>
   <trkpt lat="36.1068950" lon="-115.4880700">
    <ele>1867.0</ele>
   </trkpt>
   <trkpt lat="36.1068950" lon="-115.4880700">
    <ele>1867.0</ele>
   </trkpt>
   <trkpt lat="36.1068950" lon="-115.4880700">
    <ele>1867.0</ele>
   </trkpt>
   <trkpt lat="36.1068950" lon="-115.4880700">
    <ele>1868.0</ele>
   </trkpt>
   <trkpt lat="36.1068950" lon="-115.4880700">
    <ele>1868.0</ele>
   </trkpt>
   <trkpt lat="36.1068950" lon="-115.4880700">
    <ele>1868.0</ele>
   </trkpt>
   <trkpt lat="36.1068950" lon="-115.4880700">
    <ele>1869.0</ele>
   </trkpt>
   <trkpt lat="36.1068950" lon="-115.4880700">
    <ele>1869.0</ele>
   </trkpt>
   <trkpt lat="36.1068950" lon="-115.4880700">
    <ele>1870.0</ele>
   </trkpt>
   <trkpt lat="36.1069100" lon="-115.4880870">
    <ele>1870.0</ele>
   </trkpt>
   <trkpt lat="36.1069130" lon="-115.4880890">
    <ele>1870.0</ele>
   </trkpt>
   <trkpt lat="36.1069150" lon="-115.4880910">
    <ele>1870.0</ele>
   </trkpt>
   <trkpt lat="36.1069150" lon="-115.4880790">
    <ele>1870.0</ele>
   </trkpt>
   <trkpt lat="36.1069140" lon="-115.4880670">
    <ele>1871.0</ele>
   </trkpt>
   <trkpt lat="36.1069120" lon="-115.4880580">
    <ele>1871.0</ele>
   </trkpt>
   <trkpt lat="36.1069100" lon="-115.4880490">
    <ele>1871.0</ele>
   </trkpt>
   <trkpt lat="36.1069090" lon="-115.4880380">
    <ele>1872.0</ele>
   </trkpt>
   <trkpt lat="36.1069090" lon="-115.4880270">
    <ele>1872.0</ele>
   </trkpt>
   <trkpt lat="36.1069110" lon="-115.4880210">
    <ele>1873.0</ele>
   </trkpt>
   <trkpt lat="36.1069130" lon="-115.4880150">
    <ele>1873.0</ele>
   </trkpt>
   <trkpt lat="36.1069160" lon="-115.4880090">
    <ele>1873.0</ele>
   </trkpt>
   <trkpt lat="36.1069180" lon="-115.4880030">
    <ele>1873.0</ele>
   </trkpt>
   <trkpt lat="36.1069220" lon="-115.4879950">
    <ele>1873.0</ele>
   </trkpt>
   <trkpt lat="36.1069250" lon="-115.4879870">
    <ele>1874.0</ele>
   </trkpt>
   <trkpt lat="36.1069280" lon="-115.4879780">
    <ele>1874.0</ele>
   </trkpt>
   <trkpt lat="36.1069310" lon="-115.4879690">
    <ele>1874.0</ele>
   </trkpt>
   <trkpt lat="36.1069310" lon="-115.4879670">
    <ele>1874.0</ele>
   </trkpt>
   <trkpt lat="36.1069300" lon="-115.4879650">
    <ele>1874.0</ele>
   </trkpt>
   <trkpt lat="36.1069300" lon="-115.4879620">
    <ele>1875.0</ele>
   </trkpt>
   <trkpt lat="36.1069300" lon="-115.4879600">
    <ele>1875.0</ele>
   </trkpt>
   <trkpt lat="36.1069300" lon="-115.4879580">
    <ele>1875.0</ele>
   </trkpt>
   <trkpt lat="36.1069300" lon="-115.4879540">
    <ele>1875.0</ele>
   </trkpt>
   <trkpt lat="36.1069300" lon="-115.4879500">
    <ele>1875.0</ele>
   </trkpt>
   <trkpt lat="36.1069360" lon="-115.4879470">
    <ele>1876.0</ele>
   </trkpt>
   <trkpt lat="36.1069410" lon="-115.4879440">
    <ele>1876.0</ele>
   </trkpt>
   <trkpt lat="36.1069410" lon="-115.4879440">
    <ele>1876.0</ele>
   </trkpt>
   <trkpt lat="36.1069410" lon="-115.4879440">
    <ele>1877.0</ele>
   </trkpt>
   <trkpt lat="36.1069410" lon="-115.4879440">
    <ele>1877.0</ele>
   </trkpt>
   <trkpt lat="36.1069410" lon="-115.4879440">
    <ele>1878.0</ele>
   </trkpt>
   <trkpt lat="36.1069410" lon="-115.4879440">
    <ele>1878.0</ele>
   </trkpt>
   <trkpt lat="36.1069410" lon="-115.4879440">
    <ele>1878.0</ele>
   </trkpt>
   <trkpt lat="36.1069650" lon="-115.4879370">
    <ele>1878.0</ele>
   </trkpt>
   <trkpt lat="36.1069760" lon="-115.4879380">
    <ele>1878.0</ele>
   </trkpt>
   <trkpt lat="36.1069870" lon="-115.4879390">
    <ele>1879.0</ele>
   </trkpt>
   <trkpt lat="36.1069870" lon="-115.4879390">
    <ele>1879.0</ele>
   </trkpt>
   <trkpt lat="36.1069870" lon="-115.4879390">
    <ele>1879.0</ele>
   </trkpt>
   <trkpt lat="36.1069870" lon="-115.4879390">
    <ele>1880.0</ele>
   </trkpt>
   <trkpt lat="36.1069870" lon="-115.4879390">
    <ele>1880.0</ele>
   </trkpt>
   <trkpt lat="36.1069870" lon="-115.4879390">
    <ele>1881.0</ele>
   </trkpt>
   <trkpt lat="36.1069880" lon="-115.4879500">
    <ele>1881.0</ele>
   </trkpt>
   <trkpt lat="36.1069790" lon="-115.4879570">
    <ele>1881.0</ele>
   </trkpt>
   <trkpt lat="36.1069690" lon="-115.4879650">
    <ele>1881.0</ele>
   </trkpt>
   <trkpt lat="36.1069620" lon="-115.4879760">
    <ele>1881.0</ele>
   </trkpt>
   <trkpt lat="36.1069540" lon="-115.4879860">
    <ele>1882.0</ele>
   </trkpt>
   <trkpt lat="36.1069540" lon="-115.4879980">
    <ele>1882.0</ele>
   </trkpt>
   <trkpt lat="36.1069550" lon="-115.4880100">
    <ele>1882.0</ele>
   </trkpt>
   <trkpt lat="36.1069660" lon="-115.4880200">
    <ele>1882.0</ele>
   </trkpt>
   <trkpt lat="36.1069770" lon="-115.4880300">
    <ele>1882.0</ele>
   </trkpt>
   <trkpt lat="36.1069930" lon="-115.4880360">
    <ele>1883.0</ele>
   </trkpt>
   <trkpt lat="36.1070100" lon="-115.4880420">
    <ele>1883.0</ele>
   </trkpt>
   <trkpt lat="36.1070210" lon="-115.4880420">
    <ele>1883.0</ele>
   </trkpt>
   <trkpt lat="36.1070330" lon="-115.4880420">
    <ele>1884.0</ele>
   </trkpt>
   <trkpt lat="36.1070440" lon="-115.4880430">
    <ele>1884.0</ele>
   </trkpt>
   <trkpt lat="36.1070440" lon="-115.4880430">
    <ele>1885.0</ele>
   </trkpt>
   <trkpt lat="36.1070440" lon="-115.4880430">
    <ele>1885.0</ele>
   </trkpt>
   <trkpt lat="36.1070440" lon="-115.4880430">
    <ele>1885.0</ele>
   </trkpt>
   <trkpt lat="36.1070440" lon="-115.4880430">
    <ele>1885.0</ele>
   </trkpt>
   <trkpt lat="36.1070440" lon="-115.4880430">
    <ele>1885.0</ele>
   </trkpt>
   <trkpt lat="36.1070440" lon="-115.4880430">
    <ele>1886.0</ele>
   </trkpt>
   <trkpt lat="36.1070440" lon="-115.4880430">
    <ele>1886.0</ele>
   </trkpt>
   <trkpt lat="36.1070440" lon="-115.4880430">
    <ele>1886.0</ele>
   </trkpt>
   <trkpt lat="36.1070440" lon="-115.4880430">
    <ele>1886.0</ele>
   </trkpt>
   <trkpt lat="36.1070440" lon="-115.4880430">
    <ele>1886.0</ele>
   </trkpt>
   <trkpt lat="36.1070440" lon="-115.4880430">
    <ele>1887.0</ele>
   </trkpt>
   <trkpt lat="36.1070440" lon="-115.4880430">
    <ele>1887.0</ele>
   </trkpt>
   <trkpt lat="36.1070440" lon="-115.4880430">
    <ele>1887.0</ele>
   </trkpt>
   <trkpt lat="36.1070440" lon="-115.4880430">
    <ele>1887.0</ele>
   </trkpt>
   <trkpt lat="36.1070440" lon="-115.4880430">
    <ele>1887.0</ele>
   </trkpt>
   <trkpt lat="36.1070440" lon="-115.4880430">
    <ele>1888.0</ele>
   </trkpt>
   <trkpt lat="36.1070440" lon="-115.4880430">
    <ele>1888.0</ele>
   </trkpt>
   <trkpt lat="36.1070440" lon="-115.4880430">
    <ele>1888.0</ele>
   </trkpt>
   <trkpt lat="36.1070440" lon="-115.4880430">
    <ele>1888.0</ele>
   </trkpt>
   <trkpt lat="36.1070440" lon="-115.4880430">
    <ele>1888.0</ele>
   </trkpt>
   <trkpt lat="36.1070650" lon="-115.4880470">
    <ele>1889.0</ele>
   </trkpt>
   <trkpt lat="36.1070760" lon="-115.4880530">
    <ele>1889.0</ele>
   </trkpt>
   <trkpt lat="36.1070880" lon="-115.4880580">
    <ele>1889.0</ele>
   </trkpt>
   <trkpt lat="36.1070940" lon="-115.4880670">
    <ele>1889.0</ele>
   </trkpt>
   <trkpt lat="36.1071010" lon="-115.4880760">
    <ele>1889.0</ele>
   </trkpt>
   <trkpt lat="36.1071180" lon="-115.4880850">
    <ele>1889.0</ele>
   </trkpt>
   <trkpt lat="36.1071340" lon="-115.4880950">
    <ele>1889.0</ele>
   </trkpt>
   <trkpt lat="36.1071340" lon="-115.4880950">
    <ele>1889.0</ele>
   </trkpt>
   <trkpt lat="36.1071340" lon="-115.4880950">
    <ele>1889.0</ele>
   </trkpt>
   <trkpt lat="36.1071340" lon="-115.4880950">
    <ele>1889.0</ele>
   </trkpt>
   <trkpt lat="36.1071340" lon="-115.4880950">
    <ele>1890.0</ele>
   </trkpt>
   <trkpt lat="36.1071340" lon="-115.4880950">
    <ele>1890.0</ele>
   </trkpt>
   <trkpt lat="36.1071340" lon="-115.4880950">
    <ele>1890.0</ele>
   </trkpt>
   <trkpt lat="36.1071880" lon="-115.4880990">
    <ele>1890.0</ele>
   </trkpt>
   <trkpt lat="36.1072000" lon="-115.4880950">
    <ele>1890.0</ele>
   </trkpt>
   <trkpt lat="36.1072120" lon="-115.4880910">
    <ele>1891.0</ele>
   </trkpt>
   <trkpt lat="36.1072110" lon="-115.4880860">
    <ele>1891.0</ele>
   </trkpt>
   <trkpt lat="36.1072110" lon="-115.4880820">
    <ele>1891.0</ele>
   </trkpt>
   <trkpt lat="36.1072030" lon="-115.4880760">
    <ele>1891.0</ele>
   </trkpt>
   <trkpt lat="36.1071950" lon="-115.4880710">
    <ele>1891.0</ele>
   </trkpt>
   <trkpt lat="36.1071790" lon="-115.4880680">
    <ele>1892.0</ele>
   </trkpt>
   <trkpt lat="36.1071630" lon="-115.4880650">
    <ele>1892.0</ele>
   </trkpt>
   <trkpt lat="36.1071630" lon="-115.4880650">
    <ele>1892.0</ele>
   </trkpt>
   <trkpt lat="36.1071630" lon="-115.4880650">
    <ele>1892.0</ele>
   </trkpt>
   <trkpt lat="36.1071630" lon="-115.4880650">
    <ele>1892.0</ele>
   </trkpt>
   <trkpt lat="36.1071630" lon="-115.4880650">
    <ele>1893.0</ele>
   </trkpt>
   <trkpt lat="36.1071630" lon="-115.4880650">
    <ele>1893.0</ele>
   </trkpt>
   <trkpt lat="36.1071630" lon="-115.4880650">
    <ele>1893.0</ele>
   </trkpt>
   <trkpt lat="36.1071630" lon="-115.4880650">
    <ele>1893.0</ele>
   </trkpt>
   <trkpt lat="36.1071630" lon="-115.4880650">
    <ele>1893.0</ele>
   </trkpt>
   <trkpt lat="36.1071630" lon="-115.4880650">
    <ele>1894.0</ele>
   </trkpt>
   <trkpt lat="36.1071630" lon="-115.4880650">
    <ele>1894.0</ele>
   </trkpt>
   <trkpt lat="36.1071630" lon="-115.4880650">
    <ele>1894.0</ele>
   </trkpt>
   <trkpt lat="36.1071630" lon="-115.4880650">
    <ele>1894.0</ele>
   </trkpt>
   <trkpt lat="36.1071630" lon="-115.4880650">
    <ele>1894.0</ele>
   </trkpt>
   <trkpt lat="36.1071630" lon="-115.4880650">
    <ele>1895.0</ele>
   </trkpt>
   <trkpt lat="36.1071630" lon="-115.4880650">
    <ele>1895.0</ele>
   </trkpt>
   <trkpt lat="36.1071630" lon="-115.4880650">
    <ele>1895.0</ele>
   </trkpt>
   <trkpt lat="36.1071630" lon="-115.4880650">
    <ele>1895.0</ele>
   </trkpt>
   <trkpt lat="36.1071630" lon="-115.4880650">
    <ele>1895.0</ele>
   </trkpt>
   <trkpt lat="36.1071630" lon="-115.4880650">
    <ele>1896.0</ele>
   </trkpt>
   <trkpt lat="36.1071630" lon="-115.4880650">
    <ele>1896.0</ele>
   </trkpt>
   <trkpt lat="36.1071630" lon="-115.4880650">
    <ele>1896.0</ele>
   </trkpt>
   <trkpt lat="36.1071630" lon="-115.4880650">
    <ele>1896.0</ele>
   </trkpt>
   <trkpt lat="36.1071630" lon="-115.4880650">
    <ele>1896.0</ele>
   </trkpt>
   <trkpt lat="36.1071630" lon="-115.4880650">
    <ele>1896.0</ele>
   </trkpt>
   <trkpt lat="36.1071630" lon="-115.4880650">
    <ele>1896.0</ele>
   </trkpt>
   <trkpt lat="36.1071630" lon="-115.4880650">
    <ele>1896.0</ele>
   </trkpt>
   <trkpt lat="36.1071630" lon="-115.4880650">
    <ele>1896.0</ele>
   </trkpt>
   <trkpt lat="36.1071630" lon="-115.4880650">
    <ele>1896.0</ele>
   </trkpt>
   <trkpt lat="36.1071630" lon="-115.4880650">
    <ele>1897.0</ele>
   </trkpt>
   <trkpt lat="36.1071630" lon="-115.4880650">
    <ele>1897.0</ele>
   </trkpt>
   <trkpt lat="36.1071630" lon="-115.4880650">
    <ele>1897.0</ele>
   </trkpt>
   <trkpt lat="36.1071630" lon="-115.4880650">
    <ele>1897.0</ele>
   </trkpt>
   <trkpt lat="36.1071630" lon="-115.4880650">
    <ele>1897.0</ele>
   </trkpt>
   <trkpt lat="36.1071630" lon="-115.4880650">
    <ele>1897.0</ele>
   </trkpt>
   <trkpt lat="36.1071630" lon="-115.4880650">
    <ele>1897.0</ele>
   </trkpt>
   <trkpt lat="36.1071630" lon="-115.4880650">
    <ele>1897.0</ele>
   </trkpt>
   <trkpt lat="36.1071630" lon="-115.4880650">
    <ele>1897.0</ele>
   </trkpt>
   <trkpt lat="36.1071630" lon="-115.4880650">
    <ele>1897.0</ele>
   </trkpt>
   <trkpt lat="36.1071630" lon="-115.4880650">
    <ele>1898.0</ele>
   </trkpt>
   <trkpt lat="36.1071630" lon="-115.4880650">
    <ele>1898.0</ele>
   </trkpt>
   <trkpt lat="36.1071630" lon="-115.4880650">
    <ele>1898.0</ele>
   </trkpt>
   <trkpt lat="36.1071630" lon="-115.4880650">
    <ele>1898.0</ele>
   </trkpt>
   <trkpt lat="36.1071630" lon="-115.4880650">
    <ele>1898.0</ele>
   </trkpt>
   <trkpt lat="36.1071630" lon="-115.4880650">
    <ele>1898.0</ele>
   </trkpt>
   <trkpt lat="36.1071630" lon="-115.4880650">
    <ele>1898.0</ele>
   </trkpt>
   <trkpt lat="36.1071630" lon="-115.4880650">
    <ele>1898.0</ele>
   </trkpt>
   <trkpt lat="36.1071630" lon="-115.4880650">
    <ele>1898.0</ele>
   </trkpt>
   <trkpt lat="36.1071630" lon="-115.4880650">
    <ele>1898.0</ele>
   </trkpt>
   <trkpt lat="36.1071630" lon="-115.4880650">
    <ele>1899.0</ele>
   </trkpt>
   <trkpt lat="36.1071990" lon="-115.4880840">
    <ele>1899.0</ele>
   </trkpt>
   <trkpt lat="36.1072350" lon="-115.4881040">
    <ele>1899.0</ele>
   </trkpt>
   <trkpt lat="36.1072710" lon="-115.4881240">
    <ele>1899.0</ele>
   </trkpt>
   <trkpt lat="36.1073070" lon="-115.4881430">
    <ele>1899.0</ele>
   </trkpt>
   <trkpt lat="36.1073430" lon="-115.4881630">
    <ele>1900.0</ele>
   </trkpt>
   <trkpt lat="36.1073790" lon="-115.4881820">
    <ele>1900.0</ele>
   </trkpt>
   <trkpt lat="36.1074140" lon="-115.4882020">
    <ele>1900.0</ele>
   </trkpt>
   <trkpt lat="36.1074500" lon="-115.4882210">
    <ele>1900.0</ele>
   </trkpt>
   <trkpt lat="36.1074860" lon="-115.4882410">
    <ele>1900.0</ele>
   </trkpt>
   <trkpt lat="36.1074880" lon="-115.4882230">
    <ele>1901.0</ele>
   </trkpt>
   <trkpt lat="36.1074860" lon="-115.4882120">
    <ele>1901.0</ele>
   </trkpt>
   <trkpt lat="36.1074840" lon="-115.4882010">
    <ele>1901.0</ele>
   </trkpt>
   <trkpt lat="36.1074820" lon="-115.4881900">
    <ele>1902.0</ele>
   </trkpt>
   <trkpt lat="36.1074800" lon="-115.4881790">
    <ele>1902.0</ele>
   </trkpt>
   <trkpt lat="36.1074780" lon="-115.4881680">
    <ele>1903.0</ele>
   </trkpt>
   <trkpt lat="36.1074750" lon="-115.4881510">
    <ele>1903.0</ele>
   </trkpt>
   <trkpt lat="36.1074710" lon="-115.4881340">
    <ele>1903.0</ele>
   </trkpt>
   <trkpt lat="36.1074700" lon="-115.4881250">
    <ele>1903.0</ele>
   </trkpt>
   <trkpt lat="36.1074690" lon="-115.4881160">
    <ele>1903.0</ele>
   </trkpt>
   <trkpt lat="36.1074690" lon="-115.4881070">
    <ele>1904.0</ele>
   </trkpt>
   <trkpt lat="36.1074670" lon="-115.4880980">
    <ele>1904.0</ele>
   </trkpt>
   <trkpt lat="36.1074660" lon="-115.4880900">
    <ele>1904.0</ele>
   </trkpt>
   <trkpt lat="36.1074620" lon="-115.4880860">
    <ele>1904.0</ele>
   </trkpt>
   <trkpt lat="36.1074590" lon="-115.4880810">
    <ele>1904.0</ele>
   </trkpt>
   <trkpt lat="36.1074550" lon="-115.4880770">
    <ele>1905.0</ele>
   </trkpt>
   <trkpt lat="36.1074550" lon="-115.4880770">
    <ele>1905.0</ele>
   </trkpt>
   <trkpt lat="36.1074550" lon="-115.4880770">
    <ele>1905.0</ele>
   </trkpt>
   <trkpt lat="36.1074550" lon="-115.4880770">
    <ele>1906.0</ele>
   </trkpt>
   <trkpt lat="36.1074550" lon="-115.4880770">
    <ele>1906.0</ele>
   </trkpt>
   <trkpt lat="36.1074550" lon="-115.4880770">
    <ele>1907.0</ele>
   </trkpt>
   <trkpt lat="36.1074550" lon="-115.4880770">
    <ele>1907.0</ele>
   </trkpt>
   <trkpt lat="36.1074550" lon="-115.4880770">
    <ele>1907.0</ele>
   </trkpt>
   <trkpt lat="36.1074550" lon="-115.4880770">
    <ele>1907.0</ele>
   </trkpt>
   <trkpt lat="36.1074550" lon="-115.4880770">
    <ele>1907.0</ele>
   </trkpt>
   <trkpt lat="36.1074550" lon="-115.4880770">
    <ele>1908.0</ele>
   </trkpt>
   <trkpt lat="36.1074550" lon="-115.4880770">
    <ele>1908.0</ele>
   </trkpt>
   <trkpt lat="36.1074550" lon="-115.4880770">
    <ele>1908.0</ele>
   </trkpt>
   <trkpt lat="36.1074550" lon="-115.4880770">
    <ele>1909.0</ele>
   </trkpt>
   <trkpt lat="36.1074550" lon="-115.4880770">
    <ele>1909.0</ele>
   </trkpt>
   <trkpt lat="36.1074550" lon="-115.4880770">
    <ele>1910.0</ele>
   </trkpt>
   <trkpt lat="36.1074550" lon="-115.4880770">
    <ele>1910.0</ele>
   </trkpt>
   <trkpt lat="36.1074550" lon="-115.4880770">
    <ele>1910.0</ele>
   </trkpt>
   <trkpt lat="36.1074550" lon="-115.4880770">
    <ele>1911.0</ele>
   </trkpt>
   <trkpt lat="36.1074550" lon="-115.4880770">
    <ele>1911.0</ele>
   </trkpt>
   <trkpt lat="36.1074550" lon="-115.4880770">
    <ele>1912.0</ele>
   </trkpt>
   <trkpt lat="36.1074550" lon="-115.4880770">
    <ele>1912.0</ele>
   </trkpt>
   <trkpt lat="36.1074550" lon="-115.4880770">
    <ele>1912.0</ele>
   </trkpt>
   <trkpt lat="36.1074550" lon="-115.4880770">
    <ele>1912.0</ele>
   </trkpt>
   <trkpt lat="36.1074550" lon="-115.4880770">
    <ele>1912.0</ele>
   </trkpt>
   <trkpt lat="36.1074550" lon="-115.4880770">
    <ele>1913.0</ele>
   </trkpt>
   <trkpt lat="36.1074550" lon="-115.4880770">
    <ele>1913.0</ele>
   </trkpt>
   <trkpt lat="36.1074490" lon="-115.4880790">
    <ele>1913.0</ele>
   </trkpt>
   <trkpt lat="36.1074480" lon="-115.4880790">
    <ele>1913.0</ele>
   </trkpt>
   <trkpt lat="36.1074470" lon="-115.4880790">
    <ele>1913.0</ele>
   </trkpt>
   <trkpt lat="36.1074490" lon="-115.4880770">
    <ele>1914.0</ele>
   </trkpt>
   <trkpt lat="36.1074530" lon="-115.4880760">
    <ele>1914.0</ele>
   </trkpt>
   <trkpt lat="36.1074570" lon="-115.4880720">
    <ele>1914.0</ele>
   </trkpt>
   <trkpt lat="36.1074610" lon="-115.4880680">
    <ele>1915.0</ele>
   </trkpt>
   <trkpt lat="36.1074650" lon="-115.4880640">
    <ele>1915.0</ele>
   </trkpt>
   <trkpt lat="36.1074690" lon="-115.4880600">
    <ele>1916.0</ele>
   </trkpt>
   <trkpt lat="36.1074690" lon="-115.4880600">
    <ele>1916.0</ele>
   </trkpt>
   <trkpt lat="36.1074690" lon="-115.4880600">
    <ele>1916.0</ele>
   </trkpt>
   <trkpt lat="36.1074690" lon="-115.4880600">
    <ele>1916.0</ele>
   </trkpt>
   <trkpt lat="36.1074690" lon="-115.4880600">
    <ele>1916.0</ele>
   </trkpt>
   <trkpt lat="36.1074690" lon="-115.4880600">
    <ele>1917.0</ele>
   </trkpt>
   <trkpt lat="36.1074690" lon="-115.4880600">
    <ele>1917.0</ele>
   </trkpt>
   <trkpt lat="36.1074690" lon="-115.4880600">
    <ele>1917.0</ele>
   </trkpt>
   <trkpt lat="36.1074690" lon="-115.4880600">
    <ele>1917.0</ele>
   </trkpt>
   <trkpt lat="36.1074690" lon="-115.4880600">
    <ele>1917.0</ele>
   </trkpt>
   <trkpt lat="36.1074690" lon="-115.4880600">
    <ele>1918.0</ele>
   </trkpt>
   <trkpt lat="36.1074860" lon="-115.4880510">
    <ele>1918.0</ele>
   </trkpt>
   <trkpt lat="36.1074960" lon="-115.4880500">
    <ele>1918.0</ele>
   </trkpt>
   <trkpt lat="36.1075050" lon="-115.4880490">
    <ele>1918.0</ele>
   </trkpt>
   <trkpt lat="36.1075130" lon="-115.4880480">
    <ele>1918.0</ele>
   </trkpt>
   <trkpt lat="36.1075200" lon="-115.4880490">
    <ele>1919.0</ele>
   </trkpt>
   <trkpt lat="36.1075200" lon="-115.4880510">
    <ele>1919.0</ele>
   </trkpt>
   <trkpt lat="36.1075200" lon="-115.4880520">
    <ele>1919.0</ele>
   </trkpt>
   <trkpt lat="36.1075200" lon="-115.4880530">
    <ele>1919.0</ele>
   </trkpt>
   <trkpt lat="36.1075200" lon="-115.4880550">
    <ele>1919.0</ele>
   </trkpt>
   <trkpt lat="36.1075190" lon="-115.4880560">
    <ele>1920.0</ele>
   </trkpt>
   <trkpt lat="36.1075190" lon="-115.4880570">
    <ele>1920.0</ele>
   </trkpt>
   <trkpt lat="36.1075190" lon="-115.4880590">
    <ele>1920.0</ele>
   </trkpt>
   <trkpt lat="36.1075190" lon="-115.4880600">
    <ele>1920.0</ele>
   </trkpt>
   <trkpt lat="36.1075190" lon="-115.4880610">
    <ele>1920.0</ele>
   </trkpt>
   <trkpt lat="36.1075190" lon="-115.4880630">
    <ele>1921.0</ele>
   </trkpt>
   <trkpt lat="36.1075190" lon="-115.4880640">
    <ele>1921.0</ele>
   </trkpt>
   <trkpt lat="36.1075190" lon="-115.4880660">
    <ele>1921.0</ele>
   </trkpt>
   <trkpt lat="36.1075180" lon="-115.4880670">
    <ele>1921.0</ele>
   </trkpt>
   <trkpt lat="36.1075180" lon="-115.4880680">
    <ele>1921.0</ele>
   </trkpt>
   <trkpt lat="36.1075180" lon="-115.4880700">
    <ele>1922.0</ele>
   </trkpt>
   <trkpt lat="36.1075180" lon="-115.4880710">
    <ele>1922.0</ele>
   </trkpt>
   <trkpt lat="36.1075180" lon="-115.4880720">
    <ele>1922.0</ele>
   </trkpt>
   <trkpt lat="36.1075180" lon="-115.4880740">
    <ele>1922.0</ele>
   </trkpt>
   <trkpt lat="36.1075180" lon="-115.4880750">
    <ele>1922.0</ele>
   </trkpt>
   <trkpt lat="36.1075180" lon="-115.4880760">
    <ele>1923.0</ele>
   </trkpt>
   <trkpt lat="36.1075170" lon="-115.4880780">
    <ele>1923.0</ele>
   </trkpt>
   <trkpt lat="36.1075170" lon="-115.4880790">
    <ele>1923.0</ele>
   </trkpt>
   <trkpt lat="36.1075170" lon="-115.4880810">
    <ele>1923.0</ele>
   </trkpt>
   <trkpt lat="36.1075170" lon="-115.4880820">
    <ele>1923.0</ele>
   </trkpt>
   <trkpt lat="36.1075170" lon="-115.4880830">
    <ele>1924.0</ele>
   </trkpt>
   <trkpt lat="36.1075170" lon="-115.4880850">
    <ele>1924.0</ele>
   </trkpt>
   <trkpt lat="36.1075170" lon="-115.4880860">
    <ele>1924.0</ele>
   </trkpt>
   <trkpt lat="36.1075170" lon="-115.4880870">
    <ele>1924.0</ele>
   </trkpt>
   <trkpt lat="36.1075160" lon="-115.4880890">
    <ele>1924.0</ele>
   </trkpt>
   <trkpt lat="36.1075160" lon="-115.4880900">
    <ele>1924.0</ele>
   </trkpt>
   <trkpt lat="36.1075160" lon="-115.4880920">
    <ele>1924.0</ele>
   </trkpt>
   <trkpt lat="36.1075160" lon="-115.4880930">
    <ele>1924.0</ele>
   </trkpt>
   <trkpt lat="36.1075160" lon="-115.4880940">
    <ele>1924.0</ele>
   </trkpt>
   <trkpt lat="36.1075160" lon="-115.4880960">
    <ele>1924.0</ele>
   </trkpt>
   <trkpt lat="36.1075160" lon="-115.4880970">
    <ele>1925.0</ele>
   </trkpt>
   <trkpt lat="36.1075160" lon="-115.4880980">
    <ele>1925.0</ele>
   </trkpt>
   <trkpt lat="36.1075150" lon="-115.4881000">
    <ele>1925.0</ele>
   </trkpt>
   <trkpt lat="36.1075150" lon="-115.4881010">
    <ele>1925.0</ele>
   </trkpt>
   <trkpt lat="36.1075150" lon="-115.4881020">
    <ele>1925.0</ele>
   </trkpt>
   <trkpt lat="36.1075150" lon="-115.4881040">
    <ele>1926.0</ele>
   </trkpt>
   <trkpt lat="36.1075150" lon="-115.4881050">
    <ele>1926.0</ele>
   </trkpt>
   <trkpt lat="36.1075150" lon="-115.4881070">
    <ele>1926.0</ele>
   </trkpt>
   <trkpt lat="36.1075150" lon="-115.4881080">
    <ele>1927.0</ele>
   </trkpt>
   <trkpt lat="36.1075150" lon="-115.4881090">
    <ele>1927.0</ele>
   </trkpt>
   <trkpt lat="36.1075140" lon="-115.4881110">
    <ele>1928.0</ele>
   </trkpt>
   <trkpt lat="36.1075140" lon="-115.4881120">
    <ele>1928.0</ele>
   </trkpt>
   <trkpt lat="36.1075140" lon="-115.4881130">
    <ele>1928.0</ele>
   </trkpt>
   <trkpt lat="36.1075140" lon="-115.4881150">
    <ele>1928.0</ele>
   </trkpt>
   <trkpt lat="36.1075140" lon="-115.4881160">
    <ele>1928.0</ele>
   </trkpt>
   <trkpt lat="36.1075140" lon="-115.4881170">
    <ele>1929.0</ele>
   </trkpt>
   <trkpt lat="36.1075140" lon="-115.4881190">
    <ele>1929.0</ele>
   </trkpt>
   <trkpt lat="36.1075140" lon="-115.4881200">
    <ele>1929.0</ele>
   </trkpt>
   <trkpt lat="36.1075130" lon="-115.4881220">
    <ele>1929.0</ele>
   </trkpt>
   <trkpt lat="36.1075130" lon="-115.4881230">
    <ele>1929.0</ele>
   </trkpt>
   <trkpt lat="36.1075130" lon="-115.4881240">
    <ele>1930.0</ele>
   </trkpt>
   <trkpt lat="36.1075130" lon="-115.4881260">
    <ele>1930.0</ele>
   </trkpt>
   <trkpt lat="36.1075130" lon="-115.4881270">
    <ele>1930.0</ele>
   </trkpt>
   <trkpt lat="36.1075130" lon="-115.4881280">
    <ele>1930.0</ele>
   </trkpt>
   <trkpt lat="36.1074760" lon="-115.4881330">
    <ele>1930.0</ele>
   </trkpt>
   <trkpt lat="36.1074280" lon="-115.4881430">
    <ele>1930.0</ele>
   </trkpt>
   <trkpt lat="36.1073610" lon="-115.4881620">
    <ele>1930.0</ele>
   </trkpt>
   <trkpt lat="36.1072940" lon="-115.4881810">
    <ele>1930.0</ele>
   </trkpt>
   <trkpt lat="36.1072260" lon="-115.4882020">
    <ele>1930.0</ele>
   </trkpt>
   <trkpt lat="36.1071580" lon="-115.4882230">
    <ele>1930.0</ele>
   </trkpt>
   <trkpt lat="36.1071150" lon="-115.4882360">
    <ele>1931.0</ele>
   </trkpt>
   <trkpt lat="36.1070720" lon="-115.4882480">
    <ele>1931.0</ele>
   </trkpt>
   <trkpt lat="36.1070610" lon="-115.4882510">
    <ele>1931.0</ele>
   </trkpt>
   <trkpt lat="36.1070500" lon="-115.4882530">
    <ele>1931.0</ele>
   </trkpt>
   <trkpt lat="36.1070590" lon="-115.4882500">
    <ele>1931.0</ele>
   </trkpt>
   <trkpt lat="36.1070680" lon="-115.4882470">
    <ele>1931.0</ele>
   </trkpt>
   <trkpt lat="36.1070870" lon="-115.4882380">
    <ele>1931.0</ele>
   </trkpt>
   <trkpt lat="36.1071060" lon="-115.4882280">
    <ele>1931.0</ele>
   </trkpt>
   <trkpt lat="36.1071270" lon="-115.4882210">
    <ele>1931.0</ele>
   </trkpt>
   <trkpt lat="36.1071490" lon="-115.4882140">
    <ele>1931.0</ele>
   </trkpt>
   <trkpt lat="36.1071690" lon="-115.4882160">
    <ele>1932.0</ele>
   </trkpt>
   <trkpt lat="36.1071890" lon="-115.4882180">
    <ele>1932.0</ele>
   </trkpt>
   <trkpt lat="36.1071890" lon="-115.4882180">
    <ele>1932.0</ele>
   </trkpt>
   <trkpt lat="36.1071890" lon="-115.4882180">
    <ele>1932.0</ele>
   </trkpt>
   <trkpt lat="36.1071890" lon="-115.4882180">
    <ele>1932.0</ele>
   </trkpt>
   <trkpt lat="36.1071890" lon="-115.4882180">
    <ele>1933.0</ele>
   </trkpt>
   <trkpt lat="36.1071890" lon="-115.4882180">
    <ele>1933.0</ele>
   </trkpt>
   <trkpt lat="36.1071890" lon="-115.4882180">
    <ele>1933.0</ele>
   </trkpt>
   <trkpt lat="36.1071890" lon="-115.4882180">
    <ele>1933.0</ele>
   </trkpt>
   <trkpt lat="36.1071890" lon="-115.4882180">
    <ele>1933.0</ele>
   </trkpt>
   <trkpt lat="36.1071890" lon="-115.4882180">
    <ele>1933.0</ele>
   </trkpt>
   <trkpt lat="36.1071890" lon="-115.4882180">
    <ele>1933.0</ele>
   </trkpt>
   <trkpt lat="36.1071890" lon="-115.4882180">
    <ele>1933.0</ele>
   </trkpt>
   <trkpt lat="36.1071890" lon="-115.4882180">
    <ele>1933.0</ele>
   </trkpt>
   <trkpt lat="36.1071890" lon="-115.4882180">
    <ele>1933.0</ele>
   </trkpt>
   <trkpt lat="36.1071890" lon="-115.4882180">
    <ele>1934.0</ele>
   </trkpt>
   <trkpt lat="36.1071890" lon="-115.4882180">
    <ele>1934.0</ele>
   </trkpt>
   <trkpt lat="36.1072440" lon="-115.4882080">
    <ele>1934.0</ele>
   </trkpt>
   <trkpt lat="36.1072620" lon="-115.4881970">
    <ele>1934.0</ele>
   </trkpt>
   <trkpt lat="36.1072810" lon="-115.4881860">
    <ele>1934.0</ele>
   </trkpt>
   <trkpt lat="36.1072810" lon="-115.4881860">
    <ele>1935.0</ele>
   </trkpt>
   <trkpt lat="36.1072810" lon="-115.4881860">
    <ele>1935.0</ele>
   </trkpt>
   <trkpt lat="36.1072810" lon="-115.4881860">
    <ele>1935.0</ele>
   </trkpt>
   <trkpt lat="36.1072810" lon="-115.4881860">
    <ele>1935.0</ele>
   </trkpt>
   <trkpt lat="36.1072810" lon="-115.4881860">
    <ele>1935.0</ele>
   </trkpt>
   <trkpt lat="36.1072930" lon="-115.4881690">
    <ele>1936.0</ele>
   </trkpt>
   <trkpt lat="36.1073000" lon="-115.4881650">
    <ele>1936.0</ele>
   </trkpt>
   <trkpt lat="36.1073060" lon="-115.4881610">
    <ele>1936.0</ele>
   </trkpt>
   <trkpt lat="36.1073160" lon="-115.4881620">
    <ele>1936.0</ele>
   </trkpt>
   <trkpt lat="36.1073250" lon="-115.4881620">
    <ele>1936.0</ele>
   </trkpt>
   <trkpt lat="36.1073310" lon="-115.4881640">
    <ele>1937.0</ele>
   </trkpt>
   <trkpt lat="36.1073370" lon="-115.4881660">
    <ele>1937.0</ele>
   </trkpt>
   <trkpt lat="36.1073470" lon="-115.4881690">
    <ele>1937.0</ele>
   </trkpt>
   <trkpt lat="36.1073560" lon="-115.4881730">
    <ele>1937.0</ele>
   </trkpt>
   <trkpt lat="36.1073660" lon="-115.4881790">
    <ele>1937.0</ele>
   </trkpt>
   <trkpt lat="36.1073840" lon="-115.4881870">
    <ele>1938.0</ele>
   </trkpt>
   <trkpt lat="36.1073920" lon="-115.4881900">
    <ele>1938.0</ele>
   </trkpt>
   <trkpt lat="36.1074000" lon="-115.4881930">
    <ele>1938.0</ele>
   </trkpt>
   <trkpt lat="36.1074080" lon="-115.4881960">
    <ele>1938.0</ele>
   </trkpt>
   <trkpt lat="36.1074160" lon="-115.4881980">
    <ele>1938.0</ele>
   </trkpt>
   <trkpt lat="36.1074250" lon="-115.4882010">
    <ele>1938.0</ele>
   </trkpt>
   <trkpt lat="36.1074330" lon="-115.4882040">
    <ele>1938.0</ele>
   </trkpt>
   <trkpt lat="36.1074410" lon="-115.4882060">
    <ele>1938.0</ele>
   </trkpt>
   <trkpt lat="36.1074490" lon="-115.4882090">
    <ele>1939.0</ele>
   </trkpt>
   <trkpt lat="36.1074570" lon="-115.4882120">
    <ele>1939.0</ele>
   </trkpt>
   <trkpt lat="36.1074660" lon="-115.4882150">
    <ele>1940.0</ele>
   </trkpt>
   <trkpt lat="36.1074740" lon="-115.4882170">
    <ele>1940.0</ele>
   </trkpt>
   <trkpt lat="36.1074820" lon="-115.4882200">
    <ele>1940.0</ele>
   </trkpt>
   <trkpt lat="36.1074900" lon="-115.4882230">
    <ele>1940.0</ele>
   </trkpt>
   <trkpt lat="36.1074980" lon="-115.4882250">
    <ele>1940.0</ele>
   </trkpt>
   <trkpt lat="36.1075060" lon="-115.4882280">
    <ele>1941.0</ele>
   </trkpt>
   <trkpt lat="36.1075150" lon="-115.4882310">
    <ele>1941.0</ele>
   </trkpt>
   <trkpt lat="36.1075290" lon="-115.4882470">
    <ele>1941.0</ele>
   </trkpt>
   <trkpt lat="36.1075450" lon="-115.4882650">
    <ele>1942.0</ele>
   </trkpt>
   <trkpt lat="36.1075480" lon="-115.4882680">
    <ele>1942.0</ele>
   </trkpt>
   <trkpt lat="36.1075500" lon="-115.4882710">
    <ele>1943.0</ele>
   </trkpt>
   <trkpt lat="36.1075530" lon="-115.4882740">
    <ele>1943.0</ele>
   </trkpt>
   <trkpt lat="36.1075550" lon="-115.4882760">
    <ele>1943.0</ele>
   </trkpt>
   <trkpt lat="36.1075580" lon="-115.4882790">
    <ele>1943.0</ele>
   </trkpt>
   <trkpt lat="36.1075610" lon="-115.4882820">
    <ele>1943.0</ele>
   </trkpt>
   <trkpt lat="36.1075630" lon="-115.4882850">
    <ele>1944.0</ele>
   </trkpt>
   <trkpt lat="36.1075660" lon="-115.4882880">
    <ele>1944.0</ele>
   </trkpt>
   <trkpt lat="36.1075680" lon="-115.4882900">
    <ele>1944.0</ele>
   </trkpt>
   <trkpt lat="36.1075710" lon="-115.4882930">
    <ele>1945.0</ele>
   </trkpt>
   <trkpt lat="36.1075740" lon="-115.4882960">
    <ele>1945.0</ele>
   </trkpt>
   <trkpt lat="36.1075760" lon="-115.4882990">
    <ele>1946.0</ele>
   </trkpt>
   <trkpt lat="36.1075790" lon="-115.4883020">
    <ele>1946.0</ele>
   </trkpt>
   <trkpt lat="36.1075810" lon="-115.4883040">
    <ele>1946.0</ele>
   </trkpt>
   <trkpt lat="36.1075840" lon="-115.4883070">
    <ele>1946.0</ele>
   </trkpt>
   <trkpt lat="36.1075860" lon="-115.4883100">
    <ele>1946.0</ele>
   </trkpt>
   <trkpt lat="36.1075890" lon="-115.4883130">
    <ele>1947.0</ele>
   </trkpt>
   <trkpt lat="36.1075920" lon="-115.4883160">
    <ele>1947.0</ele>
   </trkpt>
   <trkpt lat="36.1075940" lon="-115.4883180">
    <ele>1947.0</ele>
   </trkpt>
   <trkpt lat="36.1075970" lon="-115.4883210">
    <ele>1948.0</ele>
   </trkpt>
   <trkpt lat="36.1075990" lon="-115.4883240">
    <ele>1948.0</ele>
   </trkpt>
   <trkpt lat="36.1076020" lon="-115.4883270">
    <ele>1949.0</ele>
   </trkpt>
   <trkpt lat="36.1076050" lon="-115.4883300">
    <ele>1949.0</ele>
   </trkpt>
   <trkpt lat="36.1076070" lon="-115.4883320">
    <ele>1949.0</ele>
   </trkpt>
   <trkpt lat="36.1076100" lon="-115.4883350">
    <ele>1949.0</ele>
   </trkpt>
   <trkpt lat="36.1076120" lon="-115.4883380">
    <ele>1949.0</ele>
   </trkpt>
   <trkpt lat="36.1076150" lon="-115.4883410">
    <ele>1950.0</ele>
   </trkpt>
   <trkpt lat="36.1076180" lon="-115.4883440">
    <ele>1950.0</ele>
   </trkpt>
   <trkpt lat="36.1076200" lon="-115.4883460">
    <ele>1950.0</ele>
   </trkpt>
   <trkpt lat="36.1076230" lon="-115.4883490">
    <ele>1950.0</ele>
   </trkpt>
   <trkpt lat="36.1076250" lon="-115.4883520">
    <ele>1950.0</ele>
   </trkpt>
   <trkpt lat="36.1076280" lon="-115.4883550">
    <ele>1951.0</ele>
   </trkpt>
   <trkpt lat="36.1076300" lon="-115.4883580">
    <ele>1951.0</ele>
   </trkpt>
   <trkpt lat="36.1076330" lon="-115.4883600">
    <ele>1951.0</ele>
   </trkpt>
   <trkpt lat="36.1076360" lon="-115.4883630">
    <ele>1951.0</ele>
   </trkpt>
   <trkpt lat="36.1076380" lon="-115.4883660">
    <ele>1951.0</ele>
   </trkpt>
   <trkpt lat="36.1076410" lon="-115.4883690">
    <ele>1952.0</ele>
   </trkpt>
   <trkpt lat="36.1076430" lon="-115.4883720">
    <ele>1952.0</ele>
   </trkpt>
   <trkpt lat="36.1076460" lon="-115.4883750">
    <ele>1952.0</ele>
   </trkpt>
   <trkpt lat="36.1076490" lon="-115.4883770">
    <ele>1952.0</ele>
   </trkpt>
   <trkpt lat="36.1076510" lon="-115.4883800">
    <ele>1952.0</ele>
   </trkpt>
   <trkpt lat="36.1076540" lon="-115.4883830">
    <ele>1953.0</ele>
   </trkpt>
   <trkpt lat="36.1076750" lon="-115.4884090">
    <ele>1953.0</ele>
   </trkpt>
   <trkpt lat="36.1076810" lon="-115.4884150">
    <ele>1953.0</ele>
   </trkpt>
   <trkpt lat="36.1076880" lon="-115.4884210">
    <ele>1953.0</ele>
   </trkpt>
   <trkpt lat="36.1076940" lon="-115.4884270">
    <ele>1953.0</ele>
   </trkpt>
   <trkpt lat="36.1077000" lon="-115.4884330">
    <ele>1954.0</ele>
   </trkpt>
   <trkpt lat="36.1077080" lon="-115.4884440">
    <ele>1954.0</ele>
   </trkpt>
   <trkpt lat="36.1077160" lon="-115.4884550">
    <ele>1954.0</ele>
   </trkpt>
   <trkpt lat="36.1077210" lon="-115.4884620">
    <ele>1955.0</ele>
   </trkpt>
   <trkpt lat="36.1077260" lon="-115.4884690">
    <ele>1955.0</ele>
   </trkpt>
   <trkpt lat="36.1077300" lon="-115.4884760">
    <ele>1956.0</ele>
   </trkpt>
   <trkpt lat="36.1077380" lon="-115.4884790">
    <ele>1956.0</ele>
   </trkpt>
   <trkpt lat="36.1077450" lon="-115.4884830">
    <ele>1956.0</ele>
   </trkpt>
   <trkpt lat="36.1077450" lon="-115.4884830">
    <ele>1956.0</ele>
   </trkpt>
   <trkpt lat="36.1077450" lon="-115.4884830">
    <ele>1956.0</ele>
   </trkpt>
   <trkpt lat="36.1077450" lon="-115.4884830">
    <ele>1956.0</ele>
   </trkpt>
   <trkpt lat="36.1077450" lon="-115.4884830">
    <ele>1956.0</ele>
   </trkpt>
   <trkpt lat="36.1077450" lon="-115.4884830">
    <ele>1956.0</ele>
   </trkpt>
   <trkpt lat="36.1077450" lon="-115.4884830">
    <ele>1956.0</ele>
   </trkpt>
   <trkpt lat="36.1077450" lon="-115.4884830">
    <ele>1956.0</ele>
   </trkpt>
   <trkpt lat="36.1077450" lon="-115.4884830">
    <ele>1957.0</ele>
   </trkpt>
   <trkpt lat="36.1077450" lon="-115.4884830">
    <ele>1957.0</ele>
   </trkpt>
   <trkpt lat="36.1077450" lon="-115.4884830">
    <ele>1957.0</ele>
   </trkpt>
   <trkpt lat="36.1077450" lon="-115.4884830">
    <ele>1957.0</ele>
   </trkpt>
   <trkpt lat="36.1077450" lon="-115.4884830">
    <ele>1957.0</ele>
   </trkpt>
   <trkpt lat="36.1077450" lon="-115.4884830">
    <ele>1958.0</ele>
   </trkpt>
   <trkpt lat="36.1077450" lon="-115.4884830">
    <ele>1958.0</ele>
   </trkpt>
   <trkpt lat="36.1077450" lon="-115.4884830">
    <ele>1958.0</ele>
   </trkpt>
   <trkpt lat="36.1077450" lon="-115.4884830">
    <ele>1958.0</ele>
   </trkpt>
   <trkpt lat="36.1077450" lon="-115.4884830">
    <ele>1958.0</ele>
   </trkpt>
   <trkpt lat="36.1077450" lon="-115.4884830">
    <ele>1959.0</ele>
   </trkpt>
   <trkpt lat="36.1077450" lon="-115.4884830">
    <ele>1959.0</ele>
   </trkpt>
   <trkpt lat="36.1077450" lon="-115.4884830">
    <ele>1959.0</ele>
   </trkpt>
   <trkpt lat="36.1077450" lon="-115.4884830">
    <ele>1960.0</ele>
   </trkpt>
   <trkpt lat="36.1077450" lon="-115.4884830">
    <ele>1960.0</ele>
   </trkpt>
   <trkpt lat="36.1077450" lon="-115.4884830">
    <ele>1961.0</ele>
   </trkpt>
   <trkpt lat="36.1077450" lon="-115.4884830">
    <ele>1961.0</ele>
   </trkpt>
   <trkpt lat="36.1077450" lon="-115.4884830">
    <ele>1961.0</ele>
   </trkpt>
   <trkpt lat="36.1077450" lon="-115.4884830">
    <ele>1961.0</ele>
   </trkpt>
   <trkpt lat="36.1077650" lon="-115.4884720">
    <ele>1961.0</ele>
   </trkpt>
   <trkpt lat="36.1077760" lon="-115.4884680">
    <ele>1962.0</ele>
   </trkpt>
   <trkpt lat="36.1077880" lon="-115.4884640">
    <ele>1962.0</ele>
   </trkpt>
   <trkpt lat="36.1077950" lon="-115.4884640">
    <ele>1962.0</ele>
   </trkpt>
   <trkpt lat="36.1078020" lon="-115.4884640">
    <ele>1962.0</ele>
   </trkpt>
   <trkpt lat="36.1078020" lon="-115.4884640">
    <ele>1962.0</ele>
   </trkpt>
   <trkpt lat="36.1078030" lon="-115.4884630">
    <ele>1963.0</ele>
   </trkpt>
   <trkpt lat="36.1077980" lon="-115.4884580">
    <ele>1963.0</ele>
   </trkpt>
   <trkpt lat="36.1077930" lon="-115.4884520">
    <ele>1963.0</ele>
   </trkpt>
   <trkpt lat="36.1077930" lon="-115.4884520">
    <ele>1963.0</ele>
   </trkpt>
   <trkpt lat="36.1077930" lon="-115.4884520">
    <ele>1963.0</ele>
   </trkpt>
   <trkpt lat="36.1077930" lon="-115.4884520">
    <ele>1964.0</ele>
   </trkpt>
   <trkpt lat="36.1077930" lon="-115.4884520">
    <ele>1964.0</ele>
   </trkpt>
   <trkpt lat="36.1077930" lon="-115.4884520">
    <ele>1964.0</ele>
   </trkpt>
   <trkpt lat="36.1077930" lon="-115.4884520">
    <ele>1964.0</ele>
   </trkpt>
   <trkpt lat="36.1077930" lon="-115.4884520">
    <ele>1964.0</ele>
   </trkpt>
   <trkpt lat="36.1077870" lon="-115.4884450">
    <ele>1964.0</ele>
   </trkpt>
   <trkpt lat="36.1077890" lon="-115.4884460">
    <ele>1964.0</ele>
   </trkpt>
   <trkpt lat="36.1077920" lon="-115.4884460">
    <ele>1964.0</ele>
   </trkpt>
   <trkpt lat="36.1077940" lon="-115.4884470">
    <ele>1964.0</ele>
   </trkpt>
   <trkpt lat="36.1078000" lon="-115.4884500">
    <ele>1964.0</ele>
   </trkpt>
   <trkpt lat="36.1078060" lon="-115.4884530">
    <ele>1965.0</ele>
   </trkpt>
   <trkpt lat="36.1078120" lon="-115.4884560">
    <ele>1965.0</ele>
   </trkpt>
   <trkpt lat="36.1078120" lon="-115.4884560">
    <ele>1965.0</ele>
   </trkpt>
   <trkpt lat="36.1078120" lon="-115.4884560">
    <ele>1966.0</ele>
   </trkpt>
   <trkpt lat="36.1078120" lon="-115.4884560">
    <ele>1966.0</ele>
   </trkpt>
   <trkpt lat="36.1078120" lon="-115.4884560">
    <ele>1967.0</ele>
   </trkpt>
   <trkpt lat="36.1078120" lon="-115.4884560">
    <ele>1967.0</ele>
   </trkpt>
   <trkpt lat="36.1078140" lon="-115.4884570">
    <ele>1967.0</ele>
   </trkpt>
   <trkpt lat="36.1078120" lon="-115.4884570">
    <ele>1967.0</ele>
   </trkpt>
   <trkpt lat="36.1078090" lon="-115.4884580">
    <ele>1967.0</ele>
   </trkpt>
   <trkpt lat="36.1078090" lon="-115.4884660">
    <ele>1968.0</ele>
   </trkpt>
   <trkpt lat="36.1078080" lon="-115.4884750">
    <ele>1968.0</ele>
   </trkpt>
   <trkpt lat="36.1078090" lon="-115.4884880">
    <ele>1968.0</ele>
   </trkpt>
   <trkpt lat="36.1078100" lon="-115.4885010">
    <ele>1968.0</ele>
   </trkpt>
   <trkpt lat="36.1078100" lon="-115.4885120">
    <ele>1968.0</ele>
   </trkpt>
   <trkpt lat="36.1078100" lon="-115.4885240">
    <ele>1969.0</ele>
   </trkpt>
   <trkpt lat="36.1078090" lon="-115.4885340">
    <ele>1969.0</ele>
   </trkpt>
   <trkpt lat="36.1078080" lon="-115.4885440">
    <ele>1969.0</ele>
   </trkpt>
   <trkpt lat="36.1078080" lon="-115.4885540">
    <ele>1969.0</ele>
   </trkpt>
   <trkpt lat="36.1078070" lon="-115.4885690">
    <ele>1969.0</ele>
   </trkpt>
   <trkpt lat="36.1078060" lon="-115.4885850">
    <ele>1970.0</ele>
   </trkpt>
   <trkpt lat="36.1078070" lon="-115.4885990">
    <ele>1970.0</ele>
   </trkpt>
   <trkpt lat="36.1078090" lon="-115.4886140">
    <ele>1970.0</ele>
   </trkpt>
   <trkpt lat="36.1078130" lon="-115.4886240">
    <ele>1971.0</ele>
   </trkpt>
   <trkpt lat="36.1078180" lon="-115.4886350">
    <ele>1971.0</ele>
   </trkpt>
   <trkpt lat="36.1078250" lon="-115.4886450">
    <ele>1972.0</ele>
   </trkpt>
   <trkpt lat="36.1078310" lon="-115.4886540">
    <ele>1972.0</ele>
   </trkpt>
   <trkpt lat="36.1078380" lon="-115.4886480">
    <ele>1972.0</ele>
   </trkpt>
   <trkpt lat="36.1078440" lon="-115.4886420">
    <ele>1972.0</ele>
   </trkpt>
   <trkpt lat="36.1078460" lon="-115.4886370">
    <ele>1972.0</ele>
   </trkpt>
   <trkpt lat="36.1078480" lon="-115.4886320">
    <ele>1973.0</ele>
   </trkpt>
   <trkpt lat="36.1078500" lon="-115.4886260">
    <ele>1973.0</ele>
   </trkpt>
   <trkpt lat="36.1078520" lon="-115.4886210">
    <ele>1973.0</ele>
   </trkpt>
   <trkpt lat="36.1078560" lon="-115.4886280">
    <ele>1973.0</ele>
   </trkpt>
   <trkpt lat="36.1078610" lon="-115.4886350">
    <ele>1973.0</ele>
   </trkpt>
   <trkpt lat="36.1078690" lon="-115.4886500">
    <ele>1974.0</ele>
   </trkpt>
   <trkpt lat="36.1078770" lon="-115.4886640">
    <ele>1974.0</ele>
   </trkpt>
   <trkpt lat="36.1078870" lon="-115.4886790">
    <ele>1974.0</ele>
   </trkpt>
   <trkpt lat="36.1078970" lon="-115.4886940">
    <ele>1974.0</ele>
   </trkpt>
   <trkpt lat="36.1078990" lon="-115.4886940">
    <ele>1974.0</ele>
   </trkpt>
   <trkpt lat="36.1079010" lon="-115.4886950">
    <ele>1975.0</ele>
   </trkpt>
   <trkpt lat="36.1079030" lon="-115.4886960">
    <ele>1975.0</ele>
   </trkpt>
   <trkpt lat="36.1079060" lon="-115.4886960">
    <ele>1975.0</ele>
   </trkpt>
   <trkpt lat="36.1079080" lon="-115.4886970">
    <ele>1976.0</ele>
   </trkpt>
   <trkpt lat="36.1079180" lon="-115.4886990">
    <ele>1976.0</ele>
   </trkpt>
   <trkpt lat="36.1079290" lon="-115.4887000">
    <ele>1977.0</ele>
   </trkpt>
   <trkpt lat="36.1079380" lon="-115.4886980">
    <ele>1977.0</ele>
   </trkpt>
   <trkpt lat="36.1079480" lon="-115.4886960">
    <ele>1977.0</ele>
   </trkpt>
   <trkpt lat="36.1079530" lon="-115.4886940">
    <ele>1977.0</ele>
   </trkpt>
   <trkpt lat="36.1079570" lon="-115.4886920">
    <ele>1977.0</ele>
   </trkpt>
   <trkpt lat="36.1079640" lon="-115.4886920">
    <ele>1978.0</ele>
   </trkpt>
   <trkpt lat="36.1079720" lon="-115.4886920">
    <ele>1978.0</ele>
   </trkpt>
   <trkpt lat="36.1079720" lon="-115.4886920">
    <ele>1978.0</ele>
   </trkpt>
   <trkpt lat="36.1079720" lon="-115.4886920">
    <ele>1978.0</ele>
   </trkpt>
   <trkpt lat="36.1079720" lon="-115.4886920">
    <ele>1978.0</ele>
   </trkpt>
   <trkpt lat="36.1079720" lon="-115.4886920">
    <ele>1979.0</ele>
   </trkpt>
   <trkpt lat="36.1079720" lon="-115.4886920">
    <ele>1979.0</ele>
   </trkpt>
   <trkpt lat="36.1079720" lon="-115.4886920">
    <ele>1979.0</ele>
   </trkpt>
   <trkpt lat="36.1079720" lon="-115.4886920">
    <ele>1980.0</ele>
   </trkpt>
   <trkpt lat="36.1079720" lon="-115.4886920">
    <ele>1980.0</ele>
   </trkpt>
   <trkpt lat="36.1079720" lon="-115.4886920">
    <ele>1981.0</ele>
   </trkpt>
   <trkpt lat="36.1079720" lon="-115.4886920">
    <ele>1981.0</ele>
   </trkpt>
   <trkpt lat="36.1079720" lon="-115.4886920">
    <ele>1981.0</ele>
   </trkpt>
   <trkpt lat="36.1079720" lon="-115.4886920">
    <ele>1981.0</ele>
   </trkpt>
   <trkpt lat="36.1079720" lon="-115.4886920">
    <ele>1981.0</ele>
   </trkpt>
   <trkpt lat="36.1079910" lon="-115.4887180">
    <ele>1982.0</ele>
   </trkpt>
   <trkpt lat="36.1079970" lon="-115.4887330">
    <ele>1982.0</ele>
   </trkpt>
   <trkpt lat="36.1080040" lon="-115.4887470">
    <ele>1982.0</ele>
   </trkpt>
   <trkpt lat="36.1080070" lon="-115.4887570">
    <ele>1983.0</ele>
   </trkpt>
   <trkpt lat="36.1080100" lon="-115.4887670">
    <ele>1983.0</ele>
   </trkpt>
   <trkpt lat="36.1080120" lon="-115.4887720">
    <ele>1984.0</ele>
   </trkpt>
   <trkpt lat="36.1080130" lon="-115.4887770">
    <ele>1984.0</ele>
   </trkpt>
   <trkpt lat="36.1080130" lon="-115.4887850">
    <ele>1984.0</ele>
   </trkpt>
   <trkpt lat="36.1080130" lon="-115.4887930">
    <ele>1984.0</ele>
   </trkpt>
   <trkpt lat="36.1080050" lon="-115.4887990">
    <ele>1984.0</ele>
   </trkpt>
   <trkpt lat="36.1079980" lon="-115.4888040">
    <ele>1985.0</ele>
   </trkpt>
   <trkpt lat="36.1079840" lon="-115.4888090">
    <ele>1985.0</ele>
   </trkpt>
   <trkpt lat="36.1079710" lon="-115.4888130">
    <ele>1985.0</ele>
   </trkpt>
   <trkpt lat="36.1079710" lon="-115.4888120">
    <ele>1985.0</ele>
   </trkpt>
   <trkpt lat="36.1079720" lon="-115.4888100">
    <ele>1985.0</ele>
   </trkpt>
   <trkpt lat="36.1079770" lon="-115.4888060">
    <ele>1986.0</ele>
   </trkpt>
   <trkpt lat="36.1079820" lon="-115.4888010">
    <ele>1986.0</ele>
   </trkpt>
   <trkpt lat="36.1079950" lon="-115.4887950">
    <ele>1986.0</ele>
   </trkpt>
   <trkpt lat="36.1080080" lon="-115.4887890">
    <ele>1986.0</ele>
   </trkpt>
   <trkpt lat="36.1080080" lon="-115.4887890">
    <ele>1986.0</ele>
   </trkpt>
   <trkpt lat="36.1080080" lon="-115.4887890">
    <ele>1986.0</ele>
   </trkpt>
   <trkpt lat="36.1080080" lon="-115.4887890">
    <ele>1986.0</ele>
   </trkpt>
   <trkpt lat="36.1080080" lon="-115.4887890">
    <ele>1986.0</ele>
   </trkpt>
   <trkpt lat="36.1080080" lon="-115.4887890">
    <ele>1986.0</ele>
   </trkpt>
   <trkpt lat="36.1080080" lon="-115.4887890">
    <ele>1986.0</ele>
   </trkpt>
   <trkpt lat="36.1080080" lon="-115.4887890">
    <ele>1987.0</ele>
   </trkpt>
   <trkpt lat="36.1080080" lon="-115.4887890">
    <ele>1987.0</ele>
   </trkpt>
   <trkpt lat="36.1080080" lon="-115.4887890">
    <ele>1987.0</ele>
   </trkpt>
   <trkpt lat="36.1080080" lon="-115.4887890">
    <ele>1988.0</ele>
   </trkpt>
   <trkpt lat="36.1080080" lon="-115.4887890">
    <ele>1988.0</ele>
   </trkpt>
   <trkpt lat="36.1080080" lon="-115.4887890">
    <ele>1989.0</ele>
   </trkpt>
   <trkpt lat="36.1080350" lon="-115.4887930">
    <ele>1989.0</ele>
   </trkpt>
   <trkpt lat="36.1080420" lon="-115.4887980">
    <ele>1989.0</ele>
   </trkpt>
   <trkpt lat="36.1080490" lon="-115.4888030">
    <ele>1989.0</ele>
   </trkpt>
   <trkpt lat="36.1080530" lon="-115.4888110">
    <ele>1989.0</ele>
   </trkpt>
   <trkpt lat="36.1080580" lon="-115.4888190">
    <ele>1990.0</ele>
   </trkpt>
   <trkpt lat="36.1080580" lon="-115.4888220">
    <ele>1990.0</ele>
   </trkpt>
   <trkpt lat="36.1080590" lon="-115.4888240">
    <ele>1990.0</ele>
   </trkpt>
   <trkpt lat="36.1080600" lon="-115.4888270">
    <ele>1990.0</ele>
   </trkpt>
   <trkpt lat="36.1080600" lon="-115.4888290">
    <ele>1990.0</ele>
   </trkpt>
   <trkpt lat="36.1080620" lon="-115.4888380">
    <ele>1991.0</ele>
   </trkpt>
   <trkpt lat="36.1080650" lon="-115.4888470">
    <ele>1991.0</ele>
   </trkpt>
   <trkpt lat="36.1080690" lon="-115.4888560">
    <ele>1991.0</ele>
   </trkpt>
   <trkpt lat="36.1080730" lon="-115.4888650">
    <ele>1991.0</ele>
   </trkpt>
   <trkpt lat="36.1080730" lon="-115.4888650">
    <ele>1991.0</ele>
   </trkpt>
   <trkpt lat="36.1080730" lon="-115.4888650">
    <ele>1992.0</ele>
   </trkpt>
   <trkpt lat="36.1080730" lon="-115.4888650">
    <ele>1992.0</ele>
   </trkpt>
   <trkpt lat="36.1080730" lon="-115.4888650">
    <ele>1992.0</ele>
   </trkpt>
   <trkpt lat="36.1080730" lon="-115.4888650">
    <ele>1992.0</ele>
   </trkpt>
   <trkpt lat="36.1080730" lon="-115.4888650">
    <ele>1992.0</ele>
   </trkpt>
   <trkpt lat="36.1080730" lon="-115.4888650">
    <ele>1993.0</ele>
   </trkpt>
   <trkpt lat="36.1080730" lon="-115.4888650">
    <ele>1993.0</ele>
   </trkpt>
   <trkpt lat="36.1080730" lon="-115.4888650">
    <ele>1993.0</ele>
   </trkpt>
   <trkpt lat="36.1080730" lon="-115.4888650">
    <ele>1993.0</ele>
   </trkpt>
   <trkpt lat="36.1080730" lon="-115.4888650">
    <ele>1993.0</ele>
   </trkpt>
   <trkpt lat="36.1080730" lon="-115.4888650">
    <ele>1994.0</ele>
   </trkpt>
   <trkpt lat="36.1080730" lon="-115.4888650">
    <ele>1994.0</ele>
   </trkpt>
   <trkpt lat="36.1080730" lon="-115.4888650">
    <ele>1994.0</ele>
   </trkpt>
   <trkpt lat="36.1080730" lon="-115.4888650">
    <ele>1994.0</ele>
   </trkpt>
   <trkpt lat="36.1080730" lon="-115.4888650">
    <ele>1994.0</ele>
   </trkpt>
   <trkpt lat="36.1080730" lon="-115.4888650">
    <ele>1995.0</ele>
   </trkpt>
   <trkpt lat="36.1080730" lon="-115.4888650">
    <ele>1995.0</ele>
   </trkpt>
   <trkpt lat="36.1080730" lon="-115.4888650">
    <ele>1995.0</ele>
   </trkpt>
   <trkpt lat="36.1080730" lon="-115.4888650">
    <ele>1996.0</ele>
   </trkpt>
   <trkpt lat="36.1080730" lon="-115.4888650">
    <ele>1996.0</ele>
   </trkpt>
   <trkpt lat="36.1080730" lon="-115.4888650">
    <ele>1997.0</ele>
   </trkpt>
   <trkpt lat="36.1080730" lon="-115.4888650">
    <ele>1997.0</ele>
   </trkpt>
   <trkpt lat="36.1080730" lon="-115.4888650">
    <ele>1997.0</ele>
   </trkpt>
   <trkpt lat="36.1080730" lon="-115.4888650">
    <ele>1997.0</ele>
   </trkpt>
   <trkpt lat="36.1080730" lon="-115.4888650">
    <ele>1997.0</ele>
   </trkpt>
   <trkpt lat="36.1080730" lon="-115.4888650">
    <ele>1998.0</ele>
   </trkpt>
   <trkpt lat="36.1080730" lon="-115.4888650">
    <ele>1998.0</ele>
   </trkpt>
   <trkpt lat="36.1080730" lon="-115.4888650">
    <ele>1998.0</ele>
   </trkpt>
   <trkpt lat="36.1080730" lon="-115.4888650">
    <ele>1999.0</ele>
   </trkpt>
   <trkpt lat="36.1080730" lon="-115.4888650">
    <ele>1999.0</ele>
   </trkpt>
   <trkpt lat="36.1080780" lon="-115.4888720">
    <ele>2000.0</ele>
   </trkpt>
   <trkpt lat="36.1080840" lon="-115.4888740">
    <ele>2000.0</ele>
   </trkpt>
   <trkpt lat="36.1080910" lon="-115.4888770">
    <ele>2000.0</ele>
   </trkpt>
   <trkpt lat="36.1080970" lon="-115.4888750">
    <ele>2000.0</ele>
   </trkpt>
   <trkpt lat="36.1081050" lon="-115.4888760">
    <ele>2000.0</ele>
   </trkpt>
   <trkpt lat="36.1081060" lon="-115.4888770">
    <ele>2001.0</ele>
   </trkpt>
   <trkpt lat="36.1081070" lon="-115.4888780">
    <ele>2001.0</ele>
   </trkpt>
   <trkpt lat="36.1081090" lon="-115.4888790">
    <ele>2001.0</ele>
   </trkpt>
   <trkpt lat="36.1081100" lon="-115.4888800">
    <ele>2002.0</ele>
   </trkpt>
   <trkpt lat="36.1081110" lon="-115.4888810">
    <ele>2002.0</ele>
   </trkpt>
   <trkpt lat="36.1081120" lon="-115.4888830">
    <ele>2003.0</ele>
   </trkpt>
   <trkpt lat="36.1081130" lon="-115.4888840">
    <ele>2003.0</ele>
   </trkpt>
   <trkpt lat="36.1081140" lon="-115.4888850">
    <ele>2003.0</ele>
   </trkpt>
   <trkpt lat="36.1081150" lon="-115.4888860">
    <ele>2003.0</ele>
   </trkpt>
   <trkpt lat="36.1081170" lon="-115.4888870">
    <ele>2003.0</ele>
   </trkpt>
   <trkpt lat="36.1081180" lon="-115.4888890">
    <ele>2004.0</ele>
   </trkpt>
   <trkpt lat="36.1081190" lon="-115.4888900">
    <ele>2004.0</ele>
   </trkpt>
   <trkpt lat="36.1081200" lon="-115.4888910">
    <ele>2004.0</ele>
   </trkpt>
   <trkpt lat="36.1081210" lon="-115.4888920">
    <ele>2004.0</ele>
   </trkpt>
   <trkpt lat="36.1081220" lon="-115.4888930">
    <ele>2004.0</ele>
   </trkpt>
   <trkpt lat="36.1081230" lon="-115.4888940">
    <ele>2005.0</ele>
   </trkpt>
   <trkpt lat="36.1081250" lon="-115.4888960">
    <ele>2005.0</ele>
   </trkpt>
   <trkpt lat="36.1081260" lon="-115.4888970">
    <ele>2005.0</ele>
   </trkpt>
   <trkpt lat="36.1081270" lon="-115.4888980">
    <ele>2005.0</ele>
   </trkpt>
   <trkpt lat="36.1081280" lon="-115.4888990">
    <ele>2005.0</ele>
   </trkpt>
   <trkpt lat="36.1081290" lon="-115.4889000">
    <ele>2006.0</ele>
   </trkpt>
   <trkpt lat="36.1081300" lon="-115.4889010">
    <ele>2006.0</ele>
   </trkpt>
   <trkpt lat="36.1081310" lon="-115.4889030">
    <ele>2007.0</ele>
   </trkpt>
   <trkpt lat="36.1081330" lon="-115.4889040">
    <ele>2007.0</ele>
   </trkpt>
   <trkpt lat="36.1081340" lon="-115.4889050">
    <ele>2008.0</ele>
   </trkpt>
   <trkpt lat="36.1081350" lon="-115.4889060">
    <ele>2009.0</ele>
   </trkpt>
   <trkpt lat="36.1081360" lon="-115.4889070">
    <ele>2009.0</ele>
   </trkpt>
   <trkpt lat="36.1081370" lon="-115.4889080">
    <ele>2009.0</ele>
   </trkpt>
   <trkpt lat="36.1081380" lon="-115.4889100">
    <ele>2009.0</ele>
   </trkpt>
   <trkpt lat="36.1081390" lon="-115.4889110">
    <ele>2009.0</ele>
   </trkpt>
   <trkpt lat="36.1081410" lon="-115.4889120">
    <ele>2010.0</ele>
   </trkpt>
   <trkpt lat="36.1081420" lon="-115.4889130">
    <ele>2010.0</ele>
   </trkpt>
   <trkpt lat="36.1081430" lon="-115.4889140">
    <ele>2010.0</ele>
   </trkpt>
   <trkpt lat="36.1081440" lon="-115.4889160">
    <ele>2010.0</ele>
   </trkpt>
   <trkpt lat="36.1081450" lon="-115.4889170">
    <ele>2010.0</ele>
   </trkpt>
   <trkpt lat="36.1081460" lon="-115.4889180">
    <ele>2011.0</ele>
   </trkpt>
   <trkpt lat="36.1081470" lon="-115.4889190">
    <ele>2011.0</ele>
   </trkpt>
   <trkpt lat="36.1081490" lon="-115.4889200">
    <ele>2011.0</ele>
   </trkpt>
   <trkpt lat="36.1081500" lon="-115.4889210">
    <ele>2011.0</ele>
   </trkpt>
   <trkpt lat="36.1081510" lon="-115.4889230">
    <ele>2011.0</ele>
   </trkpt>
   <trkpt lat="36.1081520" lon="-115.4889240">
    <ele>2011.0</ele>
   </trkpt>
   <trkpt lat="36.1081530" lon="-115.4889250">
    <ele>2011.0</ele>
   </trkpt>
   <trkpt lat="36.1081540" lon="-115.4889260">
    <ele>2011.0</ele>
   </trkpt>
   <trkpt lat="36.1081550" lon="-115.4889270">
    <ele>2011.0</ele>
   </trkpt>
   <trkpt lat="36.1081560" lon="-115.4889280">
    <ele>2011.0</ele>
   </trkpt>
   <trkpt lat="36.1081580" lon="-115.4889300">
    <ele>2012.0</ele>
   </trkpt>
   <trkpt lat="36.1081590" lon="-115.4889310">
    <ele>2012.0</ele>
   </trkpt>
   <trkpt lat="36.1081600" lon="-115.4889320">
    <ele>2012.0</ele>
   </trkpt>
   <trkpt lat="36.1081610" lon="-115.4889330">
    <ele>2012.0</ele>
   </trkpt>
   <trkpt lat="36.1081620" lon="-115.4889340">
    <ele>2012.0</ele>
   </trkpt>
   <trkpt lat="36.1081730" lon="-115.4889510">
    <ele>2012.0</ele>
   </trkpt>
   <trkpt lat="36.1081750" lon="-115.4889540">
    <ele>2012.0</ele>
   </trkpt>
   <trkpt lat="36.1081770" lon="-115.4889570">
    <ele>2012.0</ele>
   </trkpt>
   <trkpt lat="36.1081800" lon="-115.4889600">
    <ele>2012.0</ele>
   </trkpt>
   <trkpt lat="36.1081820" lon="-115.4889640">
    <ele>2012.0</ele>
   </trkpt>
   <trkpt lat="36.1081840" lon="-115.4889670">
    <ele>2013.0</ele>
   </trkpt>
   <trkpt lat="36.1081860" lon="-115.4889700">
    <ele>2013.0</ele>
   </trkpt>
   <trkpt lat="36.1081890" lon="-115.4889730">
    <ele>2013.0</ele>
   </trkpt>
   <trkpt lat="36.1081910" lon="-115.4889760">
    <ele>2013.0</ele>
   </trkpt>
   <trkpt lat="36.1081930" lon="-115.4889790">
    <ele>2013.0</ele>
   </trkpt>
   <trkpt lat="36.1081950" lon="-115.4889820">
    <ele>2014.0</ele>
   </trkpt>
   <trkpt lat="36.1081970" lon="-115.4889860">
    <ele>2014.0</ele>
   </trkpt>
   <trkpt lat="36.1082000" lon="-115.4889890">
    <ele>2014.0</ele>
   </trkpt>
   <trkpt lat="36.1082020" lon="-115.4889920">
    <ele>2014.0</ele>
   </trkpt>
   <trkpt lat="36.1082040" lon="-115.4889950">
    <ele>2014.0</ele>
   </trkpt>
   <trkpt lat="36.1082060" lon="-115.4889980">
    <ele>2015.0</ele>
   </trkpt>
   <trkpt lat="36.1082090" lon="-115.4890010">
    <ele>2015.0</ele>
   </trkpt>
   <trkpt lat="36.1082110" lon="-115.4890050">
    <ele>2015.0</ele>
   </trkpt>
   <trkpt lat="36.1082130" lon="-115.4890080">
    <ele>2015.0</ele>
   </trkpt>
   <trkpt lat="36.1082150" lon="-115.4890110">
    <ele>2015.0</ele>
   </trkpt>
   <trkpt lat="36.1082170" lon="-115.4890140">
    <ele>2016.0</ele>
   </trkpt>
   <trkpt lat="36.1082200" lon="-115.4890170">
    <ele>2016.0</ele>
   </trkpt>
   <trkpt lat="36.1082220" lon="-115.4890200">
    <ele>2016.0</ele>
   </trkpt>
   <trkpt lat="36.1082240" lon="-115.4890230">
    <ele>2017.0</ele>
   </trkpt>
   <trkpt lat="36.1082260" lon="-115.4890270">
    <ele>2017.0</ele>
   </trkpt>
   <trkpt lat="36.1082290" lon="-115.4890300">
    <ele>2018.0</ele>
   </trkpt>
   <trkpt lat="36.1082310" lon="-115.4890330">
    <ele>2018.0</ele>
   </trkpt>
   <trkpt lat="36.1082330" lon="-115.4890360">
    <ele>2018.0</ele>
   </trkpt>
   <trkpt lat="36.1082350" lon="-115.4890390">
    <ele>2019.0</ele>
   </trkpt>
   <trkpt lat="36.1082380" lon="-115.4890420">
    <ele>2019.0</ele>
   </trkpt>
   <trkpt lat="36.1082400" lon="-115.4890460">
    <ele>2020.0</ele>
   </trkpt>
   <trkpt lat="36.1082420" lon="-115.4890490">
    <ele>2020.0</ele>
   </trkpt>
   <trkpt lat="36.1082440" lon="-115.4890520">
    <ele>2020.0</ele>
   </trkpt>
   <trkpt lat="36.1082460" lon="-115.4890550">
    <ele>2020.0</ele>
   </trkpt>
   <trkpt lat="36.1082490" lon="-115.4890580">
    <ele>2020.0</ele>
   </trkpt>
   <trkpt lat="36.1082510" lon="-115.4890610">
    <ele>2021.0</ele>
   </trkpt>
   <trkpt lat="36.1082530" lon="-115.4890640">
    <ele>2021.0</ele>
   </trkpt>
   <trkpt lat="36.1082550" lon="-115.4890680">
    <ele>2021.0</ele>
   </trkpt>
   <trkpt lat="36.1082580" lon="-115.4890710">
    <ele>2022.0</ele>
   </trkpt>
   <trkpt lat="36.1082600" lon="-115.4890740">
    <ele>2022.0</ele>
   </trkpt>
   <trkpt lat="36.1082620" lon="-115.4890770">
    <ele>2023.0</ele>
   </trkpt>
   <trkpt lat="36.1082640" lon="-115.4890800">
    <ele>2023.0</ele>
   </trkpt>
   <trkpt lat="36.1082660" lon="-115.4890830">
    <ele>2023.0</ele>
   </trkpt>
   <trkpt lat="36.1082690" lon="-115.4890860">
    <ele>2023.0</ele>
   </trkpt>
   <trkpt lat="36.1082710" lon="-115.4890900">
    <ele>2023.0</ele>
   </trkpt>
   <trkpt lat="36.1082730" lon="-115.4890930">
    <ele>2024.0</ele>
   </trkpt>
   <trkpt lat="36.1082750" lon="-115.4890960">
    <ele>2024.0</ele>
   </trkpt>
   <trkpt lat="36.1082780" lon="-115.4890990">
    <ele>2024.0</ele>
   </trkpt>
   <trkpt lat="36.1082800" lon="-115.4891020">
    <ele>2024.0</ele>
   </trkpt>
   <trkpt lat="36.1082820" lon="-115.4891050">
    <ele>2024.0</ele>
   </trkpt>
   <trkpt lat="36.1082840" lon="-115.4891090">
    <ele>2025.0</ele>
   </trkpt>
   <trkpt lat="36.1082860" lon="-115.4891120">
    <ele>2025.0</ele>
   </trkpt>
   <trkpt lat="36.1082890" lon="-115.4891150">
    <ele>2025.0</ele>
   </trkpt>
   <trkpt lat="36.1082910" lon="-115.4891180">
    <ele>2026.0</ele>
   </trkpt>
   <trkpt lat="36.1083000" lon="-115.4891360">
    <ele>2026.0</ele>
   </trkpt>
   <trkpt lat="36.1083090" lon="-115.4891540">
    <ele>2027.0</ele>
   </trkpt>
   <trkpt lat="36.1083140" lon="-115.4891670">
    <ele>2027.0</ele>
   </trkpt>
   <trkpt lat="36.1083190" lon="-115.4891800">
    <ele>2027.0</ele>
   </trkpt>
   <trkpt lat="36.1083220" lon="-115.4891910">
    <ele>2027.0</ele>
   </trkpt>
   <trkpt lat="36.1083250" lon="-115.4892020">
    <ele>2027.0</ele>
   </trkpt>
   <trkpt lat="36.1083250" lon="-115.4892020">
    <ele>2028.0</ele>
   </trkpt>
   <trkpt lat="36.1083250" lon="-115.4892020">
    <ele>2028.0</ele>
   </trkpt>
   <trkpt lat="36.1083250" lon="-115.4892020">
    <ele>2028.0</ele>
   </trkpt>
   <trkpt lat="36.1083250" lon="-115.4892020">
    <ele>2028.0</ele>
   </trkpt>
   <trkpt lat="36.1083250" lon="-115.4892020">
    <ele>2028.0</ele>
   </trkpt>
   <trkpt lat="36.1083250" lon="-115.4892020">
    <ele>2029.0</ele>
   </trkpt>
   <trkpt lat="36.1083250" lon="-115.4892020">
    <ele>2029.0</ele>
   </trkpt>
   <trkpt lat="36.1083250" lon="-115.4892020">
    <ele>2029.0</ele>
   </trkpt>
   <trkpt lat="36.1083250" lon="-115.4892020">
    <ele>2029.0</ele>
   </trkpt>
   <trkpt lat="36.1083250" lon="-115.4892020">
    <ele>2029.0</ele>
   </trkpt>
   <trkpt lat="36.1083250" lon="-115.4892020">
    <ele>2030.0</ele>
   </trkpt>
   <trkpt lat="36.1083250" lon="-115.4892020">
    <ele>2030.0</ele>
   </trkpt>
   <trkpt lat="36.1083250" lon="-115.4892020">
    <ele>2030.0</ele>
   </trkpt>
   <trkpt lat="36.1083250" lon="-115.4892020">
    <ele>2030.0</ele>
   </trkpt>
   <trkpt lat="36.1083250" lon="-115.4892020">
    <ele>2030.0</ele>
   </trkpt>
   <trkpt lat="36.1083250" lon="-115.4892020">
    <ele>2031.0</ele>
   </trkpt>
   <trkpt lat="36.1083250" lon="-115.4892020">
    <ele>2031.0</ele>
   </trkpt>
   <trkpt lat="36.1083250" lon="-115.4892020">
    <ele>2031.0</ele>
   </trkpt>
   <trkpt lat="36.1083300" lon="-115.4892450">
    <ele>2031.0</ele>
   </trkpt>
   <trkpt lat="36.1083330" lon="-115.4892630">
    <ele>2031.0</ele>
   </trkpt>
   <trkpt lat="36.1083360" lon="-115.4892820">
    <ele>2032.0</ele>
   </trkpt>
   <trkpt lat="36.1083360" lon="-115.4892820">
    <ele>2032.0</ele>
   </trkpt>
   <trkpt lat="36.1083360" lon="-115.4892820">
    <ele>2032.0</ele>
   </trkpt>
   <trkpt lat="36.1083360" lon="-115.4892820">
    <ele>2032.0</ele>
   </trkpt>
   <trkpt lat="36.1083360" lon="-115.4892820">
    <ele>2032.0</ele>
   </trkpt>
   <trkpt lat="36.1083360" lon="-115.4892820">
    <ele>2033.0</ele>
   </trkpt>
   <trkpt lat="36.1083490" lon="-115.4893010">
    <ele>2033.0</ele>
   </trkpt>
   <trkpt lat="36.1083550" lon="-115.4893050">
    <ele>2033.0</ele>
   </trkpt>
   <trkpt lat="36.1083620" lon="-115.4893100">
    <ele>2033.0</ele>
   </trkpt>
   <trkpt lat="36.1083620" lon="-115.4893100">
    <ele>2033.0</ele>
   </trkpt>
   <trkpt lat="36.1083620" lon="-115.4893100">
    <ele>2034.0</ele>
   </trkpt>
   <trkpt lat="36.1083620" lon="-115.4893100">
    <ele>2034.0</ele>
   </trkpt>
   <trkpt lat="36.1083620" lon="-115.4893100">
    <ele>2034.0</ele>
   </trkpt>
   <trkpt lat="36.1083620" lon="-115.4893100">
    <ele>2034.0</ele>
   </trkpt>
   <trkpt lat="36.1083620" lon="-115.4893100">
    <ele>2034.0</ele>
   </trkpt>
   <trkpt lat="36.1083620" lon="-115.4893100">
    <ele>2035.0</ele>
   </trkpt>
   <trkpt lat="36.1083620" lon="-115.4893100">
    <ele>2035.0</ele>
   </trkpt>
   <trkpt lat="36.1083620" lon="-115.4893100">
    <ele>2035.0</ele>
   </trkpt>
   <trkpt lat="36.1083790" lon="-115.4893210">
    <ele>2035.0</ele>
   </trkpt>
   <trkpt lat="36.1083890" lon="-115.4893260">
    <ele>2035.0</ele>
   </trkpt>
   <trkpt lat="36.1083980" lon="-115.4893310">
    <ele>2036.0</ele>
   </trkpt>
   <trkpt lat="36.1084060" lon="-115.4893380">
    <ele>2036.0</ele>
   </trkpt>
   <trkpt lat="36.1084150" lon="-115.4893450">
    <ele>2036.0</ele>
   </trkpt>
   <trkpt lat="36.1084230" lon="-115.4893500">
    <ele>2037.0</ele>
   </trkpt>
   <trkpt lat="36.1084310" lon="-115.4893550">
    <ele>2037.0</ele>
   </trkpt>
   <trkpt lat="36.1084400" lon="-115.4893580">
    <ele>2038.0</ele>
   </trkpt>
   <trkpt lat="36.1084490" lon="-115.4893620">
    <ele>2038.0</ele>
   </trkpt>
   <trkpt lat="36.1084540" lon="-115.4893630">
    <ele>2038.0</ele>
   </trkpt>
   <trkpt lat="36.1084590" lon="-115.4893640">
    <ele>2039.0</ele>
   </trkpt>
   <trkpt lat="36.1084660" lon="-115.4893670">
    <ele>2039.0</ele>
   </trkpt>
   <trkpt lat="36.1084730" lon="-115.4893700">
    <ele>2040.0</ele>
   </trkpt>
   <trkpt lat="36.1084770" lon="-115.4893750">
    <ele>2040.0</ele>
   </trkpt>
   <trkpt lat="36.1084820" lon="-115.4893810">
    <ele>2040.0</ele>
   </trkpt>
   <trkpt lat="36.1084830" lon="-115.4893850">
    <ele>2040.0</ele>
   </trkpt>
   <trkpt lat="36.1084840" lon="-115.4893890">
    <ele>2040.0</ele>
   </trkpt>
   <trkpt lat="36.1084850" lon="-115.4893940">
    <ele>2041.0</ele>
   </trkpt>
   <trkpt lat="36.1084860" lon="-115.4893980">
    <ele>2041.0</ele>
   </trkpt>
   <trkpt lat="36.1084880" lon="-115.4894080">
    <ele>2041.0</ele>
   </trkpt>
   <trkpt lat="36.1084900" lon="-115.4894180">
    <ele>2041.0</ele>
   </trkpt>
   <trkpt lat="36.1084930" lon="-115.4894350">
    <ele>2041.0</ele>
   </trkpt>
   <trkpt lat="36.1084950" lon="-115.4894410">
    <ele>2042.0</ele>
   </trkpt>
   <trkpt lat="36.1084960" lon="-115.4894470">
    <ele>2042.0</ele>
   </trkpt>
   <trkpt lat="36.1084980" lon="-115.4894530">
    <ele>2042.0</ele>
   </trkpt>
   <trkpt lat="36.1085000" lon="-115.4894590">
    <ele>2042.0</ele>
   </trkpt>
   <trkpt lat="36.1085010" lon="-115.4894650">
    <ele>2042.0</ele>
   </trkpt>
   <trkpt lat="36.1085030" lon="-115.4894710">
    <ele>2043.0</ele>
   </trkpt>
   <trkpt lat="36.1085050" lon="-115.4894770">
    <ele>2043.0</ele>
   </trkpt>
   <trkpt lat="36.1085060" lon="-115.4894830">
    <ele>2043.0</ele>
   </trkpt>
   <trkpt lat="36.1085080" lon="-115.4894890">
    <ele>2044.0</ele>
   </trkpt>
   <trkpt lat="36.1085100" lon="-115.4894950">
    <ele>2044.0</ele>
   </trkpt>
   <trkpt lat="36.1085110" lon="-115.4895010">
    <ele>2045.0</ele>
   </trkpt>
   <trkpt lat="36.1085130" lon="-115.4895070">
    <ele>2045.0</ele>
   </trkpt>
   <trkpt lat="36.1085150" lon="-115.4895130">
    <ele>2045.0</ele>
   </trkpt>
   <trkpt lat="36.1085160" lon="-115.4895190">
    <ele>2045.0</ele>
   </trkpt>
   <trkpt lat="36.1085180" lon="-115.4895250">
    <ele>2045.0</ele>
   </trkpt>
   <trkpt lat="36.1085200" lon="-115.4895310">
    <ele>2046.0</ele>
   </trkpt>
   <trkpt lat="36.1085210" lon="-115.4895370">
    <ele>2046.0</ele>
   </trkpt>
   <trkpt lat="36.1085230" lon="-115.4895430">
    <ele>2046.0</ele>
   </trkpt>
   <trkpt lat="36.1085250" lon="-115.4895490">
    <ele>2047.0</ele>
   </trkpt>
   <trkpt lat="36.1085260" lon="-115.4895550">
    <ele>2047.0</ele>
   </trkpt>
   <trkpt lat="36.1085280" lon="-115.4895610">
    <ele>2048.0</ele>
   </trkpt>
   <trkpt lat="36.1085300" lon="-115.4895670">
    <ele>2048.0</ele>
   </trkpt>
   <trkpt lat="36.1085320" lon="-115.4895790">
    <ele>2048.0</ele>
   </trkpt>
   <trkpt lat="36.1085350" lon="-115.4895910">
    <ele>2048.0</ele>
   </trkpt>
   <trkpt lat="36.1085350" lon="-115.4895910">
    <ele>2048.0</ele>
   </trkpt>
   <trkpt lat="36.1085350" lon="-115.4895910">
    <ele>2049.0</ele>
   </trkpt>
   <trkpt lat="36.1085350" lon="-115.4895910">
    <ele>2049.0</ele>
   </trkpt>
   <trkpt lat="36.1085350" lon="-115.4895910">
    <ele>2049.0</ele>
   </trkpt>
   <trkpt lat="36.1085350" lon="-115.4895910">
    <ele>2050.0</ele>
   </trkpt>
   <trkpt lat="36.1085350" lon="-115.4895910">
    <ele>2050.0</ele>
   </trkpt>
   <trkpt lat="36.1085390" lon="-115.4896140">
    <ele>2051.0</ele>
   </trkpt>
   <trkpt lat="36.1085430" lon="-115.4896220">
    <ele>2051.0</ele>
   </trkpt>
   <trkpt lat="36.1085470" lon="-115.4896290">
    <ele>2051.0</ele>
   </trkpt>
   <trkpt lat="36.1085530" lon="-115.4896330">
    <ele>2051.0</ele>
   </trkpt>
   <trkpt lat="36.1085580" lon="-115.4896370">
    <ele>2051.0</ele>
   </trkpt>
   <trkpt lat="36.1085580" lon="-115.4896370">
    <ele>2052.0</ele>
   </trkpt>
   <trkpt lat="36.1085580" lon="-115.4896370">
    <ele>2052.0</ele>
   </trkpt>
   <trkpt lat="36.1085580" lon="-115.4896370">
    <ele>2052.0</ele>
   </trkpt>
   <trkpt lat="36.1085580" lon="-115.4896370">
    <ele>2053.0</ele>
   </trkpt>
   <trkpt lat="36.1085580" lon="-115.4896370">
    <ele>2053.0</ele>
   </trkpt>
   <trkpt lat="36.1085670" lon="-115.4896450">
    <ele>2054.0</ele>
   </trkpt>
   <trkpt lat="36.1085710" lon="-115.4896520">
    <ele>2054.0</ele>
   </trkpt>
   <trkpt lat="36.1085750" lon="-115.4896590">
    <ele>2054.0</ele>
   </trkpt>
   <trkpt lat="36.1085760" lon="-115.4896630">
    <ele>2054.0</ele>
   </trkpt>
   <trkpt lat="36.1085770" lon="-115.4896670">
    <ele>2054.0</ele>
   </trkpt>
   <trkpt lat="36.1085780" lon="-115.4896710">
    <ele>2055.0</ele>
   </trkpt>
   <trkpt lat="36.1085780" lon="-115.4896750">
    <ele>2055.0</ele>
   </trkpt>
   <trkpt lat="36.1085770" lon="-115.4896810">
    <ele>2055.0</ele>
   </trkpt>
   <trkpt lat="36.1085760" lon="-115.4896870">
    <ele>2056.0</ele>
   </trkpt>
   <trkpt lat="36.1085710" lon="-115.4896910">
    <ele>2056.0</ele>
   </trkpt>
   <trkpt lat="36.1085650" lon="-115.4896950">
    <ele>2057.0</ele>
   </trkpt>
   <trkpt lat="36.1085600" lon="-115.4896980">
    <ele>2057.0</ele>
   </trkpt>
   <trkpt lat="36.1085560" lon="-115.4897010">
    <ele>2057.0</ele>
   </trkpt>
   <trkpt lat="36.1085510" lon="-115.4897050">
    <ele>2057.0</ele>
   </trkpt>
   <trkpt lat="36.1085460" lon="-115.4897080">
    <ele>2057.0</ele>
   </trkpt>
   <trkpt lat="36.1085420" lon="-115.4897120">
    <ele>2058.0</ele>
   </trkpt>
   <trkpt lat="36.1085370" lon="-115.4897150">
    <ele>2058.0</ele>
   </trkpt>
   <trkpt lat="36.1085310" lon="-115.4897220">
    <ele>2058.0</ele>
   </trkpt>
   <trkpt lat="36.1085240" lon="-115.4897280">
    <ele>2059.0</ele>
   </trkpt>
   <trkpt lat="36.1085170" lon="-115.4897310">
    <ele>2059.0</ele>
   </trkpt>
   <trkpt lat="36.1085090" lon="-115.4897340">
    <ele>2060.0</ele>
   </trkpt>
   <trkpt lat="36.1085000" lon="-115.4897360">
    <ele>2060.0</ele>
   </trkpt>
   <trkpt lat="36.1084920" lon="-115.4897390">
    <ele>2060.0</ele>
   </trkpt>
   <trkpt lat="36.1084850" lon="-115.4897440">
    <ele>2061.0</ele>
   </trkpt>
   <trkpt lat="36.1084780" lon="-115.4897490">
    <ele>2061.0</ele>
   </trkpt>
   <trkpt lat="36.1084750" lon="-115.4897570">
    <ele>2062.0</ele>
   </trkpt>
   <trkpt lat="36.1084720" lon="-115.4897650">
    <ele>2062.0</ele>
   </trkpt>
   <trkpt lat="36.1084710" lon="-115.4897740">
    <ele>2062.0</ele>
   </trkpt>
   <trkpt lat="36.1084700" lon="-115.4897820">
    <ele>2063.0</ele>
   </trkpt>
   <trkpt lat="36.1084690" lon="-115.4897880">
    <ele>2063.0</ele>
   </trkpt>
   <trkpt lat="36.1084670" lon="-115.4897930">
    <ele>2064.0</ele>
   </trkpt>
   <trkpt lat="36.1084650" lon="-115.4897990">
    <ele>2064.0</ele>
   </trkpt>
   <trkpt lat="36.1084650" lon="-115.4897990">
    <ele>2064.0</ele>
   </trkpt>
   <trkpt lat="36.1084650" lon="-115.4897990">
    <ele>2064.0</ele>
   </trkpt>
   <trkpt lat="36.1084650" lon="-115.4897990">
    <ele>2064.0</ele>
   </trkpt>
   <trkpt lat="36.1084650" lon="-115.4897990">
    <ele>2065.0</ele>
   </trkpt>
   <trkpt lat="36.1084650" lon="-115.4897990">
    <ele>2065.0</ele>
   </trkpt>
   <trkpt lat="36.1084650" lon="-115.4897990">
    <ele>2065.0</ele>
   </trkpt>
   <trkpt lat="36.1084650" lon="-115.4897990">
    <ele>2066.0</ele>
   </trkpt>
   <trkpt lat="36.1084650" lon="-115.4897990">
    <ele>2066.0</ele>
   </trkpt>
   <trkpt lat="36.1084650" lon="-115.4897990">
    <ele>2067.0</ele>
   </trkpt>
   <trkpt lat="36.1084650" lon="-115.4897990">
    <ele>2067.0</ele>
   </trkpt>
   <trkpt lat="36.1084660" lon="-115.4898000">
    <ele>2067.0</ele>
   </trkpt>
   <trkpt lat="36.1084670" lon="-115.4897970">
    <ele>2067.0</ele>
   </trkpt>
   <trkpt lat="36.1084670" lon="-115.4897950">
    <ele>2067.0</ele>
   </trkpt>
   <trkpt lat="36.1084670" lon="-115.4897950">
    <ele>2068.0</ele>
   </trkpt>
   <trkpt lat="36.1084670" lon="-115.4897950">
    <ele>2068.0</ele>
   </trkpt>
   <trkpt lat="36.1084670" lon="-115.4897950">
    <ele>2068.0</ele>
   </trkpt>
   <trkpt lat="36.1084670" lon="-115.4897950">
    <ele>2068.0</ele>
   </trkpt>
   <trkpt lat="36.1084670" lon="-115.4897950">
    <ele>2068.0</ele>
   </trkpt>
   <trkpt lat="36.1084670" lon="-115.4897950">
    <ele>2069.0</ele>
   </trkpt>
   <trkpt lat="36.1084670" lon="-115.4897950">
    <ele>2069.0</ele>
   </trkpt>
   <trkpt lat="36.1084670" lon="-115.4897950">
    <ele>2069.0</ele>
   </trkpt>
   <trkpt lat="36.1084670" lon="-115.4897950">
    <ele>2070.0</ele>
   </trkpt>
   <trkpt lat="36.1084670" lon="-115.4897950">
    <ele>2070.0</ele>
   </trkpt>
   <trkpt lat="36.1084670" lon="-115.4897950">
    <ele>2071.0</ele>
   </trkpt>
   <trkpt lat="36.1084670" lon="-115.4897950">
    <ele>2071.0</ele>
   </trkpt>
   <trkpt lat="36.1084670" lon="-115.4897950">
    <ele>2071.0</ele>
   </trkpt>
   <trkpt lat="36.1084670" lon="-115.4897950">
    <ele>2071.0</ele>
   </trkpt>
   <trkpt lat="36.1084670" lon="-115.4897950">
    <ele>2071.0</ele>
   </trkpt>
   <trkpt lat="36.1084670" lon="-115.4897950">
    <ele>2072.0</ele>
   </trkpt>
   <trkpt lat="36.1084670" lon="-115.4897950">
    <ele>2072.0</ele>
   </trkpt>
   <trkpt lat="36.1084670" lon="-115.4897950">
    <ele>2072.0</ele>
   </trkpt>
   <trkpt lat="36.1084670" lon="-115.4897950">
    <ele>2072.0</ele>
   </trkpt>
   <trkpt lat="36.1084670" lon="-115.4897950">
    <ele>2072.0</ele>
   </trkpt>
   <trkpt lat="36.1084670" lon="-115.4897950">
    <ele>2073.0</ele>
   </trkpt>
   <trkpt lat="36.1084670" lon="-115.4897950">
    <ele>2073.0</ele>
   </trkpt>
   <trkpt lat="36.1084670" lon="-115.4897950">
    <ele>2073.0</ele>
   </trkpt>
   <trkpt lat="36.1084670" lon="-115.4897950">
    <ele>2074.0</ele>
   </trkpt>
   <trkpt lat="36.1084510" lon="-115.4897910">
    <ele>2074.0</ele>
   </trkpt>
   <trkpt lat="36.1084400" lon="-115.4897900">
    <ele>2075.0</ele>
   </trkpt>
   <trkpt lat="36.1084290" lon="-115.4897890">
    <ele>2075.0</ele>
   </trkpt>
   <trkpt lat="36.1084210" lon="-115.4897860">
    <ele>2075.0</ele>
   </trkpt>
   <trkpt lat="36.1084130" lon="-115.4897830">
    <ele>2075.0</ele>
   </trkpt>
   <trkpt lat="36.1084040" lon="-115.4897790">
    <ele>2075.0</ele>
   </trkpt>
   <trkpt lat="36.1083950" lon="-115.4897750">
    <ele>2076.0</ele>
   </trkpt>
   <trkpt lat="36.1083830" lon="-115.4897770">
    <ele>2076.0</ele>
   </trkpt>
   <trkpt lat="36.1083720" lon="-115.4897780">
    <ele>2076.0</ele>
   </trkpt>
   <trkpt lat="36.1083620" lon="-115.4897830">
    <ele>2076.0</ele>
   </trkpt>
   <trkpt lat="36.1083510" lon="-115.4897890">
    <ele>2076.0</ele>
   </trkpt>
   <trkpt lat="36.1083420" lon="-115.4897940">
    <ele>2076.0</ele>
   </trkpt>
   <trkpt lat="36.1083330" lon="-115.4897990">
    <ele>2076.0</ele>
   </trkpt>
   <trkpt lat="36.1083230" lon="-115.4898030">
    <ele>2076.0</ele>
   </trkpt>
   <trkpt lat="36.1083130" lon="-115.4898070">
    <ele>2076.0</ele>
   </trkpt>
   <trkpt lat="36.1083040" lon="-115.4898120">
    <ele>2076.0</ele>
   </trkpt>
   <trkpt lat="36.1082940" lon="-115.4898170">
    <ele>2077.0</ele>
   </trkpt>
   <trkpt lat="36.1082890" lon="-115.4898280">
    <ele>2077.0</ele>
   </trkpt>
   <trkpt lat="36.1082830" lon="-115.4898380">
    <ele>2077.0</ele>
   </trkpt>
   <trkpt lat="36.1082830" lon="-115.4898380">
    <ele>2077.0</ele>
   </trkpt>
   <trkpt lat="36.1082830" lon="-115.4898380">
    <ele>2077.0</ele>
   </trkpt>
   <trkpt lat="36.1082830" lon="-115.4898380">
    <ele>2077.0</ele>
   </trkpt>
   <trkpt lat="36.1082830" lon="-115.4898380">
    <ele>2077.0</ele>
   </trkpt>
   <trkpt lat="36.1082830" lon="-115.4898380">
    <ele>2077.0</ele>
   </trkpt>
   <trkpt lat="36.1082830" lon="-115.4898380">
    <ele>2077.0</ele>
   </trkpt>
   <trkpt lat="36.1082830" lon="-115.4898380">
    <ele>2077.0</ele>
   </trkpt>
   <trkpt lat="36.1082830" lon="-115.4898380">
    <ele>2077.0</ele>
   </trkpt>
   <trkpt lat="36.1082830" lon="-115.4898380">
    <ele>2077.0</ele>
   </trkpt>
   <trkpt lat="36.1082830" lon="-115.4898380">
    <ele>2077.0</ele>
   </trkpt>
   <trkpt lat="36.1082830" lon="-115.4898380">
    <ele>2077.0</ele>
   </trkpt>
   <trkpt lat="36.1082830" lon="-115.4898380">
    <ele>2077.0</ele>
   </trkpt>
   <trkpt lat="36.1082940" lon="-115.4898710">
    <ele>2077.0</ele>
   </trkpt>
   <trkpt lat="36.1083020" lon="-115.4898790">
    <ele>2077.0</ele>
   </trkpt>
   <trkpt lat="36.1083090" lon="-115.4898880">
    <ele>2077.0</ele>
   </trkpt>
   <trkpt lat="36.1083170" lon="-115.4898890">
    <ele>2078.0</ele>
   </trkpt>
   <trkpt lat="36.1083240" lon="-115.4898910">
    <ele>2078.0</ele>
   </trkpt>
   <trkpt lat="36.1083270" lon="-115.4898900">
    <ele>2079.0</ele>
   </trkpt>
   <trkpt lat="36.1083300" lon="-115.4898890">
    <ele>2079.0</ele>
   </trkpt>
   <trkpt lat="36.1083330" lon="-115.4898890">
    <ele>2079.0</ele>
   </trkpt>
   <trkpt lat="36.1083360" lon="-115.4898890">
    <ele>2079.0</ele>
   </trkpt>
   <trkpt lat="36.1083400" lon="-115.4898900">
    <ele>2079.0</ele>
   </trkpt>
   <trkpt lat="36.1083390" lon="-115.4898950">
    <ele>2079.0</ele>
   </trkpt>
   <trkpt lat="36.1083380" lon="-115.4899000">
    <ele>2079.0</ele>
   </trkpt>
   <trkpt lat="36.1083300" lon="-115.4899090">
    <ele>2079.0</ele>
   </trkpt>
   <trkpt lat="36.1083220" lon="-115.4899170">
    <ele>2079.0</ele>
   </trkpt>
   <trkpt lat="36.1083090" lon="-115.4899270">
    <ele>2079.0</ele>
   </trkpt>
   <trkpt lat="36.1082970" lon="-115.4899360">
    <ele>2080.0</ele>
   </trkpt>
   <trkpt lat="36.1082850" lon="-115.4899440">
    <ele>2080.0</ele>
   </trkpt>
   <trkpt lat="36.1082740" lon="-115.4899520">
    <ele>2080.0</ele>
   </trkpt>
   <trkpt lat="36.1082640" lon="-115.4899580">
    <ele>2080.0</ele>
   </trkpt>
   <trkpt lat="36.1082550" lon="-115.4899640">
    <ele>2080.0</ele>
   </trkpt>
   <trkpt lat="36.1082510" lon="-115.4899670">
    <ele>2080.0</ele>
   </trkpt>
   <trkpt lat="36.1082460" lon="-115.4899700">
    <ele>2080.0</ele>
   </trkpt>
   <trkpt lat="36.1082420" lon="-115.4899750">
    <ele>2080.0</ele>
   </trkpt>
   <trkpt lat="36.1082380" lon="-115.4899810">
    <ele>2080.0</ele>
   </trkpt>
   <trkpt lat="36.1082380" lon="-115.4899810">
    <ele>2080.0</ele>
   </trkpt>
   <trkpt lat="36.1082380" lon="-115.4899810">
    <ele>2081.0</ele>
   </trkpt>
   <trkpt lat="36.1082380" lon="-115.4899810">
    <ele>2081.0</ele>
   </trkpt>
   <trkpt lat="36.1082380" lon="-115.4899810">
    <ele>2081.0</ele>
   </trkpt>
   <trkpt lat="36.1082380" lon="-115.4899810">
    <ele>2081.0</ele>
   </trkpt>
   <trkpt lat="36.1082380" lon="-115.4899810">
    <ele>2081.0</ele>
   </trkpt>
   <trkpt lat="36.1082380" lon="-115.4899810">
    <ele>2081.0</ele>
   </trkpt>
   <trkpt lat="36.1082380" lon="-115.4899810">
    <ele>2081.0</ele>
   </trkpt>
   <trkpt lat="36.1082380" lon="-115.4899810">
    <ele>2081.0</ele>
   </trkpt>
   <trkpt lat="36.1082380" lon="-115.4899810">
    <ele>2081.0</ele>
   </trkpt>
   <trkpt lat="36.1082380" lon="-115.4899810">
    <ele>2081.0</ele>
   </trkpt>
   <trkpt lat="36.1082380" lon="-115.4899810">
    <ele>2082.0</ele>
   </trkpt>
   <trkpt lat="36.1082380" lon="-115.4899810">
    <ele>2082.0</ele>
   </trkpt>
   <trkpt lat="36.1082380" lon="-115.4899810">
    <ele>2082.0</ele>
   </trkpt>
   <trkpt lat="36.1082380" lon="-115.4899810">
    <ele>2082.0</ele>
   </trkpt>
   <trkpt lat="36.1082380" lon="-115.4899810">
    <ele>2082.0</ele>
   </trkpt>
   <trkpt lat="36.1082380" lon="-115.4899810">
    <ele>2082.0</ele>
   </trkpt>
   <trkpt lat="36.1082380" lon="-115.4899810">
    <ele>2082.0</ele>
   </trkpt>
   <trkpt lat="36.1082380" lon="-115.4899810">
    <ele>2082.0</ele>
   </trkpt>
   <trkpt lat="36.1082380" lon="-115.4899810">
    <ele>2082.0</ele>
   </trkpt>
   <trkpt lat="36.1082380" lon="-115.4899810">
    <ele>2082.0</ele>
   </trkpt>
   <trkpt lat="36.1082380" lon="-115.4899810">
    <ele>2082.0</ele>
   </trkpt>
   <trkpt lat="36.1082380" lon="-115.4899810">
    <ele>2082.0</ele>
   </trkpt>
   <trkpt lat="36.1082380" lon="-115.4899810">
    <ele>2082.0</ele>
   </trkpt>
   <trkpt lat="36.1082380" lon="-115.4899810">
    <ele>2082.0</ele>
   </trkpt>
   <trkpt lat="36.1082380" lon="-115.4899810">
    <ele>2082.0</ele>
   </trkpt>
   <trkpt lat="36.1082380" lon="-115.4899810">
    <ele>2083.0</ele>
   </trkpt>
   <trkpt lat="36.1082380" lon="-115.4899810">
    <ele>2083.0</ele>
   </trkpt>
   <trkpt lat="36.1082380" lon="-115.4899810">
    <ele>2083.0</ele>
   </trkpt>
   <trkpt lat="36.1082380" lon="-115.4899810">
    <ele>2083.0</ele>
   </trkpt>
   <trkpt lat="36.1082380" lon="-115.4899810">
    <ele>2083.0</ele>
   </trkpt>
   <trkpt lat="36.1082380" lon="-115.4899810">
    <ele>2083.0</ele>
   </trkpt>
   <trkpt lat="36.1082380" lon="-115.4899810">
    <ele>2083.0</ele>
   </trkpt>
   <trkpt lat="36.1082380" lon="-115.4899810">
    <ele>2083.0</ele>
   </trkpt>
   <trkpt lat="36.1082380" lon="-115.4899810">
    <ele>2083.0</ele>
   </trkpt>
   <trkpt lat="36.1082380" lon="-115.4899810">
    <ele>2083.0</ele>
   </trkpt>
   <trkpt lat="36.1082380" lon="-115.4899810">
    <ele>2084.0</ele>
   </trkpt>
   <trkpt lat="36.1082380" lon="-115.4899810">
    <ele>2084.0</ele>
   </trkpt>
   <trkpt lat="36.1082380" lon="-115.4899810">
    <ele>2084.0</ele>
   </trkpt>
   <trkpt lat="36.1082380" lon="-115.4899810">
    <ele>2084.0</ele>
   </trkpt>
   <trkpt lat="36.1082380" lon="-115.4899810">
    <ele>2084.0</ele>
   </trkpt>
   <trkpt lat="36.1082380" lon="-115.4899810">
    <ele>2084.0</ele>
   </trkpt>
   <trkpt lat="36.1082380" lon="-115.4899810">
    <ele>2084.0</ele>
   </trkpt>
   <trkpt lat="36.1082380" lon="-115.4899810">
    <ele>2084.0</ele>
   </trkpt>
   <trkpt lat="36.1082380" lon="-115.4899810">
    <ele>2084.0</ele>
   </trkpt>
   <trkpt lat="36.1082380" lon="-115.4899810">
    <ele>2084.0</ele>
   </trkpt>
   <trkpt lat="36.1082380" lon="-115.4899810">
    <ele>2085.0</ele>
   </trkpt>
   <trkpt lat="36.1082380" lon="-115.4899810">
    <ele>2085.0</ele>
   </trkpt>
   <trkpt lat="36.1082380" lon="-115.4899810">
    <ele>2085.0</ele>
   </trkpt>
   <trkpt lat="36.1082380" lon="-115.4899810">
    <ele>2085.0</ele>
   </trkpt>
   <trkpt lat="36.1082380" lon="-115.4899810">
    <ele>2085.0</ele>
   </trkpt>
   <trkpt lat="36.1082380" lon="-115.4899810">
    <ele>2086.0</ele>
   </trkpt>
   <trkpt lat="36.1082380" lon="-115.4899810">
    <ele>2086.0</ele>
   </trkpt>
   <trkpt lat="36.1082380" lon="-115.4899810">
    <ele>2086.0</ele>
   </trkpt>
   <trkpt lat="36.1082380" lon="-115.4899810">
    <ele>2086.0</ele>
   </trkpt>
   <trkpt lat="36.1082380" lon="-115.4899810">
    <ele>2086.0</ele>
   </trkpt>
   <trkpt lat="36.1082380" lon="-115.4899810">
    <ele>2087.0</ele>
   </trkpt>
   <trkpt lat="36.1082380" lon="-115.4899810">
    <ele>2087.0</ele>
   </trkpt>
   <trkpt lat="36.1082380" lon="-115.4899810">
    <ele>2087.0</ele>
   </trkpt>
   <trkpt lat="36.1082380" lon="-115.4899810">
    <ele>2087.0</ele>
   </trkpt>
   <trkpt lat="36.1082380" lon="-115.4899810">
    <ele>2087.0</ele>
   </trkpt>
   <trkpt lat="36.1082380" lon="-115.4899810">
    <ele>2087.0</ele>
   </trkpt>
   <trkpt lat="36.1082380" lon="-115.4899810">
    <ele>2087.0</ele>
   </trkpt>
   <trkpt lat="36.1082380" lon="-115.4899810">
    <ele>2087.0</ele>
   </trkpt>
   <trkpt lat="36.1082380" lon="-115.4899810">
    <ele>2087.0</ele>
   </trkpt>
   <trkpt lat="36.1082380" lon="-115.4899810">
    <ele>2087.0</ele>
   </trkpt>
   <trkpt lat="36.1082380" lon="-115.4899810">
    <ele>2087.0</ele>
   </trkpt>
   <trkpt lat="36.1082380" lon="-115.4899810">
    <ele>2087.0</ele>
   </trkpt>
   <trkpt lat="36.1082380" lon="-115.4899810">
    <ele>2087.0</ele>
   </trkpt>
   <trkpt lat="36.1082380" lon="-115.4899810">
    <ele>2087.0</ele>
   </trkpt>
   <trkpt lat="36.1082380" lon="-115.4899810">
    <ele>2087.0</ele>
   </trkpt>
   <trkpt lat="36.1082380" lon="-115.4899810">
    <ele>2087.0</ele>
   </trkpt>
   <trkpt lat="36.1082380" lon="-115.4899810">
    <ele>2087.0</ele>
   </trkpt>
   <trkpt lat="36.1082380" lon="-115.4899810">
    <ele>2087.0</ele>
   </trkpt>
   <trkpt lat="36.1082380" lon="-115.4899810">
    <ele>2087.0</ele>
   </trkpt>
   <trkpt lat="36.1082380" lon="-115.4899810">
    <ele>2087.0</ele>
   </trkpt>
   <trkpt lat="36.1082110" lon="-115.4900010">
    <ele>2087.0</ele>
   </trkpt>
   <trkpt lat="36.1081980" lon="-115.4900110">
    <ele>2087.0</ele>
   </trkpt>
   <trkpt lat="36.1081860" lon="-115.4900200">
    <ele>2087.0</ele>
   </trkpt>
   <trkpt lat="36.1081820" lon="-115.4900280">
    <ele>2087.0</ele>
   </trkpt>
   <trkpt lat="36.1081790" lon="-115.4900350">
    <ele>2087.0</ele>
   </trkpt>
   <trkpt lat="36.1081780" lon="-115.4900440">
    <ele>2087.0</ele>
   </trkpt>
   <trkpt lat="36.1081780" lon="-115.4900530">
    <ele>2087.0</ele>
   </trkpt>
   <trkpt lat="36.1081770" lon="-115.4900640">
    <ele>2087.0</ele>
   </trkpt>
   <trkpt lat="36.1081760" lon="-115.4900750">
    <ele>2087.0</ele>
   </trkpt>
   <trkpt lat="36.1081740" lon="-115.4900880">
    <ele>2087.0</ele>
   </trkpt>
   <trkpt lat="36.1081730" lon="-115.4901000">
    <ele>2087.0</ele>
   </trkpt>
   <trkpt lat="36.1081730" lon="-115.4901130">
    <ele>2087.0</ele>
   </trkpt>
   <trkpt lat="36.1081720" lon="-115.4901260">
    <ele>2087.0</ele>
   </trkpt>
   <trkpt lat="36.1081700" lon="-115.4901380">
    <ele>2087.0</ele>
   </trkpt>
   <trkpt lat="36.1081680" lon="-115.4901490">
    <ele>2087.0</ele>
   </trkpt>
   <trkpt lat="36.1081670" lon="-115.4901550">
    <ele>2087.0</ele>
   </trkpt>
   <trkpt lat="36.1081670" lon="-115.4901610">
    <ele>2086.0</ele>
   </trkpt>
   <trkpt lat="36.1081690" lon="-115.4901690">
    <ele>2086.0</ele>
   </trkpt>
   <trkpt lat="36.1081710" lon="-115.4901780">
    <ele>2085.0</ele>
   </trkpt>
   <trkpt lat="36.1081740" lon="-115.4901840">
    <ele>2085.0</ele>
   </trkpt>
   <trkpt lat="36.1081780" lon="-115.4901900">
    <ele>2085.0</ele>
   </trkpt>
   <trkpt lat="36.1081780" lon="-115.4901960">
    <ele>2084.0</ele>
   </trkpt>
   <trkpt lat="36.1081780" lon="-115.4902030">
    <ele>2084.0</ele>
   </trkpt>
   <trkpt lat="36.1081720" lon="-115.4902170">
    <ele>2084.0</ele>
   </trkpt>
   <trkpt lat="36.1081660" lon="-115.4902310">
    <ele>2084.0</ele>
   </trkpt>
   <trkpt lat="36.1081570" lon="-115.4902490">
    <ele>2084.0</ele>
   </trkpt>
   <trkpt lat="36.1081470" lon="-115.4902680">
    <ele>2083.0</ele>
   </trkpt>
   <trkpt lat="36.1081350" lon="-115.4902860">
    <ele>2083.0</ele>
   </trkpt>
   <trkpt lat="36.1081220" lon="-115.4903040">
    <ele>2083.0</ele>
   </trkpt>
   <trkpt lat="36.1081090" lon="-115.4903200">
    <ele>2083.0</ele>
   </trkpt>
   <trkpt lat="36.1080960" lon="-115.4903360">
    <ele>2083.0</ele>
   </trkpt>
   <trkpt lat="36.1080810" lon="-115.4903480">
    <ele>2082.0</ele>
   </trkpt>
   <trkpt lat="36.1080650" lon="-115.4903600">
    <ele>2082.0</ele>
   </trkpt>
   <trkpt lat="36.1080460" lon="-115.4903710">
    <ele>2082.0</ele>
   </trkpt>
   <trkpt lat="36.1080270" lon="-115.4903820">
    <ele>2082.0</ele>
   </trkpt>
   <trkpt lat="36.1080100" lon="-115.4903910">
    <ele>2082.0</ele>
   </trkpt>
   <trkpt lat="36.1079930" lon="-115.4903990">
    <ele>2082.0</ele>
   </trkpt>
   <trkpt lat="36.1079770" lon="-115.4904070">
    <ele>2082.0</ele>
   </trkpt>
   <trkpt lat="36.1079610" lon="-115.4904150">
    <ele>2082.0</ele>
   </trkpt>
   <trkpt lat="36.1079450" lon="-115.4904230">
    <ele>2082.0</ele>
   </trkpt>
   <trkpt lat="36.1079290" lon="-115.4904310">
    <ele>2082.0</ele>
   </trkpt>
   <trkpt lat="36.1079120" lon="-115.4904400">
    <ele>2082.0</ele>
   </trkpt>
   <trkpt lat="36.1078950" lon="-115.4904480">
    <ele>2082.0</ele>
   </trkpt>
   <trkpt lat="36.1078830" lon="-115.4904580">
    <ele>2082.0</ele>
   </trkpt>
   <trkpt lat="36.1078700" lon="-115.4904670">
    <ele>2082.0</ele>
   </trkpt>
   <trkpt lat="36.1078630" lon="-115.4904770">
    <ele>2082.0</ele>
   </trkpt>
   <trkpt lat="36.1078560" lon="-115.4904870">
    <ele>2082.0</ele>
   </trkpt>
   <trkpt lat="36.1078490" lon="-115.4904960">
    <ele>2082.0</ele>
   </trkpt>
   <trkpt lat="36.1078430" lon="-115.4905050">
    <ele>2082.0</ele>
   </trkpt>
   <trkpt lat="36.1078380" lon="-115.4905130">
    <ele>2082.0</ele>
   </trkpt>
   <trkpt lat="36.1078330" lon="-115.4905210">
    <ele>2082.0</ele>
   </trkpt>
   <trkpt lat="36.1078300" lon="-115.4905310">
    <ele>2082.0</ele>
   </trkpt>
   <trkpt lat="36.1078270" lon="-115.4905400">
    <ele>2082.0</ele>
   </trkpt>
   <trkpt lat="36.1078260" lon="-115.4905500">
    <ele>2082.0</ele>
   </trkpt>
   <trkpt lat="36.1078250" lon="-115.4905610">
    <ele>2082.0</ele>
   </trkpt>
   <trkpt lat="36.1078240" lon="-115.4905700">
    <ele>2083.0</ele>
   </trkpt>
   <trkpt lat="36.1078230" lon="-115.4905790">
    <ele>2083.0</ele>
   </trkpt>
   <trkpt lat="36.1078220" lon="-115.4905830">
    <ele>2083.0</ele>
   </trkpt>
   <trkpt lat="36.1078200" lon="-115.4905880">
    <ele>2083.0</ele>
   </trkpt>
   <trkpt lat="36.1078160" lon="-115.4905940">
    <ele>2083.0</ele>
   </trkpt>
   <trkpt lat="36.1078130" lon="-115.4906010">
    <ele>2083.0</ele>
   </trkpt>
   <trkpt lat="36.1078090" lon="-115.4906070">
    <ele>2082.0</ele>
   </trkpt>
   <trkpt lat="36.1078050" lon="-115.4906130">
    <ele>2082.0</ele>
   </trkpt>
   <trkpt lat="36.1078010" lon="-115.4906220">
    <ele>2082.0</ele>
   </trkpt>
   <trkpt lat="36.1077970" lon="-115.4906300">
    <ele>2082.0</ele>
   </trkpt>
   <trkpt lat="36.1077940" lon="-115.4906400">
    <ele>2082.0</ele>
   </trkpt>
   <trkpt lat="36.1077900" lon="-115.4906490">
    <ele>2082.0</ele>
   </trkpt>
   <trkpt lat="36.1077860" lon="-115.4906570">
    <ele>2082.0</ele>
   </trkpt>
   <trkpt lat="36.1077820" lon="-115.4906650">
    <ele>2082.0</ele>
   </trkpt>
   <trkpt lat="36.1077780" lon="-115.4906720">
    <ele>2082.0</ele>
   </trkpt>
   <trkpt lat="36.1077740" lon="-115.4906790">
    <ele>2082.0</ele>
   </trkpt>
   <trkpt lat="36.1077730" lon="-115.4906850">
    <ele>2081.0</ele>
   </trkpt>
   <trkpt lat="36.1077720" lon="-115.4906920">
    <ele>2081.0</ele>
   </trkpt>
   <trkpt lat="36.1077750" lon="-115.4907010">
    <ele>2081.0</ele>
   </trkpt>
   <trkpt lat="36.1077780" lon="-115.4907100">
    <ele>2081.0</ele>
   </trkpt>
   <trkpt lat="36.1077820" lon="-115.4907210">
    <ele>2081.0</ele>
   </trkpt>
   <trkpt lat="36.1077860" lon="-115.4907320">
    <ele>2080.0</ele>
   </trkpt>
   <trkpt lat="36.1077860" lon="-115.4907420">
    <ele>2080.0</ele>
   </trkpt>
   <trkpt lat="36.1077850" lon="-115.4907520">
    <ele>2080.0</ele>
   </trkpt>
   <trkpt lat="36.1077800" lon="-115.4907580">
    <ele>2080.0</ele>
   </trkpt>
   <trkpt lat="36.1077740" lon="-115.4907650">
    <ele>2080.0</ele>
   </trkpt>
   <trkpt lat="36.1077650" lon="-115.4907700">
    <ele>2080.0</ele>
   </trkpt>
   <trkpt lat="36.1077560" lon="-115.4907750">
    <ele>2080.0</ele>
   </trkpt>
   <trkpt lat="36.1077470" lon="-115.4907810">
    <ele>2080.0</ele>
   </trkpt>
   <trkpt lat="36.1077390" lon="-115.4907880">
    <ele>2080.0</ele>
   </trkpt>
   <trkpt lat="36.1077340" lon="-115.4907980">
    <ele>2080.0</ele>
   </trkpt>
   <trkpt lat="36.1077290" lon="-115.4908070">
    <ele>2079.0</ele>
   </trkpt>
   <trkpt lat="36.1077250" lon="-115.4908210">
    <ele>2079.0</ele>
   </trkpt>
   <trkpt lat="36.1077200" lon="-115.4908360">
    <ele>2078.0</ele>
   </trkpt>
   <trkpt lat="36.1077170" lon="-115.4908520">
    <ele>2078.0</ele>
   </trkpt>
   <trkpt lat="36.1077130" lon="-115.4908680">
    <ele>2078.0</ele>
   </trkpt>
   <trkpt lat="36.1077110" lon="-115.4908860">
    <ele>2077.0</ele>
   </trkpt>
   <trkpt lat="36.1077090" lon="-115.4909040">
    <ele>2077.0</ele>
   </trkpt>
   <trkpt lat="36.1077080" lon="-115.4909150">
    <ele>2076.0</ele>
   </trkpt>
   <trkpt lat="36.1077070" lon="-115.4909250">
    <ele>2076.0</ele>
   </trkpt>
   <trkpt lat="36.1077060" lon="-115.4909350">
    <ele>2076.0</ele>
   </trkpt>
   <trkpt lat="36.1077020" lon="-115.4909440">
    <ele>2075.0</ele>
   </trkpt>
   <trkpt lat="36.1076990" lon="-115.4909530">
    <ele>2075.0</ele>
   </trkpt>
   <trkpt lat="36.1076950" lon="-115.4909590">
    <ele>2074.0</ele>
   </trkpt>
   <trkpt lat="36.1076910" lon="-115.4909660">
    <ele>2074.0</ele>
   </trkpt>
   <trkpt lat="36.1076890" lon="-115.4909750">
    <ele>2074.0</ele>
   </trkpt>
   <trkpt lat="36.1076870" lon="-115.4909840">
    <ele>2073.0</ele>
   </trkpt>
   <trkpt lat="36.1076860" lon="-115.4909970">
    <ele>2073.0</ele>
   </trkpt>
   <trkpt lat="36.1076860" lon="-115.4910100">
    <ele>2072.0</ele>
   </trkpt>
   <trkpt lat="36.1076880" lon="-115.4910230">
    <ele>2072.0</ele>
   </trkpt>
   <trkpt lat="36.1076890" lon="-115.4910370">
    <ele>2072.0</ele>
   </trkpt>
   <trkpt lat="36.1076910" lon="-115.4910490">
    <ele>2071.0</ele>
   </trkpt>
   <trkpt lat="36.1076940" lon="-115.4910600">
    <ele>2071.0</ele>
   </trkpt>
   <trkpt lat="36.1076970" lon="-115.4910710">
    <ele>2070.0</ele>
   </trkpt>
   <trkpt lat="36.1076990" lon="-115.4910810">
    <ele>2070.0</ele>
   </trkpt>
   <trkpt lat="36.1077000" lon="-115.4910920">
    <ele>2070.0</ele>
   </trkpt>
   <trkpt lat="36.1077010" lon="-115.4911020">
    <ele>2069.0</ele>
   </trkpt>
   <trkpt lat="36.1076980" lon="-115.4911130">
    <ele>2068.0</ele>
   </trkpt>
   <trkpt lat="36.1076950" lon="-115.4911240">
    <ele>2068.0</ele>
   </trkpt>
   <trkpt lat="36.1076940" lon="-115.4911320">
    <ele>2067.0</ele>
   </trkpt>
   <trkpt lat="36.1076940" lon="-115.4911400">
    <ele>2067.0</ele>
   </trkpt>
   <trkpt lat="36.1076930" lon="-115.4911470">
    <ele>2066.0</ele>
   </trkpt>
   <trkpt lat="36.1076920" lon="-115.4911560">
    <ele>2065.0</ele>
   </trkpt>
   <trkpt lat="36.1076900" lon="-115.4911640">
    <ele>2065.0</ele>
   </trkpt>
   <trkpt lat="36.1076860" lon="-115.4911680">
    <ele>2064.0</ele>
   </trkpt>
   <trkpt lat="36.1076820" lon="-115.4911720">
    <ele>2064.0</ele>
   </trkpt>
   <trkpt lat="36.1076780" lon="-115.4911760">
    <ele>2063.0</ele>
   </trkpt>
   <trkpt lat="36.1076760" lon="-115.4911770">
    <ele>2062.0</ele>
   </trkpt>
   <trkpt lat="36.1076750" lon="-115.4911770">
    <ele>2061.0</ele>
   </trkpt>
   <trkpt lat="36.1076730" lon="-115.4911780">
    <ele>2060.0</ele>
   </trkpt>
   <trkpt lat="36.1076710" lon="-115.4911790">
    <ele>2060.0</ele>
   </trkpt>
   <trkpt lat="36.1076700" lon="-115.4911800">
    <ele>2059.0</ele>
   </trkpt>
   <trkpt lat="36.1076650" lon="-115.4911840">
    <ele>2058.0</ele>
   </trkpt>
   <trkpt lat="36.1076600" lon="-115.4911880">
    <ele>2058.0</ele>
   </trkpt>
   <trkpt lat="36.1076570" lon="-115.4911960">
    <ele>2057.0</ele>
   </trkpt>
   <trkpt lat="36.1076550" lon="-115.4912050">
    <ele>2057.0</ele>
   </trkpt>
   <trkpt lat="36.1076530" lon="-115.4912170">
    <ele>2056.0</ele>
   </trkpt>
   <trkpt lat="36.1076510" lon="-115.4912290">
    <ele>2056.0</ele>
   </trkpt>
   <trkpt lat="36.1076510" lon="-115.4912430">
    <ele>2055.0</ele>
   </trkpt>
   <trkpt lat="36.1076510" lon="-115.4912570">
    <ele>2055.0</ele>
   </trkpt>
   <trkpt lat="36.1076510" lon="-115.4912650">
    <ele>2055.0</ele>
   </trkpt>
   <trkpt lat="36.1076510" lon="-115.4912730">
    <ele>2054.0</ele>
   </trkpt>
   <trkpt lat="36.1076510" lon="-115.4912730">
    <ele>2053.0</ele>
   </trkpt>
   <trkpt lat="36.1076510" lon="-115.4912730">
    <ele>2053.0</ele>
   </trkpt>
   <trkpt lat="36.1076510" lon="-115.4912730">
    <ele>2052.0</ele>
   </trkpt>
   <trkpt lat="36.1076510" lon="-115.4912730">
    <ele>2052.0</ele>
   </trkpt>
   <trkpt lat="36.1076510" lon="-115.4912730">
    <ele>2051.0</ele>
   </trkpt>
   <trkpt lat="36.1076510" lon="-115.4912730">
    <ele>2051.0</ele>
   </trkpt>
   <trkpt lat="36.1076510" lon="-115.4912730">
    <ele>2050.0</ele>
   </trkpt>
   <trkpt lat="36.1076510" lon="-115.4912730">
    <ele>2050.0</ele>
   </trkpt>
   <trkpt lat="36.1076510" lon="-115.4912730">
    <ele>2050.0</ele>
   </trkpt>
   <trkpt lat="36.1076510" lon="-115.4912730">
    <ele>2049.0</ele>
   </trkpt>
   <trkpt lat="36.1076510" lon="-115.4912730">
    <ele>2049.0</ele>
   </trkpt>
   <trkpt lat="36.1076510" lon="-115.4912730">
    <ele>2048.0</ele>
   </trkpt>
   <trkpt lat="36.1076510" lon="-115.4912730">
    <ele>2048.0</ele>
   </trkpt>
   <trkpt lat="36.1076490" lon="-115.4913000">
    <ele>2048.0</ele>
   </trkpt>
   <trkpt lat="36.1076440" lon="-115.4913060">
    <ele>2047.0</ele>
   </trkpt>
   <trkpt lat="36.1076390" lon="-115.4913130">
    <ele>2047.0</ele>
   </trkpt>
   <trkpt lat="36.1076330" lon="-115.4913180">
    <ele>2047.0</ele>
   </trkpt>
   <trkpt lat="36.1076270" lon="-115.4913220">
    <ele>2047.0</ele>
   </trkpt>
   <trkpt lat="36.1076270" lon="-115.4913220">
    <ele>2047.0</ele>
   </trkpt>
   <trkpt lat="36.1076270" lon="-115.4913220">
    <ele>2046.0</ele>
   </trkpt>
   <trkpt lat="36.1076270" lon="-115.4913220">
    <ele>2046.0</ele>
   </trkpt>
   <trkpt lat="36.1076270" lon="-115.4913220">
    <ele>2046.0</ele>
   </trkpt>
   <trkpt lat="36.1076270" lon="-115.4913220">
    <ele>2046.0</ele>
   </trkpt>
   <trkpt lat="36.1076270" lon="-115.4913220">
    <ele>2046.0</ele>
   </trkpt>
   <trkpt lat="36.1076270" lon="-115.4913220">
    <ele>2045.0</ele>
   </trkpt>
   <trkpt lat="36.1076280" lon="-115.4913350">
    <ele>2045.0</ele>
   </trkpt>
   <trkpt lat="36.1076300" lon="-115.4913450">
    <ele>2045.0</ele>
   </trkpt>
   <trkpt lat="36.1076320" lon="-115.4913550">
    <ele>2045.0</ele>
   </trkpt>
   <trkpt lat="36.1076410" lon="-115.4913690">
    <ele>2045.0</ele>
   </trkpt>
   <trkpt lat="36.1076430" lon="-115.4913740">
    <ele>2044.0</ele>
   </trkpt>
   <trkpt lat="36.1076450" lon="-115.4913780">
    <ele>2044.0</ele>
   </trkpt>
   <trkpt lat="36.1076470" lon="-115.4913830">
    <ele>2043.0</ele>
   </trkpt>
   <trkpt lat="36.1076490" lon="-115.4913870">
    <ele>2043.0</ele>
   </trkpt>
   <trkpt lat="36.1076510" lon="-115.4913910">
    <ele>2043.0</ele>
   </trkpt>
   <trkpt lat="36.1076530" lon="-115.4913960">
    <ele>2042.0</ele>
   </trkpt>
   <trkpt lat="36.1076550" lon="-115.4914000">
    <ele>2042.0</ele>
   </trkpt>
   <trkpt lat="36.1076570" lon="-115.4914050">
    <ele>2042.0</ele>
   </trkpt>
   <trkpt lat="36.1076590" lon="-115.4914090">
    <ele>2042.0</ele>
   </trkpt>
   <trkpt lat="36.1076610" lon="-115.4914140">
    <ele>2042.0</ele>
   </trkpt>
   <trkpt lat="36.1076640" lon="-115.4914180">
    <ele>2041.0</ele>
   </trkpt>
   <trkpt lat="36.1076660" lon="-115.4914220">
    <ele>2041.0</ele>
   </trkpt>
   <trkpt lat="36.1076680" lon="-115.4914270">
    <ele>2041.0</ele>
   </trkpt>
   <trkpt lat="36.1076700" lon="-115.4914310">
    <ele>2041.0</ele>
   </trkpt>
   <trkpt lat="36.1076720" lon="-115.4914360">
    <ele>2041.0</ele>
   </trkpt>
   <trkpt lat="36.1076740" lon="-115.4914400">
    <ele>2040.0</ele>
   </trkpt>
   <trkpt lat="36.1076850" lon="-115.4914660">
    <ele>2040.0</ele>
   </trkpt>
   <trkpt lat="36.1076900" lon="-115.4914850">
    <ele>2039.0</ele>
   </trkpt>
   <trkpt lat="36.1076960" lon="-115.4915040">
    <ele>2039.0</ele>
   </trkpt>
   <trkpt lat="36.1077000" lon="-115.4915260">
    <ele>2039.0</ele>
   </trkpt>
   <trkpt lat="36.1077040" lon="-115.4915480">
    <ele>2038.0</ele>
   </trkpt>
   <trkpt lat="36.1077060" lon="-115.4915730">
    <ele>2038.0</ele>
   </trkpt>
   <trkpt lat="36.1077090" lon="-115.4915990">
    <ele>2037.0</ele>
   </trkpt>
   <trkpt lat="36.1077070" lon="-115.4916240">
    <ele>2037.0</ele>
   </trkpt>
   <trkpt lat="36.1077050" lon="-115.4916480">
    <ele>2037.0</ele>
   </trkpt>
   <trkpt lat="36.1076970" lon="-115.4916720">
    <ele>2036.0</ele>
   </trkpt>
   <trkpt lat="36.1076890" lon="-115.4916950">
    <ele>2036.0</ele>
   </trkpt>
   <trkpt lat="36.1076800" lon="-115.4917140">
    <ele>2035.0</ele>
   </trkpt>
   <trkpt lat="36.1076710" lon="-115.4917330">
    <ele>2035.0</ele>
   </trkpt>
   <trkpt lat="36.1076580" lon="-115.4917440">
    <ele>2035.0</ele>
   </trkpt>
   <trkpt lat="36.1076450" lon="-115.4917550">
    <ele>2034.0</ele>
   </trkpt>
   <trkpt lat="36.1076300" lon="-115.4917660">
    <ele>2034.0</ele>
   </trkpt>
   <trkpt lat="36.1076150" lon="-115.4917780">
    <ele>2034.0</ele>
   </trkpt>
   <trkpt lat="36.1076020" lon="-115.4917910">
    <ele>2034.0</ele>
   </trkpt>
   <trkpt lat="36.1075890" lon="-115.4918040">
    <ele>2034.0</ele>
   </trkpt>
   <trkpt lat="36.1075830" lon="-115.4918110">
    <ele>2033.0</ele>
   </trkpt>
   <trkpt lat="36.1075770" lon="-115.4918190">
    <ele>2033.0</ele>
   </trkpt>
   <trkpt lat="36.1075720" lon="-115.4918350">
    <ele>2032.0</ele>
   </trkpt>
   <trkpt lat="36.1075660" lon="-115.4918500">
    <ele>2032.0</ele>
   </trkpt>
   <trkpt lat="36.1075630" lon="-115.4918670">
    <ele>2032.0</ele>
   </trkpt>
   <trkpt lat="36.1075600" lon="-115.4918850">
    <ele>2031.0</ele>
   </trkpt>
   <trkpt lat="36.1075560" lon="-115.4919040">
    <ele>2031.0</ele>
   </trkpt>
   <trkpt lat="36.1075520" lon="-115.4919220">
    <ele>2031.0</ele>
   </trkpt>
   <trkpt lat="36.1075480" lon="-115.4919400">
    <ele>2031.0</ele>
   </trkpt>
   <trkpt lat="36.1075430" lon="-115.4919580">
    <ele>2031.0</ele>
   </trkpt>
   <trkpt lat="36.1075350" lon="-115.4919730">
    <ele>2030.0</ele>
   </trkpt>
   <trkpt lat="36.1075270" lon="-115.4919890">
    <ele>2030.0</ele>
   </trkpt>
   <trkpt lat="36.1075130" lon="-115.4920010">
    <ele>2029.0</ele>
   </trkpt>
   <trkpt lat="36.1074990" lon="-115.4920120">
    <ele>2029.0</ele>
   </trkpt>
   <trkpt lat="36.1074810" lon="-115.4920210">
    <ele>2029.0</ele>
   </trkpt>
   <trkpt lat="36.1074630" lon="-115.4920300">
    <ele>2028.0</ele>
   </trkpt>
   <trkpt lat="36.1074460" lon="-115.4920340">
    <ele>2028.0</ele>
   </trkpt>
   <trkpt lat="36.1074280" lon="-115.4920380">
    <ele>2027.0</ele>
   </trkpt>
   <trkpt lat="36.1074130" lon="-115.4920380">
    <ele>2027.0</ele>
   </trkpt>
   <trkpt lat="36.1073990" lon="-115.4920380">
    <ele>2027.0</ele>
   </trkpt>
   <trkpt lat="36.1073960" lon="-115.4920390">
    <ele>2026.0</ele>
   </trkpt>
   <trkpt lat="36.1073930" lon="-115.4920400">
    <ele>2025.0</ele>
   </trkpt>
   <trkpt lat="36.1073900" lon="-115.4920400">
    <ele>2025.0</ele>
   </trkpt>
   <trkpt lat="36.1073870" lon="-115.4920410">
    <ele>2024.0</ele>
   </trkpt>
   <trkpt lat="36.1073800" lon="-115.4920450">
    <ele>2024.0</ele>
   </trkpt>
   <trkpt lat="36.1073740" lon="-115.4920490">
    <ele>2023.0</ele>
   </trkpt>
   <trkpt lat="36.1073670" lon="-115.4920540">
    <ele>2023.0</ele>
   </trkpt>
   <trkpt lat="36.1073600" lon="-115.4920590">
    <ele>2022.0</ele>
   </trkpt>
   <trkpt lat="36.1073500" lon="-115.4920680">
    <ele>2022.0</ele>
   </trkpt>
   <trkpt lat="36.1073410" lon="-115.4920760">
    <ele>2022.0</ele>
   </trkpt>
   <trkpt lat="36.1073300" lon="-115.4920870">
    <ele>2021.0</ele>
   </trkpt>
   <trkpt lat="36.1073190" lon="-115.4920990">
    <ele>2021.0</ele>
   </trkpt>
   <trkpt lat="36.1073070" lon="-115.4921100">
    <ele>2020.0</ele>
   </trkpt>
   <trkpt lat="36.1072950" lon="-115.4921210">
    <ele>2020.0</ele>
   </trkpt>
   <trkpt lat="36.1072820" lon="-115.4921270">
    <ele>2020.0</ele>
   </trkpt>
   <trkpt lat="36.1072680" lon="-115.4921330">
    <ele>2019.0</ele>
   </trkpt>
   <trkpt lat="36.1072590" lon="-115.4921350">
    <ele>2019.0</ele>
   </trkpt>
   <trkpt lat="36.1072500" lon="-115.4921370">
    <ele>2018.0</ele>
   </trkpt>
   <trkpt lat="36.1072410" lon="-115.4921390">
    <ele>2018.0</ele>
   </trkpt>
   <trkpt lat="36.1072320" lon="-115.4921400">
    <ele>2018.0</ele>
   </trkpt>
   <trkpt lat="36.1072230" lon="-115.4921400">
    <ele>2017.0</ele>
   </trkpt>
   <trkpt lat="36.1072150" lon="-115.4921400">
    <ele>2017.0</ele>
   </trkpt>
   <trkpt lat="36.1072080" lon="-115.4921400">
    <ele>2017.0</ele>
   </trkpt>
   <trkpt lat="36.1072000" lon="-115.4921390">
    <ele>2017.0</ele>
   </trkpt>
   <trkpt lat="36.1071920" lon="-115.4921390">
    <ele>2017.0</ele>
   </trkpt>
   <trkpt lat="36.1071920" lon="-115.4921390">
    <ele>2016.0</ele>
   </trkpt>
   <trkpt lat="36.1071920" lon="-115.4921390">
    <ele>2016.0</ele>
   </trkpt>
   <trkpt lat="36.1071920" lon="-115.4921390">
    <ele>2016.0</ele>
   </trkpt>
   <trkpt lat="36.1071920" lon="-115.4921390">
    <ele>2016.0</ele>
   </trkpt>
   <trkpt lat="36.1071920" lon="-115.4921390">
    <ele>2016.0</ele>
   </trkpt>
   <trkpt lat="36.1071920" lon="-115.4921390">
    <ele>2016.0</ele>
   </trkpt>
   <trkpt lat="36.1071920" lon="-115.4921390">
    <ele>2016.0</ele>
   </trkpt>
   <trkpt lat="36.1071920" lon="-115.4921390">
    <ele>2016.0</ele>
   </trkpt>
   <trkpt lat="36.1071920" lon="-115.4921390">
    <ele>2016.0</ele>
   </trkpt>
   <trkpt lat="36.1071920" lon="-115.4921390">
    <ele>2016.0</ele>
   </trkpt>
   <trkpt lat="36.1071920" lon="-115.4921390">
    <ele>2015.0</ele>
   </trkpt>
   <trkpt lat="36.1071920" lon="-115.4921390">
    <ele>2015.0</ele>
   </trkpt>
   <trkpt lat="36.1071920" lon="-115.4921390">
    <ele>2015.0</ele>
   </trkpt>
   <trkpt lat="36.1071920" lon="-115.4921390">
    <ele>2015.0</ele>
   </trkpt>
   <trkpt lat="36.1071920" lon="-115.4921390">
    <ele>2015.0</ele>
   </trkpt>
   <trkpt lat="36.1071920" lon="-115.4921390">
    <ele>2015.0</ele>
   </trkpt>
   <trkpt lat="36.1071920" lon="-115.4921390">
    <ele>2015.0</ele>
   </trkpt>
   <trkpt lat="36.1071920" lon="-115.4921390">
    <ele>2015.0</ele>
   </trkpt>
   <trkpt lat="36.1071920" lon="-115.4921390">
    <ele>2015.0</ele>
   </trkpt>
   <trkpt lat="36.1071920" lon="-115.4921390">
    <ele>2015.0</ele>
   </trkpt>
   <trkpt lat="36.1071920" lon="-115.4921390">
    <ele>2015.0</ele>
   </trkpt>
   <trkpt lat="36.1071920" lon="-115.4921390">
    <ele>2015.0</ele>
   </trkpt>
   <trkpt lat="36.1071920" lon="-115.4921390">
    <ele>2015.0</ele>
   </trkpt>
   <trkpt lat="36.1071920" lon="-115.4921390">
    <ele>2015.0</ele>
   </trkpt>
   <trkpt lat="36.1071920" lon="-115.4921390">
    <ele>2015.0</ele>
   </trkpt>
   <trkpt lat="36.1071860" lon="-115.4921330">
    <ele>2015.0</ele>
   </trkpt>
   <trkpt lat="36.1071810" lon="-115.4921280">
    <ele>2015.0</ele>
   </trkpt>
   <trkpt lat="36.1071760" lon="-115.4921240">
    <ele>2015.0</ele>
   </trkpt>
   <trkpt lat="36.1071690" lon="-115.4921200">
    <ele>2015.0</ele>
   </trkpt>
   <trkpt lat="36.1071620" lon="-115.4921160">
    <ele>2015.0</ele>
   </trkpt>
   <trkpt lat="36.1071530" lon="-115.4921100">
    <ele>2015.0</ele>
   </trkpt>
   <trkpt lat="36.1071430" lon="-115.4921040">
    <ele>2015.0</ele>
   </trkpt>
   <trkpt lat="36.1071430" lon="-115.4921040">
    <ele>2015.0</ele>
   </trkpt>
   <trkpt lat="36.1071430" lon="-115.4921040">
    <ele>2015.0</ele>
   </trkpt>
   <trkpt lat="36.1071430" lon="-115.4921040">
    <ele>2015.0</ele>
   </trkpt>
   <trkpt lat="36.1071430" lon="-115.4921040">
    <ele>2015.0</ele>
   </trkpt>
   <trkpt lat="36.1071430" lon="-115.4921040">
    <ele>2015.0</ele>
   </trkpt>
   <trkpt lat="36.1071430" lon="-115.4921040">
    <ele>2015.0</ele>
   </trkpt>
   <trkpt lat="36.1071430" lon="-115.4921040">
    <ele>2015.0</ele>
   </trkpt>
   <trkpt lat="36.1071430" lon="-115.4921040">
    <ele>2015.0</ele>
   </trkpt>
   <trkpt lat="36.1071430" lon="-115.4921040">
    <ele>2015.0</ele>
   </trkpt>
   <trkpt lat="36.1071430" lon="-115.4921040">
    <ele>2015.0</ele>
   </trkpt>
   <trkpt lat="36.1071430" lon="-115.4921040">
    <ele>2015.0</ele>
   </trkpt>
   <trkpt lat="36.1071430" lon="-115.4921040">
    <ele>2015.0</ele>
   </trkpt>
   <trkpt lat="36.1071430" lon="-115.4921040">
    <ele>2016.0</ele>
   </trkpt>
   <trkpt lat="36.1071430" lon="-115.4921040">
    <ele>2016.0</ele>
   </trkpt>
   <trkpt lat="36.1071430" lon="-115.4921040">
    <ele>2016.0</ele>
   </trkpt>
   <trkpt lat="36.1071430" lon="-115.4921040">
    <ele>2016.0</ele>
   </trkpt>
   <trkpt lat="36.1071430" lon="-115.4921040">
    <ele>2016.0</ele>
   </trkpt>
   <trkpt lat="36.1071430" lon="-115.4921040">
    <ele>2017.0</ele>
   </trkpt>
   <trkpt lat="36.1071430" lon="-115.4921040">
    <ele>2017.0</ele>
   </trkpt>
   <trkpt lat="36.1071430" lon="-115.4921040">
    <ele>2017.0</ele>
   </trkpt>
   <trkpt lat="36.1071310" lon="-115.4920750">
    <ele>2017.0</ele>
   </trkpt>
   <trkpt lat="36.1071310" lon="-115.4920650">
    <ele>2017.0</ele>
   </trkpt>
   <trkpt lat="36.1071310" lon="-115.4920550">
    <ele>2018.0</ele>
   </trkpt>
   <trkpt lat="36.1071360" lon="-115.4920560">
    <ele>2018.0</ele>
   </trkpt>
   <trkpt lat="36.1071410" lon="-115.4920570">
    <ele>2018.0</ele>
   </trkpt>
   <trkpt lat="36.1071460" lon="-115.4920630">
    <ele>2018.0</ele>
   </trkpt>
   <trkpt lat="36.1071510" lon="-115.4920690">
    <ele>2018.0</ele>
   </trkpt>
   <trkpt lat="36.1071570" lon="-115.4920750">
    <ele>2019.0</ele>
   </trkpt>
   <trkpt lat="36.1071590" lon="-115.4920770">
    <ele>2019.0</ele>
   </trkpt>
   <trkpt lat="36.1071610" lon="-115.4920800">
    <ele>2019.0</ele>
   </trkpt>
   <trkpt lat="36.1071630" lon="-115.4920830">
    <ele>2019.0</ele>
   </trkpt>
   <trkpt lat="36.1071660" lon="-115.4920850">
    <ele>2019.0</ele>
   </trkpt>
   <trkpt lat="36.1071680" lon="-115.4920880">
    <ele>2020.0</ele>
   </trkpt>
   <trkpt lat="36.1071760" lon="-115.4920990">
    <ele>2020.0</ele>
   </trkpt>
   <trkpt lat="36.1071850" lon="-115.4921110">
    <ele>2020.0</ele>
   </trkpt>
   <trkpt lat="36.1071920" lon="-115.4921240">
    <ele>2020.0</ele>
   </trkpt>
   <trkpt lat="36.1072000" lon="-115.4921380">
    <ele>2020.0</ele>
   </trkpt>
   <trkpt lat="36.1072050" lon="-115.4921520">
    <ele>2021.0</ele>
   </trkpt>
   <trkpt lat="36.1072110" lon="-115.4921660">
    <ele>2021.0</ele>
   </trkpt>
   <trkpt lat="36.1072170" lon="-115.4921780">
    <ele>2021.0</ele>
   </trkpt>
   <trkpt lat="36.1072230" lon="-115.4921900">
    <ele>2021.0</ele>
   </trkpt>
   <trkpt lat="36.1072300" lon="-115.4921990">
    <ele>2021.0</ele>
   </trkpt>
   <trkpt lat="36.1072370" lon="-115.4922070">
    <ele>2022.0</ele>
   </trkpt>
   <trkpt lat="36.1072410" lon="-115.4922120">
    <ele>2022.0</ele>
   </trkpt>
   <trkpt lat="36.1072440" lon="-115.4922170">
    <ele>2022.0</ele>
   </trkpt>
   <trkpt lat="36.1072480" lon="-115.4922230">
    <ele>2022.0</ele>
   </trkpt>
   <trkpt lat="36.1072510" lon="-115.4922280">
    <ele>2022.0</ele>
   </trkpt>
   <trkpt lat="36.1072550" lon="-115.4922400">
    <ele>2023.0</ele>
   </trkpt>
   <trkpt lat="36.1072590" lon="-115.4922510">
    <ele>2023.0</ele>
   </trkpt>
   <trkpt lat="36.1072600" lon="-115.4922630">
    <ele>2023.0</ele>
   </trkpt>
   <trkpt lat="36.1072620" lon="-115.4922740">
    <ele>2024.0</ele>
   </trkpt>
   <trkpt lat="36.1072620" lon="-115.4922740">
    <ele>2024.0</ele>
   </trkpt>
   <trkpt lat="36.1072620" lon="-115.4922740">
    <ele>2025.0</ele>
   </trkpt>
   <trkpt lat="36.1072620" lon="-115.4922740">
    <ele>2025.0</ele>
   </trkpt>
   <trkpt lat="36.1072620" lon="-115.4922740">
    <ele>2025.0</ele>
   </trkpt>
   <trkpt lat="36.1072620" lon="-115.4922740">
    <ele>2025.0</ele>
   </trkpt>
   <trkpt lat="36.1072620" lon="-115.4922740">
    <ele>2025.0</ele>
   </trkpt>
   <trkpt lat="36.1072620" lon="-115.4922740">
    <ele>2026.0</ele>
   </trkpt>
   <trkpt lat="36.1072750" lon="-115.4922940">
    <ele>2026.0</ele>
   </trkpt>
   <trkpt lat="36.1072830" lon="-115.4923010">
    <ele>2026.0</ele>
   </trkpt>
   <trkpt lat="36.1072910" lon="-115.4923080">
    <ele>2026.0</ele>
   </trkpt>
   <trkpt lat="36.1072960" lon="-115.4923150">
    <ele>2026.0</ele>
   </trkpt>
   <trkpt lat="36.1073000" lon="-115.4923220">
    <ele>2027.0</ele>
   </trkpt>
   <trkpt lat="36.1073000" lon="-115.4923280">
    <ele>2027.0</ele>
   </trkpt>
   <trkpt lat="36.1073010" lon="-115.4923330">
    <ele>2027.0</ele>
   </trkpt>
   <trkpt lat="36.1073010" lon="-115.4923390">
    <ele>2028.0</ele>
   </trkpt>
   <trkpt lat="36.1073020" lon="-115.4923440">
    <ele>2028.0</ele>
   </trkpt>
   <trkpt lat="36.1073020" lon="-115.4923540">
    <ele>2029.0</ele>
   </trkpt>
   <trkpt lat="36.1073030" lon="-115.4923640">
    <ele>2029.0</ele>
   </trkpt>
   <trkpt lat="36.1073030" lon="-115.4923720">
    <ele>2029.0</ele>
   </trkpt>
   <trkpt lat="36.1073030" lon="-115.4923800">
    <ele>2029.0</ele>
   </trkpt>
   <trkpt lat="36.1073020" lon="-115.4923830">
    <ele>2029.0</ele>
   </trkpt>
   <trkpt lat="36.1073020" lon="-115.4923860">
    <ele>2030.0</ele>
   </trkpt>
   <trkpt lat="36.1073010" lon="-115.4923890">
    <ele>2030.0</ele>
   </trkpt>
   <trkpt lat="36.1073010" lon="-115.4923920">
    <ele>2030.0</ele>
   </trkpt>
   <trkpt lat="36.1073000" lon="-115.4923950">
    <ele>2030.0</ele>
   </trkpt>
   <trkpt lat="36.1073000" lon="-115.4924030">
    <ele>2030.0</ele>
   </trkpt>
   <trkpt lat="36.1073010" lon="-115.4924110">
    <ele>2031.0</ele>
   </trkpt>
   <trkpt lat="36.1073010" lon="-115.4924180">
    <ele>2031.0</ele>
   </trkpt>
   <trkpt lat="36.1073010" lon="-115.4924250">
    <ele>2031.0</ele>
   </trkpt>
   <trkpt lat="36.1073020" lon="-115.4924320">
    <ele>2031.0</ele>
   </trkpt>
   <trkpt lat="36.1073040" lon="-115.4924420">
    <ele>2031.0</ele>
   </trkpt>
   <trkpt lat="36.1073060" lon="-115.4924510">
    <ele>2032.0</ele>
   </trkpt>
   <trkpt lat="36.1073110" lon="-115.4924640">
    <ele>2032.0</ele>
   </trkpt>
   <trkpt lat="36.1073120" lon="-115.4924690">
    <ele>2032.0</ele>
   </trkpt>
   <trkpt lat="36.1073140" lon="-115.4924740">
    <ele>2033.0</ele>
   </trkpt>
   <trkpt lat="36.1073150" lon="-115.4924790">
    <ele>2033.0</ele>
   </trkpt>
   <trkpt lat="36.1073170" lon="-115.4924840">
    <ele>2034.0</ele>
   </trkpt>
   <trkpt lat="36.1073180" lon="-115.4924890">
    <ele>2034.0</ele>
   </trkpt>
   <trkpt lat="36.1073200" lon="-115.4924940">
    <ele>2034.0</ele>
   </trkpt>
   <trkpt lat="36.1073210" lon="-115.4924990">
    <ele>2035.0</ele>
   </trkpt>
   <trkpt lat="36.1073230" lon="-115.4925040">
    <ele>2035.0</ele>
   </trkpt>
   <trkpt lat="36.1073240" lon="-115.4925090">
    <ele>2036.0</ele>
   </trkpt>
   <trkpt lat="36.1073260" lon="-115.4925140">
    <ele>2036.0</ele>
   </trkpt>
   <trkpt lat="36.1073270" lon="-115.4925190">
    <ele>2036.0</ele>
   </trkpt>
   <trkpt lat="36.1073290" lon="-115.4925240">
    <ele>2036.0</ele>
   </trkpt>
   <trkpt lat="36.1073300" lon="-115.4925290">
    <ele>2036.0</ele>
   </trkpt>
   <trkpt lat="36.1073320" lon="-115.4925350">
    <ele>2037.0</ele>
   </trkpt>
   <trkpt lat="36.1073330" lon="-115.4925400">
    <ele>2037.0</ele>
   </trkpt>
   <trkpt lat="36.1073350" lon="-115.4925450">
    <ele>2037.0</ele>
   </trkpt>
   <trkpt lat="36.1073360" lon="-115.4925500">
    <ele>2037.0</ele>
   </trkpt>
   <trkpt lat="36.1073380" lon="-115.4925550">
    <ele>2037.0</ele>
   </trkpt>
   <trkpt lat="36.1073390" lon="-115.4925600">
    <ele>2037.0</ele>
   </trkpt>
   <trkpt lat="36.1073410" lon="-115.4925650">
    <ele>2037.0</ele>
   </trkpt>
   <trkpt lat="36.1073420" lon="-115.4925700">
    <ele>2037.0</ele>
   </trkpt>
   <trkpt lat="36.1073440" lon="-115.4925750">
    <ele>2037.0</ele>
   </trkpt>
   <trkpt lat="36.1073450" lon="-115.4925800">
    <ele>2037.0</ele>
   </trkpt>
   <trkpt lat="36.1073470" lon="-115.4925850">
    <ele>2038.0</ele>
   </trkpt>
   <trkpt lat="36.1073480" lon="-115.4925900">
    <ele>2038.0</ele>
   </trkpt>
   <trkpt lat="36.1073500" lon="-115.4925950">
    <ele>2038.0</ele>
   </trkpt>
   <trkpt lat="36.1073520" lon="-115.4926120">
    <ele>2038.0</ele>
   </trkpt>
   <trkpt lat="36.1073550" lon="-115.4926290">
    <ele>2038.0</ele>
   </trkpt>
   <trkpt lat="36.1073590" lon="-115.4926510">
    <ele>2038.0</ele>
   </trkpt>
   <trkpt lat="36.1073620" lon="-115.4926740">
    <ele>2038.0</ele>
   </trkpt>
   <trkpt lat="36.1073680" lon="-115.4926970">
    <ele>2038.0</ele>
   </trkpt>
   <trkpt lat="36.1073750" lon="-115.4927190">
    <ele>2038.0</ele>
   </trkpt>
   <trkpt lat="36.1073780" lon="-115.4927280">
    <ele>2038.0</ele>
   </trkpt>
   <trkpt lat="36.1073810" lon="-115.4927380">
    <ele>2038.0</ele>
   </trkpt>
   <trkpt lat="36.1073850" lon="-115.4927470">
    <ele>2037.0</ele>
   </trkpt>
   <trkpt lat="36.1073880" lon="-115.4927560">
    <ele>2037.0</ele>
   </trkpt>
   <trkpt lat="36.1073950" lon="-115.4927660">
    <ele>2037.0</ele>
   </trkpt>
   <trkpt lat="36.1074010" lon="-115.4927750">
    <ele>2037.0</ele>
   </trkpt>
   <trkpt lat="36.1074060" lon="-115.4927850">
    <ele>2037.0</ele>
   </trkpt>
   <trkpt lat="36.1074120" lon="-115.4927950">
    <ele>2037.0</ele>
   </trkpt>
   <trkpt lat="36.1074120" lon="-115.4927960">
    <ele>2037.0</ele>
   </trkpt>
   <trkpt lat="36.1074130" lon="-115.4927970">
    <ele>2037.0</ele>
   </trkpt>
   <trkpt lat="36.1074130" lon="-115.4927990">
    <ele>2037.0</ele>
   </trkpt>
   <trkpt lat="36.1074130" lon="-115.4928000">
    <ele>2037.0</ele>
   </trkpt>
   <trkpt lat="36.1074130" lon="-115.4928010">
    <ele>2036.0</ele>
   </trkpt>
   <trkpt lat="36.1074130" lon="-115.4928020">
    <ele>2036.0</ele>
   </trkpt>
   <trkpt lat="36.1074130" lon="-115.4928030">
    <ele>2036.0</ele>
   </trkpt>
   <trkpt lat="36.1074130" lon="-115.4928040">
    <ele>2036.0</ele>
   </trkpt>
   <trkpt lat="36.1074140" lon="-115.4928050">
    <ele>2036.0</ele>
   </trkpt>
   <trkpt lat="36.1074140" lon="-115.4928060">
    <ele>2035.0</ele>
   </trkpt>
   <trkpt lat="36.1074140" lon="-115.4928080">
    <ele>2035.0</ele>
   </trkpt>
   <trkpt lat="36.1074140" lon="-115.4928090">
    <ele>2035.0</ele>
   </trkpt>
   <trkpt lat="36.1074140" lon="-115.4928100">
    <ele>2035.0</ele>
   </trkpt>
   <trkpt lat="36.1074140" lon="-115.4928110">
    <ele>2035.0</ele>
   </trkpt>
   <trkpt lat="36.1074140" lon="-115.4928120">
    <ele>2035.0</ele>
   </trkpt>
   <trkpt lat="36.1074150" lon="-115.4928130">
    <ele>2035.0</ele>
   </trkpt>
   <trkpt lat="36.1074150" lon="-115.4928140">
    <ele>2035.0</ele>
   </trkpt>
   <trkpt lat="36.1074150" lon="-115.4928150">
    <ele>2035.0</ele>
   </trkpt>
   <trkpt lat="36.1074150" lon="-115.4928170">
    <ele>2035.0</ele>
   </trkpt>
   <trkpt lat="36.1074150" lon="-115.4928180">
    <ele>2035.0</ele>
   </trkpt>
   <trkpt lat="36.1074150" lon="-115.4928190">
    <ele>2035.0</ele>
   </trkpt>
   <trkpt lat="36.1074150" lon="-115.4928200">
    <ele>2035.0</ele>
   </trkpt>
   <trkpt lat="36.1074160" lon="-115.4928210">
    <ele>2035.0</ele>
   </trkpt>
   <trkpt lat="36.1074160" lon="-115.4928220">
    <ele>2036.0</ele>
   </trkpt>
   <trkpt lat="36.1074160" lon="-115.4928230">
    <ele>2036.0</ele>
   </trkpt>
   <trkpt lat="36.1074160" lon="-115.4928240">
    <ele>2036.0</ele>
   </trkpt>
   <trkpt lat="36.1074160" lon="-115.4928250">
    <ele>2036.0</ele>
   </trkpt>
   <trkpt lat="36.1074160" lon="-115.4928270">
    <ele>2036.0</ele>
   </trkpt>
   <trkpt lat="36.1074160" lon="-115.4928280">
    <ele>2036.0</ele>
   </trkpt>
   <trkpt lat="36.1074170" lon="-115.4928290">
    <ele>2036.0</ele>
   </trkpt>
   <trkpt lat="36.1074170" lon="-115.4928300">
    <ele>2036.0</ele>
   </trkpt>
   <trkpt lat="36.1074170" lon="-115.4928310">
    <ele>2036.0</ele>
   </trkpt>
   <trkpt lat="36.1074170" lon="-115.4928320">
    <ele>2036.0</ele>
   </trkpt>
   <trkpt lat="36.1074170" lon="-115.4928330">
    <ele>2037.0</ele>
   </trkpt>
   <trkpt lat="36.1074170" lon="-115.4928340">
    <ele>2037.0</ele>
   </trkpt>
   <trkpt lat="36.1074170" lon="-115.4928360">
    <ele>2037.0</ele>
   </trkpt>
   <trkpt lat="36.1074170" lon="-115.4928370">
    <ele>2037.0</ele>
   </trkpt>
   <trkpt lat="36.1074180" lon="-115.4928380">
    <ele>2037.0</ele>
   </trkpt>
   <trkpt lat="36.1074180" lon="-115.4928390">
    <ele>2037.0</ele>
   </trkpt>
   <trkpt lat="36.1074180" lon="-115.4928400">
    <ele>2037.0</ele>
   </trkpt>
   <trkpt lat="36.1074180" lon="-115.4928410">
    <ele>2037.0</ele>
   </trkpt>
   <trkpt lat="36.1074180" lon="-115.4928420">
    <ele>2037.0</ele>
   </trkpt>
   <trkpt lat="36.1074180" lon="-115.4928430">
    <ele>2037.0</ele>
   </trkpt>
   <trkpt lat="36.1074180" lon="-115.4928450">
    <ele>2038.0</ele>
   </trkpt>
   <trkpt lat="36.1074190" lon="-115.4928460">
    <ele>2038.0</ele>
   </trkpt>
   <trkpt lat="36.1074190" lon="-115.4928470">
    <ele>2038.0</ele>
   </trkpt>
   <trkpt lat="36.1074190" lon="-115.4928480">
    <ele>2038.0</ele>
   </trkpt>
   <trkpt lat="36.1074190" lon="-115.4928490">
    <ele>2038.0</ele>
   </trkpt>
   <trkpt lat="36.1074190" lon="-115.4928500">
    <ele>2039.0</ele>
   </trkpt>
   <trkpt lat="36.1074190" lon="-115.4928510">
    <ele>2039.0</ele>
   </trkpt>
   <trkpt lat="36.1074190" lon="-115.4928520">
    <ele>2039.0</ele>
   </trkpt>
   <trkpt lat="36.1074200" lon="-115.4928540">
    <ele>2039.0</ele>
   </trkpt>
   <trkpt lat="36.1074200" lon="-115.4928550">
    <ele>2039.0</ele>
   </trkpt>
   <trkpt lat="36.1074200" lon="-115.4928560">
    <ele>2040.0</ele>
   </trkpt>
   <trkpt lat="36.1074200" lon="-115.4928570">
    <ele>2040.0</ele>
   </trkpt>
   <trkpt lat="36.1074200" lon="-115.4928580">
    <ele>2040.0</ele>
   </trkpt>
   <trkpt lat="36.1074200" lon="-115.4928590">
    <ele>2040.0</ele>
   </trkpt>
   <trkpt lat="36.1074200" lon="-115.4928600">
    <ele>2040.0</ele>
   </trkpt>
   <trkpt lat="36.1074210" lon="-115.4928610">
    <ele>2041.0</ele>
   </trkpt>
   <trkpt lat="36.1074210" lon="-115.4928620">
    <ele>2041.0</ele>
   </trkpt>
   <trkpt lat="36.1074210" lon="-115.4928640">
    <ele>2041.0</ele>
   </trkpt>
   <trkpt lat="36.1074210" lon="-115.4928650">
    <ele>2041.0</ele>
   </trkpt>
   <trkpt lat="36.1074210" lon="-115.4928660">
    <ele>2041.0</ele>
   </trkpt>
   <trkpt lat="36.1074210" lon="-115.4928670">
    <ele>2041.0</ele>
   </trkpt>
   <trkpt lat="36.1074210" lon="-115.4928680">
    <ele>2041.0</ele>
   </trkpt>
   <trkpt lat="36.1074220" lon="-115.4928690">
    <ele>2041.0</ele>
   </trkpt>
   <trkpt lat="36.1074220" lon="-115.4928700">
    <ele>2041.0</ele>
   </trkpt>
   <trkpt lat="36.1074220" lon="-115.4928710">
    <ele>2041.0</ele>
   </trkpt>
   <trkpt lat="36.1074220" lon="-115.4928730">
    <ele>2042.0</ele>
   </trkpt>
   <trkpt lat="36.1074220" lon="-115.4928740">
    <ele>2042.0</ele>
   </trkpt>
   <trkpt lat="36.1074220" lon="-115.4928750">
    <ele>2042.0</ele>
   </trkpt>
   <trkpt lat="36.1074220" lon="-115.4928760">
    <ele>2042.0</ele>
   </trkpt>
   <trkpt lat="36.1074250" lon="-115.4929020">
    <ele>2042.0</ele>
   </trkpt>
   <trkpt lat="36.1074250" lon="-115.4929020">
    <ele>2043.0</ele>
   </trkpt>
   <trkpt lat="36.1074250" lon="-115.4929020">
    <ele>2043.0</ele>
   </trkpt>
   <trkpt lat="36.1074250" lon="-115.4929020">
    <ele>2043.0</ele>
   </trkpt>
   <trkpt lat="36.1074250" lon="-115.4929020">
    <ele>2043.0</ele>
   </trkpt>
   <trkpt lat="36.1074250" lon="-115.4929020">
    <ele>2043.0</ele>
   </trkpt>
   <trkpt lat="36.1074250" lon="-115.4929020">
    <ele>2044.0</ele>
   </trkpt>
   <trkpt lat="36.1074250" lon="-115.4929020">
    <ele>2044.0</ele>
   </trkpt>
   <trkpt lat="36.1074250" lon="-115.4929020">
    <ele>2044.0</ele>
   </trkpt>
   <trkpt lat="36.1074250" lon="-115.4929020">
    <ele>2045.0</ele>
   </trkpt>
   <trkpt lat="36.1074250" lon="-115.4929020">
    <ele>2045.0</ele>
   </trkpt>
   <trkpt lat="36.1074250" lon="-115.4929020">
    <ele>2046.0</ele>
   </trkpt>
   <trkpt lat="36.1074250" lon="-115.4929020">
    <ele>2046.0</ele>
   </trkpt>
   <trkpt lat="36.1074250" lon="-115.4929020">
    <ele>2046.0</ele>
   </trkpt>
   <trkpt lat="36.1074160" lon="-115.4929170">
    <ele>2046.0</ele>
   </trkpt>
   <trkpt lat="36.1074090" lon="-115.4929210">
    <ele>2046.0</ele>
   </trkpt>
   <trkpt lat="36.1074030" lon="-115.4929250">
    <ele>2047.0</ele>
   </trkpt>
   <trkpt lat="36.1073960" lon="-115.4929280">
    <ele>2047.0</ele>
   </trkpt>
   <trkpt lat="36.1073900" lon="-115.4929320">
    <ele>2047.0</ele>
   </trkpt>
   <trkpt lat="36.1073820" lon="-115.4929380">
    <ele>2047.0</ele>
   </trkpt>
   <trkpt lat="36.1073740" lon="-115.4929430">
    <ele>2047.0</ele>
   </trkpt>
   <trkpt lat="36.1073650" lon="-115.4929520">
    <ele>2048.0</ele>
   </trkpt>
   <trkpt lat="36.1073560" lon="-115.4929610">
    <ele>2048.0</ele>
   </trkpt>
   <trkpt lat="36.1073510" lon="-115.4929730">
    <ele>2048.0</ele>
   </trkpt>
   <trkpt lat="36.1073470" lon="-115.4929860">
    <ele>2048.0</ele>
   </trkpt>
   <trkpt lat="36.1073460" lon="-115.4929910">
    <ele>2048.0</ele>
   </trkpt>
   <trkpt lat="36.1073450" lon="-115.4929960">
    <ele>2049.0</ele>
   </trkpt>
   <trkpt lat="36.1073440" lon="-115.4930020">
    <ele>2049.0</ele>
   </trkpt>
   <trkpt lat="36.1073410" lon="-115.4930100">
    <ele>2049.0</ele>
   </trkpt>
   <trkpt lat="36.1073370" lon="-115.4930180">
    <ele>2049.0</ele>
   </trkpt>
   <trkpt lat="36.1073320" lon="-115.4930220">
    <ele>2049.0</ele>
   </trkpt>
   <trkpt lat="36.1073260" lon="-115.4930250">
    <ele>2049.0</ele>
   </trkpt>
   <trkpt lat="36.1073200" lon="-115.4930260">
    <ele>2049.0</ele>
   </trkpt>
   <trkpt lat="36.1073140" lon="-115.4930270">
    <ele>2049.0</ele>
   </trkpt>
   <trkpt lat="36.1073140" lon="-115.4930270">
    <ele>2049.0</ele>
   </trkpt>
   <trkpt lat="36.1073140" lon="-115.4930270">
    <ele>2049.0</ele>
   </trkpt>
   <trkpt lat="36.1073140" lon="-115.4930270">
    <ele>2050.0</ele>
   </trkpt>
   <trkpt lat="36.1073140" lon="-115.4930270">
    <ele>2050.0</ele>
   </trkpt>
   <trkpt lat="36.1073140" lon="-115.4930270">
    <ele>2050.0</ele>
   </trkpt>
   <trkpt lat="36.1073140" lon="-115.4930270">
    <ele>2050.0</ele>
   </trkpt>
   <trkpt lat="36.1073140" lon="-115.4930270">
    <ele>2050.0</ele>
   </trkpt>
   <trkpt lat="36.1073140" lon="-115.4930270">
    <ele>2051.0</ele>
   </trkpt>
   <trkpt lat="36.1073140" lon="-115.4930270">
    <ele>2051.0</ele>
   </trkpt>
   <trkpt lat="36.1073140" lon="-115.4930270">
    <ele>2051.0</ele>
   </trkpt>
   <trkpt lat="36.1073140" lon="-115.4930270">
    <ele>2051.0</ele>
   </trkpt>
   <trkpt lat="36.1073140" lon="-115.4930270">
    <ele>2051.0</ele>
   </trkpt>
   <trkpt lat="36.1073140" lon="-115.4930270">
    <ele>2052.0</ele>
   </trkpt>
   <trkpt lat="36.1073140" lon="-115.4930270">
    <ele>2052.0</ele>
   </trkpt>
   <trkpt lat="36.1073040" lon="-115.4930290">
    <ele>2052.0</ele>
   </trkpt>
   <trkpt lat="36.1072960" lon="-115.4930280">
    <ele>2052.0</ele>
   </trkpt>
   <trkpt lat="36.1072880" lon="-115.4930270">
    <ele>2052.0</ele>
   </trkpt>
   <trkpt lat="36.1072810" lon="-115.4930240">
    <ele>2053.0</ele>
   </trkpt>
   <trkpt lat="36.1072730" lon="-115.4930210">
    <ele>2053.0</ele>
   </trkpt>
   <trkpt lat="36.1072670" lon="-115.4930190">
    <ele>2053.0</ele>
   </trkpt>
   <trkpt lat="36.1072610" lon="-115.4930170">
    <ele>2054.0</ele>
   </trkpt>
   <trkpt lat="36.1072550" lon="-115.4930150">
    <ele>2054.0</ele>
   </trkpt>
   <trkpt lat="36.1072550" lon="-115.4930150">
    <ele>2055.0</ele>
   </trkpt>
   <trkpt lat="36.1072550" lon="-115.4930150">
    <ele>2055.0</ele>
   </trkpt>
   <trkpt lat="36.1072550" lon="-115.4930150">
    <ele>2055.0</ele>
   </trkpt>
   <trkpt lat="36.1072550" lon="-115.4930150">
    <ele>2055.0</ele>
   </trkpt>
   <trkpt lat="36.1072550" lon="-115.4930150">
    <ele>2055.0</ele>
   </trkpt>
   <trkpt lat="36.1072550" lon="-115.4930150">
    <ele>2056.0</ele>
   </trkpt>
   <trkpt lat="36.1072550" lon="-115.4930150">
    <ele>2056.0</ele>
   </trkpt>
   <trkpt lat="36.1072360" lon="-115.4930190">
    <ele>2056.0</ele>
   </trkpt>
   <trkpt lat="36.1072300" lon="-115.4930220">
    <ele>2057.0</ele>
   </trkpt>
   <trkpt lat="36.1072240" lon="-115.4930260">
    <ele>2057.0</ele>
   </trkpt>
   <trkpt lat="36.1072190" lon="-115.4930300">
    <ele>2058.0</ele>
   </trkpt>
   <trkpt lat="36.1072150" lon="-115.4930350">
    <ele>2058.0</ele>
   </trkpt>
   <trkpt lat="36.1072120" lon="-115.4930410">
    <ele>2058.0</ele>
   </trkpt>
   <trkpt lat="36.1072100" lon="-115.4930470">
    <ele>2059.0</ele>
   </trkpt>
   <trkpt lat="36.1072070" lon="-115.4930540">
    <ele>2059.0</ele>
   </trkpt>
   <trkpt lat="36.1072040" lon="-115.4930610">
    <ele>2060.0</ele>
   </trkpt>
   <trkpt lat="36.1072010" lon="-115.4930690">
    <ele>2060.0</ele>
   </trkpt>
   <trkpt lat="36.1071970" lon="-115.4930770">
    <ele>2060.0</ele>
   </trkpt>
   <trkpt lat="36.1071930" lon="-115.4930870">
    <ele>2061.0</ele>
   </trkpt>
   <trkpt lat="36.1071890" lon="-115.4930970">
    <ele>2061.0</ele>
   </trkpt>
   <trkpt lat="36.1071850" lon="-115.4931080">
    <ele>2062.0</ele>
   </trkpt>
   <trkpt lat="36.1071820" lon="-115.4931180">
    <ele>2062.0</ele>
   </trkpt>
   <trkpt lat="36.1071820" lon="-115.4931290">
    <ele>2062.0</ele>
   </trkpt>
   <trkpt lat="36.1071820" lon="-115.4931390">
    <ele>2062.0</ele>
   </trkpt>
   <trkpt lat="36.1071860" lon="-115.4931470">
    <ele>2062.0</ele>
   </trkpt>
   <trkpt lat="36.1071900" lon="-115.4931540">
    <ele>2063.0</ele>
   </trkpt>
   <trkpt lat="36.1071910" lon="-115.4931560">
    <ele>2063.0</ele>
   </trkpt>
   <trkpt lat="36.1071920" lon="-115.4931590">
    <ele>2063.0</ele>
   </trkpt>
   <trkpt lat="36.1071940" lon="-115.4931610">
    <ele>2063.0</ele>
   </trkpt>
   <trkpt lat="36.1071950" lon="-115.4931630">
    <ele>2063.0</ele>
   </trkpt>
   <trkpt lat="36.1071960" lon="-115.4931650">
    <ele>2064.0</ele>
   </trkpt>
   <trkpt lat="36.1072010" lon="-115.4931700">
    <ele>2064.0</ele>
   </trkpt>
   <trkpt lat="36.1072060" lon="-115.4931740">
    <ele>2064.0</ele>
   </trkpt>
   <trkpt lat="36.1072060" lon="-115.4931740">
    <ele>2064.0</ele>
   </trkpt>
   <trkpt lat="36.1072060" lon="-115.4931740">
    <ele>2064.0</ele>
   </trkpt>
   <trkpt lat="36.1072060" lon="-115.4931740">
    <ele>2065.0</ele>
   </trkpt>
   <trkpt lat="36.1072060" lon="-115.4931740">
    <ele>2065.0</ele>
   </trkpt>
   <trkpt lat="36.1072060" lon="-115.4931740">
    <ele>2065.0</ele>
   </trkpt>
   <trkpt lat="36.1072060" lon="-115.4931740">
    <ele>2066.0</ele>
   </trkpt>
   <trkpt lat="36.1072060" lon="-115.4931740">
    <ele>2066.0</ele>
   </trkpt>
   <trkpt lat="36.1072180" lon="-115.4931840">
    <ele>2067.0</ele>
   </trkpt>
   <trkpt lat="36.1072220" lon="-115.4931900">
    <ele>2067.0</ele>
   </trkpt>
   <trkpt lat="36.1072270" lon="-115.4931970">
    <ele>2067.0</ele>
   </trkpt>
   <trkpt lat="36.1072270" lon="-115.4932040">
    <ele>2067.0</ele>
   </trkpt>
   <trkpt lat="36.1072270" lon="-115.4932120">
    <ele>2067.0</ele>
   </trkpt>
   <trkpt lat="36.1072240" lon="-115.4932210">
    <ele>2068.0</ele>
   </trkpt>
   <trkpt lat="36.1072210" lon="-115.4932300">
    <ele>2068.0</ele>
   </trkpt>
   <trkpt lat="36.1072190" lon="-115.4932350">
    <ele>2068.0</ele>
   </trkpt>
   <trkpt lat="36.1072170" lon="-115.4932410">
    <ele>2068.0</ele>
   </trkpt>
   <trkpt lat="36.1072150" lon="-115.4932460">
    <ele>2068.0</ele>
   </trkpt>
   <trkpt lat="36.1072130" lon="-115.4932510">
    <ele>2069.0</ele>
   </trkpt>
   <trkpt lat="36.1072090" lon="-115.4932570">
    <ele>2069.0</ele>
   </trkpt>
   <trkpt lat="36.1072050" lon="-115.4932640">
    <ele>2069.0</ele>
   </trkpt>
   <trkpt lat="36.1072020" lon="-115.4932710">
    <ele>2069.0</ele>
   </trkpt>
   <trkpt lat="36.1071990" lon="-115.4932790">
    <ele>2069.0</ele>
   </trkpt>
   <trkpt lat="36.1071980" lon="-115.4932890">
    <ele>2070.0</ele>
   </trkpt>
   <trkpt lat="36.1071970" lon="-115.4932990">
    <ele>2070.0</ele>
   </trkpt>
   <trkpt lat="36.1072020" lon="-115.4933100">
    <ele>2070.0</ele>
   </trkpt>
   <trkpt lat="36.1072070" lon="-115.4933210">
    <ele>2071.0</ele>
   </trkpt>
   <trkpt lat="36.1072150" lon="-115.4933300">
    <ele>2071.0</ele>
   </trkpt>
   <trkpt lat="36.1072230" lon="-115.4933400">
    <ele>2072.0</ele>
   </trkpt>
   <trkpt lat="36.1072290" lon="-115.4933520">
    <ele>2072.0</ele>
   </trkpt>
   <trkpt lat="36.1072350" lon="-115.4933630">
    <ele>2072.0</ele>
   </trkpt>
   <trkpt lat="36.1072390" lon="-115.4933770">
    <ele>2072.0</ele>
   </trkpt>
   <trkpt lat="36.1072420" lon="-115.4933910">
    <ele>2072.0</ele>
   </trkpt>
   <trkpt lat="36.1072430" lon="-115.4934050">
    <ele>2072.0</ele>
   </trkpt>
   <trkpt lat="36.1072430" lon="-115.4934180">
    <ele>2072.0</ele>
   </trkpt>
   <trkpt lat="36.1072390" lon="-115.4934310">
    <ele>2072.0</ele>
   </trkpt>
   <trkpt lat="36.1072350" lon="-115.4934430">
    <ele>2072.0</ele>
   </trkpt>
   <trkpt lat="36.1072300" lon="-115.4934560">
    <ele>2072.0</ele>
   </trkpt>
   <trkpt lat="36.1072240" lon="-115.4934700">
    <ele>2073.0</ele>
   </trkpt>
   <trkpt lat="36.1072240" lon="-115.4934840">
    <ele>2073.0</ele>
   </trkpt>
   <trkpt lat="36.1072240" lon="-115.4934980">
    <ele>2073.0</ele>
   </trkpt>
   <trkpt lat="36.1072270" lon="-115.4935110">
    <ele>2073.0</ele>
   </trkpt>
   <trkpt lat="36.1072310" lon="-115.4935250">
    <ele>2073.0</ele>
   </trkpt>
   <trkpt lat="36.1072330" lon="-115.4935360">
    <ele>2074.0</ele>
   </trkpt>
   <trkpt lat="36.1072340" lon="-115.4935480">
    <ele>2074.0</ele>
   </trkpt>
   <trkpt lat="36.1072300" lon="-115.4935580">
    <ele>2074.0</ele>
   </trkpt>
   <trkpt lat="36.1072270" lon="-115.4935680">
    <ele>2074.0</ele>
   </trkpt>
   <trkpt lat="36.1072190" lon="-115.4935790">
    <ele>2074.0</ele>
   </trkpt>
   <trkpt lat="36.1072120" lon="-115.4935900">
    <ele>2074.0</ele>
   </trkpt>
   <trkpt lat="36.1072050" lon="-115.4936010">
    <ele>2074.0</ele>
   </trkpt>
   <trkpt lat="36.1071980" lon="-115.4936130">
    <ele>2074.0</ele>
   </trkpt>
   <trkpt lat="36.1071910" lon="-115.4936210">
    <ele>2074.0</ele>
   </trkpt>
   <trkpt lat="36.1071840" lon="-115.4936300">
    <ele>2074.0</ele>
   </trkpt>
   <trkpt lat="36.1071760" lon="-115.4936380">
    <ele>2074.0</ele>
   </trkpt>
   <trkpt lat="36.1071690" lon="-115.4936450">
    <ele>2074.0</ele>
   </trkpt>
   <trkpt lat="36.1071600" lon="-115.4936540">
    <ele>2074.0</ele>
   </trkpt>
   <trkpt lat="36.1071520" lon="-115.4936630">
    <ele>2074.0</ele>
   </trkpt>
   <trkpt lat="36.1071420" lon="-115.4936750">
    <ele>2074.0</ele>
   </trkpt>
   <trkpt lat="36.1071330" lon="-115.4936880">
    <ele>2074.0</ele>
   </trkpt>
   <trkpt lat="36.1071280" lon="-115.4936980">
    <ele>2074.0</ele>
   </trkpt>
   <trkpt lat="36.1071230" lon="-115.4937080">
    <ele>2074.0</ele>
   </trkpt>
   <trkpt lat="36.1071190" lon="-115.4937180">
    <ele>2074.0</ele>
   </trkpt>
   <trkpt lat="36.1071160" lon="-115.4937310">
    <ele>2074.0</ele>
   </trkpt>
   <trkpt lat="36.1071130" lon="-115.4937450">
    <ele>2074.0</ele>
   </trkpt>
   <trkpt lat="36.1071140" lon="-115.4937580">
    <ele>2074.0</ele>
   </trkpt>
   <trkpt lat="36.1071160" lon="-115.4937710">
    <ele>2074.0</ele>
   </trkpt>
   <trkpt lat="36.1071190" lon="-115.4937840">
    <ele>2074.0</ele>
   </trkpt>
   <trkpt lat="36.1071220" lon="-115.4937980">
    <ele>2074.0</ele>
   </trkpt>
   <trkpt lat="36.1071250" lon="-115.4938120">
    <ele>2075.0</ele>
   </trkpt>
   <trkpt lat="36.1071290" lon="-115.4938250">
    <ele>2075.0</ele>
   </trkpt>
   <trkpt lat="36.1071330" lon="-115.4938380">
    <ele>2075.0</ele>
   </trkpt>
   <trkpt lat="36.1071370" lon="-115.4938510">
    <ele>2075.0</ele>
   </trkpt>
   <trkpt lat="36.1071430" lon="-115.4938620">
    <ele>2075.0</ele>
   </trkpt>
   <trkpt lat="36.1071490" lon="-115.4938730">
    <ele>2076.0</ele>
   </trkpt>
   <trkpt lat="36.1071540" lon="-115.4938800">
    <ele>2076.0</ele>
   </trkpt>
   <trkpt lat="36.1071600" lon="-115.4938860">
    <ele>2076.0</ele>
   </trkpt>
   <trkpt lat="36.1071630" lon="-115.4938930">
    <ele>2076.0</ele>
   </trkpt>
   <trkpt lat="36.1071660" lon="-115.4938990">
    <ele>2076.0</ele>
   </trkpt>
   <trkpt lat="36.1071690" lon="-115.4939070">
    <ele>2076.0</ele>
   </trkpt>
   <trkpt lat="36.1071720" lon="-115.4939160">
    <ele>2076.0</ele>
   </trkpt>
   <trkpt lat="36.1071750" lon="-115.4939260">
    <ele>2076.0</ele>
   </trkpt>
   <trkpt lat="36.1071770" lon="-115.4939360">
    <ele>2076.0</ele>
   </trkpt>
   <trkpt lat="36.1071790" lon="-115.4939460">
    <ele>2076.0</ele>
   </trkpt>
   <trkpt lat="36.1071800" lon="-115.4939570">
    <ele>2077.0</ele>
   </trkpt>
   <trkpt lat="36.1071770" lon="-115.4939710">
    <ele>2077.0</ele>
   </trkpt>
   <trkpt lat="36.1071740" lon="-115.4939840">
    <ele>2077.0</ele>
   </trkpt>
   <trkpt lat="36.1071650" lon="-115.4940000">
    <ele>2077.0</ele>
   </trkpt>
   <trkpt lat="36.1071570" lon="-115.4940170">
    <ele>2077.0</ele>
   </trkpt>
   <trkpt lat="36.1071460" lon="-115.4940320">
    <ele>2078.0</ele>
   </trkpt>
   <trkpt lat="36.1071350" lon="-115.4940470">
    <ele>2078.0</ele>
   </trkpt>
   <trkpt lat="36.1071270" lon="-115.4940590">
    <ele>2078.0</ele>
   </trkpt>
   <trkpt lat="36.1071180" lon="-115.4940710">
    <ele>2078.0</ele>
   </trkpt>
   <trkpt lat="36.1071130" lon="-115.4940810">
    <ele>2078.0</ele>
   </trkpt>
   <trkpt lat="36.1071080" lon="-115.4940900">
    <ele>2079.0</ele>
   </trkpt>
   <trkpt lat="36.1071060" lon="-115.4940960">
    <ele>2079.0</ele>
   </trkpt>
   <trkpt lat="36.1071040" lon="-115.4941020">
    <ele>2079.0</ele>
   </trkpt>
   <trkpt lat="36.1071020" lon="-115.4941090">
    <ele>2079.0</ele>
   </trkpt>
   <trkpt lat="36.1071020" lon="-115.4941150">
    <ele>2079.0</ele>
   </trkpt>
   <trkpt lat="36.1071020" lon="-115.4941220">
    <ele>2079.0</ele>
   </trkpt>
   <trkpt lat="36.1071040" lon="-115.4941290">
    <ele>2079.0</ele>
   </trkpt>
   <trkpt lat="36.1071060" lon="-115.4941360">
    <ele>2079.0</ele>
   </trkpt>
   <trkpt lat="36.1071100" lon="-115.4941440">
    <ele>2079.0</ele>
   </trkpt>
   <trkpt lat="36.1071130" lon="-115.4941520">
    <ele>2079.0</ele>
   </trkpt>
   <trkpt lat="36.1071180" lon="-115.4941570">
    <ele>2080.0</ele>
   </trkpt>
   <trkpt lat="36.1071220" lon="-115.4941620">
    <ele>2080.0</ele>
   </trkpt>
   <trkpt lat="36.1071280" lon="-115.4941650">
    <ele>2080.0</ele>
   </trkpt>
   <trkpt lat="36.1071340" lon="-115.4941670">
    <ele>2080.0</ele>
   </trkpt>
   <trkpt lat="36.1071340" lon="-115.4941670">
    <ele>2080.0</ele>
   </trkpt>
   <trkpt lat="36.1071340" lon="-115.4941670">
    <ele>2081.0</ele>
   </trkpt>
   <trkpt lat="36.1071340" lon="-115.4941670">
    <ele>2081.0</ele>
   </trkpt>
   <trkpt lat="36.1071340" lon="-115.4941670">
    <ele>2081.0</ele>
   </trkpt>
   <trkpt lat="36.1071340" lon="-115.4941670">
    <ele>2081.0</ele>
   </trkpt>
   <trkpt lat="36.1071340" lon="-115.4941670">
    <ele>2081.0</ele>
   </trkpt>
   <trkpt lat="36.1071340" lon="-115.4941670">
    <ele>2082.0</ele>
   </trkpt>
   <trkpt lat="36.1071340" lon="-115.4941670">
    <ele>2082.0</ele>
   </trkpt>
   <trkpt lat="36.1071340" lon="-115.4941670">
    <ele>2082.0</ele>
   </trkpt>
   <trkpt lat="36.1071340" lon="-115.4941670">
    <ele>2082.0</ele>
   </trkpt>
   <trkpt lat="36.1071340" lon="-115.4941670">
    <ele>2082.0</ele>
   </trkpt>
   <trkpt lat="36.1071340" lon="-115.4941670">
    <ele>2083.0</ele>
   </trkpt>
   <trkpt lat="36.1071340" lon="-115.4941670">
    <ele>2083.0</ele>
   </trkpt>
   <trkpt lat="36.1071340" lon="-115.4941670">
    <ele>2083.0</ele>
   </trkpt>
   <trkpt lat="36.1071340" lon="-115.4941670">
    <ele>2083.0</ele>
   </trkpt>
   <trkpt lat="36.1071340" lon="-115.4941670">
    <ele>2083.0</ele>
   </trkpt>
   <trkpt lat="36.1071340" lon="-115.4941670">
    <ele>2083.0</ele>
   </trkpt>
   <trkpt lat="36.1071340" lon="-115.4941670">
    <ele>2083.0</ele>
   </trkpt>
   <trkpt lat="36.1071340" lon="-115.4941670">
    <ele>2083.0</ele>
   </trkpt>
   <trkpt lat="36.1071460" lon="-115.4941710">
    <ele>2083.0</ele>
   </trkpt>
   <trkpt lat="36.1071480" lon="-115.4941740">
    <ele>2083.0</ele>
   </trkpt>
   <trkpt lat="36.1071490" lon="-115.4941780">
    <ele>2083.0</ele>
   </trkpt>
   <trkpt lat="36.1071470" lon="-115.4941860">
    <ele>2083.0</ele>
   </trkpt>
   <trkpt lat="36.1071440" lon="-115.4941940">
    <ele>2083.0</ele>
   </trkpt>
   <trkpt lat="36.1071380" lon="-115.4942070">
    <ele>2083.0</ele>
   </trkpt>
   <trkpt lat="36.1071330" lon="-115.4942190">
    <ele>2083.0</ele>
   </trkpt>
   <trkpt lat="36.1071260" lon="-115.4942350">
    <ele>2083.0</ele>
   </trkpt>
   <trkpt lat="36.1071200" lon="-115.4942500">
    <ele>2082.0</ele>
   </trkpt>
   <trkpt lat="36.1071130" lon="-115.4942650">
    <ele>2082.0</ele>
   </trkpt>
   <trkpt lat="36.1071070" lon="-115.4942790">
    <ele>2082.0</ele>
   </trkpt>
   <trkpt lat="36.1070990" lon="-115.4942880">
    <ele>2082.0</ele>
   </trkpt>
   <trkpt lat="36.1070910" lon="-115.4942970">
    <ele>2082.0</ele>
   </trkpt>
   <trkpt lat="36.1070800" lon="-115.4943010">
    <ele>2081.0</ele>
   </trkpt>
   <trkpt lat="36.1070700" lon="-115.4943060">
    <ele>2081.0</ele>
   </trkpt>
   <trkpt lat="36.1070590" lon="-115.4943120">
    <ele>2081.0</ele>
   </trkpt>
   <trkpt lat="36.1070480" lon="-115.4943190">
    <ele>2081.0</ele>
   </trkpt>
   <trkpt lat="36.1070390" lon="-115.4943310">
    <ele>2081.0</ele>
   </trkpt>
   <trkpt lat="36.1070300" lon="-115.4943440">
    <ele>2080.0</ele>
   </trkpt>
   <trkpt lat="36.1070200" lon="-115.4943600">
    <ele>2080.0</ele>
   </trkpt>
   <trkpt lat="36.1070110" lon="-115.4943760">
    <ele>2080.0</ele>
   </trkpt>
   <trkpt lat="36.1069990" lon="-115.4943870">
    <ele>2080.0</ele>
   </trkpt>
   <trkpt lat="36.1069870" lon="-115.4943980">
    <ele>2080.0</ele>
   </trkpt>
   <trkpt lat="36.1069730" lon="-115.4944080">
    <ele>2079.0</ele>
   </trkpt>
   <trkpt lat="36.1069600" lon="-115.4944180">
    <ele>2079.0</ele>
   </trkpt>
   <trkpt lat="36.1069480" lon="-115.4944340">
    <ele>2078.0</ele>
   </trkpt>
   <trkpt lat="36.1069360" lon="-115.4944500">
    <ele>2078.0</ele>
   </trkpt>
   <trkpt lat="36.1069240" lon="-115.4944720">
    <ele>2078.0</ele>
   </trkpt>
   <trkpt lat="36.1069120" lon="-115.4944950">
    <ele>2077.0</ele>
   </trkpt>
   <trkpt lat="36.1068970" lon="-115.4945240">
    <ele>2077.0</ele>
   </trkpt>
   <trkpt lat="36.1068820" lon="-115.4945540">
    <ele>2077.0</ele>
   </trkpt>
   <trkpt lat="36.1068650" lon="-115.4945850">
    <ele>2077.0</ele>
   </trkpt>
   <trkpt lat="36.1068470" lon="-115.4946150">
    <ele>2077.0</ele>
   </trkpt>
   <trkpt lat="36.1068310" lon="-115.4946430">
    <ele>2076.0</ele>
   </trkpt>
   <trkpt lat="36.1068140" lon="-115.4946700">
    <ele>2076.0</ele>
   </trkpt>
   <trkpt lat="36.1067970" lon="-115.4946930">
    <ele>2075.0</ele>
   </trkpt>
   <trkpt lat="36.1067810" lon="-115.4947160">
    <ele>2075.0</ele>
   </trkpt>
   <trkpt lat="36.1067640" lon="-115.4947350">
    <ele>2075.0</ele>
   </trkpt>
   <trkpt lat="36.1067480" lon="-115.4947530">
    <ele>2074.0</ele>
   </trkpt>
   <trkpt lat="36.1067290" lon="-115.4947680">
    <ele>2074.0</ele>
   </trkpt>
   <trkpt lat="36.1067100" lon="-115.4947830">
    <ele>2073.0</ele>
   </trkpt>
   <trkpt lat="36.1066920" lon="-115.4947970">
    <ele>2073.0</ele>
   </trkpt>
   <trkpt lat="36.1066740" lon="-115.4948120">
    <ele>2073.0</ele>
   </trkpt>
   <trkpt lat="36.1066620" lon="-115.4948280">
    <ele>2072.0</ele>
   </trkpt>
   <trkpt lat="36.1066490" lon="-115.4948450">
    <ele>2072.0</ele>
   </trkpt>
   <trkpt lat="36.1066430" lon="-115.4948660">
    <ele>2071.0</ele>
   </trkpt>
   <trkpt lat="36.1066380" lon="-115.4948870">
    <ele>2071.0</ele>
   </trkpt>
   <trkpt lat="36.1066390" lon="-115.4949100">
    <ele>2071.0</ele>
   </trkpt>
   <trkpt lat="36.1066410" lon="-115.4949340">
    <ele>2070.0</ele>
   </trkpt>
   <trkpt lat="36.1066490" lon="-115.4949610">
    <ele>2069.0</ele>
   </trkpt>
   <trkpt lat="36.1066570" lon="-115.4949890">
    <ele>2069.0</ele>
   </trkpt>
   <trkpt lat="36.1066680" lon="-115.4950200">
    <ele>2068.0</ele>
   </trkpt>
   <trkpt lat="36.1066790" lon="-115.4950510">
    <ele>2068.0</ele>
   </trkpt>
   <trkpt lat="36.1066900" lon="-115.4950860">
    <ele>2067.0</ele>
   </trkpt>
   <trkpt lat="36.1067000" lon="-115.4951210">
    <ele>2066.0</ele>
   </trkpt>
   <trkpt lat="36.1067090" lon="-115.4951580">
    <ele>2066.0</ele>
   </trkpt>
   <trkpt lat="36.1067180" lon="-115.4951950">
    <ele>2065.0</ele>
   </trkpt>
   <trkpt lat="36.1067250" lon="-115.4952300">
    <ele>2065.0</ele>
   </trkpt>
   <trkpt lat="36.1067320" lon="-115.4952650">
    <ele>2064.0</ele>
   </trkpt>
   <trkpt lat="36.1067400" lon="-115.4952920">
    <ele>2063.0</ele>
   </trkpt>
   <trkpt lat="36.1067480" lon="-115.4953190">
    <ele>2063.0</ele>
   </trkpt>
   <trkpt lat="36.1067580" lon="-115.4953400">
    <ele>2062.0</ele>
   </trkpt>
   <trkpt lat="36.1067670" lon="-115.4953610">
    <ele>2062.0</ele>
   </trkpt>
   <trkpt lat="36.1067760" lon="-115.4953800">
    <ele>2061.0</ele>
   </trkpt>
   <trkpt lat="36.1067850" lon="-115.4954000">
    <ele>2060.0</ele>
   </trkpt>
   <trkpt lat="36.1067910" lon="-115.4954220">
    <ele>2060.0</ele>
   </trkpt>
   <trkpt lat="36.1067980" lon="-115.4954450">
    <ele>2059.0</ele>
   </trkpt>
   <trkpt lat="36.1068010" lon="-115.4954730">
    <ele>2059.0</ele>
   </trkpt>
   <trkpt lat="36.1068040" lon="-115.4955000">
    <ele>2058.0</ele>
   </trkpt>
   <trkpt lat="36.1068050" lon="-115.4955310">
    <ele>2058.0</ele>
   </trkpt>
   <trkpt lat="36.1068050" lon="-115.4955620">
    <ele>2057.0</ele>
   </trkpt>
   <trkpt lat="36.1068080" lon="-115.4955940">
    <ele>2057.0</ele>
   </trkpt>
   <trkpt lat="36.1068120" lon="-115.4956260">
    <ele>2057.0</ele>
   </trkpt>
   <trkpt lat="36.1068190" lon="-115.4956580">
    <ele>2056.0</ele>
   </trkpt>
   <trkpt lat="36.1068260" lon="-115.4956900">
    <ele>2055.0</ele>
   </trkpt>
   <trkpt lat="36.1068340" lon="-115.4957220">
    <ele>2055.0</ele>
   </trkpt>
   <trkpt lat="36.1068430" lon="-115.4957530">
    <ele>2054.0</ele>
   </trkpt>
   <trkpt lat="36.1068500" lon="-115.4957840">
    <ele>2054.0</ele>
   </trkpt>
   <trkpt lat="36.1068580" lon="-115.4958140">
    <ele>2053.0</ele>
   </trkpt>
   <trkpt lat="36.1068650" lon="-115.4958450">
    <ele>2053.0</ele>
   </trkpt>
   <trkpt lat="36.1068720" lon="-115.4958750">
    <ele>2052.0</ele>
   </trkpt>
   <trkpt lat="36.1068790" lon="-115.4959060">
    <ele>2052.0</ele>
   </trkpt>
   <trkpt lat="36.1068860" lon="-115.4959380">
    <ele>2052.0</ele>
   </trkpt>
   <trkpt lat="36.1068920" lon="-115.4959660">
    <ele>2051.0</ele>
   </trkpt>
   <trkpt lat="36.1068990" lon="-115.4959940">
    <ele>2051.0</ele>
   </trkpt>
   <trkpt lat="36.1069070" lon="-115.4960190">
    <ele>2051.0</ele>
   </trkpt>
   <trkpt lat="36.1069150" lon="-115.4960430">
    <ele>2051.0</ele>
   </trkpt>
   <trkpt lat="36.1069280" lon="-115.4960640">
    <ele>2051.0</ele>
   </trkpt>
   <trkpt lat="36.1069410" lon="-115.4960840">
    <ele>2050.0</ele>
   </trkpt>
   <trkpt lat="36.1069520" lon="-115.4961030">
    <ele>2050.0</ele>
   </trkpt>
   <trkpt lat="36.1069640" lon="-115.4961230">
    <ele>2050.0</ele>
   </trkpt>
   <trkpt lat="36.1069710" lon="-115.4961440">
    <ele>2050.0</ele>
   </trkpt>
   <trkpt lat="36.1069790" lon="-115.4961660">
    <ele>2050.0</ele>
   </trkpt>
   <trkpt lat="36.1069850" lon="-115.4961910">
    <ele>2049.0</ele>
   </trkpt>
   <trkpt lat="36.1069910" lon="-115.4962160">
    <ele>2049.0</ele>
   </trkpt>
   <trkpt lat="36.1070000" lon="-115.4962440">
    <ele>2049.0</ele>
   </trkpt>
   <trkpt lat="36.1070090" lon="-115.4962710">
    <ele>2049.0</ele>
   </trkpt>
   <trkpt lat="36.1070200" lon="-115.4962990">
    <ele>2049.0</ele>
   </trkpt>
   <trkpt lat="36.1070310" lon="-115.4963270">
    <ele>2048.0</ele>
   </trkpt>
   <trkpt lat="36.1070430" lon="-115.4963560">
    <ele>2048.0</ele>
   </trkpt>
   <trkpt lat="36.1070550" lon="-115.4963860">
    <ele>2048.0</ele>
   </trkpt>
   <trkpt lat="36.1070690" lon="-115.4964170">
    <ele>2048.0</ele>
   </trkpt>
   <trkpt lat="36.1070830" lon="-115.4964470">
    <ele>2048.0</ele>
   </trkpt>
   <trkpt lat="36.1070980" lon="-115.4964770">
    <ele>2048.0</ele>
   </trkpt>
   <trkpt lat="36.1071120" lon="-115.4965060">
    <ele>2048.0</ele>
   </trkpt>
   <trkpt lat="36.1071270" lon="-115.4965320">
    <ele>2048.0</ele>
   </trkpt>
   <trkpt lat="36.1071410" lon="-115.4965590">
    <ele>2048.0</ele>
   </trkpt>
   <trkpt lat="36.1071570" lon="-115.4965820">
    <ele>2048.0</ele>
   </trkpt>
   <trkpt lat="36.1071720" lon="-115.4966060">
    <ele>2047.0</ele>
   </trkpt>
   <trkpt lat="36.1071850" lon="-115.4966280">
    <ele>2047.0</ele>
   </trkpt>
   <trkpt lat="36.1071970" lon="-115.4966500">
    <ele>2047.0</ele>
   </trkpt>
   <trkpt lat="36.1072050" lon="-115.4966670">
    <ele>2047.0</ele>
   </trkpt>
   <trkpt lat="36.1072140" lon="-115.4966840">
    <ele>2047.0</ele>
   </trkpt>
   <trkpt lat="36.1072190" lon="-115.4966980">
    <ele>2046.0</ele>
   </trkpt>
   <trkpt lat="36.1072240" lon="-115.4967120">
    <ele>2046.0</ele>
   </trkpt>
   <trkpt lat="36.1072280" lon="-115.4967280">
    <ele>2045.0</ele>
   </trkpt>
   <trkpt lat="36.1072320" lon="-115.4967440">
    <ele>2045.0</ele>
   </trkpt>
   <trkpt lat="36.1072360" lon="-115.4967660">
    <ele>2045.0</ele>
   </trkpt>
   <trkpt lat="36.1072400" lon="-115.4967880">
    <ele>2044.0</ele>
   </trkpt>
   <trkpt lat="36.1072450" lon="-115.4968150">
    <ele>2044.0</ele>
   </trkpt>
   <trkpt lat="36.1072500" lon="-115.4968420">
    <ele>2044.0</ele>
   </trkpt>
   <trkpt lat="36.1072560" lon="-115.4968690">
    <ele>2044.0</ele>
   </trkpt>
   <trkpt lat="36.1072620" lon="-115.4968960">
    <ele>2044.0</ele>
   </trkpt>
   <trkpt lat="36.1072680" lon="-115.4969210">
    <ele>2044.0</ele>
   </trkpt>
   <trkpt lat="36.1072730" lon="-115.4969460">
    <ele>2044.0</ele>
   </trkpt>
   <trkpt lat="36.1072780" lon="-115.4969700">
    <ele>2044.0</ele>
   </trkpt>
   <trkpt lat="36.1072830" lon="-115.4969940">
    <ele>2044.0</ele>
   </trkpt>
   <trkpt lat="36.1072880" lon="-115.4970180">
    <ele>2044.0</ele>
   </trkpt>
   <trkpt lat="36.1072940" lon="-115.4970430">
    <ele>2043.0</ele>
   </trkpt>
   <trkpt lat="36.1073000" lon="-115.4970670">
    <ele>2043.0</ele>
   </trkpt>
   <trkpt lat="36.1073060" lon="-115.4970920">
    <ele>2043.0</ele>
   </trkpt>
   <trkpt lat="36.1073100" lon="-115.4971140">
    <ele>2043.0</ele>
   </trkpt>
   <trkpt lat="36.1073140" lon="-115.4971360">
    <ele>2043.0</ele>
   </trkpt>
   <trkpt lat="36.1073150" lon="-115.4971550">
    <ele>2043.0</ele>
   </trkpt>
   <trkpt lat="36.1073160" lon="-115.4971740">
    <ele>2043.0</ele>
   </trkpt>
   <trkpt lat="36.1073160" lon="-115.4971910">
    <ele>2043.0</ele>
   </trkpt>
   <trkpt lat="36.1073150" lon="-115.4972080">
    <ele>2043.0</ele>
   </trkpt>
   <trkpt lat="36.1073150" lon="-115.4972270">
    <ele>2043.0</ele>
   </trkpt>
   <trkpt lat="36.1073140" lon="-115.4972450">
    <ele>2043.0</ele>
   </trkpt>
   <trkpt lat="36.1073160" lon="-115.4972700">
    <ele>2043.0</ele>
   </trkpt>
   <trkpt lat="36.1073180" lon="-115.4972940">
    <ele>2043.0</ele>
   </trkpt>
   <trkpt lat="36.1073210" lon="-115.4973210">
    <ele>2043.0</ele>
   </trkpt>
   <trkpt lat="36.1073250" lon="-115.4973480">
    <ele>2043.0</ele>
   </trkpt>
   <trkpt lat="36.1073280" lon="-115.4973790">
    <ele>2043.0</ele>
   </trkpt>
   <trkpt lat="36.1073310" lon="-115.4974090">
    <ele>2043.0</ele>
   </trkpt>
   <trkpt lat="36.1073320" lon="-115.4974410">
    <ele>2043.0</ele>
   </trkpt>
   <trkpt lat="36.1073330" lon="-115.4974730">
    <ele>2043.0</ele>
   </trkpt>
   <trkpt lat="36.1073300" lon="-115.4975040">
    <ele>2043.0</ele>
   </trkpt>
   <trkpt lat="36.1073280" lon="-115.4975340">
    <ele>2043.0</ele>
   </trkpt>
   <trkpt lat="36.1073200" lon="-115.4975640">
    <ele>2043.0</ele>
   </trkpt>
   <trkpt lat="36.1073130" lon="-115.4975940">
    <ele>2043.0</ele>
   </trkpt>
   <trkpt lat="36.1073050" lon="-115.4976240">
    <ele>2043.0</ele>
   </trkpt>
   <trkpt lat="36.1072970" lon="-115.4976530">
    <ele>2043.0</ele>
   </trkpt>
   <trkpt lat="36.1072850" lon="-115.4976780">
    <ele>2042.0</ele>
   </trkpt>
   <trkpt lat="36.1072730" lon="-115.4977030">
    <ele>2042.0</ele>
   </trkpt>
   <trkpt lat="36.1072640" lon="-115.4977250">
    <ele>2042.0</ele>
   </trkpt>
   <trkpt lat="36.1072540" lon="-115.4977470">
    <ele>2042.0</ele>
   </trkpt>
   <trkpt lat="36.1072480" lon="-115.4977680">
    <ele>2042.0</ele>
   </trkpt>
   <trkpt lat="36.1072420" lon="-115.4977890">
    <ele>2042.0</ele>
   </trkpt>
   <trkpt lat="36.1072370" lon="-115.4978150">
    <ele>2042.0</ele>
   </trkpt>
   <trkpt lat="36.1072320" lon="-115.4978410">
    <ele>2042.0</ele>
   </trkpt>
   <trkpt lat="36.1072280" lon="-115.4978700">
    <ele>2042.0</ele>
   </trkpt>
   <trkpt lat="36.1072230" lon="-115.4978990">
    <ele>2042.0</ele>
   </trkpt>
   <trkpt lat="36.1072190" lon="-115.4979250">
    <ele>2041.0</ele>
   </trkpt>
   <trkpt lat="36.1072140" lon="-115.4979510">
    <ele>2041.0</ele>
   </trkpt>
   <trkpt lat="36.1072100" lon="-115.4979770">
    <ele>2041.0</ele>
   </trkpt>
   <trkpt lat="36.1072070" lon="-115.4980030">
    <ele>2041.0</ele>
   </trkpt>
   <trkpt lat="36.1072040" lon="-115.4980290">
    <ele>2041.0</ele>
   </trkpt>
   <trkpt lat="36.1072010" lon="-115.4980560">
    <ele>2041.0</ele>
   </trkpt>
   <trkpt lat="36.1071940" lon="-115.4980810">
    <ele>2041.0</ele>
   </trkpt>
   <trkpt lat="36.1071870" lon="-115.4981060">
    <ele>2041.0</ele>
   </trkpt>
   <trkpt lat="36.1071800" lon="-115.4981270">
    <ele>2041.0</ele>
   </trkpt>
   <trkpt lat="36.1071740" lon="-115.4981480">
    <ele>2041.0</ele>
   </trkpt>
   <trkpt lat="36.1071680" lon="-115.4981630">
    <ele>2041.0</ele>
   </trkpt>
   <trkpt lat="36.1071630" lon="-115.4981790">
    <ele>2041.0</ele>
   </trkpt>
   <trkpt lat="36.1071550" lon="-115.4981870">
    <ele>2041.0</ele>
   </trkpt>
   <trkpt lat="36.1071460" lon="-115.4981960">
    <ele>2041.0</ele>
   </trkpt>
   <trkpt lat="36.1071370" lon="-115.4982030">
    <ele>2041.0</ele>
   </trkpt>
   <trkpt lat="36.1071270" lon="-115.4982110">
    <ele>2041.0</ele>
   </trkpt>
   <trkpt lat="36.1071200" lon="-115.4982200">
    <ele>2041.0</ele>
   </trkpt>
   <trkpt lat="36.1071140" lon="-115.4982300">
    <ele>2041.0</ele>
   </trkpt>
   <trkpt lat="36.1071150" lon="-115.4982420">
    <ele>2041.0</ele>
   </trkpt>
   <trkpt lat="36.1071160" lon="-115.4982540">
    <ele>2041.0</ele>
   </trkpt>
   <trkpt lat="36.1071230" lon="-115.4982660">
    <ele>2041.0</ele>
   </trkpt>
   <trkpt lat="36.1071290" lon="-115.4982780">
    <ele>2041.0</ele>
   </trkpt>
   <trkpt lat="36.1071390" lon="-115.4982880">
    <ele>2041.0</ele>
   </trkpt>
   <trkpt lat="36.1071480" lon="-115.4982980">
    <ele>2041.0</ele>
   </trkpt>
   <trkpt lat="36.1071570" lon="-115.4983080">
    <ele>2041.0</ele>
   </trkpt>
   <trkpt lat="36.1071660" lon="-115.4983180">
    <ele>2041.0</ele>
   </trkpt>
   <trkpt lat="36.1071720" lon="-115.4983270">
    <ele>2041.0</ele>
   </trkpt>
   <trkpt lat="36.1071780" lon="-115.4983370">
    <ele>2041.0</ele>
   </trkpt>
   <trkpt lat="36.1071840" lon="-115.4983450">
    <ele>2041.0</ele>
   </trkpt>
   <trkpt lat="36.1071890" lon="-115.4983530">
    <ele>2042.0</ele>
   </trkpt>
   <trkpt lat="36.1071960" lon="-115.4983590">
    <ele>2042.0</ele>
   </trkpt>
   <trkpt lat="36.1072030" lon="-115.4983640">
    <ele>2042.0</ele>
   </trkpt>
   <trkpt lat="36.1072090" lon="-115.4983670">
    <ele>2042.0</ele>
   </trkpt>
   <trkpt lat="36.1072160" lon="-115.4983710">
    <ele>2042.0</ele>
   </trkpt>
   <trkpt lat="36.1072210" lon="-115.4983740">
    <ele>2043.0</ele>
   </trkpt>
   <trkpt lat="36.1072250" lon="-115.4983770">
    <ele>2043.0</ele>
   </trkpt>
   <trkpt lat="36.1072290" lon="-115.4983800">
    <ele>2043.0</ele>
   </trkpt>
   <trkpt lat="36.1072340" lon="-115.4983860">
    <ele>2043.0</ele>
   </trkpt>
   <trkpt lat="36.1072400" lon="-115.4983920">
    <ele>2043.0</ele>
   </trkpt>
   <trkpt lat="36.1072440" lon="-115.4984000">
    <ele>2044.0</ele>
   </trkpt>
   <trkpt lat="36.1072480" lon="-115.4984070">
    <ele>2044.0</ele>
   </trkpt>
   <trkpt lat="36.1072510" lon="-115.4984150">
    <ele>2044.0</ele>
   </trkpt>
   <trkpt lat="36.1072540" lon="-115.4984240">
    <ele>2044.0</ele>
   </trkpt>
   <trkpt lat="36.1072590" lon="-115.4984290">
    <ele>2044.0</ele>
   </trkpt>
   <trkpt lat="36.1072640" lon="-115.4984340">
    <ele>2045.0</ele>
   </trkpt>
   <trkpt lat="36.1072710" lon="-115.4984340">
    <ele>2045.0</ele>
   </trkpt>
   <trkpt lat="36.1072790" lon="-115.4984340">
    <ele>2045.0</ele>
   </trkpt>
   <trkpt lat="36.1072870" lon="-115.4984350">
    <ele>2045.0</ele>
   </trkpt>
   <trkpt lat="36.1072950" lon="-115.4984350">
    <ele>2045.0</ele>
   </trkpt>
   <trkpt lat="36.1073040" lon="-115.4984380">
    <ele>2046.0</ele>
   </trkpt>
   <trkpt lat="36.1073120" lon="-115.4984400">
    <ele>2046.0</ele>
   </trkpt>
   <trkpt lat="36.1073200" lon="-115.4984440">
    <ele>2046.0</ele>
   </trkpt>
   <trkpt lat="36.1073280" lon="-115.4984470">
    <ele>2047.0</ele>
   </trkpt>
   <trkpt lat="36.1073350" lon="-115.4984500">
    <ele>2047.0</ele>
   </trkpt>
   <trkpt lat="36.1073420" lon="-115.4984540">
    <ele>2048.0</ele>
   </trkpt>
   <trkpt lat="36.1073480" lon="-115.4984580">
    <ele>2048.0</ele>
   </trkpt>
   <trkpt lat="36.1073540" lon="-115.4984630">
    <ele>2048.0</ele>
   </trkpt>
   <trkpt lat="36.1073620" lon="-115.4984680">
    <ele>2048.0</ele>
   </trkpt>
   <trkpt lat="36.1073700" lon="-115.4984740">
    <ele>2048.0</ele>
   </trkpt>
   <trkpt lat="36.1073770" lon="-115.4984790">
    <ele>2049.0</ele>
   </trkpt>
   <trkpt lat="36.1073850" lon="-115.4984840">
    <ele>2049.0</ele>
   </trkpt>
   <trkpt lat="36.1073920" lon="-115.4984880">
    <ele>2049.0</ele>
   </trkpt>
   <trkpt lat="36.1074000" lon="-115.4984920">
    <ele>2049.0</ele>
   </trkpt>
   <trkpt lat="36.1074070" lon="-115.4984960">
    <ele>2049.0</ele>
   </trkpt>
   <trkpt lat="36.1074150" lon="-115.4985010">
    <ele>2050.0</ele>
   </trkpt>
   <trkpt lat="36.1074210" lon="-115.4985040">
    <ele>2050.0</ele>
   </trkpt>
   <trkpt lat="36.1074280" lon="-115.4985080">
    <ele>2050.0</ele>
   </trkpt>
   <trkpt lat="36.1074350" lon="-115.4985120">
    <ele>2050.0</ele>
   </trkpt>
   <trkpt lat="36.1074420" lon="-115.4985160">
    <ele>2050.0</ele>
   </trkpt>
   <trkpt lat="36.1074490" lon="-115.4985190">
    <ele>2051.0</ele>
   </trkpt>
   <trkpt lat="36.1074560" lon="-115.4985230">
    <ele>2051.0</ele>
   </trkpt>
   <trkpt lat="36.1074630" lon="-115.4985270">
    <ele>2051.0</ele>
   </trkpt>
   <trkpt lat="36.1074700" lon="-115.4985310">
    <ele>2052.0</ele>
   </trkpt>
   <trkpt lat="36.1074780" lon="-115.4985350">
    <ele>2052.0</ele>
   </trkpt>
   <trkpt lat="36.1074860" lon="-115.4985400">
    <ele>2053.0</ele>
   </trkpt>
   <trkpt lat="36.1074940" lon="-115.4985440">
    <ele>2053.0</ele>
   </trkpt>
   <trkpt lat="36.1075020" lon="-115.4985490">
    <ele>2053.0</ele>
   </trkpt>
   <trkpt lat="36.1075100" lon="-115.4985500">
    <ele>2053.0</ele>
   </trkpt>
   <trkpt lat="36.1075180" lon="-115.4985510">
    <ele>2053.0</ele>
   </trkpt>
   <trkpt lat="36.1075270" lon="-115.4985520">
    <ele>2054.0</ele>
   </trkpt>
   <trkpt lat="36.1075350" lon="-115.4985520">
    <ele>2054.0</ele>
   </trkpt>
   <trkpt lat="36.1075430" lon="-115.4985530">
    <ele>2054.0</ele>
   </trkpt>
   <trkpt lat="36.1075520" lon="-115.4985540">
    <ele>2054.0</ele>
   </trkpt>
   <trkpt lat="36.1075590" lon="-115.4985540">
    <ele>2054.0</ele>
   </trkpt>
   <trkpt lat="36.1075670" lon="-115.4985540">
    <ele>2055.0</ele>
   </trkpt>
   <trkpt lat="36.1075750" lon="-115.4985520">
    <ele>2055.0</ele>
   </trkpt>
   <trkpt lat="36.1075830" lon="-115.4985500">
    <ele>2055.0</ele>
   </trkpt>
   <trkpt lat="36.1075910" lon="-115.4985450">
    <ele>2056.0</ele>
   </trkpt>
   <trkpt lat="36.1076000" lon="-115.4985400">
    <ele>2056.0</ele>
   </trkpt>
   <trkpt lat="36.1076080" lon="-115.4985330">
    <ele>2057.0</ele>
   </trkpt>
   <trkpt lat="36.1076160" lon="-115.4985270">
    <ele>2057.0</ele>
   </trkpt>
   <trkpt lat="36.1076240" lon="-115.4985210">
    <ele>2057.0</ele>
   </trkpt>
   <trkpt lat="36.1076330" lon="-115.4985140">
    <ele>2057.0</ele>
   </trkpt>
   <trkpt lat="36.1076420" lon="-115.4985080">
    <ele>2057.0</ele>
   </trkpt>
   <trkpt lat="36.1076500" lon="-115.4985020">
    <ele>2058.0</ele>
   </trkpt>
   <trkpt lat="36.1076590" lon="-115.4984970">
    <ele>2058.0</ele>
   </trkpt>
   <trkpt lat="36.1076680" lon="-115.4984920">
    <ele>2058.0</ele>
   </trkpt>
   <trkpt lat="36.1076760" lon="-115.4984850">
    <ele>2059.0</ele>
   </trkpt>
   <trkpt lat="36.1076840" lon="-115.4984790">
    <ele>2059.0</ele>
   </trkpt>
   <trkpt lat="36.1076910" lon="-115.4984720">
    <ele>2060.0</ele>
   </trkpt>
   <trkpt lat="36.1076990" lon="-115.4984650">
    <ele>2060.0</ele>
   </trkpt>
   <trkpt lat="36.1077070" lon="-115.4984580">
    <ele>2060.0</ele>
   </trkpt>
   <trkpt lat="36.1077150" lon="-115.4984510">
    <ele>2061.0</ele>
   </trkpt>
   <trkpt lat="36.1077240" lon="-115.4984450">
    <ele>2061.0</ele>
   </trkpt>
   <trkpt lat="36.1077340" lon="-115.4984390">
    <ele>2062.0</ele>
   </trkpt>
   <trkpt lat="36.1077440" lon="-115.4984330">
    <ele>2062.0</ele>
   </trkpt>
   <trkpt lat="36.1077550" lon="-115.4984260">
    <ele>2062.0</ele>
   </trkpt>
   <trkpt lat="36.1077660" lon="-115.4984170">
    <ele>2062.0</ele>
   </trkpt>
   <trkpt lat="36.1077760" lon="-115.4984090">
    <ele>2062.0</ele>
   </trkpt>
   <trkpt lat="36.1077860" lon="-115.4983960">
    <ele>2063.0</ele>
   </trkpt>
   <trkpt lat="36.1077960" lon="-115.4983840">
    <ele>2063.0</ele>
   </trkpt>
   <trkpt lat="36.1078050" lon="-115.4983710">
    <ele>2063.0</ele>
   </trkpt>
   <trkpt lat="36.1078150" lon="-115.4983580">
    <ele>2064.0</ele>
   </trkpt>
   <trkpt lat="36.1078230" lon="-115.4983480">
    <ele>2064.0</ele>
   </trkpt>
   <trkpt lat="36.1078320" lon="-115.4983380">
    <ele>2065.0</ele>
   </trkpt>
   <trkpt lat="36.1078400" lon="-115.4983300">
    <ele>2065.0</ele>
   </trkpt>
   <trkpt lat="36.1078470" lon="-115.4983230">
    <ele>2065.0</ele>
   </trkpt>
   <trkpt lat="36.1078540" lon="-115.4983150">
    <ele>2065.0</ele>
   </trkpt>
   <trkpt lat="36.1078620" lon="-115.4983060">
    <ele>2065.0</ele>
   </trkpt>
   <trkpt lat="36.1078670" lon="-115.4982990">
    <ele>2065.0</ele>
   </trkpt>
   <trkpt lat="36.1078730" lon="-115.4982910">
    <ele>2065.0</ele>
   </trkpt>
   <trkpt lat="36.1078790" lon="-115.4982840">
    <ele>2065.0</ele>
   </trkpt>
   <trkpt lat="36.1078860" lon="-115.4982770">
    <ele>2066.0</ele>
   </trkpt>
   <trkpt lat="36.1078930" lon="-115.4982700">
    <ele>2066.0</ele>
   </trkpt>
   <trkpt lat="36.1079010" lon="-115.4982630">
    <ele>2067.0</ele>
   </trkpt>
   <trkpt lat="36.1079090" lon="-115.4982570">
    <ele>2067.0</ele>
   </trkpt>
   <trkpt lat="36.1079180" lon="-115.4982520">
    <ele>2067.0</ele>
   </trkpt>
   <trkpt lat="36.1079260" lon="-115.4982470">
    <ele>2067.0</ele>
   </trkpt>
   <trkpt lat="36.1079340" lon="-115.4982430">
    <ele>2067.0</ele>
   </trkpt>
   <trkpt lat="36.1079420" lon="-115.4982390">
    <ele>2068.0</ele>
   </trkpt>
   <trkpt lat="36.1079510" lon="-115.4982340">
    <ele>2068.0</ele>
   </trkpt>
   <trkpt lat="36.1079590" lon="-115.4982300">
    <ele>2068.0</ele>
   </trkpt>
   <trkpt lat="36.1079680" lon="-115.4982250">
    <ele>2068.0</ele>
   </trkpt>
   <trkpt lat="36.1079760" lon="-115.4982210">
    <ele>2068.0</ele>
   </trkpt>
   <trkpt lat="36.1079850" lon="-115.4982160">
    <ele>2069.0</ele>
   </trkpt>
   <trkpt lat="36.1079930" lon="-115.4982100">
    <ele>2069.0</ele>
   </trkpt>
   <trkpt lat="36.1080010" lon="-115.4982040">
    <ele>2069.0</ele>
   </trkpt>
   <trkpt lat="36.1080090" lon="-115.4981970">
    <ele>2069.0</ele>
   </trkpt>
   <trkpt lat="36.1080170" lon="-115.4981910">
    <ele>2069.0</ele>
   </trkpt>
   <trkpt lat="36.1080250" lon="-115.4981860">
    <ele>2070.0</ele>
   </trkpt>
   <trkpt lat="36.1080330" lon="-115.4981820">
    <ele>2070.0</ele>
   </trkpt>
   <trkpt lat="36.1080410" lon="-115.4981760">
    <ele>2070.0</ele>
   </trkpt>
   <trkpt lat="36.1080490" lon="-115.4981700">
    <ele>2070.0</ele>
   </trkpt>
   <trkpt lat="36.1080570" lon="-115.4981620">
    <ele>2070.0</ele>
   </trkpt>
   <trkpt lat="36.1080650" lon="-115.4981550">
    <ele>2071.0</ele>
   </trkpt>
   <trkpt lat="36.1080730" lon="-115.4981500">
    <ele>2071.0</ele>
   </trkpt>
   <trkpt lat="36.1080800" lon="-115.4981450">
    <ele>2071.0</ele>
   </trkpt>
   <trkpt lat="36.1080880" lon="-115.4981410">
    <ele>2072.0</ele>
   </trkpt>
   <trkpt lat="36.1080960" lon="-115.4981370">
    <ele>2072.0</ele>
   </trkpt>
   <trkpt lat="36.1081050" lon="-115.4981330">
    <ele>2073.0</ele>
   </trkpt>
   <trkpt lat="36.1081140" lon="-115.4981280">
    <ele>2073.0</ele>
   </trkpt>
   <trkpt lat="36.1081220" lon="-115.4981250">
    <ele>2073.0</ele>
   </trkpt>
   <trkpt lat="36.1081310" lon="-115.4981210">
    <ele>2073.0</ele>
   </trkpt>
   <trkpt lat="36.1081400" lon="-115.4981160">
    <ele>2073.0</ele>
   </trkpt>
   <trkpt lat="36.1081480" lon="-115.4981120">
    <ele>2074.0</ele>
   </trkpt>
   <trkpt lat="36.1081580" lon="-115.4981050">
    <ele>2074.0</ele>
   </trkpt>
   <trkpt lat="36.1081680" lon="-115.4980980">
    <ele>2074.0</ele>
   </trkpt>
   <trkpt lat="36.1081760" lon="-115.4980920">
    <ele>2074.0</ele>
   </trkpt>
   <trkpt lat="36.1081850" lon="-115.4980850">
    <ele>2074.0</ele>
   </trkpt>
   <trkpt lat="36.1081920" lon="-115.4980800">
    <ele>2075.0</ele>
   </trkpt>
   <trkpt lat="36.1082000" lon="-115.4980750">
    <ele>2075.0</ele>
   </trkpt>
   <trkpt lat="36.1082070" lon="-115.4980720">
    <ele>2075.0</ele>
   </trkpt>
   <trkpt lat="36.1082150" lon="-115.4980680">
    <ele>2075.0</ele>
   </trkpt>
   <trkpt lat="36.1082210" lon="-115.4980670">
    <ele>2075.0</ele>
   </trkpt>
   <trkpt lat="36.1082280" lon="-115.4980660">
    <ele>2076.0</ele>
   </trkpt>
   <trkpt lat="36.1082350" lon="-115.4980670">
    <ele>2076.0</ele>
   </trkpt>
   <trkpt lat="36.1082410" lon="-115.4980670">
    <ele>2076.0</ele>
   </trkpt>
   <trkpt lat="36.1082480" lon="-115.4980700">
    <ele>2076.0</ele>
   </trkpt>
   <trkpt lat="36.1082560" lon="-115.4980720">
    <ele>2076.0</ele>
   </trkpt>
   <trkpt lat="36.1082620" lon="-115.4980740">
    <ele>2077.0</ele>
   </trkpt>
   <trkpt lat="36.1082690" lon="-115.4980770">
    <ele>2077.0</ele>
   </trkpt>
   <trkpt lat="36.1082740" lon="-115.4980780">
    <ele>2077.0</ele>
   </trkpt>
   <trkpt lat="36.1082800" lon="-115.4980800">
    <ele>2078.0</ele>
   </trkpt>
   <trkpt lat="36.1082870" lon="-115.4980790">
    <ele>2078.0</ele>
   </trkpt>
   <trkpt lat="36.1082940" lon="-115.4980790">
    <ele>2079.0</ele>
   </trkpt>
   <trkpt lat="36.1083030" lon="-115.4980780">
    <ele>2079.0</ele>
   </trkpt>
   <trkpt lat="36.1083120" lon="-115.4980780">
    <ele>2079.0</ele>
   </trkpt>
   <trkpt lat="36.1083240" lon="-115.4980770">
    <ele>2079.0</ele>
   </trkpt>
   <trkpt lat="36.1083360" lon="-115.4980770">
    <ele>2079.0</ele>
   </trkpt>
   <trkpt lat="36.1083480" lon="-115.4980750">
    <ele>2080.0</ele>
   </trkpt>
   <trkpt lat="36.1083600" lon="-115.4980730">
    <ele>2080.0</ele>
   </trkpt>
   <trkpt lat="36.1083690" lon="-115.4980690">
    <ele>2080.0</ele>
   </trkpt>
   <trkpt lat="36.1083790" lon="-115.4980660">
    <ele>2081.0</ele>
   </trkpt>
   <trkpt lat="36.1083870" lon="-115.4980600">
    <ele>2081.0</ele>
   </trkpt>
   <trkpt lat="36.1083940" lon="-115.4980540">
    <ele>2082.0</ele>
   </trkpt>
   <trkpt lat="36.1083990" lon="-115.4980430">
    <ele>2082.0</ele>
   </trkpt>
   <trkpt lat="36.1084040" lon="-115.4980320">
    <ele>2082.0</ele>
   </trkpt>
   <trkpt lat="36.1084080" lon="-115.4980190">
    <ele>2083.0</ele>
   </trkpt>
   <trkpt lat="36.1084110" lon="-115.4980060">
    <ele>2083.0</ele>
   </trkpt>
   <trkpt lat="36.1084140" lon="-115.4979930">
    <ele>2084.0</ele>
   </trkpt>
   <trkpt lat="36.1084160" lon="-115.4979800">
    <ele>2084.0</ele>
   </trkpt>
   <trkpt lat="36.1084170" lon="-115.4979660">
    <ele>2084.0</ele>
   </trkpt>
   <trkpt lat="36.1084190" lon="-115.4979510">
    <ele>2084.0</ele>
   </trkpt>
   <trkpt lat="36.1084200" lon="-115.4979360">
    <ele>2084.0</ele>
   </trkpt>
   <trkpt lat="36.1084220" lon="-115.4979220">
    <ele>2085.0</ele>
   </trkpt>
   <trkpt lat="36.1084240" lon="-115.4979080">
    <ele>2085.0</ele>
   </trkpt>
   <trkpt lat="36.1084270" lon="-115.4978950">
    <ele>2085.0</ele>
   </trkpt>
   <trkpt lat="36.1084300" lon="-115.4978830">
    <ele>2085.0</ele>
   </trkpt>
   <trkpt lat="36.1084330" lon="-115.4978710">
    <ele>2085.0</ele>
   </trkpt>
   <trkpt lat="36.1084380" lon="-115.4978600">
    <ele>2086.0</ele>
   </trkpt>
   <trkpt lat="36.1084430" lon="-115.4978500">
    <ele>2086.0</ele>
   </trkpt>
   <trkpt lat="36.1084490" lon="-115.4978400">
    <ele>2086.0</ele>
   </trkpt>
   <trkpt lat="36.1084550" lon="-115.4978310">
    <ele>2086.0</ele>
   </trkpt>
   <trkpt lat="36.1084630" lon="-115.4978210">
    <ele>2086.0</ele>
   </trkpt>
   <trkpt lat="36.1084700" lon="-115.4978110">
    <ele>2087.0</ele>
   </trkpt>
   <trkpt lat="36.1084790" lon="-115.4977990">
    <ele>2087.0</ele>
   </trkpt>
   <trkpt lat="36.1084870" lon="-115.4977870">
    <ele>2087.0</ele>
   </trkpt>
   <trkpt lat="36.1084950" lon="-115.4977750">
    <ele>2087.0</ele>
   </trkpt>
   <trkpt lat="36.1085030" lon="-115.4977620">
    <ele>2087.0</ele>
   </trkpt>
   <trkpt lat="36.1085130" lon="-115.4977490">
    <ele>2088.0</ele>
   </trkpt>
   <trkpt lat="36.1085220" lon="-115.4977370">
    <ele>2088.0</ele>
   </trkpt>
   <trkpt lat="36.1085330" lon="-115.4977240">
    <ele>2088.0</ele>
   </trkpt>
   <trkpt lat="36.1085430" lon="-115.4977120">
    <ele>2088.0</ele>
   </trkpt>
   <trkpt lat="36.1085540" lon="-115.4977030">
    <ele>2088.0</ele>
   </trkpt>
   <trkpt lat="36.1085640" lon="-115.4976940">
    <ele>2089.0</ele>
   </trkpt>
   <trkpt lat="36.1085730" lon="-115.4976900">
    <ele>2089.0</ele>
   </trkpt>
   <trkpt lat="36.1085820" lon="-115.4976860">
    <ele>2089.0</ele>
   </trkpt>
   <trkpt lat="36.1085880" lon="-115.4976880">
    <ele>2089.0</ele>
   </trkpt>
   <trkpt lat="36.1085950" lon="-115.4976890">
    <ele>2089.0</ele>
   </trkpt>
   <trkpt lat="36.1086010" lon="-115.4976900">
    <ele>2090.0</ele>
   </trkpt>
   <trkpt lat="36.1086080" lon="-115.4976940">
    <ele>2090.0</ele>
   </trkpt>
   <trkpt lat="36.1086160" lon="-115.4976990">
    <ele>2090.0</ele>
   </trkpt>
   <trkpt lat="36.1086220" lon="-115.4977030">
    <ele>2090.0</ele>
   </trkpt>
   <trkpt lat="36.1086290" lon="-115.4977080">
    <ele>2090.0</ele>
   </trkpt>
   <trkpt lat="36.1086350" lon="-115.4977110">
    <ele>2090.0</ele>
   </trkpt>
   <trkpt lat="36.1086410" lon="-115.4977150">
    <ele>2090.0</ele>
   </trkpt>
   <trkpt lat="36.1086510" lon="-115.4977160">
    <ele>2090.0</ele>
   </trkpt>
   <trkpt lat="36.1086600" lon="-115.4977180">
    <ele>2090.0</ele>
   </trkpt>
   <trkpt lat="36.1086740" lon="-115.4977210">
    <ele>2090.0</ele>
   </trkpt>
   <trkpt lat="36.1086880" lon="-115.4977240">
    <ele>2090.0</ele>
   </trkpt>
   <trkpt lat="36.1087040" lon="-115.4977250">
    <ele>2090.0</ele>
   </trkpt>
   <trkpt lat="36.1087200" lon="-115.4977260">
    <ele>2090.0</ele>
   </trkpt>
   <trkpt lat="36.1087360" lon="-115.4977220">
    <ele>2090.0</ele>
   </trkpt>
   <trkpt lat="36.1087510" lon="-115.4977180">
    <ele>2090.0</ele>
   </trkpt>
   <trkpt lat="36.1087650" lon="-115.4977110">
    <ele>2090.0</ele>
   </trkpt>
   <trkpt lat="36.1087800" lon="-115.4977040">
    <ele>2090.0</ele>
   </trkpt>
   <trkpt lat="36.1087950" lon="-115.4976950">
    <ele>2090.0</ele>
   </trkpt>
   <trkpt lat="36.1088100" lon="-115.4976860">
    <ele>2090.0</ele>
   </trkpt>
   <trkpt lat="36.1088260" lon="-115.4976800">
    <ele>2090.0</ele>
   </trkpt>
   <trkpt lat="36.1088410" lon="-115.4976730">
    <ele>2090.0</ele>
   </trkpt>
   <trkpt lat="36.1088570" lon="-115.4976670">
    <ele>2090.0</ele>
   </trkpt>
   <trkpt lat="36.1088720" lon="-115.4976610">
    <ele>2090.0</ele>
   </trkpt>
   <trkpt lat="36.1088880" lon="-115.4976540">
    <ele>2090.0</ele>
   </trkpt>
   <trkpt lat="36.1089040" lon="-115.4976480">
    <ele>2090.0</ele>
   </trkpt>
   <trkpt lat="36.1089220" lon="-115.4976420">
    <ele>2090.0</ele>
   </trkpt>
   <trkpt lat="36.1089390" lon="-115.4976360">
    <ele>2090.0</ele>
   </trkpt>
   <trkpt lat="36.1089560" lon="-115.4976330">
    <ele>2090.0</ele>
   </trkpt>
   <trkpt lat="36.1089730" lon="-115.4976300">
    <ele>2090.0</ele>
   </trkpt>
   <trkpt lat="36.1089900" lon="-115.4976300">
    <ele>2090.0</ele>
   </trkpt>
   <trkpt lat="36.1090070" lon="-115.4976300">
    <ele>2090.0</ele>
   </trkpt>
   <trkpt lat="36.1090250" lon="-115.4976290">
    <ele>2090.0</ele>
   </trkpt>
   <trkpt lat="36.1090440" lon="-115.4976270">
    <ele>2090.0</ele>
   </trkpt>
   <trkpt lat="36.1090650" lon="-115.4976190">
    <ele>2090.0</ele>
   </trkpt>
   <trkpt lat="36.1090860" lon="-115.4976110">
    <ele>2090.0</ele>
   </trkpt>
   <trkpt lat="36.1091040" lon="-115.4975990">
    <ele>2091.0</ele>
   </trkpt>
   <trkpt lat="36.1091220" lon="-115.4975870">
    <ele>2091.0</ele>
   </trkpt>
   <trkpt lat="36.1091340" lon="-115.4975750">
    <ele>2091.0</ele>
   </trkpt>
   <trkpt lat="36.1091460" lon="-115.4975620">
    <ele>2091.0</ele>
   </trkpt>
   <trkpt lat="36.1091540" lon="-115.4975430">
    <ele>2091.0</ele>
   </trkpt>
   <trkpt lat="36.1091620" lon="-115.4975240">
    <ele>2092.0</ele>
   </trkpt>
   <trkpt lat="36.1091710" lon="-115.4975020">
    <ele>2092.0</ele>
   </trkpt>
   <trkpt lat="36.1091790" lon="-115.4974810">
    <ele>2092.0</ele>
   </trkpt>
   <trkpt lat="36.1091900" lon="-115.4974610">
    <ele>2092.0</ele>
   </trkpt>
   <trkpt lat="36.1092020" lon="-115.4974410">
    <ele>2092.0</ele>
   </trkpt>
   <trkpt lat="36.1092100" lon="-115.4974240">
    <ele>2092.0</ele>
   </trkpt>
   <trkpt lat="36.1092180" lon="-115.4974080">
    <ele>2092.0</ele>
   </trkpt>
   <trkpt lat="36.1092230" lon="-115.4973930">
    <ele>2092.0</ele>
   </trkpt>
   <trkpt lat="36.1092290" lon="-115.4973790">
    <ele>2092.0</ele>
   </trkpt>
   <trkpt lat="36.1092330" lon="-115.4973640">
    <ele>2092.0</ele>
   </trkpt>
   <trkpt lat="36.1092370" lon="-115.4973490">
    <ele>2092.0</ele>
   </trkpt>
   <trkpt lat="36.1092400" lon="-115.4973320">
    <ele>2092.0</ele>
   </trkpt>
   <trkpt lat="36.1092430" lon="-115.4973140">
    <ele>2092.0</ele>
   </trkpt>
   <trkpt lat="36.1092500" lon="-115.4972930">
    <ele>2092.0</ele>
   </trkpt>
   <trkpt lat="36.1092570" lon="-115.4972720">
    <ele>2092.0</ele>
   </trkpt>
   <trkpt lat="36.1092680" lon="-115.4972510">
    <ele>2092.0</ele>
   </trkpt>
   <trkpt lat="36.1092790" lon="-115.4972300">
    <ele>2092.0</ele>
   </trkpt>
   <trkpt lat="36.1092900" lon="-115.4972130">
    <ele>2092.0</ele>
   </trkpt>
   <trkpt lat="36.1093010" lon="-115.4971960">
    <ele>2092.0</ele>
   </trkpt>
   <trkpt lat="36.1093100" lon="-115.4971820">
    <ele>2092.0</ele>
   </trkpt>
   <trkpt lat="36.1093180" lon="-115.4971690">
    <ele>2092.0</ele>
   </trkpt>
   <trkpt lat="36.1093250" lon="-115.4971570">
    <ele>2092.0</ele>
   </trkpt>
   <trkpt lat="36.1093310" lon="-115.4971460">
    <ele>2092.0</ele>
   </trkpt>
   <trkpt lat="36.1093360" lon="-115.4971350">
    <ele>2092.0</ele>
   </trkpt>
   <trkpt lat="36.1093420" lon="-115.4971240">
    <ele>2092.0</ele>
   </trkpt>
   <trkpt lat="36.1093470" lon="-115.4971130">
    <ele>2093.0</ele>
   </trkpt>
   <trkpt lat="36.1093510" lon="-115.4971030">
    <ele>2093.0</ele>
   </trkpt>
   <trkpt lat="36.1093560" lon="-115.4970920">
    <ele>2093.0</ele>
   </trkpt>
   <trkpt lat="36.1093600" lon="-115.4970810">
    <ele>2093.0</ele>
   </trkpt>
   <trkpt lat="36.1093640" lon="-115.4970720">
    <ele>2093.0</ele>
   </trkpt>
   <trkpt lat="36.1093680" lon="-115.4970620">
    <ele>2094.0</ele>
   </trkpt>
   <trkpt lat="36.1093700" lon="-115.4970520">
    <ele>2094.0</ele>
   </trkpt>
   <trkpt lat="36.1093730" lon="-115.4970420">
    <ele>2094.0</ele>
   </trkpt>
   <trkpt lat="36.1093760" lon="-115.4970310">
    <ele>2094.0</ele>
   </trkpt>
   <trkpt lat="36.1093790" lon="-115.4970190">
    <ele>2094.0</ele>
   </trkpt>
   <trkpt lat="36.1093810" lon="-115.4970080">
    <ele>2095.0</ele>
   </trkpt>
   <trkpt lat="36.1093840" lon="-115.4969960">
    <ele>2095.0</ele>
   </trkpt>
   <trkpt lat="36.1093870" lon="-115.4969850">
    <ele>2095.0</ele>
   </trkpt>
   <trkpt lat="36.1093900" lon="-115.4969750">
    <ele>2095.0</ele>
   </trkpt>
   <trkpt lat="36.1093930" lon="-115.4969650">
    <ele>2095.0</ele>
   </trkpt>
   <trkpt lat="36.1093960" lon="-115.4969560">
    <ele>2096.0</ele>
   </trkpt>
   <trkpt lat="36.1093990" lon="-115.4969460">
    <ele>2096.0</ele>
   </trkpt>
   <trkpt lat="36.1094020" lon="-115.4969360">
    <ele>2096.0</ele>
   </trkpt>
   <trkpt lat="36.1094040" lon="-115.4969240">
    <ele>2097.0</ele>
   </trkpt>
   <trkpt lat="36.1094070" lon="-115.4969120">
    <ele>2097.0</ele>
   </trkpt>
   <trkpt lat="36.1094090" lon="-115.4968990">
    <ele>2098.0</ele>
   </trkpt>
   <trkpt lat="36.1094120" lon="-115.4968860">
    <ele>2098.0</ele>
   </trkpt>
   <trkpt lat="36.1094140" lon="-115.4968730">
    <ele>2098.0</ele>
   </trkpt>
   <trkpt lat="36.1094160" lon="-115.4968610">
    <ele>2098.0</ele>
   </trkpt>
   <trkpt lat="36.1094190" lon="-115.4968500">
    <ele>2098.0</ele>
   </trkpt>
   <trkpt lat="36.1094230" lon="-115.4968390">
    <ele>2099.0</ele>
   </trkpt>
   <trkpt lat="36.1094280" lon="-115.4968290">
    <ele>2099.0</ele>
   </trkpt>
   <trkpt lat="36.1094320" lon="-115.4968200">
    <ele>2099.0</ele>
   </trkpt>
   <trkpt lat="36.1094390" lon="-115.4968100">
    <ele>2099.0</ele>
   </trkpt>
   <trkpt lat="36.1094460" lon="-115.4968010">
    <ele>2099.0</ele>
   </trkpt>
   <trkpt lat="36.1094540" lon="-115.4967920">
    <ele>2100.0</ele>
   </trkpt>
   <trkpt lat="36.1094620" lon="-115.4967830">
    <ele>2100.0</ele>
   </trkpt>
   <trkpt lat="36.1094700" lon="-115.4967760">
    <ele>2100.0</ele>
   </trkpt>
   <trkpt lat="36.1094790" lon="-115.4967690">
    <ele>2101.0</ele>
   </trkpt>
   <trkpt lat="36.1094860" lon="-115.4967620">
    <ele>2101.0</ele>
   </trkpt>
   <trkpt lat="36.1094930" lon="-115.4967550">
    <ele>2102.0</ele>
   </trkpt>
   <trkpt lat="36.1094990" lon="-115.4967470">
    <ele>2102.0</ele>
   </trkpt>
   <trkpt lat="36.1095050" lon="-115.4967390">
    <ele>2102.0</ele>
   </trkpt>
   <trkpt lat="36.1095100" lon="-115.4967310">
    <ele>2102.0</ele>
   </trkpt>
   <trkpt lat="36.1095160" lon="-115.4967230">
    <ele>2102.0</ele>
   </trkpt>
   <trkpt lat="36.1095200" lon="-115.4967150">
    <ele>2103.0</ele>
   </trkpt>
   <trkpt lat="36.1095250" lon="-115.4967060">
    <ele>2103.0</ele>
   </trkpt>
   <trkpt lat="36.1095290" lon="-115.4966970">
    <ele>2103.0</ele>
   </trkpt>
   <trkpt lat="36.1095330" lon="-115.4966880">
    <ele>2103.0</ele>
   </trkpt>
   <trkpt lat="36.1095380" lon="-115.4966800">
    <ele>2103.0</ele>
   </trkpt>
   <trkpt lat="36.1095420" lon="-115.4966720">
    <ele>2104.0</ele>
   </trkpt>
   <trkpt lat="36.1095450" lon="-115.4966660">
    <ele>2104.0</ele>
   </trkpt>
   <trkpt lat="36.1095480" lon="-115.4966610">
    <ele>2104.0</ele>
   </trkpt>
   <trkpt lat="36.1095530" lon="-115.4966510">
    <ele>2105.0</ele>
   </trkpt>
   <trkpt lat="36.1095580" lon="-115.4966400">
    <ele>2105.0</ele>
   </trkpt>
   <trkpt lat="36.1095620" lon="-115.4966300">
    <ele>2106.0</ele>
   </trkpt>
   <trkpt lat="36.1095660" lon="-115.4966210">
    <ele>2106.0</ele>
   </trkpt>
   <trkpt lat="36.1095700" lon="-115.4966140">
    <ele>2106.0</ele>
   </trkpt>
   <trkpt lat="36.1095750" lon="-115.4966070">
    <ele>2106.0</ele>
   </trkpt>
   <trkpt lat="36.1095790" lon="-115.4966010">
    <ele>2106.0</ele>
   </trkpt>
   <trkpt lat="36.1095840" lon="-115.4965950">
    <ele>2107.0</ele>
   </trkpt>
   <trkpt lat="36.1095880" lon="-115.4965860">
    <ele>2107.0</ele>
   </trkpt>
   <trkpt lat="36.1095930" lon="-115.4965770">
    <ele>2107.0</ele>
   </trkpt>
   <trkpt lat="36.1095970" lon="-115.4965650">
    <ele>2107.0</ele>
   </trkpt>
   <trkpt lat="36.1096010" lon="-115.4965540">
    <ele>2107.0</ele>
   </trkpt>
   <trkpt lat="36.1096040" lon="-115.4965480">
    <ele>2108.0</ele>
   </trkpt>
   <trkpt lat="36.1096070" lon="-115.4965430">
    <ele>2108.0</ele>
   </trkpt>
   <trkpt lat="36.1096120" lon="-115.4965380">
    <ele>2108.0</ele>
   </trkpt>
   <trkpt lat="36.1096180" lon="-115.4965330">
    <ele>2108.0</ele>
   </trkpt>
   <trkpt lat="36.1096260" lon="-115.4965310">
    <ele>2108.0</ele>
   </trkpt>
   <trkpt lat="36.1096340" lon="-115.4965290">
    <ele>2109.0</ele>
   </trkpt>
   <trkpt lat="36.1096430" lon="-115.4965270">
    <ele>2109.0</ele>
   </trkpt>
   <trkpt lat="36.1096520" lon="-115.4965250">
    <ele>2109.0</ele>
   </trkpt>
   <trkpt lat="36.1096560" lon="-115.4965240">
    <ele>2110.0</ele>
   </trkpt>
   <trkpt lat="36.1096610" lon="-115.4965240">
    <ele>2110.0</ele>
   </trkpt>
   <trkpt lat="36.1096690" lon="-115.4965240">
    <ele>2111.0</ele>
   </trkpt>
   <trkpt lat="36.1096770" lon="-115.4965230">
    <ele>2111.0</ele>
   </trkpt>
   <trkpt lat="36.1096770" lon="-115.4965230">
    <ele>2111.0</ele>
   </trkpt>
   <trkpt lat="36.1096770" lon="-115.4965230">
    <ele>2111.0</ele>
   </trkpt>
   <trkpt lat="36.1096770" lon="-115.4965230">
    <ele>2111.0</ele>
   </trkpt>
   <trkpt lat="36.1096770" lon="-115.4965230">
    <ele>2112.0</ele>
   </trkpt>
   <trkpt lat="36.1096770" lon="-115.4965230">
    <ele>2112.0</ele>
   </trkpt>
   <trkpt lat="36.1096770" lon="-115.4965230">
    <ele>2112.0</ele>
   </trkpt>
   <trkpt lat="36.1096770" lon="-115.4965230">
    <ele>2112.0</ele>
   </trkpt>
   <trkpt lat="36.1096770" lon="-115.4965230">
    <ele>2112.0</ele>
   </trkpt>
   <trkpt lat="36.1096770" lon="-115.4965230">
    <ele>2113.0</ele>
   </trkpt>
   <trkpt lat="36.1096860" lon="-115.4965250">
    <ele>2113.0</ele>
   </trkpt>
   <trkpt lat="36.1096920" lon="-115.4965260">
    <ele>2113.0</ele>
   </trkpt>
   <trkpt lat="36.1096980" lon="-115.4965280">
    <ele>2114.0</ele>
   </trkpt>
   <trkpt lat="36.1097050" lon="-115.4965320">
    <ele>2114.0</ele>
   </trkpt>
   <trkpt lat="36.1097120" lon="-115.4965350">
    <ele>2115.0</ele>
   </trkpt>
   <trkpt lat="36.1097170" lon="-115.4965390">
    <ele>2115.0</ele>
   </trkpt>
   <trkpt lat="36.1097220" lon="-115.4965430">
    <ele>2115.0</ele>
   </trkpt>
   <trkpt lat="36.1097270" lon="-115.4965460">
    <ele>2115.0</ele>
   </trkpt>
   <trkpt lat="36.1097330" lon="-115.4965500">
    <ele>2115.0</ele>
   </trkpt>
   <trkpt lat="36.1097390" lon="-115.4965550">
    <ele>2115.0</ele>
   </trkpt>
   <trkpt lat="36.1097460" lon="-115.4965550">
    <ele>2115.0</ele>
   </trkpt>
   <trkpt lat="36.1097540" lon="-115.4965560">
    <ele>2115.0</ele>
   </trkpt>
   <trkpt lat="36.1097580" lon="-115.4965520">
    <ele>2115.0</ele>
   </trkpt>
   <trkpt lat="36.1097630" lon="-115.4965490">
    <ele>2115.0</ele>
   </trkpt>
   <trkpt lat="36.1097680" lon="-115.4965450">
    <ele>2115.0</ele>
   </trkpt>
   <trkpt lat="36.1097720" lon="-115.4965360">
    <ele>2115.0</ele>
   </trkpt>
   <trkpt lat="36.1097760" lon="-115.4965280">
    <ele>2115.0</ele>
   </trkpt>
   <trkpt lat="36.1097790" lon="-115.4965180">
    <ele>2115.0</ele>
   </trkpt>
   <trkpt lat="36.1097810" lon="-115.4965080">
    <ele>2115.0</ele>
   </trkpt>
   <trkpt lat="36.1097810" lon="-115.4965080">
    <ele>2115.0</ele>
   </trkpt>
   <trkpt lat="36.1097810" lon="-115.4965080">
    <ele>2114.0</ele>
   </trkpt>
   <trkpt lat="36.1097810" lon="-115.4965080">
    <ele>2114.0</ele>
   </trkpt>
   <trkpt lat="36.1097810" lon="-115.4965080">
    <ele>2113.0</ele>
   </trkpt>
   <trkpt lat="36.1097810" lon="-115.4965080">
    <ele>2113.0</ele>
   </trkpt>
   <trkpt lat="36.1097810" lon="-115.4965080">
    <ele>2113.0</ele>
   </trkpt>
   <trkpt lat="36.1097810" lon="-115.4965080">
    <ele>2113.0</ele>
   </trkpt>
   <trkpt lat="36.1097810" lon="-115.4965080">
    <ele>2113.0</ele>
   </trkpt>
   <trkpt lat="36.1097810" lon="-115.4965080">
    <ele>2113.0</ele>
   </trkpt>
   <trkpt lat="36.1097810" lon="-115.4965080">
    <ele>2113.0</ele>
   </trkpt>
   <trkpt lat="36.1097810" lon="-115.4965080">
    <ele>2113.0</ele>
   </trkpt>
   <trkpt lat="36.1097810" lon="-115.4965080">
    <ele>2112.0</ele>
   </trkpt>
   <trkpt lat="36.1097810" lon="-115.4965080">
    <ele>2112.0</ele>
   </trkpt>
   <trkpt lat="36.1097810" lon="-115.4965080">
    <ele>2112.0</ele>
   </trkpt>
   <trkpt lat="36.1097810" lon="-115.4965080">
    <ele>2112.0</ele>
   </trkpt>
   <trkpt lat="36.1097870" lon="-115.4964850">
    <ele>2112.0</ele>
   </trkpt>
   <trkpt lat="36.1097870" lon="-115.4964780">
    <ele>2112.0</ele>
   </trkpt>
   <trkpt lat="36.1097870" lon="-115.4964710">
    <ele>2112.0</ele>
   </trkpt>
   <trkpt lat="36.1097820" lon="-115.4964690">
    <ele>2112.0</ele>
   </trkpt>
   <trkpt lat="36.1097770" lon="-115.4964680">
    <ele>2112.0</ele>
   </trkpt>
   <trkpt lat="36.1097680" lon="-115.4964710">
    <ele>2112.0</ele>
   </trkpt>
   <trkpt lat="36.1097580" lon="-115.4964750">
    <ele>2112.0</ele>
   </trkpt>
   <trkpt lat="36.1097500" lon="-115.4964830">
    <ele>2112.0</ele>
   </trkpt>
   <trkpt lat="36.1097420" lon="-115.4964920">
    <ele>2112.0</ele>
   </trkpt>
   <trkpt lat="36.1097360" lon="-115.4965040">
    <ele>2112.0</ele>
   </trkpt>
   <trkpt lat="36.1097300" lon="-115.4965170">
    <ele>2112.0</ele>
   </trkpt>
   <trkpt lat="36.1097250" lon="-115.4965330">
    <ele>2112.0</ele>
   </trkpt>
   <trkpt lat="36.1097200" lon="-115.4965480">
    <ele>2112.0</ele>
   </trkpt>
   <trkpt lat="36.1097170" lon="-115.4965630">
    <ele>2112.0</ele>
   </trkpt>
   <trkpt lat="36.1097150" lon="-115.4965780">
    <ele>2112.0</ele>
   </trkpt>
   <trkpt lat="36.1097130" lon="-115.4965900">
    <ele>2113.0</ele>
   </trkpt>
   <trkpt lat="36.1097110" lon="-115.4966030">
    <ele>2113.0</ele>
   </trkpt>
   <trkpt lat="36.1097070" lon="-115.4966150">
    <ele>2113.0</ele>
   </trkpt>
   <trkpt lat="36.1097020" lon="-115.4966270">
    <ele>2113.0</ele>
   </trkpt>
   <trkpt lat="36.1096920" lon="-115.4966380">
    <ele>2113.0</ele>
   </trkpt>
   <trkpt lat="36.1096830" lon="-115.4966490">
    <ele>2113.0</ele>
   </trkpt>
   <trkpt lat="36.1096710" lon="-115.4966620">
    <ele>2113.0</ele>
   </trkpt>
   <trkpt lat="36.1096600" lon="-115.4966750">
    <ele>2113.0</ele>
   </trkpt>
   <trkpt lat="36.1096520" lon="-115.4966930">
    <ele>2113.0</ele>
   </trkpt>
   <trkpt lat="36.1096440" lon="-115.4967110">
    <ele>2113.0</ele>
   </trkpt>
   <trkpt lat="36.1096360" lon="-115.4967310">
    <ele>2113.0</ele>
   </trkpt>
   <trkpt lat="36.1096290" lon="-115.4967520">
    <ele>2112.0</ele>
   </trkpt>
   <trkpt lat="36.1096200" lon="-115.4967740">
    <ele>2112.0</ele>
   </trkpt>
   <trkpt lat="36.1096120" lon="-115.4967970">
    <ele>2112.0</ele>
   </trkpt>
   <trkpt lat="36.1096040" lon="-115.4968190">
    <ele>2112.0</ele>
   </trkpt>
   <trkpt lat="36.1095950" lon="-115.4968420">
    <ele>2112.0</ele>
   </trkpt>
   <trkpt lat="36.1095880" lon="-115.4968620">
    <ele>2111.0</ele>
   </trkpt>
   <trkpt lat="36.1095820" lon="-115.4968810">
    <ele>2111.0</ele>
   </trkpt>
   <trkpt lat="36.1095750" lon="-115.4968980">
    <ele>2111.0</ele>
   </trkpt>
   <trkpt lat="36.1095690" lon="-115.4969160">
    <ele>2111.0</ele>
   </trkpt>
   <trkpt lat="36.1095640" lon="-115.4969330">
    <ele>2111.0</ele>
   </trkpt>
   <trkpt lat="36.1095600" lon="-115.4969500">
    <ele>2110.0</ele>
   </trkpt>
   <trkpt lat="36.1095590" lon="-115.4969640">
    <ele>2110.0</ele>
   </trkpt>
   <trkpt lat="36.1095580" lon="-115.4969790">
    <ele>2109.0</ele>
   </trkpt>
   <trkpt lat="36.1095580" lon="-115.4969900">
    <ele>2109.0</ele>
   </trkpt>
   <trkpt lat="36.1095590" lon="-115.4970010">
    <ele>2109.0</ele>
   </trkpt>
   <trkpt lat="36.1095570" lon="-115.4970090">
    <ele>2108.0</ele>
   </trkpt>
   <trkpt lat="36.1095550" lon="-115.4970170">
    <ele>2108.0</ele>
   </trkpt>
   <trkpt lat="36.1095510" lon="-115.4970230">
    <ele>2107.0</ele>
   </trkpt>
   <trkpt lat="36.1095470" lon="-115.4970300">
    <ele>2107.0</ele>
   </trkpt>
   <trkpt lat="36.1095420" lon="-115.4970380">
    <ele>2107.0</ele>
   </trkpt>
   <trkpt lat="36.1095380" lon="-115.4970460">
    <ele>2106.0</ele>
   </trkpt>
   <trkpt lat="36.1095340" lon="-115.4970560">
    <ele>2106.0</ele>
   </trkpt>
   <trkpt lat="36.1095300" lon="-115.4970660">
    <ele>2106.0</ele>
   </trkpt>
   <trkpt lat="36.1095270" lon="-115.4970780">
    <ele>2106.0</ele>
   </trkpt>
   <trkpt lat="36.1095240" lon="-115.4970900">
    <ele>2106.0</ele>
   </trkpt>
   <trkpt lat="36.1095210" lon="-115.4971020">
    <ele>2105.0</ele>
   </trkpt>
   <trkpt lat="36.1095180" lon="-115.4971140">
    <ele>2105.0</ele>
   </trkpt>
   <trkpt lat="36.1095130" lon="-115.4971250">
    <ele>2104.0</ele>
   </trkpt>
   <trkpt lat="36.1095080" lon="-115.4971360">
    <ele>2104.0</ele>
   </trkpt>
   <trkpt lat="36.1095020" lon="-115.4971450">
    <ele>2104.0</ele>
   </trkpt>
   <trkpt lat="36.1094950" lon="-115.4971530">
    <ele>2103.0</ele>
   </trkpt>
   <trkpt lat="36.1094870" lon="-115.4971610">
    <ele>2103.0</ele>
   </trkpt>
   <trkpt lat="36.1094780" lon="-115.4971690">
    <ele>2103.0</ele>
   </trkpt>
   <trkpt lat="36.1094700" lon="-115.4971780">
    <ele>2103.0</ele>
   </trkpt>
   <trkpt lat="36.1094630" lon="-115.4971870">
    <ele>2103.0</ele>
   </trkpt>
   <trkpt lat="36.1094630" lon="-115.4971870">
    <ele>2102.0</ele>
   </trkpt>
   <trkpt lat="36.1094630" lon="-115.4971870">
    <ele>2102.0</ele>
   </trkpt>
   <trkpt lat="36.1094630" lon="-115.4971870">
    <ele>2101.0</ele>
   </trkpt>
   <trkpt lat="36.1094630" lon="-115.4971870">
    <ele>2101.0</ele>
   </trkpt>
   <trkpt lat="36.1094630" lon="-115.4971870">
    <ele>2101.0</ele>
   </trkpt>
   <trkpt lat="36.1094630" lon="-115.4971870">
    <ele>2100.0</ele>
   </trkpt>
   <trkpt lat="36.1094550" lon="-115.4971960">
    <ele>2100.0</ele>
   </trkpt>
   <trkpt lat="36.1094500" lon="-115.4972030">
    <ele>2100.0</ele>
   </trkpt>
   <trkpt lat="36.1094450" lon="-115.4972100">
    <ele>2100.0</ele>
   </trkpt>
   <trkpt lat="36.1094390" lon="-115.4972210">
    <ele>2100.0</ele>
   </trkpt>
   <trkpt lat="36.1094330" lon="-115.4972320">
    <ele>2099.0</ele>
   </trkpt>
   <trkpt lat="36.1094250" lon="-115.4972470">
    <ele>2099.0</ele>
   </trkpt>
   <trkpt lat="36.1094160" lon="-115.4972610">
    <ele>2099.0</ele>
   </trkpt>
   <trkpt lat="36.1094160" lon="-115.4972610">
    <ele>2099.0</ele>
   </trkpt>
   <trkpt lat="36.1094160" lon="-115.4972610">
    <ele>2099.0</ele>
   </trkpt>
   <trkpt lat="36.1094160" lon="-115.4972610">
    <ele>2098.0</ele>
   </trkpt>
   <trkpt lat="36.1094160" lon="-115.4972610">
    <ele>2098.0</ele>
   </trkpt>
   <trkpt lat="36.1094160" lon="-115.4972610">
    <ele>2097.0</ele>
   </trkpt>
   <trkpt lat="36.1094060" lon="-115.4972780">
    <ele>2097.0</ele>
   </trkpt>
   <trkpt lat="36.1094000" lon="-115.4972840">
    <ele>2097.0</ele>
   </trkpt>
   <trkpt lat="36.1093940" lon="-115.4972900">
    <ele>2096.0</ele>
   </trkpt>
   <trkpt lat="36.1093880" lon="-115.4972880">
    <ele>2096.0</ele>
   </trkpt>
   <trkpt lat="36.1093810" lon="-115.4972860">
    <ele>2096.0</ele>
   </trkpt>
   <trkpt lat="36.1093720" lon="-115.4972820">
    <ele>2096.0</ele>
   </trkpt>
   <trkpt lat="36.1093620" lon="-115.4972780">
    <ele>2096.0</ele>
   </trkpt>
   <trkpt lat="36.1093520" lon="-115.4972770">
    <ele>2095.0</ele>
   </trkpt>
   <trkpt lat="36.1093410" lon="-115.4972760">
    <ele>2095.0</ele>
   </trkpt>
   <trkpt lat="36.1093300" lon="-115.4972810">
    <ele>2095.0</ele>
   </trkpt>
   <trkpt lat="36.1093190" lon="-115.4972860">
    <ele>2095.0</ele>
   </trkpt>
   <trkpt lat="36.1093080" lon="-115.4972960">
    <ele>2095.0</ele>
   </trkpt>
   <trkpt lat="36.1092970" lon="-115.4973060">
    <ele>2095.0</ele>
   </trkpt>
   <trkpt lat="36.1092850" lon="-115.4973160">
    <ele>2095.0</ele>
   </trkpt>
   <trkpt lat="36.1092730" lon="-115.4973270">
    <ele>2095.0</ele>
   </trkpt>
   <trkpt lat="36.1092620" lon="-115.4973370">
    <ele>2095.0</ele>
   </trkpt>
   <trkpt lat="36.1092520" lon="-115.4973470">
    <ele>2095.0</ele>
   </trkpt>
   <trkpt lat="36.1092420" lon="-115.4973570">
    <ele>2094.0</ele>
   </trkpt>
   <trkpt lat="36.1092330" lon="-115.4973670">
    <ele>2094.0</ele>
   </trkpt>
   <trkpt lat="36.1092240" lon="-115.4973790">
    <ele>2094.0</ele>
   </trkpt>
   <trkpt lat="36.1092160" lon="-115.4973920">
    <ele>2094.0</ele>
   </trkpt>
   <trkpt lat="36.1092090" lon="-115.4974080">
    <ele>2094.0</ele>
   </trkpt>
   <trkpt lat="36.1092020" lon="-115.4974230">
    <ele>2093.0</ele>
   </trkpt>
   <trkpt lat="36.1091960" lon="-115.4974410">
    <ele>2093.0</ele>
   </trkpt>
   <trkpt lat="36.1091890" lon="-115.4974580">
    <ele>2093.0</ele>
   </trkpt>
   <trkpt lat="36.1091810" lon="-115.4974750">
    <ele>2093.0</ele>
   </trkpt>
   <trkpt lat="36.1091720" lon="-115.4974910">
    <ele>2093.0</ele>
   </trkpt>
   <trkpt lat="36.1091630" lon="-115.4975020">
    <ele>2092.0</ele>
   </trkpt>
   <trkpt lat="36.1091530" lon="-115.4975130">
    <ele>2092.0</ele>
   </trkpt>
   <trkpt lat="36.1091440" lon="-115.4975180">
    <ele>2092.0</ele>
   </trkpt>
   <trkpt lat="36.1091350" lon="-115.4975230">
    <ele>2092.0</ele>
   </trkpt>
   <trkpt lat="36.1091270" lon="-115.4975250">
    <ele>2092.0</ele>
   </trkpt>
   <trkpt lat="36.1091190" lon="-115.4975270">
    <ele>2091.0</ele>
   </trkpt>
   <trkpt lat="36.1091150" lon="-115.4975300">
    <ele>2091.0</ele>
   </trkpt>
   <trkpt lat="36.1091100" lon="-115.4975320">
    <ele>2091.0</ele>
   </trkpt>
   <trkpt lat="36.1091050" lon="-115.4975350">
    <ele>2091.0</ele>
   </trkpt>
   <trkpt lat="36.1090990" lon="-115.4975410">
    <ele>2091.0</ele>
   </trkpt>
   <trkpt lat="36.1090920" lon="-115.4975480">
    <ele>2091.0</ele>
   </trkpt>
   <trkpt lat="36.1090850" lon="-115.4975580">
    <ele>2091.0</ele>
   </trkpt>
   <trkpt lat="36.1090780" lon="-115.4975670">
    <ele>2091.0</ele>
   </trkpt>
   <trkpt lat="36.1090700" lon="-115.4975780">
    <ele>2091.0</ele>
   </trkpt>
   <trkpt lat="36.1090620" lon="-115.4975880">
    <ele>2091.0</ele>
   </trkpt>
   <trkpt lat="36.1090530" lon="-115.4975960">
    <ele>2091.0</ele>
   </trkpt>
   <trkpt lat="36.1090440" lon="-115.4976040">
    <ele>2091.0</ele>
   </trkpt>
   <trkpt lat="36.1090350" lon="-115.4976110">
    <ele>2091.0</ele>
   </trkpt>
   <trkpt lat="36.1090270" lon="-115.4976170">
    <ele>2091.0</ele>
   </trkpt>
   <trkpt lat="36.1090190" lon="-115.4976220">
    <ele>2091.0</ele>
   </trkpt>
   <trkpt lat="36.1090110" lon="-115.4976270">
    <ele>2090.0</ele>
   </trkpt>
   <trkpt lat="36.1090040" lon="-115.4976330">
    <ele>2090.0</ele>
   </trkpt>
   <trkpt lat="36.1089970" lon="-115.4976390">
    <ele>2090.0</ele>
   </trkpt>
   <trkpt lat="36.1089910" lon="-115.4976480">
    <ele>2090.0</ele>
   </trkpt>
   <trkpt lat="36.1089850" lon="-115.4976560">
    <ele>2090.0</ele>
   </trkpt>
   <trkpt lat="36.1089800" lon="-115.4976690">
    <ele>2090.0</ele>
   </trkpt>
   <trkpt lat="36.1089750" lon="-115.4976810">
    <ele>2090.0</ele>
   </trkpt>
   <trkpt lat="36.1089720" lon="-115.4976960">
    <ele>2090.0</ele>
   </trkpt>
   <trkpt lat="36.1089680" lon="-115.4977110">
    <ele>2090.0</ele>
   </trkpt>
   <trkpt lat="36.1089660" lon="-115.4977260">
    <ele>2090.0</ele>
   </trkpt>
   <trkpt lat="36.1089630" lon="-115.4977410">
    <ele>2090.0</ele>
   </trkpt>
   <trkpt lat="36.1089570" lon="-115.4977550">
    <ele>2090.0</ele>
   </trkpt>
   <trkpt lat="36.1089510" lon="-115.4977690">
    <ele>2090.0</ele>
   </trkpt>
   <trkpt lat="36.1089400" lon="-115.4977790">
    <ele>2090.0</ele>
   </trkpt>
   <trkpt lat="36.1089290" lon="-115.4977890">
    <ele>2090.0</ele>
   </trkpt>
   <trkpt lat="36.1089170" lon="-115.4977960">
    <ele>2089.0</ele>
   </trkpt>
   <trkpt lat="36.1089040" lon="-115.4978040">
    <ele>2089.0</ele>
   </trkpt>
   <trkpt lat="36.1088910" lon="-115.4978090">
    <ele>2089.0</ele>
   </trkpt>
   <trkpt lat="36.1088790" lon="-115.4978150">
    <ele>2089.0</ele>
   </trkpt>
   <trkpt lat="36.1088680" lon="-115.4978180">
    <ele>2089.0</ele>
   </trkpt>
   <trkpt lat="36.1088560" lon="-115.4978210">
    <ele>2089.0</ele>
   </trkpt>
   <trkpt lat="36.1088450" lon="-115.4978210">
    <ele>2089.0</ele>
   </trkpt>
   <trkpt lat="36.1088340" lon="-115.4978220">
    <ele>2089.0</ele>
   </trkpt>
   <trkpt lat="36.1088220" lon="-115.4978190">
    <ele>2089.0</ele>
   </trkpt>
   <trkpt lat="36.1088100" lon="-115.4978160">
    <ele>2089.0</ele>
   </trkpt>
   <trkpt lat="36.1087960" lon="-115.4978100">
    <ele>2089.0</ele>
   </trkpt>
   <trkpt lat="36.1087820" lon="-115.4978040">
    <ele>2089.0</ele>
   </trkpt>
   <trkpt lat="36.1087680" lon="-115.4977960">
    <ele>2089.0</ele>
   </trkpt>
   <trkpt lat="36.1087540" lon="-115.4977880">
    <ele>2089.0</ele>
   </trkpt>
   <trkpt lat="36.1087420" lon="-115.4977790">
    <ele>2089.0</ele>
   </trkpt>
   <trkpt lat="36.1087290" lon="-115.4977710">
    <ele>2088.0</ele>
   </trkpt>
   <trkpt lat="36.1087190" lon="-115.4977620">
    <ele>2088.0</ele>
   </trkpt>
   <trkpt lat="36.1087080" lon="-115.4977530">
    <ele>2088.0</ele>
   </trkpt>
   <trkpt lat="36.1086990" lon="-115.4977460">
    <ele>2088.0</ele>
   </trkpt>
   <trkpt lat="36.1086900" lon="-115.4977380">
    <ele>2088.0</ele>
   </trkpt>
   <trkpt lat="36.1086810" lon="-115.4977300">
    <ele>2088.0</ele>
   </trkpt>
   <trkpt lat="36.1086730" lon="-115.4977230">
    <ele>2088.0</ele>
   </trkpt>
   <trkpt lat="36.1086650" lon="-115.4977150">
    <ele>2088.0</ele>
   </trkpt>
   <trkpt lat="36.1086570" lon="-115.4977070">
    <ele>2088.0</ele>
   </trkpt>
   <trkpt lat="36.1086570" lon="-115.4977070">
    <ele>2088.0</ele>
   </trkpt>
   <trkpt lat="36.1086570" lon="-115.4977070">
    <ele>2088.0</ele>
   </trkpt>
   <trkpt lat="36.1086570" lon="-115.4977070">
    <ele>2088.0</ele>
   </trkpt>
   <trkpt lat="36.1086570" lon="-115.4977070">
    <ele>2088.0</ele>
   </trkpt>
   <trkpt lat="36.1086570" lon="-115.4977070">
    <ele>2088.0</ele>
   </trkpt>
   <trkpt lat="36.1086570" lon="-115.4977070">
    <ele>2088.0</ele>
   </trkpt>
   <trkpt lat="36.1086570" lon="-115.4977070">
    <ele>2088.0</ele>
   </trkpt>
   <trkpt lat="36.1086570" lon="-115.4977070">
    <ele>2088.0</ele>
   </trkpt>
   <trkpt lat="36.1086570" lon="-115.4977070">
    <ele>2088.0</ele>
   </trkpt>
   <trkpt lat="36.1086570" lon="-115.4977070">
    <ele>2088.0</ele>
   </trkpt>
   <trkpt lat="36.1086570" lon="-115.4977070">
    <ele>2088.0</ele>
   </trkpt>
   <trkpt lat="36.1086570" lon="-115.4977070">
    <ele>2088.0</ele>
   </trkpt>
   <trkpt lat="36.1086570" lon="-115.4977070">
    <ele>2088.0</ele>
   </trkpt>
   <trkpt lat="36.1086570" lon="-115.4977070">
    <ele>2088.0</ele>
   </trkpt>
   <trkpt lat="36.1086380" lon="-115.4977040">
    <ele>2088.0</ele>
   </trkpt>
   <trkpt lat="36.1086260" lon="-115.4977040">
    <ele>2088.0</ele>
   </trkpt>
   <trkpt lat="36.1086140" lon="-115.4977040">
    <ele>2088.0</ele>
   </trkpt>
   <trkpt lat="36.1086050" lon="-115.4977090">
    <ele>2088.0</ele>
   </trkpt>
   <trkpt lat="36.1085960" lon="-115.4977130">
    <ele>2088.0</ele>
   </trkpt>
   <trkpt lat="36.1085870" lon="-115.4977220">
    <ele>2088.0</ele>
   </trkpt>
   <trkpt lat="36.1085780" lon="-115.4977320">
    <ele>2089.0</ele>
   </trkpt>
   <trkpt lat="36.1085780" lon="-115.4977320">
    <ele>2089.0</ele>
   </trkpt>
   <trkpt lat="36.1085780" lon="-115.4977320">
    <ele>2089.0</ele>
   </trkpt>
   <trkpt lat="36.1085780" lon="-115.4977320">
    <ele>2089.0</ele>
   </trkpt>
   <trkpt lat="36.1085780" lon="-115.4977320">
    <ele>2089.0</ele>
   </trkpt>
   <trkpt lat="36.1085780" lon="-115.4977320">
    <ele>2090.0</ele>
   </trkpt>
   <trkpt lat="36.1085780" lon="-115.4977320">
    <ele>2090.0</ele>
   </trkpt>
   <trkpt lat="36.1085780" lon="-115.4977320">
    <ele>2090.0</ele>
   </trkpt>
   <trkpt lat="36.1085780" lon="-115.4977320">
    <ele>2090.0</ele>
   </trkpt>
   <trkpt lat="36.1085780" lon="-115.4977320">
    <ele>2090.0</ele>
   </trkpt>
   <trkpt lat="36.1085780" lon="-115.4977320">
    <ele>2090.0</ele>
   </trkpt>
   <trkpt lat="36.1085780" lon="-115.4977320">
    <ele>2090.0</ele>
   </trkpt>
   <trkpt lat="36.1085780" lon="-115.4977320">
    <ele>2090.0</ele>
   </trkpt>
   <trkpt lat="36.1085780" lon="-115.4977320">
    <ele>2090.0</ele>
   </trkpt>
   <trkpt lat="36.1085780" lon="-115.4977320">
    <ele>2090.0</ele>
   </trkpt>
   <trkpt lat="36.1085780" lon="-115.4977320">
    <ele>2091.0</ele>
   </trkpt>
   <trkpt lat="36.1085780" lon="-115.4977320">
    <ele>2091.0</ele>
   </trkpt>
   <trkpt lat="36.1085780" lon="-115.4977320">
    <ele>2091.0</ele>
   </trkpt>
   <trkpt lat="36.1085780" lon="-115.4977320">
    <ele>2091.0</ele>
   </trkpt>
   <trkpt lat="36.1085780" lon="-115.4977320">
    <ele>2091.0</ele>
   </trkpt>
   <trkpt lat="36.1085780" lon="-115.4977320">
    <ele>2091.0</ele>
   </trkpt>
   <trkpt lat="36.1085780" lon="-115.4977320">
    <ele>2091.0</ele>
   </trkpt>
   <trkpt lat="36.1085780" lon="-115.4977320">
    <ele>2091.0</ele>
   </trkpt>
   <trkpt lat="36.1085780" lon="-115.4977320">
    <ele>2091.0</ele>
   </trkpt>
   <trkpt lat="36.1085780" lon="-115.4977320">
    <ele>2091.0</ele>
   </trkpt>
   <trkpt lat="36.1085780" lon="-115.4977320">
    <ele>2091.0</ele>
   </trkpt>
   <trkpt lat="36.1085780" lon="-115.4977320">
    <ele>2091.0</ele>
   </trkpt>
   <trkpt lat="36.1085780" lon="-115.4977320">
    <ele>2091.0</ele>
   </trkpt>
   <trkpt lat="36.1085780" lon="-115.4977320">
    <ele>2091.0</ele>
   </trkpt>
   <trkpt lat="36.1085780" lon="-115.4977320">
    <ele>2091.0</ele>
   </trkpt>
   <trkpt lat="36.1085780" lon="-115.4977320">
    <ele>2091.0</ele>
   </trkpt>
   <trkpt lat="36.1085780" lon="-115.4977320">
    <ele>2091.0</ele>
   </trkpt>
   <trkpt lat="36.1085780" lon="-115.4977320">
    <ele>2091.0</ele>
   </trkpt>
   <trkpt lat="36.1085780" lon="-115.4977320">
    <ele>2091.0</ele>
   </trkpt>
   <trkpt lat="36.1085780" lon="-115.4977320">
    <ele>2091.0</ele>
   </trkpt>
   <trkpt lat="36.1085780" lon="-115.4977320">
    <ele>2091.0</ele>
   </trkpt>
   <trkpt lat="36.1085780" lon="-115.4977320">
    <ele>2091.0</ele>
   </trkpt>
   <trkpt lat="36.1085780" lon="-115.4977320">
    <ele>2091.0</ele>
   </trkpt>
   <trkpt lat="36.1085780" lon="-115.4977320">
    <ele>2091.0</ele>
   </trkpt>
   <trkpt lat="36.1085780" lon="-115.4977320">
    <ele>2091.0</ele>
   </trkpt>
   <trkpt lat="36.1085780" lon="-115.4977320">
    <ele>2091.0</ele>
   </trkpt>
   <trkpt lat="36.1085640" lon="-115.4977500">
    <ele>2091.0</ele>
   </trkpt>
   <trkpt lat="36.1085580" lon="-115.4977530">
    <ele>2091.0</ele>
   </trkpt>
   <trkpt lat="36.1085510" lon="-115.4977570">
    <ele>2091.0</ele>
   </trkpt>
   <trkpt lat="36.1085410" lon="-115.4977620">
    <ele>2091.0</ele>
   </trkpt>
   <trkpt lat="36.1085310" lon="-115.4977660">
    <ele>2091.0</ele>
   </trkpt>
   <trkpt lat="36.1085150" lon="-115.4977760">
    <ele>2091.0</ele>
   </trkpt>
   <trkpt lat="36.1084990" lon="-115.4977860">
    <ele>2091.0</ele>
   </trkpt>
   <trkpt lat="36.1084810" lon="-115.4978020">
    <ele>2091.0</ele>
   </trkpt>
   <trkpt lat="36.1084630" lon="-115.4978180">
    <ele>2091.0</ele>
   </trkpt>
   <trkpt lat="36.1084470" lon="-115.4978420">
    <ele>2091.0</ele>
   </trkpt>
   <trkpt lat="36.1084310" lon="-115.4978650">
    <ele>2090.0</ele>
   </trkpt>
   <trkpt lat="36.1084190" lon="-115.4978930">
    <ele>2090.0</ele>
   </trkpt>
   <trkpt lat="36.1084070" lon="-115.4979210">
    <ele>2090.0</ele>
   </trkpt>
   <trkpt lat="36.1083960" lon="-115.4979510">
    <ele>2090.0</ele>
   </trkpt>
   <trkpt lat="36.1083840" lon="-115.4979800">
    <ele>2090.0</ele>
   </trkpt>
   <trkpt lat="36.1083730" lon="-115.4980080">
    <ele>2089.0</ele>
   </trkpt>
   <trkpt lat="36.1083620" lon="-115.4980350">
    <ele>2089.0</ele>
   </trkpt>
   <trkpt lat="36.1083470" lon="-115.4980570">
    <ele>2089.0</ele>
   </trkpt>
   <trkpt lat="36.1083330" lon="-115.4980790">
    <ele>2089.0</ele>
   </trkpt>
   <trkpt lat="36.1083150" lon="-115.4980980">
    <ele>2089.0</ele>
   </trkpt>
   <trkpt lat="36.1082970" lon="-115.4981180">
    <ele>2088.0</ele>
   </trkpt>
   <trkpt lat="36.1082780" lon="-115.4981370">
    <ele>2088.0</ele>
   </trkpt>
   <trkpt lat="36.1082580" lon="-115.4981560">
    <ele>2087.0</ele>
   </trkpt>
   <trkpt lat="36.1082350" lon="-115.4981730">
    <ele>2087.0</ele>
   </trkpt>
   <trkpt lat="36.1082120" lon="-115.4981910">
    <ele>2087.0</ele>
   </trkpt>
   <trkpt lat="36.1081880" lon="-115.4982040">
    <ele>2086.0</ele>
   </trkpt>
   <trkpt lat="36.1081640" lon="-115.4982170">
    <ele>2085.0</ele>
   </trkpt>
   <trkpt lat="36.1081380" lon="-115.4982230">
    <ele>2085.0</ele>
   </trkpt>
   <trkpt lat="36.1081120" lon="-115.4982290">
    <ele>2084.0</ele>
   </trkpt>
   <trkpt lat="36.1080850" lon="-115.4982300">
    <ele>2084.0</ele>
   </trkpt>
   <trkpt lat="36.1080580" lon="-115.4982300">
    <ele>2083.0</ele>
   </trkpt>
   <trkpt lat="36.1080320" lon="-115.4982320">
    <ele>2082.0</ele>
   </trkpt>
   <trkpt lat="36.1080050" lon="-115.4982330">
    <ele>2082.0</ele>
   </trkpt>
   <trkpt lat="36.1079800" lon="-115.4982400">
    <ele>2081.0</ele>
   </trkpt>
   <trkpt lat="36.1079550" lon="-115.4982460">
    <ele>2081.0</ele>
   </trkpt>
   <trkpt lat="36.1079290" lon="-115.4982580">
    <ele>2080.0</ele>
   </trkpt>
   <trkpt lat="36.1079030" lon="-115.4982700">
    <ele>2079.0</ele>
   </trkpt>
   <trkpt lat="36.1078790" lon="-115.4982870">
    <ele>2079.0</ele>
   </trkpt>
   <trkpt lat="36.1078550" lon="-115.4983040">
    <ele>2078.0</ele>
   </trkpt>
   <trkpt lat="36.1078330" lon="-115.4983250">
    <ele>2078.0</ele>
   </trkpt>
   <trkpt lat="36.1078100" lon="-115.4983470">
    <ele>2077.0</ele>
   </trkpt>
   <trkpt lat="36.1077880" lon="-115.4983680">
    <ele>2076.0</ele>
   </trkpt>
   <trkpt lat="36.1077650" lon="-115.4983890">
    <ele>2076.0</ele>
   </trkpt>
   <trkpt lat="36.1077420" lon="-115.4984110">
    <ele>2075.0</ele>
   </trkpt>
   <trkpt lat="36.1077190" lon="-115.4984320">
    <ele>2075.0</ele>
   </trkpt>
   <trkpt lat="36.1076970" lon="-115.4984540">
    <ele>2074.0</ele>
   </trkpt>
   <trkpt lat="36.1076750" lon="-115.4984750">
    <ele>2073.0</ele>
   </trkpt>
   <trkpt lat="36.1076540" lon="-115.4984940">
    <ele>2072.0</ele>
   </trkpt>
   <trkpt lat="36.1076330" lon="-115.4985130">
    <ele>2071.0</ele>
   </trkpt>
   <trkpt lat="36.1076160" lon="-115.4985310">
    <ele>2071.0</ele>
   </trkpt>
   <trkpt lat="36.1075990" lon="-115.4985500">
    <ele>2070.0</ele>
   </trkpt>
   <trkpt lat="36.1075860" lon="-115.4985690">
    <ele>2069.0</ele>
   </trkpt>
   <trkpt lat="36.1075730" lon="-115.4985880">
    <ele>2069.0</ele>
   </trkpt>
   <trkpt lat="36.1075650" lon="-115.4986090">
    <ele>2068.0</ele>
   </trkpt>
   <trkpt lat="36.1075570" lon="-115.4986310">
    <ele>2068.0</ele>
   </trkpt>
   <trkpt lat="36.1075540" lon="-115.4986540">
    <ele>2067.0</ele>
   </trkpt>
   <trkpt lat="36.1075500" lon="-115.4986770">
    <ele>2066.0</ele>
   </trkpt>
   <trkpt lat="36.1075490" lon="-115.4987040">
    <ele>2065.0</ele>
   </trkpt>
   <trkpt lat="36.1075470" lon="-115.4987310">
    <ele>2064.0</ele>
   </trkpt>
   <trkpt lat="36.1075420" lon="-115.4987580">
    <ele>2064.0</ele>
   </trkpt>
   <trkpt lat="36.1075370" lon="-115.4987850">
    <ele>2063.0</ele>
   </trkpt>
   <trkpt lat="36.1075320" lon="-115.4988130">
    <ele>2062.0</ele>
   </trkpt>
   <trkpt lat="36.1075240" lon="-115.4988380">
    <ele>2061.0</ele>
   </trkpt>
   <trkpt lat="36.1075160" lon="-115.4988630">
    <ele>2060.0</ele>
   </trkpt>
   <trkpt lat="36.1075030" lon="-115.4988820">
    <ele>2060.0</ele>
   </trkpt>
   <trkpt lat="36.1074910" lon="-115.4989020">
    <ele>2059.0</ele>
   </trkpt>
   <trkpt lat="36.1074740" lon="-115.4989170">
    <ele>2058.0</ele>
   </trkpt>
   <trkpt lat="36.1074580" lon="-115.4989320">
    <ele>2058.0</ele>
   </trkpt>
   <trkpt lat="36.1074410" lon="-115.4989460">
    <ele>2057.0</ele>
   </trkpt>
   <trkpt lat="36.1074250" lon="-115.4989600">
    <ele>2057.0</ele>
   </trkpt>
   <trkpt lat="36.1074130" lon="-115.4989740">
    <ele>2056.0</ele>
   </trkpt>
   <trkpt lat="36.1074010" lon="-115.4989880">
    <ele>2055.0</ele>
   </trkpt>
   <trkpt lat="36.1073930" lon="-115.4990030">
    <ele>2054.0</ele>
   </trkpt>
   <trkpt lat="36.1073850" lon="-115.4990180">
    <ele>2053.0</ele>
   </trkpt>
   <trkpt lat="36.1073800" lon="-115.4990330">
    <ele>2053.0</ele>
   </trkpt>
   <trkpt lat="36.1073750" lon="-115.4990480">
    <ele>2052.0</ele>
   </trkpt>
   <trkpt lat="36.1073690" lon="-115.4990600">
    <ele>2051.0</ele>
   </trkpt>
   <trkpt lat="36.1073630" lon="-115.4990720">
    <ele>2051.0</ele>
   </trkpt>
   <trkpt lat="36.1073550" lon="-115.4990810">
    <ele>2050.0</ele>
   </trkpt>
   <trkpt lat="36.1073470" lon="-115.4990900">
    <ele>2050.0</ele>
   </trkpt>
   <trkpt lat="36.1073360" lon="-115.4990980">
    <ele>2049.0</ele>
   </trkpt>
   <trkpt lat="36.1073240" lon="-115.4991060">
    <ele>2049.0</ele>
   </trkpt>
   <trkpt lat="36.1073130" lon="-115.4991140">
    <ele>2048.0</ele>
   </trkpt>
   <trkpt lat="36.1072970" lon="-115.4991240">
    <ele>2048.0</ele>
   </trkpt>
   <trkpt lat="36.1072820" lon="-115.4991330">
    <ele>2048.0</ele>
   </trkpt>
   <trkpt lat="36.1072670" lon="-115.4991490">
    <ele>2047.0</ele>
   </trkpt>
   <trkpt lat="36.1072510" lon="-115.4991650">
    <ele>2047.0</ele>
   </trkpt>
   <trkpt lat="36.1072360" lon="-115.4991820">
    <ele>2046.0</ele>
   </trkpt>
   <trkpt lat="36.1072210" lon="-115.4991980">
    <ele>2046.0</ele>
   </trkpt>
   <trkpt lat="36.1072060" lon="-115.4992170">
    <ele>2046.0</ele>
   </trkpt>
   <trkpt lat="36.1071910" lon="-115.4992350">
    <ele>2045.0</ele>
   </trkpt>
   <trkpt lat="36.1071780" lon="-115.4992580">
    <ele>2044.0</ele>
   </trkpt>
   <trkpt lat="36.1071650" lon="-115.4992800">
    <ele>2044.0</ele>
   </trkpt>
   <trkpt lat="36.1071550" lon="-115.4993070">
    <ele>2043.0</ele>
   </trkpt>
   <trkpt lat="36.1071450" lon="-115.4993350">
    <ele>2043.0</ele>
   </trkpt>
   <trkpt lat="36.1071390" lon="-115.4993690">
    <ele>2042.0</ele>
   </trkpt>
   <trkpt lat="36.1071330" lon="-115.4994030">
    <ele>2042.0</ele>
   </trkpt>
   <trkpt lat="36.1071300" lon="-115.4994390">
    <ele>2041.0</ele>
   </trkpt>
   <trkpt lat="36.1071270" lon="-115.4994760">
    <ele>2041.0</ele>
   </trkpt>
   <trkpt lat="36.1071280" lon="-115.4995130">
    <ele>2041.0</ele>
   </trkpt>
   <trkpt lat="36.1071290" lon="-115.4995490">
    <ele>2040.0</ele>
   </trkpt>
   <trkpt lat="36.1071320" lon="-115.4995820">
    <ele>2040.0</ele>
   </trkpt>
   <trkpt lat="36.1071360" lon="-115.4996140">
    <ele>2039.0</ele>
   </trkpt>
   <trkpt lat="36.1071370" lon="-115.4996430">
    <ele>2039.0</ele>
   </trkpt>
   <trkpt lat="36.1071380" lon="-115.4996710">
    <ele>2039.0</ele>
   </trkpt>
   <trkpt lat="36.1071370" lon="-115.4997000">
    <ele>2038.0</ele>
   </trkpt>
   <trkpt lat="36.1071360" lon="-115.4997290">
    <ele>2038.0</ele>
   </trkpt>
   <trkpt lat="36.1071370" lon="-115.4997580">
    <ele>2038.0</ele>
   </trkpt>
   <trkpt lat="36.1071380" lon="-115.4997880">
    <ele>2038.0</ele>
   </trkpt>
   <trkpt lat="36.1071410" lon="-115.4998180">
    <ele>2038.0</ele>
   </trkpt>
   <trkpt lat="36.1071440" lon="-115.4998490">
    <ele>2037.0</ele>
   </trkpt>
   <trkpt lat="36.1071460" lon="-115.4998820">
    <ele>2037.0</ele>
   </trkpt>
   <trkpt lat="36.1071490" lon="-115.4999140">
    <ele>2036.0</ele>
   </trkpt>
   <trkpt lat="36.1071500" lon="-115.4999450">
    <ele>2036.0</ele>
   </trkpt>
   <trkpt lat="36.1071520" lon="-115.4999760">
    <ele>2036.0</ele>
   </trkpt>
   <trkpt lat="36.1071520" lon="-115.5000050">
    <ele>2035.0</ele>
   </trkpt>
   <trkpt lat="36.1071510" lon="-115.5000340">
    <ele>2035.0</ele>
   </trkpt>
   <trkpt lat="36.1071520" lon="-115.5000600">
    <ele>2035.0</ele>
   </trkpt>
   <trkpt lat="36.1071520" lon="-115.5000870">
    <ele>2035.0</ele>
   </trkpt>
   <trkpt lat="36.1071550" lon="-115.5001150">
    <ele>2035.0</ele>
   </trkpt>
   <trkpt lat="36.1071580" lon="-115.5001430">
    <ele>2034.0</ele>
   </trkpt>
   <trkpt lat="36.1071640" lon="-115.5001700">
    <ele>2034.0</ele>
   </trkpt>
   <trkpt lat="36.1071700" lon="-115.5001980">
    <ele>2033.0</ele>
   </trkpt>
   <trkpt lat="36.1071770" lon="-115.5002190">
    <ele>2033.0</ele>
   </trkpt>
   <trkpt lat="36.1071840" lon="-115.5002400">
    <ele>2033.0</ele>
   </trkpt>
   <trkpt lat="36.1071900" lon="-115.5002540">
    <ele>2032.0</ele>
   </trkpt>
   <trkpt lat="36.1071960" lon="-115.5002680">
    <ele>2032.0</ele>
   </trkpt>
   <trkpt lat="36.1071990" lon="-115.5002790">
    <ele>2032.0</ele>
   </trkpt>
   <trkpt lat="36.1072030" lon="-115.5002900">
    <ele>2032.0</ele>
   </trkpt>
   <trkpt lat="36.1072070" lon="-115.5003010">
    <ele>2032.0</ele>
   </trkpt>
   <trkpt lat="36.1072110" lon="-115.5003120">
    <ele>2032.0</ele>
   </trkpt>
   <trkpt lat="36.1072150" lon="-115.5003200">
    <ele>2032.0</ele>
   </trkpt>
   <trkpt lat="36.1072190" lon="-115.5003280">
    <ele>2032.0</ele>
   </trkpt>
   <trkpt lat="36.1072230" lon="-115.5003360">
    <ele>2032.0</ele>
   </trkpt>
   <trkpt lat="36.1072260" lon="-115.5003460">
    <ele>2032.0</ele>
   </trkpt>
   <trkpt lat="36.1072300" lon="-115.5003570">
    <ele>2031.0</ele>
   </trkpt>
   <trkpt lat="36.1072320" lon="-115.5003680">
    <ele>2031.0</ele>
   </trkpt>
   <trkpt lat="36.1072340" lon="-115.5003790">
    <ele>2031.0</ele>
   </trkpt>
   <trkpt lat="36.1072360" lon="-115.5003910">
    <ele>2031.0</ele>
   </trkpt>
   <trkpt lat="36.1072370" lon="-115.5004020">
    <ele>2031.0</ele>
   </trkpt>
   <trkpt lat="36.1072390" lon="-115.5004150">
    <ele>2031.0</ele>
   </trkpt>
   <trkpt lat="36.1072400" lon="-115.5004270">
    <ele>2031.0</ele>
   </trkpt>
   <trkpt lat="36.1072400" lon="-115.5004410">
    <ele>2031.0</ele>
   </trkpt>
   <trkpt lat="36.1072400" lon="-115.5004560">
    <ele>2031.0</ele>
   </trkpt>
   <trkpt lat="36.1072420" lon="-115.5004700">
    <ele>2031.0</ele>
   </trkpt>
   <trkpt lat="36.1072440" lon="-115.5004850">
    <ele>2030.0</ele>
   </trkpt>
   <trkpt lat="36.1072480" lon="-115.5005000">
    <ele>2030.0</ele>
   </trkpt>
   <trkpt lat="36.1072530" lon="-115.5005150">
    <ele>2030.0</ele>
   </trkpt>
   <trkpt lat="36.1072570" lon="-115.5005300">
    <ele>2030.0</ele>
   </trkpt>
   <trkpt lat="36.1072610" lon="-115.5005460">
    <ele>2030.0</ele>
   </trkpt>
   <trkpt lat="36.1072640" lon="-115.5005630">
    <ele>2030.0</ele>
   </trkpt>
   <trkpt lat="36.1072670" lon="-115.5005800">
    <ele>2030.0</ele>
   </trkpt>
   <trkpt lat="36.1072660" lon="-115.5005990">
    <ele>2030.0</ele>
   </trkpt>
   <trkpt lat="36.1072640" lon="-115.5006180">
    <ele>2030.0</ele>
   </trkpt>
   <trkpt lat="36.1072590" lon="-115.5006380">
    <ele>2030.0</ele>
   </trkpt>
   <trkpt lat="36.1072540" lon="-115.5006570">
    <ele>2029.0</ele>
   </trkpt>
   <trkpt lat="36.1072480" lon="-115.5006760">
    <ele>2029.0</ele>
   </trkpt>
   <trkpt lat="36.1072420" lon="-115.5006940">
    <ele>2029.0</ele>
   </trkpt>
   <trkpt lat="36.1072370" lon="-115.5007120">
    <ele>2029.0</ele>
   </trkpt>
   <trkpt lat="36.1072320" lon="-115.5007300">
    <ele>2029.0</ele>
   </trkpt>
   <trkpt lat="36.1072280" lon="-115.5007500">
    <ele>2028.0</ele>
   </trkpt>
   <trkpt lat="36.1072250" lon="-115.5007690">
    <ele>2028.0</ele>
   </trkpt>
   <trkpt lat="36.1072190" lon="-115.5007880">
    <ele>2027.0</ele>
   </trkpt>
   <trkpt lat="36.1072150" lon="-115.5008060">
    <ele>2027.0</ele>
   </trkpt>
   <trkpt lat="36.1072090" lon="-115.5008230">
    <ele>2027.0</ele>
   </trkpt>
   <trkpt lat="36.1072030" lon="-115.5008400">
    <ele>2026.0</ele>
   </trkpt>
   <trkpt lat="36.1071980" lon="-115.5008550">
    <ele>2025.0</ele>
   </trkpt>
   <trkpt lat="36.1071920" lon="-115.5008710">
    <ele>2025.0</ele>
   </trkpt>
   <trkpt lat="36.1071870" lon="-115.5008860">
    <ele>2024.0</ele>
   </trkpt>
   <trkpt lat="36.1071820" lon="-115.5009010">
    <ele>2024.0</ele>
   </trkpt>
   <trkpt lat="36.1071810" lon="-115.5009160">
    <ele>2023.0</ele>
   </trkpt>
   <trkpt lat="36.1071800" lon="-115.5009300">
    <ele>2022.0</ele>
   </trkpt>
   <trkpt lat="36.1071800" lon="-115.5009390">
    <ele>2022.0</ele>
   </trkpt>
   <trkpt lat="36.1071810" lon="-115.5009490">
    <ele>2021.0</ele>
   </trkpt>
   <trkpt lat="36.1071810" lon="-115.5009580">
    <ele>2021.0</ele>
   </trkpt>
   <trkpt lat="36.1071850" lon="-115.5009650">
    <ele>2020.0</ele>
   </trkpt>
   <trkpt lat="36.1071880" lon="-115.5009730">
    <ele>2020.0</ele>
   </trkpt>
   <trkpt lat="36.1071970" lon="-115.5009770">
    <ele>2019.0</ele>
   </trkpt>
   <trkpt lat="36.1072060" lon="-115.5009820">
    <ele>2019.0</ele>
   </trkpt>
   <trkpt lat="36.1072180" lon="-115.5009870">
    <ele>2019.0</ele>
   </trkpt>
   <trkpt lat="36.1072290" lon="-115.5009920">
    <ele>2018.0</ele>
   </trkpt>
   <trkpt lat="36.1072370" lon="-115.5009990">
    <ele>2017.0</ele>
   </trkpt>
   <trkpt lat="36.1072450" lon="-115.5010060">
    <ele>2017.0</ele>
   </trkpt>
   <trkpt lat="36.1072490" lon="-115.5010150">
    <ele>2016.0</ele>
   </trkpt>
   <trkpt lat="36.1072520" lon="-115.5010230">
    <ele>2016.0</ele>
   </trkpt>
   <trkpt lat="36.1072510" lon="-115.5010350">
    <ele>2015.0</ele>
   </trkpt>
   <trkpt lat="36.1072490" lon="-115.5010470">
    <ele>2015.0</ele>
   </trkpt>
   <trkpt lat="36.1072400" lon="-115.5010630">
    <ele>2014.0</ele>
   </trkpt>
   <trkpt lat="36.1072320" lon="-115.5010780">
    <ele>2014.0</ele>
   </trkpt>
   <trkpt lat="36.1072200" lon="-115.5010950">
    <ele>2014.0</ele>
   </trkpt>
   <trkpt lat="36.1072090" lon="-115.5011120">
    <ele>2013.0</ele>
   </trkpt>
   <trkpt lat="36.1071970" lon="-115.5011290">
    <ele>2012.0</ele>
   </trkpt>
   <trkpt lat="36.1071840" lon="-115.5011460">
    <ele>2012.0</ele>
   </trkpt>
   <trkpt lat="36.1071730" lon="-115.5011600">
    <ele>2011.0</ele>
   </trkpt>
   <trkpt lat="36.1071610" lon="-115.5011750">
    <ele>2011.0</ele>
   </trkpt>
   <trkpt lat="36.1071530" lon="-115.5011880">
    <ele>2010.0</ele>
   </trkpt>
   <trkpt lat="36.1071440" lon="-115.5012010">
    <ele>2009.0</ele>
   </trkpt>
   <trkpt lat="36.1071360" lon="-115.5012130">
    <ele>2008.0</ele>
   </trkpt>
   <trkpt lat="36.1071280" lon="-115.5012250">
    <ele>2007.0</ele>
   </trkpt>
   <trkpt lat="36.1071170" lon="-115.5012370">
    <ele>2007.0</ele>
   </trkpt>
   <trkpt lat="36.1071070" lon="-115.5012500">
    <ele>2006.0</ele>
   </trkpt>
   <trkpt lat="36.1070930" lon="-115.5012640">
    <ele>2006.0</ele>
   </trkpt>
   <trkpt lat="36.1070780" lon="-115.5012790">
    <ele>2005.0</ele>
   </trkpt>
   <trkpt lat="36.1070610" lon="-115.5012960">
    <ele>2005.0</ele>
   </trkpt>
   <trkpt lat="36.1070440" lon="-115.5013140">
    <ele>2005.0</ele>
   </trkpt>
   <trkpt lat="36.1070300" lon="-115.5013370">
    <ele>2004.0</ele>
   </trkpt>
   <trkpt lat="36.1070160" lon="-115.5013610">
    <ele>2004.0</ele>
   </trkpt>
   <trkpt lat="36.1070070" lon="-115.5013880">
    <ele>2004.0</ele>
   </trkpt>
   <trkpt lat="36.1069990" lon="-115.5014140">
    <ele>2004.0</ele>
   </trkpt>
   <trkpt lat="36.1069920" lon="-115.5014410">
    <ele>2004.0</ele>
   </trkpt>
   <trkpt lat="36.1069860" lon="-115.5014670">
    <ele>2003.0</ele>
   </trkpt>
   <trkpt lat="36.1069800" lon="-115.5014920">
    <ele>2003.0</ele>
   </trkpt>
   <trkpt lat="36.1069740" lon="-115.5015170">
    <ele>2002.0</ele>
   </trkpt>
   <trkpt lat="36.1069660" lon="-115.5015390">
    <ele>2002.0</ele>
   </trkpt>
   <trkpt lat="36.1069580" lon="-115.5015620">
    <ele>2002.0</ele>
   </trkpt>
   <trkpt lat="36.1069480" lon="-115.5015820">
    <ele>2001.0</ele>
   </trkpt>
   <trkpt lat="36.1069390" lon="-115.5016030">
    <ele>2001.0</ele>
   </trkpt>
   <trkpt lat="36.1069280" lon="-115.5016220">
    <ele>2001.0</ele>
   </trkpt>
   <trkpt lat="36.1069170" lon="-115.5016410">
    <ele>2001.0</ele>
   </trkpt>
   <trkpt lat="36.1069050" lon="-115.5016570">
    <ele>2001.0</ele>
   </trkpt>
   <trkpt lat="36.1068930" lon="-115.5016740">
    <ele>2000.0</ele>
   </trkpt>
   <trkpt lat="36.1068810" lon="-115.5016900">
    <ele>2000.0</ele>
   </trkpt>
   <trkpt lat="36.1068700" lon="-115.5017060">
    <ele>1999.0</ele>
   </trkpt>
   <trkpt lat="36.1068610" lon="-115.5017200">
    <ele>1999.0</ele>
   </trkpt>
   <trkpt lat="36.1068520" lon="-115.5017340">
    <ele>1999.0</ele>
   </trkpt>
   <trkpt lat="36.1068420" lon="-115.5017480">
    <ele>1998.0</ele>
   </trkpt>
   <trkpt lat="36.1068330" lon="-115.5017620">
    <ele>1998.0</ele>
   </trkpt>
   <trkpt lat="36.1068240" lon="-115.5017770">
    <ele>1997.0</ele>
   </trkpt>
   <trkpt lat="36.1068150" lon="-115.5017920">
    <ele>1997.0</ele>
   </trkpt>
   <trkpt lat="36.1068060" lon="-115.5018090">
    <ele>1997.0</ele>
   </trkpt>
   <trkpt lat="36.1067970" lon="-115.5018250">
    <ele>1996.0</ele>
   </trkpt>
   <trkpt lat="36.1067870" lon="-115.5018420">
    <ele>1996.0</ele>
   </trkpt>
   <trkpt lat="36.1067780" lon="-115.5018580">
    <ele>1995.0</ele>
   </trkpt>
   <trkpt lat="36.1067680" lon="-115.5018740">
    <ele>1995.0</ele>
   </trkpt>
   <trkpt lat="36.1067590" lon="-115.5018900">
    <ele>1995.0</ele>
   </trkpt>
   <trkpt lat="36.1067500" lon="-115.5019050">
    <ele>1994.0</ele>
   </trkpt>
   <trkpt lat="36.1067420" lon="-115.5019200">
    <ele>1994.0</ele>
   </trkpt>
   <trkpt lat="36.1067330" lon="-115.5019330">
    <ele>1994.0</ele>
   </trkpt>
   <trkpt lat="36.1067250" lon="-115.5019470">
    <ele>1994.0</ele>
   </trkpt>
   <trkpt lat="36.1067160" lon="-115.5019580">
    <ele>1994.0</ele>
   </trkpt>
   <trkpt lat="36.1067080" lon="-115.5019700">
    <ele>1993.0</ele>
   </trkpt>
   <trkpt lat="36.1067010" lon="-115.5019790">
    <ele>1993.0</ele>
   </trkpt>
   <trkpt lat="36.1066940" lon="-115.5019880">
    <ele>1993.0</ele>
   </trkpt>
   <trkpt lat="36.1066870" lon="-115.5019980">
    <ele>1993.0</ele>
   </trkpt>
   <trkpt lat="36.1066800" lon="-115.5020080">
    <ele>1993.0</ele>
   </trkpt>
   <trkpt lat="36.1066730" lon="-115.5020210">
    <ele>1993.0</ele>
   </trkpt>
   <trkpt lat="36.1066670" lon="-115.5020330">
    <ele>1993.0</ele>
   </trkpt>
   <trkpt lat="36.1066620" lon="-115.5020480">
    <ele>1993.0</ele>
   </trkpt>
   <trkpt lat="36.1066570" lon="-115.5020620">
    <ele>1993.0</ele>
   </trkpt>
   <trkpt lat="36.1066540" lon="-115.5020740">
    <ele>1993.0</ele>
   </trkpt>
   <trkpt lat="36.1066500" lon="-115.5020860">
    <ele>1992.0</ele>
   </trkpt>
   <trkpt lat="36.1066480" lon="-115.5020960">
    <ele>1992.0</ele>
   </trkpt>
   <trkpt lat="36.1066460" lon="-115.5021050">
    <ele>1992.0</ele>
   </trkpt>
   <trkpt lat="36.1066440" lon="-115.5021110">
    <ele>1992.0</ele>
   </trkpt>
   <trkpt lat="36.1066420" lon="-115.5021160">
    <ele>1992.0</ele>
   </trkpt>
   <trkpt lat="36.1066390" lon="-115.5021210">
    <ele>1991.0</ele>
   </trkpt>
   <trkpt lat="36.1066360" lon="-115.5021280">
    <ele>1991.0</ele>
   </trkpt>
   <trkpt lat="36.1066320" lon="-115.5021340">
    <ele>1991.0</ele>
   </trkpt>
   <trkpt lat="36.1066260" lon="-115.5021380">
    <ele>1991.0</ele>
   </trkpt>
   <trkpt lat="36.1066210" lon="-115.5021430">
    <ele>1991.0</ele>
   </trkpt>
   <trkpt lat="36.1066150" lon="-115.5021470">
    <ele>1990.0</ele>
   </trkpt>
   <trkpt lat="36.1066090" lon="-115.5021510">
    <ele>1990.0</ele>
   </trkpt>
   <trkpt lat="36.1065990" lon="-115.5021560">
    <ele>1990.0</ele>
   </trkpt>
   <trkpt lat="36.1065860" lon="-115.5021600">
    <ele>1990.0</ele>
   </trkpt>
   <trkpt lat="36.1065840" lon="-115.5021600">
    <ele>1990.0</ele>
   </trkpt>
   <trkpt lat="36.1065810" lon="-115.5021610">
    <ele>1990.0</ele>
   </trkpt>
   <trkpt lat="36.1065780" lon="-115.5021610">
    <ele>1990.0</ele>
   </trkpt>
   <trkpt lat="36.1065760" lon="-115.5021620">
    <ele>1990.0</ele>
   </trkpt>
   <trkpt lat="36.1065730" lon="-115.5021620">
    <ele>1990.0</ele>
   </trkpt>
   <trkpt lat="36.1065710" lon="-115.5021620">
    <ele>1990.0</ele>
   </trkpt>
   <trkpt lat="36.1065680" lon="-115.5021630">
    <ele>1989.0</ele>
   </trkpt>
   <trkpt lat="36.1065650" lon="-115.5021630">
    <ele>1989.0</ele>
   </trkpt>
   <trkpt lat="36.1065630" lon="-115.5021630">
    <ele>1989.0</ele>
   </trkpt>
   <trkpt lat="36.1065600" lon="-115.5021640">
    <ele>1989.0</ele>
   </trkpt>
   <trkpt lat="36.1065570" lon="-115.5021640">
    <ele>1989.0</ele>
   </trkpt>
   <trkpt lat="36.1065550" lon="-115.5021640">
    <ele>1989.0</ele>
   </trkpt>
   <trkpt lat="36.1065520" lon="-115.5021650">
    <ele>1989.0</ele>
   </trkpt>
   <trkpt lat="36.1065500" lon="-115.5021650">
    <ele>1989.0</ele>
   </trkpt>
   <trkpt lat="36.1065470" lon="-115.5021650">
    <ele>1989.0</ele>
   </trkpt>
   <trkpt lat="36.1065440" lon="-115.5021660">
    <ele>1989.0</ele>
   </trkpt>
   <trkpt lat="36.1065420" lon="-115.5021660">
    <ele>1989.0</ele>
   </trkpt>
   <trkpt lat="36.1065390" lon="-115.5021660">
    <ele>1989.0</ele>
   </trkpt>
   <trkpt lat="36.1065360" lon="-115.5021670">
    <ele>1989.0</ele>
   </trkpt>
   <trkpt lat="36.1065340" lon="-115.5021670">
    <ele>1989.0</ele>
   </trkpt>
   <trkpt lat="36.1065310" lon="-115.5021670">
    <ele>1989.0</ele>
   </trkpt>
   <trkpt lat="36.1065290" lon="-115.5021680">
    <ele>1989.0</ele>
   </trkpt>
   <trkpt lat="36.1065260" lon="-115.5021680">
    <ele>1989.0</ele>
   </trkpt>
   <trkpt lat="36.1065230" lon="-115.5021690">
    <ele>1989.0</ele>
   </trkpt>
   <trkpt lat="36.1065210" lon="-115.5021690">
    <ele>1989.0</ele>
   </trkpt>
   <trkpt lat="36.1065180" lon="-115.5021690">
    <ele>1990.0</ele>
   </trkpt>
   <trkpt lat="36.1065150" lon="-115.5021700">
    <ele>1990.0</ele>
   </trkpt>
   <trkpt lat="36.1065130" lon="-115.5021700">
    <ele>1990.0</ele>
   </trkpt>
   <trkpt lat="36.1065100" lon="-115.5021700">
    <ele>1990.0</ele>
   </trkpt>
   <trkpt lat="36.1065080" lon="-115.5021710">
    <ele>1990.0</ele>
   </trkpt>
   <trkpt lat="36.1065050" lon="-115.5021710">
    <ele>1991.0</ele>
   </trkpt>
   <trkpt lat="36.1065020" lon="-115.5021710">
    <ele>1991.0</ele>
   </trkpt>
   <trkpt lat="36.1065000" lon="-115.5021720">
    <ele>1991.0</ele>
   </trkpt>
   <trkpt lat="36.1064970" lon="-115.5021720">
    <ele>1991.0</ele>
   </trkpt>
   <trkpt lat="36.1064950" lon="-115.5021720">
    <ele>1991.0</ele>
   </trkpt>
   <trkpt lat="36.1064920" lon="-115.5021730">
    <ele>1992.0</ele>
   </trkpt>
   <trkpt lat="36.1064890" lon="-115.5021730">
    <ele>1992.0</ele>
   </trkpt>
   <trkpt lat="36.1064870" lon="-115.5021730">
    <ele>1992.0</ele>
   </trkpt>
   <trkpt lat="36.1064840" lon="-115.5021740">
    <ele>1992.0</ele>
   </trkpt>
   <trkpt lat="36.1064810" lon="-115.5021740">
    <ele>1992.0</ele>
   </trkpt>
   <trkpt lat="36.1064790" lon="-115.5021740">
    <ele>1993.0</ele>
   </trkpt>
   <trkpt lat="36.1064760" lon="-115.5021750">
    <ele>1993.0</ele>
   </trkpt>
   <trkpt lat="36.1064740" lon="-115.5021750">
    <ele>1993.0</ele>
   </trkpt>
   <trkpt lat="36.1064710" lon="-115.5021760">
    <ele>1993.0</ele>
   </trkpt>
   <trkpt lat="36.1064680" lon="-115.5021760">
    <ele>1993.0</ele>
   </trkpt>
   <trkpt lat="36.1064660" lon="-115.5021760">
    <ele>1994.0</ele>
   </trkpt>
   <trkpt lat="36.1064630" lon="-115.5021770">
    <ele>1994.0</ele>
   </trkpt>
   <trkpt lat="36.1064600" lon="-115.5021770">
    <ele>1994.0</ele>
   </trkpt>
   <trkpt lat="36.1064580" lon="-115.5021770">
    <ele>1995.0</ele>
   </trkpt>
   <trkpt lat="36.1064550" lon="-115.5021780">
    <ele>1995.0</ele>
   </trkpt>
   <trkpt lat="36.1064530" lon="-115.5021780">
    <ele>1996.0</ele>
   </trkpt>
   <trkpt lat="36.1064500" lon="-115.5021780">
    <ele>1996.0</ele>
   </trkpt>
   <trkpt lat="36.1064470" lon="-115.5021790">
    <ele>1996.0</ele>
   </trkpt>
   <trkpt lat="36.1064450" lon="-115.5021790">
    <ele>1996.0</ele>
   </trkpt>
   <trkpt lat="36.1064420" lon="-115.5021790">
    <ele>1996.0</ele>
   </trkpt>
   <trkpt lat="36.1064390" lon="-115.5021800">
    <ele>1997.0</ele>
   </trkpt>
   <trkpt lat="36.1064370" lon="-115.5021800">
    <ele>1997.0</ele>
   </trkpt>
   <trkpt lat="36.1064340" lon="-115.5021800">
    <ele>1997.0</ele>
   </trkpt>
   <trkpt lat="36.1064320" lon="-115.5021810">
    <ele>1997.0</ele>
   </trkpt>
   <trkpt lat="36.1064290" lon="-115.5021810">
    <ele>1997.0</ele>
   </trkpt>
   <trkpt lat="36.1064260" lon="-115.5021810">
    <ele>1998.0</ele>
   </trkpt>
   <trkpt lat="36.1064240" lon="-115.5021820">
    <ele>1998.0</ele>
   </trkpt>
   <trkpt lat="36.1064210" lon="-115.5021820">
    <ele>1998.0</ele>
   </trkpt>
   <trkpt lat="36.1064180" lon="-115.5021830">
    <ele>1998.0</ele>
   </trkpt>
   <trkpt lat="36.1064160" lon="-115.5021830">
    <ele>1998.0</ele>
   </trkpt>
   <trkpt lat="36.1064130" lon="-115.5021830">
    <ele>1999.0</ele>
   </trkpt>
   <trkpt lat="36.1064110" lon="-115.5021840">
    <ele>1999.0</ele>
   </trkpt>
   <trkpt lat="36.1064080" lon="-115.5021840">
    <ele>1999.0</ele>
   </trkpt>
   <trkpt lat="36.1064050" lon="-115.5021840">
    <ele>1999.0</ele>
   </trkpt>
   <trkpt lat="36.1064030" lon="-115.5021850">
    <ele>1999.0</ele>
   </trkpt>
   <trkpt lat="36.1064000" lon="-115.5021850">
    <ele>2000.0</ele>
   </trkpt>
   <trkpt lat="36.1063970" lon="-115.5021850">
    <ele>2000.0</ele>
   </trkpt>
   <trkpt lat="36.1063950" lon="-115.5021860">
    <ele>2000.0</ele>
   </trkpt>
   <trkpt lat="36.1063920" lon="-115.5021860">
    <ele>2001.0</ele>
   </trkpt>
   <trkpt lat="36.1063900" lon="-115.5021860">
    <ele>2001.0</ele>
   </trkpt>
   <trkpt lat="36.1063870" lon="-115.5021870">
    <ele>2002.0</ele>
   </trkpt>
   <trkpt lat="36.1063840" lon="-115.5021870">
    <ele>2002.0</ele>
   </trkpt>
   <trkpt lat="36.1063820" lon="-115.5021870">
    <ele>2002.0</ele>
   </trkpt>
   <trkpt lat="36.1063790" lon="-115.5021880">
    <ele>2002.0</ele>
   </trkpt>
   <trkpt lat="36.1063760" lon="-115.5021880">
    <ele>2002.0</ele>
   </trkpt>
   <trkpt lat="36.1063740" lon="-115.5021890">
    <ele>2003.0</ele>
   </trkpt>
   <trkpt lat="36.1063710" lon="-115.5021890">
    <ele>2003.0</ele>
   </trkpt>
   <trkpt lat="36.1063690" lon="-115.5021890">
    <ele>2003.0</ele>
   </trkpt>
   <trkpt lat="36.1063660" lon="-115.5021900">
    <ele>2003.0</ele>
   </trkpt>
   <trkpt lat="36.1063630" lon="-115.5021900">
    <ele>2003.0</ele>
   </trkpt>
   <trkpt lat="36.1063610" lon="-115.5021900">
    <ele>2004.0</ele>
   </trkpt>
   <trkpt lat="36.1063580" lon="-115.5021910">
    <ele>2004.0</ele>
   </trkpt>
   <trkpt lat="36.1063560" lon="-115.5021910">
    <ele>2004.0</ele>
   </trkpt>
   <trkpt lat="36.1063530" lon="-115.5021910">
    <ele>2004.0</ele>
   </trkpt>
   <trkpt lat="36.1063500" lon="-115.5021920">
    <ele>2004.0</ele>
   </trkpt>
   <trkpt lat="36.1063480" lon="-115.5021920">
    <ele>2005.0</ele>
   </trkpt>
   <trkpt lat="36.1063450" lon="-115.5021920">
    <ele>2005.0</ele>
   </trkpt>
   <trkpt lat="36.1063420" lon="-115.5021930">
    <ele>2005.0</ele>
   </trkpt>
   <trkpt lat="36.1063400" lon="-115.5021930">
    <ele>2005.0</ele>
   </trkpt>
   <trkpt lat="36.1063150" lon="-115.5021730">
    <ele>2005.0</ele>
   </trkpt>
   <trkpt lat="36.1062980" lon="-115.5021640">
    <ele>2006.0</ele>
   </trkpt>
   <trkpt lat="36.1062880" lon="-115.5021650">
    <ele>2006.0</ele>
   </trkpt>
   <trkpt lat="36.1062780" lon="-115.5021670">
    <ele>2007.0</ele>
   </trkpt>
   <trkpt lat="36.1062710" lon="-115.5021700">
    <ele>2007.0</ele>
   </trkpt>
   <trkpt lat="36.1062640" lon="-115.5021730">
    <ele>2008.0</ele>
   </trkpt>
   <trkpt lat="36.1062570" lon="-115.5021710">
    <ele>2009.0</ele>
   </trkpt>
   <trkpt lat="36.1062510" lon="-115.5021700">
    <ele>2009.0</ele>
   </trkpt>
   <trkpt lat="36.1062440" lon="-115.5021650">
    <ele>2009.0</ele>
   </trkpt>
   <trkpt lat="36.1062380" lon="-115.5021600">
    <ele>2009.0</ele>
   </trkpt>
   <trkpt lat="36.1062300" lon="-115.5021520">
    <ele>2009.0</ele>
   </trkpt>
   <trkpt lat="36.1062230" lon="-115.5021440">
    <ele>2010.0</ele>
   </trkpt>
   <trkpt lat="36.1062180" lon="-115.5021340">
    <ele>2010.0</ele>
   </trkpt>
   <trkpt lat="36.1062130" lon="-115.5021250">
    <ele>2010.0</ele>
   </trkpt>
   <trkpt lat="36.1062120" lon="-115.5021140">
    <ele>2010.0</ele>
   </trkpt>
   <trkpt lat="36.1062100" lon="-115.5021040">
    <ele>2010.0</ele>
   </trkpt>
   <trkpt lat="36.1062070" lon="-115.5020950">
    <ele>2010.0</ele>
   </trkpt>
   <trkpt lat="36.1062050" lon="-115.5020860">
    <ele>2010.0</ele>
   </trkpt>
   <trkpt lat="36.1061990" lon="-115.5020840">
    <ele>2010.0</ele>
   </trkpt>
   <trkpt lat="36.1061930" lon="-115.5020810">
    <ele>2010.0</ele>
   </trkpt>
   <trkpt lat="36.1061910" lon="-115.5020820">
    <ele>2010.0</ele>
   </trkpt>
   <trkpt lat="36.1061890" lon="-115.5020830">
    <ele>2010.0</ele>
   </trkpt>
   <trkpt lat="36.1061870" lon="-115.5020830">
    <ele>2010.0</ele>
   </trkpt>
   <trkpt lat="36.1061850" lon="-115.5020840">
    <ele>2010.0</ele>
   </trkpt>
   <trkpt lat="36.1061830" lon="-115.5020850">
    <ele>2010.0</ele>
   </trkpt>
   <trkpt lat="36.1061770" lon="-115.5020900">
    <ele>2010.0</ele>
   </trkpt>
   <trkpt lat="36.1061720" lon="-115.5020950">
    <ele>2010.0</ele>
   </trkpt>
   <trkpt lat="36.1061660" lon="-115.5021000">
    <ele>2009.0</ele>
   </trkpt>
   <trkpt lat="36.1061590" lon="-115.5021050">
    <ele>2009.0</ele>
   </trkpt>
   <trkpt lat="36.1061500" lon="-115.5021080">
    <ele>2009.0</ele>
   </trkpt>
   <trkpt lat="36.1061400" lon="-115.5021120">
    <ele>2009.0</ele>
   </trkpt>
   <trkpt lat="36.1061290" lon="-115.5021120">
    <ele>2009.0</ele>
   </trkpt>
   <trkpt lat="36.1061180" lon="-115.5021130">
    <ele>2009.0</ele>
   </trkpt>
   <trkpt lat="36.1061070" lon="-115.5021100">
    <ele>2009.0</ele>
   </trkpt>
   <trkpt lat="36.1060960" lon="-115.5021070">
    <ele>2009.0</ele>
   </trkpt>
   <trkpt lat="36.1060860" lon="-115.5021020">
    <ele>2009.0</ele>
   </trkpt>
   <trkpt lat="36.1060750" lon="-115.5020970">
    <ele>2009.0</ele>
   </trkpt>
   <trkpt lat="36.1060650" lon="-115.5020950">
    <ele>2008.0</ele>
   </trkpt>
   <trkpt lat="36.1060550" lon="-115.5020930">
    <ele>2008.0</ele>
   </trkpt>
   <trkpt lat="36.1060470" lon="-115.5020970">
    <ele>2007.0</ele>
   </trkpt>
   <trkpt lat="36.1060380" lon="-115.5021010">
    <ele>2007.0</ele>
   </trkpt>
   <trkpt lat="36.1060330" lon="-115.5021100">
    <ele>2007.0</ele>
   </trkpt>
   <trkpt lat="36.1060270" lon="-115.5021180">
    <ele>2007.0</ele>
   </trkpt>
   <trkpt lat="36.1060220" lon="-115.5021290">
    <ele>2007.0</ele>
   </trkpt>
   <trkpt lat="36.1060170" lon="-115.5021410">
    <ele>2007.0</ele>
   </trkpt>
   <trkpt lat="36.1060130" lon="-115.5021540">
    <ele>2007.0</ele>
   </trkpt>
   <trkpt lat="36.1060090" lon="-115.5021680">
    <ele>2007.0</ele>
   </trkpt>
   <trkpt lat="36.1060050" lon="-115.5021810">
    <ele>2007.0</ele>
   </trkpt>
   <trkpt lat="36.1060010" lon="-115.5021930">
    <ele>2007.0</ele>
   </trkpt>
   <trkpt lat="36.1059960" lon="-115.5022070">
    <ele>2007.0</ele>
   </trkpt>
   <trkpt lat="36.1059920" lon="-115.5022200">
    <ele>2007.0</ele>
   </trkpt>
   <trkpt lat="36.1059880" lon="-115.5022370">
    <ele>2007.0</ele>
   </trkpt>
   <trkpt lat="36.1059840" lon="-115.5022550">
    <ele>2007.0</ele>
   </trkpt>
   <trkpt lat="36.1059800" lon="-115.5022750">
    <ele>2007.0</ele>
   </trkpt>
   <trkpt lat="36.1059760" lon="-115.5022950">
    <ele>2007.0</ele>
   </trkpt>
   <trkpt lat="36.1059720" lon="-115.5023160">
    <ele>2007.0</ele>
   </trkpt>
   <trkpt lat="36.1059680" lon="-115.5023360">
    <ele>2007.0</ele>
   </trkpt>
   <trkpt lat="36.1059650" lon="-115.5023530">
    <ele>2007.0</ele>
   </trkpt>
   <trkpt lat="36.1059610" lon="-115.5023710">
    <ele>2007.0</ele>
   </trkpt>
   <trkpt lat="36.1059570" lon="-115.5023910">
    <ele>2008.0</ele>
   </trkpt>
   <trkpt lat="36.1059530" lon="-115.5024110">
    <ele>2008.0</ele>
   </trkpt>
   <trkpt lat="36.1059490" lon="-115.5024370">
    <ele>2009.0</ele>
   </trkpt>
   <trkpt lat="36.1059450" lon="-115.5024620">
    <ele>2009.0</ele>
   </trkpt>
   <trkpt lat="36.1059410" lon="-115.5024930">
    <ele>2009.0</ele>
   </trkpt>
   <trkpt lat="36.1059360" lon="-115.5025240">
    <ele>2009.0</ele>
   </trkpt>
   <trkpt lat="36.1059340" lon="-115.5025560">
    <ele>2009.0</ele>
   </trkpt>
   <trkpt lat="36.1059310" lon="-115.5025880">
    <ele>2010.0</ele>
   </trkpt>
   <trkpt lat="36.1059280" lon="-115.5026170">
    <ele>2010.0</ele>
   </trkpt>
   <trkpt lat="36.1059260" lon="-115.5026460">
    <ele>2010.0</ele>
   </trkpt>
   <trkpt lat="36.1059190" lon="-115.5026690">
    <ele>2010.0</ele>
   </trkpt>
   <trkpt lat="36.1059130" lon="-115.5026930">
    <ele>2010.0</ele>
   </trkpt>
   <trkpt lat="36.1059040" lon="-115.5027110">
    <ele>2010.0</ele>
   </trkpt>
   <trkpt lat="36.1058950" lon="-115.5027300">
    <ele>2009.0</ele>
   </trkpt>
   <trkpt lat="36.1058840" lon="-115.5027460">
    <ele>2009.0</ele>
   </trkpt>
   <trkpt lat="36.1058720" lon="-115.5027620">
    <ele>2009.0</ele>
   </trkpt>
   <trkpt lat="36.1058630" lon="-115.5027800">
    <ele>2009.0</ele>
   </trkpt>
   <trkpt lat="36.1058540" lon="-115.5027990">
    <ele>2009.0</ele>
   </trkpt>
   <trkpt lat="36.1058500" lon="-115.5028160">
    <ele>2008.0</ele>
   </trkpt>
   <trkpt lat="36.1058470" lon="-115.5028340">
    <ele>2007.0</ele>
   </trkpt>
   <trkpt lat="36.1058500" lon="-115.5028460">
    <ele>2007.0</ele>
   </trkpt>
   <trkpt lat="36.1058530" lon="-115.5028590">
    <ele>2006.0</ele>
   </trkpt>
   <trkpt lat="36.1058620" lon="-115.5028660">
    <ele>2006.0</ele>
   </trkpt>
   <trkpt lat="36.1058700" lon="-115.5028740">
    <ele>2005.0</ele>
   </trkpt>
   <trkpt lat="36.1058830" lon="-115.5028780">
    <ele>2005.0</ele>
   </trkpt>
   <trkpt lat="36.1058960" lon="-115.5028810">
    <ele>2004.0</ele>
   </trkpt>
   <trkpt lat="36.1059090" lon="-115.5028850">
    <ele>2004.0</ele>
   </trkpt>
   <trkpt lat="36.1059220" lon="-115.5028890">
    <ele>2004.0</ele>
   </trkpt>
   <trkpt lat="36.1059340" lon="-115.5028930">
    <ele>2003.0</ele>
   </trkpt>
   <trkpt lat="36.1059470" lon="-115.5028970">
    <ele>2003.0</ele>
   </trkpt>
   <trkpt lat="36.1059590" lon="-115.5029040">
    <ele>2002.0</ele>
   </trkpt>
   <trkpt lat="36.1059710" lon="-115.5029110">
    <ele>2002.0</ele>
   </trkpt>
   <trkpt lat="36.1059830" lon="-115.5029250">
    <ele>2002.0</ele>
   </trkpt>
   <trkpt lat="36.1059940" lon="-115.5029390">
    <ele>2001.0</ele>
   </trkpt>
   <trkpt lat="36.1060030" lon="-115.5029580">
    <ele>2001.0</ele>
   </trkpt>
   <trkpt lat="36.1060120" lon="-115.5029780">
    <ele>2000.0</ele>
   </trkpt>
   <trkpt lat="36.1060190" lon="-115.5030040">
    <ele>2000.0</ele>
   </trkpt>
   <trkpt lat="36.1060260" lon="-115.5030300">
    <ele>2000.0</ele>
   </trkpt>
   <trkpt lat="36.1060280" lon="-115.5030590">
    <ele>1999.0</ele>
   </trkpt>
   <trkpt lat="36.1060310" lon="-115.5030880">
    <ele>1998.0</ele>
   </trkpt>
   <trkpt lat="36.1060280" lon="-115.5031160">
    <ele>1998.0</ele>
   </trkpt>
   <trkpt lat="36.1060240" lon="-115.5031440">
    <ele>1997.0</ele>
   </trkpt>
   <trkpt lat="36.1060220" lon="-115.5031700">
    <ele>1997.0</ele>
   </trkpt>
   <trkpt lat="36.1060190" lon="-115.5031960">
    <ele>1996.0</ele>
   </trkpt>
   <trkpt lat="36.1060190" lon="-115.5032190">
    <ele>1996.0</ele>
   </trkpt>
   <trkpt lat="36.1060190" lon="-115.5032420">
    <ele>1995.0</ele>
   </trkpt>
   <trkpt lat="36.1060190" lon="-115.5032560">
    <ele>1995.0</ele>
   </trkpt>
   <trkpt lat="36.1060180" lon="-115.5032710">
    <ele>1995.0</ele>
   </trkpt>
   <trkpt lat="36.1060110" lon="-115.5032790">
    <ele>1994.0</ele>
   </trkpt>
   <trkpt lat="36.1060050" lon="-115.5032860">
    <ele>1994.0</ele>
   </trkpt>
   <trkpt lat="36.1059930" lon="-115.5032930">
    <ele>1993.0</ele>
   </trkpt>
   <trkpt lat="36.1059810" lon="-115.5033000">
    <ele>1993.0</ele>
   </trkpt>
   <trkpt lat="36.1059680" lon="-115.5033120">
    <ele>1993.0</ele>
   </trkpt>
   <trkpt lat="36.1059550" lon="-115.5033250">
    <ele>1992.0</ele>
   </trkpt>
   <trkpt lat="36.1059420" lon="-115.5033410">
    <ele>1992.0</ele>
   </trkpt>
   <trkpt lat="36.1059290" lon="-115.5033560">
    <ele>1992.0</ele>
   </trkpt>
   <trkpt lat="36.1059140" lon="-115.5033730">
    <ele>1992.0</ele>
   </trkpt>
   <trkpt lat="36.1058980" lon="-115.5033890">
    <ele>1992.0</ele>
   </trkpt>
   <trkpt lat="36.1058820" lon="-115.5034070">
    <ele>1991.0</ele>
   </trkpt>
   <trkpt lat="36.1058650" lon="-115.5034260">
    <ele>1991.0</ele>
   </trkpt>
   <trkpt lat="36.1058490" lon="-115.5034450">
    <ele>1990.0</ele>
   </trkpt>
   <trkpt lat="36.1058320" lon="-115.5034650">
    <ele>1990.0</ele>
   </trkpt>
   <trkpt lat="36.1058160" lon="-115.5034850">
    <ele>1990.0</ele>
   </trkpt>
   <trkpt lat="36.1057990" lon="-115.5035060">
    <ele>1989.0</ele>
   </trkpt>
   <trkpt lat="36.1057810" lon="-115.5035250">
    <ele>1988.0</ele>
   </trkpt>
   <trkpt lat="36.1057630" lon="-115.5035450">
    <ele>1988.0</ele>
   </trkpt>
   <trkpt lat="36.1057420" lon="-115.5035610">
    <ele>1987.0</ele>
   </trkpt>
   <trkpt lat="36.1057220" lon="-115.5035770">
    <ele>1987.0</ele>
   </trkpt>
   <trkpt lat="36.1057030" lon="-115.5035910">
    <ele>1986.0</ele>
   </trkpt>
   <trkpt lat="36.1056830" lon="-115.5036050">
    <ele>1985.0</ele>
   </trkpt>
   <trkpt lat="36.1056650" lon="-115.5036230">
    <ele>1984.0</ele>
   </trkpt>
   <trkpt lat="36.1056470" lon="-115.5036400">
    <ele>1983.0</ele>
   </trkpt>
   <trkpt lat="36.1056300" lon="-115.5036560">
    <ele>1983.0</ele>
   </trkpt>
   <trkpt lat="36.1056130" lon="-115.5036710">
    <ele>1982.0</ele>
   </trkpt>
   <trkpt lat="36.1055960" lon="-115.5036780">
    <ele>1981.0</ele>
   </trkpt>
   <trkpt lat="36.1055780" lon="-115.5036840">
    <ele>1980.0</ele>
   </trkpt>
   <trkpt lat="36.1055590" lon="-115.5036860">
    <ele>1979.0</ele>
   </trkpt>
   <trkpt lat="36.1055400" lon="-115.5036880">
    <ele>1979.0</ele>
   </trkpt>
   <trkpt lat="36.1055200" lon="-115.5036960">
    <ele>1978.0</ele>
   </trkpt>
   <trkpt lat="36.1055000" lon="-115.5037050">
    <ele>1977.0</ele>
   </trkpt>
   <trkpt lat="36.1054810" lon="-115.5037240">
    <ele>1976.0</ele>
   </trkpt>
   <trkpt lat="36.1054620" lon="-115.5037430">
    <ele>1975.0</ele>
   </trkpt>
   <trkpt lat="36.1054440" lon="-115.5037670">
    <ele>1974.0</ele>
   </trkpt>
   <trkpt lat="36.1054260" lon="-115.5037910">
    <ele>1973.0</ele>
   </trkpt>
   <trkpt lat="36.1054060" lon="-115.5038150">
    <ele>1972.0</ele>
   </trkpt>
   <trkpt lat="36.1053860" lon="-115.5038400">
    <ele>1971.0</ele>
   </trkpt>
   <trkpt lat="36.1053670" lon="-115.5038630">
    <ele>1970.0</ele>
   </trkpt>
   <trkpt lat="36.1053480" lon="-115.5038870">
    <ele>1969.0</ele>
   </trkpt>
   <trkpt lat="36.1053290" lon="-115.5039060">
    <ele>1967.0</ele>
   </trkpt>
   <trkpt lat="36.1053100" lon="-115.5039260">
    <ele>1966.0</ele>
   </trkpt>
   <trkpt lat="36.1052920" lon="-115.5039390">
    <ele>1965.0</ele>
   </trkpt>
   <trkpt lat="36.1052730" lon="-115.5039530">
    <ele>1964.0</ele>
   </trkpt>
   <trkpt lat="36.1052570" lon="-115.5039640">
    <ele>1963.0</ele>
   </trkpt>
   <trkpt lat="36.1052400" lon="-115.5039750">
    <ele>1962.0</ele>
   </trkpt>
   <trkpt lat="36.1052230" lon="-115.5039860">
    <ele>1961.0</ele>
   </trkpt>
   <trkpt lat="36.1052060" lon="-115.5039980">
    <ele>1960.0</ele>
   </trkpt>
   <trkpt lat="36.1051870" lon="-115.5040080">
    <ele>1959.0</ele>
   </trkpt>
   <trkpt lat="36.1051680" lon="-115.5040180">
    <ele>1959.0</ele>
   </trkpt>
   <trkpt lat="36.1051490" lon="-115.5040280">
    <ele>1958.0</ele>
   </trkpt>
   <trkpt lat="36.1051290" lon="-115.5040370">
    <ele>1957.0</ele>
   </trkpt>
   <trkpt lat="36.1051150" lon="-115.5040520">
    <ele>1956.0</ele>
   </trkpt>
   <trkpt lat="36.1051010" lon="-115.5040670">
    <ele>1955.0</ele>
   </trkpt>
   <trkpt lat="36.1050910" lon="-115.5040850">
    <ele>1954.0</ele>
   </trkpt>
   <trkpt lat="36.1050820" lon="-115.5041040">
    <ele>1953.0</ele>
   </trkpt>
   <trkpt lat="36.1050720" lon="-115.5041190">
    <ele>1952.0</ele>
   </trkpt>
   <trkpt lat="36.1050620" lon="-115.5041350">
    <ele>1951.0</ele>
   </trkpt>
   <trkpt lat="36.1050500" lon="-115.5041480">
    <ele>1950.0</ele>
   </trkpt>
   <trkpt lat="36.1050370" lon="-115.5041610">
    <ele>1949.0</ele>
   </trkpt>
   <trkpt lat="36.1050210" lon="-115.5041710">
    <ele>1948.0</ele>
   </trkpt>
   <trkpt lat="36.1050060" lon="-115.5041810">
    <ele>1947.0</ele>
   </trkpt>
   <trkpt lat="36.1049880" lon="-115.5041860">
    <ele>1946.0</ele>
   </trkpt>
   <trkpt lat="36.1049690" lon="-115.5041900">
    <ele>1945.0</ele>
   </trkpt>
   <trkpt lat="36.1049510" lon="-115.5041920">
    <ele>1945.0</ele>
   </trkpt>
   <trkpt lat="36.1049320" lon="-115.5041940">
    <ele>1944.0</ele>
   </trkpt>
   <trkpt lat="36.1049160" lon="-115.5041980">
    <ele>1943.0</ele>
   </trkpt>
   <trkpt lat="36.1048990" lon="-115.5042020">
    <ele>1943.0</ele>
   </trkpt>
   <trkpt lat="36.1048820" lon="-115.5042090">
    <ele>1942.0</ele>
   </trkpt>
   <trkpt lat="36.1048650" lon="-115.5042150">
    <ele>1942.0</ele>
   </trkpt>
   <trkpt lat="36.1048450" lon="-115.5042240">
    <ele>1941.0</ele>
   </trkpt>
   <trkpt lat="36.1048240" lon="-115.5042330">
    <ele>1940.0</ele>
   </trkpt>
   <trkpt lat="36.1048020" lon="-115.5042440">
    <ele>1940.0</ele>
   </trkpt>
   <trkpt lat="36.1047790" lon="-115.5042550">
    <ele>1939.0</ele>
   </trkpt>
   <trkpt lat="36.1047570" lon="-115.5042680">
    <ele>1939.0</ele>
   </trkpt>
   <trkpt lat="36.1047360" lon="-115.5042800">
    <ele>1938.0</ele>
   </trkpt>
   <trkpt lat="36.1047160" lon="-115.5042930">
    <ele>1938.0</ele>
   </trkpt>
   <trkpt lat="36.1046970" lon="-115.5043050">
    <ele>1938.0</ele>
   </trkpt>
   <trkpt lat="36.1046770" lon="-115.5043200">
    <ele>1938.0</ele>
   </trkpt>
   <trkpt lat="36.1046580" lon="-115.5043340">
    <ele>1938.0</ele>
   </trkpt>
   <trkpt lat="36.1046370" lon="-115.5043500">
    <ele>1937.0</ele>
   </trkpt>
   <trkpt lat="36.1046170" lon="-115.5043660">
    <ele>1937.0</ele>
   </trkpt>
   <trkpt lat="36.1045960" lon="-115.5043840">
    <ele>1936.0</ele>
   </trkpt>
   <trkpt lat="36.1045750" lon="-115.5044020">
    <ele>1936.0</ele>
   </trkpt>
   <trkpt lat="36.1045550" lon="-115.5044190">
    <ele>1936.0</ele>
   </trkpt>
   <trkpt lat="36.1045360" lon="-115.5044350">
    <ele>1935.0</ele>
   </trkpt>
   <trkpt lat="36.1045210" lon="-115.5044480">
    <ele>1935.0</ele>
   </trkpt>
   <trkpt lat="36.1045060" lon="-115.5044600">
    <ele>1935.0</ele>
   </trkpt>
   <trkpt lat="36.1044950" lon="-115.5044710">
    <ele>1935.0</ele>
   </trkpt>
   <trkpt lat="36.1044840" lon="-115.5044820">
    <ele>1935.0</ele>
   </trkpt>
   <trkpt lat="36.1044760" lon="-115.5044950">
    <ele>1935.0</ele>
   </trkpt>
   <trkpt lat="36.1044680" lon="-115.5045080">
    <ele>1935.0</ele>
   </trkpt>
   <trkpt lat="36.1044620" lon="-115.5045220">
    <ele>1935.0</ele>
   </trkpt>
   <trkpt lat="36.1044560" lon="-115.5045350">
    <ele>1935.0</ele>
   </trkpt>
   <trkpt lat="36.1044510" lon="-115.5045530">
    <ele>1935.0</ele>
   </trkpt>
   <trkpt lat="36.1044460" lon="-115.5045700">
    <ele>1934.0</ele>
   </trkpt>
   <trkpt lat="36.1044390" lon="-115.5045910">
    <ele>1934.0</ele>
   </trkpt>
   <trkpt lat="36.1044330" lon="-115.5046120">
    <ele>1934.0</ele>
   </trkpt>
   <trkpt lat="36.1044230" lon="-115.5046340">
    <ele>1934.0</ele>
   </trkpt>
   <trkpt lat="36.1044130" lon="-115.5046570">
    <ele>1934.0</ele>
   </trkpt>
   <trkpt lat="36.1044010" lon="-115.5046770">
    <ele>1933.0</ele>
   </trkpt>
   <trkpt lat="36.1043890" lon="-115.5046980">
    <ele>1933.0</ele>
   </trkpt>
   <trkpt lat="36.1043760" lon="-115.5047210">
    <ele>1932.0</ele>
   </trkpt>
   <trkpt lat="36.1043640" lon="-115.5047440">
    <ele>1932.0</ele>
   </trkpt>
   <trkpt lat="36.1043540" lon="-115.5047680">
    <ele>1932.0</ele>
   </trkpt>
   <trkpt lat="36.1043430" lon="-115.5047930">
    <ele>1931.0</ele>
   </trkpt>
   <trkpt lat="36.1043370" lon="-115.5048200">
    <ele>1931.0</ele>
   </trkpt>
   <trkpt lat="36.1043310" lon="-115.5048470">
    <ele>1930.0</ele>
   </trkpt>
   <trkpt lat="36.1043280" lon="-115.5048740">
    <ele>1930.0</ele>
   </trkpt>
   <trkpt lat="36.1043250" lon="-115.5049010">
    <ele>1930.0</ele>
   </trkpt>
   <trkpt lat="36.1043220" lon="-115.5049260">
    <ele>1929.0</ele>
   </trkpt>
   <trkpt lat="36.1043200" lon="-115.5049510">
    <ele>1928.0</ele>
   </trkpt>
   <trkpt lat="36.1043190" lon="-115.5049770">
    <ele>1928.0</ele>
   </trkpt>
   <trkpt lat="36.1043180" lon="-115.5050030">
    <ele>1927.0</ele>
   </trkpt>
   <trkpt lat="36.1043180" lon="-115.5050300">
    <ele>1927.0</ele>
   </trkpt>
   <trkpt lat="36.1043190" lon="-115.5050560">
    <ele>1926.0</ele>
   </trkpt>
   <trkpt lat="36.1043210" lon="-115.5050820">
    <ele>1925.0</ele>
   </trkpt>
   <trkpt lat="36.1043220" lon="-115.5051080">
    <ele>1925.0</ele>
   </trkpt>
   <trkpt lat="36.1043240" lon="-115.5051290">
    <ele>1924.0</ele>
   </trkpt>
   <trkpt lat="36.1043250" lon="-115.5051500">
    <ele>1924.0</ele>
   </trkpt>
   <trkpt lat="36.1043210" lon="-115.5051610">
    <ele>1923.0</ele>
   </trkpt>
   <trkpt lat="36.1043170" lon="-115.5051720">
    <ele>1923.0</ele>
   </trkpt>
   <trkpt lat="36.1043060" lon="-115.5051760">
    <ele>1922.0</ele>
   </trkpt>
   <trkpt lat="36.1042950" lon="-115.5051790">
    <ele>1922.0</ele>
   </trkpt>
   <trkpt lat="36.1042810" lon="-115.5051850">
    <ele>1922.0</ele>
   </trkpt>
   <trkpt lat="36.1042680" lon="-115.5051910">
    <ele>1921.0</ele>
   </trkpt>
   <trkpt lat="36.1042560" lon="-115.5052030">
    <ele>1920.0</ele>
   </trkpt>
   <trkpt lat="36.1042430" lon="-115.5052140">
    <ele>1920.0</ele>
   </trkpt>
   <trkpt lat="36.1042350" lon="-115.5052290">
    <ele>1919.0</ele>
   </trkpt>
   <trkpt lat="36.1042260" lon="-115.5052440">
    <ele>1919.0</ele>
   </trkpt>
   <trkpt lat="36.1042230" lon="-115.5052660">
    <ele>1918.0</ele>
   </trkpt>
   <trkpt lat="36.1042200" lon="-115.5052880">
    <ele>1917.0</ele>
   </trkpt>
   <trkpt lat="36.1042230" lon="-115.5053140">
    <ele>1916.0</ele>
   </trkpt>
   <trkpt lat="36.1042270" lon="-115.5053410">
    <ele>1915.0</ele>
   </trkpt>
   <trkpt lat="36.1042340" lon="-115.5053710">
    <ele>1915.0</ele>
   </trkpt>
   <trkpt lat="36.1042410" lon="-115.5054010">
    <ele>1914.0</ele>
   </trkpt>
   <trkpt lat="36.1042490" lon="-115.5054310">
    <ele>1913.0</ele>
   </trkpt>
   <trkpt lat="36.1042560" lon="-115.5054610">
    <ele>1913.0</ele>
   </trkpt>
   <trkpt lat="36.1042590" lon="-115.5054900">
    <ele>1912.0</ele>
   </trkpt>
   <trkpt lat="36.1042620" lon="-115.5055190">
    <ele>1912.0</ele>
   </trkpt>
   <trkpt lat="36.1042610" lon="-115.5055490">
    <ele>1911.0</ele>
   </trkpt>
   <trkpt lat="36.1042590" lon="-115.5055790">
    <ele>1911.0</ele>
   </trkpt>
   <trkpt lat="36.1042570" lon="-115.5056090">
    <ele>1910.0</ele>
   </trkpt>
   <trkpt lat="36.1042550" lon="-115.5056390">
    <ele>1910.0</ele>
   </trkpt>
   <trkpt lat="36.1042500" lon="-115.5056670">
    <ele>1910.0</ele>
   </trkpt>
   <trkpt lat="36.1042450" lon="-115.5056950">
    <ele>1909.0</ele>
   </trkpt>
   <trkpt lat="36.1042370" lon="-115.5057210">
    <ele>1908.0</ele>
   </trkpt>
   <trkpt lat="36.1042300" lon="-115.5057460">
    <ele>1908.0</ele>
   </trkpt>
   <trkpt lat="36.1042220" lon="-115.5057720">
    <ele>1907.0</ele>
   </trkpt>
   <trkpt lat="36.1042150" lon="-115.5057970">
    <ele>1907.0</ele>
   </trkpt>
   <trkpt lat="36.1042110" lon="-115.5058260">
    <ele>1906.0</ele>
   </trkpt>
   <trkpt lat="36.1042070" lon="-115.5058540">
    <ele>1905.0</ele>
   </trkpt>
   <trkpt lat="36.1042090" lon="-115.5058840">
    <ele>1905.0</ele>
   </trkpt>
   <trkpt lat="36.1042100" lon="-115.5059140">
    <ele>1904.0</ele>
   </trkpt>
   <trkpt lat="36.1042120" lon="-115.5059430">
    <ele>1904.0</ele>
   </trkpt>
   <trkpt lat="36.1042150" lon="-115.5059710">
    <ele>1903.0</ele>
   </trkpt>
   <trkpt lat="36.1042190" lon="-115.5059990">
    <ele>1902.0</ele>
   </trkpt>
   <trkpt lat="36.1042190" lon="-115.5060270">
    <ele>1902.0</ele>
   </trkpt>
   <trkpt lat="36.1042190" lon="-115.5060550">
    <ele>1901.0</ele>
   </trkpt>
   <trkpt lat="36.1042150" lon="-115.5060810">
    <ele>1901.0</ele>
   </trkpt>
   <trkpt lat="36.1042110" lon="-115.5061070">
    <ele>1900.0</ele>
   </trkpt>
   <trkpt lat="36.1042040" lon="-115.5061360">
    <ele>1900.0</ele>
   </trkpt>
   <trkpt lat="36.1041980" lon="-115.5061640">
    <ele>1899.0</ele>
   </trkpt>
   <trkpt lat="36.1041940" lon="-115.5061930">
    <ele>1899.0</ele>
   </trkpt>
   <trkpt lat="36.1041900" lon="-115.5062210">
    <ele>1899.0</ele>
   </trkpt>
   <trkpt lat="36.1041890" lon="-115.5062470">
    <ele>1898.0</ele>
   </trkpt>
   <trkpt lat="36.1041870" lon="-115.5062740">
    <ele>1898.0</ele>
   </trkpt>
   <trkpt lat="36.1041830" lon="-115.5062980">
    <ele>1897.0</ele>
   </trkpt>
   <trkpt lat="36.1041780" lon="-115.5063230">
    <ele>1897.0</ele>
   </trkpt>
   <trkpt lat="36.1041730" lon="-115.5063470">
    <ele>1897.0</ele>
   </trkpt>
   <trkpt lat="36.1041670" lon="-115.5063720">
    <ele>1896.0</ele>
   </trkpt>
   <trkpt lat="36.1041630" lon="-115.5063970">
    <ele>1896.0</ele>
   </trkpt>
   <trkpt lat="36.1041590" lon="-115.5064220">
    <ele>1895.0</ele>
   </trkpt>
   <trkpt lat="36.1041550" lon="-115.5064490">
    <ele>1895.0</ele>
   </trkpt>
   <trkpt lat="36.1041520" lon="-115.5064760">
    <ele>1895.0</ele>
   </trkpt>
   <trkpt lat="36.1041520" lon="-115.5065020">
    <ele>1894.0</ele>
   </trkpt>
   <trkpt lat="36.1041530" lon="-115.5065290">
    <ele>1894.0</ele>
   </trkpt>
   <trkpt lat="36.1041530" lon="-115.5065540">
    <ele>1893.0</ele>
   </trkpt>
   <trkpt lat="36.1041530" lon="-115.5065800">
    <ele>1893.0</ele>
   </trkpt>
   <trkpt lat="36.1041470" lon="-115.5066020">
    <ele>1893.0</ele>
   </trkpt>
   <trkpt lat="36.1041400" lon="-115.5066230">
    <ele>1892.0</ele>
   </trkpt>
   <trkpt lat="36.1041260" lon="-115.5066350">
    <ele>1891.0</ele>
   </trkpt>
   <trkpt lat="36.1041110" lon="-115.5066480">
    <ele>1891.0</ele>
   </trkpt>
   <trkpt lat="36.1040920" lon="-115.5066490">
    <ele>1890.0</ele>
   </trkpt>
   <trkpt lat="36.1040730" lon="-115.5066500">
    <ele>1890.0</ele>
   </trkpt>
   <trkpt lat="36.1040550" lon="-115.5066450">
    <ele>1889.0</ele>
   </trkpt>
   <trkpt lat="36.1040370" lon="-115.5066410">
    <ele>1888.0</ele>
   </trkpt>
   <trkpt lat="36.1040230" lon="-115.5066350">
    <ele>1888.0</ele>
   </trkpt>
   <trkpt lat="36.1040090" lon="-115.5066280">
    <ele>1887.0</ele>
   </trkpt>
   <trkpt lat="36.1039970" lon="-115.5066240">
    <ele>1887.0</ele>
   </trkpt>
   <trkpt lat="36.1039860" lon="-115.5066200">
    <ele>1886.0</ele>
   </trkpt>
   <trkpt lat="36.1039750" lon="-115.5066160">
    <ele>1885.0</ele>
   </trkpt>
   <trkpt lat="36.1039650" lon="-115.5066130">
    <ele>1885.0</ele>
   </trkpt>
   <trkpt lat="36.1039530" lon="-115.5066050">
    <ele>1884.0</ele>
   </trkpt>
   <trkpt lat="36.1039410" lon="-115.5065980">
    <ele>1884.0</ele>
   </trkpt>
   <trkpt lat="36.1039240" lon="-115.5065910">
    <ele>1883.0</ele>
   </trkpt>
   <trkpt lat="36.1039080" lon="-115.5065840">
    <ele>1882.0</ele>
   </trkpt>
   <trkpt lat="36.1038870" lon="-115.5065800">
    <ele>1881.0</ele>
   </trkpt>
   <trkpt lat="36.1038670" lon="-115.5065750">
    <ele>1880.0</ele>
   </trkpt>
   <trkpt lat="36.1038460" lon="-115.5065670">
    <ele>1880.0</ele>
   </trkpt>
   <trkpt lat="36.1038250" lon="-115.5065590">
    <ele>1879.0</ele>
   </trkpt>
   <trkpt lat="36.1038050" lon="-115.5065440">
    <ele>1878.0</ele>
   </trkpt>
   <trkpt lat="36.1037850" lon="-115.5065290">
    <ele>1878.0</ele>
   </trkpt>
   <trkpt lat="36.1037640" lon="-115.5065120">
    <ele>1877.0</ele>
   </trkpt>
   <trkpt lat="36.1037440" lon="-115.5064960">
    <ele>1877.0</ele>
   </trkpt>
   <trkpt lat="36.1037240" lon="-115.5064840">
    <ele>1876.0</ele>
   </trkpt>
   <trkpt lat="36.1037040" lon="-115.5064720">
    <ele>1875.0</ele>
   </trkpt>
   <trkpt lat="36.1036850" lon="-115.5064650">
    <ele>1875.0</ele>
   </trkpt>
   <trkpt lat="36.1036660" lon="-115.5064570">
    <ele>1874.0</ele>
   </trkpt>
   <trkpt lat="36.1036480" lon="-115.5064510">
    <ele>1874.0</ele>
   </trkpt>
   <trkpt lat="36.1036300" lon="-115.5064440">
    <ele>1873.0</ele>
   </trkpt>
   <trkpt lat="36.1036110" lon="-115.5064390">
    <ele>1872.0</ele>
   </trkpt>
   <trkpt lat="36.1035930" lon="-115.5064340">
    <ele>1871.0</ele>
   </trkpt>
   <trkpt lat="36.1035740" lon="-115.5064290">
    <ele>1870.0</ele>
   </trkpt>
   <trkpt lat="36.1035550" lon="-115.5064240">
    <ele>1870.0</ele>
   </trkpt>
   <trkpt lat="36.1035370" lon="-115.5064180">
    <ele>1869.0</ele>
   </trkpt>
   <trkpt lat="36.1035190" lon="-115.5064120">
    <ele>1868.0</ele>
   </trkpt>
   <trkpt lat="36.1035010" lon="-115.5064040">
    <ele>1867.0</ele>
   </trkpt>
   <trkpt lat="36.1034830" lon="-115.5063970">
    <ele>1866.0</ele>
   </trkpt>
   <trkpt lat="36.1034650" lon="-115.5063930">
    <ele>1866.0</ele>
   </trkpt>
   <trkpt lat="36.1034480" lon="-115.5063890">
    <ele>1865.0</ele>
   </trkpt>
   <trkpt lat="36.1034310" lon="-115.5063870">
    <ele>1864.0</ele>
   </trkpt>
   <trkpt lat="36.1034140" lon="-115.5063850">
    <ele>1863.0</ele>
   </trkpt>
   <trkpt lat="36.1033950" lon="-115.5063800">
    <ele>1862.0</ele>
   </trkpt>
   <trkpt lat="36.1033770" lon="-115.5063760">
    <ele>1862.0</ele>
   </trkpt>
   <trkpt lat="36.1033570" lon="-115.5063710">
    <ele>1861.0</ele>
   </trkpt>
   <trkpt lat="36.1033360" lon="-115.5063650">
    <ele>1860.0</ele>
   </trkpt>
   <trkpt lat="36.1033160" lon="-115.5063580">
    <ele>1860.0</ele>
   </trkpt>
   <trkpt lat="36.1032950" lon="-115.5063510">
    <ele>1859.0</ele>
   </trkpt>
   <trkpt lat="36.1032730" lon="-115.5063430">
    <ele>1859.0</ele>
   </trkpt>
   <trkpt lat="36.1032510" lon="-115.5063350">
    <ele>1858.0</ele>
   </trkpt>
   <trkpt lat="36.1032290" lon="-115.5063310">
    <ele>1857.0</ele>
   </trkpt>
   <trkpt lat="36.1032070" lon="-115.5063270">
    <ele>1856.0</ele>
   </trkpt>
   <trkpt lat="36.1031850" lon="-115.5063300">
    <ele>1855.0</ele>
   </trkpt>
   <trkpt lat="36.1031630" lon="-115.5063330">
    <ele>1854.0</ele>
   </trkpt>
   <trkpt lat="36.1031420" lon="-115.5063360">
    <ele>1852.0</ele>
   </trkpt>
   <trkpt lat="36.1031210" lon="-115.5063390">
    <ele>1851.0</ele>
   </trkpt>
   <trkpt lat="36.1031010" lon="-115.5063380">
    <ele>1850.0</ele>
   </trkpt>
   <trkpt lat="36.1030820" lon="-115.5063370">
    <ele>1849.0</ele>
   </trkpt>
   <trkpt lat="36.1030650" lon="-115.5063320">
    <ele>1848.0</ele>
   </trkpt>
   <trkpt lat="36.1030490" lon="-115.5063270">
    <ele>1847.0</ele>
   </trkpt>
   <trkpt lat="36.1030350" lon="-115.5063190">
    <ele>1846.0</ele>
   </trkpt>
   <trkpt lat="36.1030220" lon="-115.5063100">
    <ele>1845.0</ele>
   </trkpt>
   <trkpt lat="36.1030110" lon="-115.5063010">
    <ele>1844.0</ele>
   </trkpt>
   <trkpt lat="36.1030010" lon="-115.5062910">
    <ele>1843.0</ele>
   </trkpt>
   <trkpt lat="36.1029920" lon="-115.5062810">
    <ele>1842.0</ele>
   </trkpt>
   <trkpt lat="36.1029840" lon="-115.5062710">
    <ele>1841.0</ele>
   </trkpt>
   <trkpt lat="36.1029750" lon="-115.5062620">
    <ele>1840.0</ele>
   </trkpt>
   <trkpt lat="36.1029670" lon="-115.5062530">
    <ele>1839.0</ele>
   </trkpt>
   <trkpt lat="36.1029560" lon="-115.5062470">
    <ele>1839.0</ele>
   </trkpt>
   <trkpt lat="36.1029460" lon="-115.5062420">
    <ele>1838.0</ele>
   </trkpt>
   <trkpt lat="36.1029340" lon="-115.5062370">
    <ele>1837.0</ele>
   </trkpt>
   <trkpt lat="36.1029220" lon="-115.5062320">
    <ele>1836.0</ele>
   </trkpt>
   <trkpt lat="36.1029100" lon="-115.5062250">
    <ele>1835.0</ele>
   </trkpt>
   <trkpt lat="36.1028990" lon="-115.5062190">
    <ele>1835.0</ele>
   </trkpt>
   <trkpt lat="36.1028860" lon="-115.5062130">
    <ele>1834.0</ele>
   </trkpt>
   <trkpt lat="36.1028740" lon="-115.5062060">
    <ele>1833.0</ele>
   </trkpt>
   <trkpt lat="36.1028610" lon="-115.5061990">
    <ele>1832.0</ele>
   </trkpt>
   <trkpt lat="36.1028480" lon="-115.5061930">
    <ele>1831.0</ele>
   </trkpt>
   <trkpt lat="36.1028370" lon="-115.5061860">
    <ele>1831.0</ele>
   </trkpt>
   <trkpt lat="36.1028260" lon="-115.5061780">
    <ele>1830.0</ele>
   </trkpt>
   <trkpt lat="36.1028180" lon="-115.5061690">
    <ele>1829.0</ele>
   </trkpt>
   <trkpt lat="36.1028100" lon="-115.5061600">
    <ele>1828.0</ele>
   </trkpt>
   <trkpt lat="36.1028040" lon="-115.5061510">
    <ele>1827.0</ele>
   </trkpt>
   <trkpt lat="36.1027980" lon="-115.5061410">
    <ele>1827.0</ele>
   </trkpt>
   <trkpt lat="36.1027900" lon="-115.5061360">
    <ele>1826.0</ele>
   </trkpt>
   <trkpt lat="36.1027830" lon="-115.5061300">
    <ele>1825.0</ele>
   </trkpt>
   <trkpt lat="36.1027720" lon="-115.5061230">
    <ele>1825.0</ele>
   </trkpt>
   <trkpt lat="36.1027620" lon="-115.5061160">
    <ele>1824.0</ele>
   </trkpt>
   <trkpt lat="36.1027490" lon="-115.5061100">
    <ele>1824.0</ele>
   </trkpt>
   <trkpt lat="36.1027370" lon="-115.5061030">
    <ele>1823.0</ele>
   </trkpt>
   <trkpt lat="36.1027200" lon="-115.5060990">
    <ele>1822.0</ele>
   </trkpt>
   <trkpt lat="36.1027040" lon="-115.5060940">
    <ele>1821.0</ele>
   </trkpt>
   <trkpt lat="36.1026850" lon="-115.5060920">
    <ele>1820.0</ele>
   </trkpt>
   <trkpt lat="36.1026650" lon="-115.5060900">
    <ele>1820.0</ele>
   </trkpt>
   <trkpt lat="36.1026420" lon="-115.5060870">
    <ele>1819.0</ele>
   </trkpt>
   <trkpt lat="36.1026190" lon="-115.5060840">
    <ele>1818.0</ele>
   </trkpt>
   <trkpt lat="36.1025970" lon="-115.5060800">
    <ele>1817.0</ele>
   </trkpt>
   <trkpt lat="36.1025750" lon="-115.5060760">
    <ele>1816.0</ele>
   </trkpt>
   <trkpt lat="36.1025540" lon="-115.5060720">
    <ele>1816.0</ele>
   </trkpt>
   <trkpt lat="36.1025340" lon="-115.5060670">
    <ele>1815.0</ele>
   </trkpt>
   <trkpt lat="36.1025160" lon="-115.5060620">
    <ele>1814.0</ele>
   </trkpt>
   <trkpt lat="36.1024980" lon="-115.5060580">
    <ele>1813.0</ele>
   </trkpt>
   <trkpt lat="36.1024800" lon="-115.5060520">
    <ele>1812.0</ele>
   </trkpt>
   <trkpt lat="36.1024620" lon="-115.5060470">
    <ele>1812.0</ele>
   </trkpt>
   <trkpt lat="36.1024440" lon="-115.5060430">
    <ele>1811.0</ele>
   </trkpt>
   <trkpt lat="36.1024260" lon="-115.5060380">
    <ele>1810.0</ele>
   </trkpt>
   <trkpt lat="36.1024090" lon="-115.5060360">
    <ele>1809.0</ele>
   </trkpt>
   <trkpt lat="36.1023920" lon="-115.5060340">
    <ele>1808.0</ele>
   </trkpt>
   <trkpt lat="36.1023760" lon="-115.5060340">
    <ele>1807.0</ele>
   </trkpt>
   <trkpt lat="36.1023610" lon="-115.5060350">
    <ele>1806.0</ele>
   </trkpt>
   <trkpt lat="36.1023450" lon="-115.5060360">
    <ele>1805.0</ele>
   </trkpt>
   <trkpt lat="36.1023300" lon="-115.5060370">
    <ele>1804.0</ele>
   </trkpt>
   <trkpt lat="36.1023140" lon="-115.5060370">
    <ele>1803.0</ele>
   </trkpt>
   <trkpt lat="36.1022980" lon="-115.5060370">
    <ele>1802.0</ele>
   </trkpt>
   <trkpt lat="36.1022810" lon="-115.5060390">
    <ele>1801.0</ele>
   </trkpt>
   <trkpt lat="36.1022640" lon="-115.5060410">
    <ele>1800.0</ele>
   </trkpt>
   <trkpt lat="36.1022490" lon="-115.5060420">
    <ele>1799.0</ele>
   </trkpt>
   <trkpt lat="36.1022340" lon="-115.5060440">
    <ele>1798.0</ele>
   </trkpt>
   <trkpt lat="36.1022210" lon="-115.5060440">
    <ele>1798.0</ele>
   </trkpt>
   <trkpt lat="36.1022090" lon="-115.5060440">
    <ele>1797.0</ele>
   </trkpt>
   <trkpt lat="36.1021970" lon="-115.5060410">
    <ele>1796.0</ele>
   </trkpt>
   <trkpt lat="36.1021850" lon="-115.5060380">
    <ele>1795.0</ele>
   </trkpt>
   <trkpt lat="36.1021730" lon="-115.5060350">
    <ele>1794.0</ele>
   </trkpt>
   <trkpt lat="36.1021620" lon="-115.5060310">
    <ele>1793.0</ele>
   </trkpt>
   <trkpt lat="36.1021510" lon="-115.5060340">
    <ele>1792.0</ele>
   </trkpt>
   <trkpt lat="36.1021400" lon="-115.5060360">
    <ele>1791.0</ele>
   </trkpt>
   <trkpt lat="36.1021300" lon="-115.5060390">
    <ele>1790.0</ele>
   </trkpt>
   <trkpt lat="36.1021200" lon="-115.5060420">
    <ele>1789.0</ele>
   </trkpt>
   <trkpt lat="36.1021110" lon="-115.5060390">
    <ele>1789.0</ele>
   </trkpt>
   <trkpt lat="36.1021020" lon="-115.5060350">
    <ele>1788.0</ele>
   </trkpt>
   <trkpt lat="36.1020930" lon="-115.5060300">
    <ele>1787.0</ele>
   </trkpt>
   <trkpt lat="36.1020830" lon="-115.5060240">
    <ele>1787.0</ele>
   </trkpt>
   <trkpt lat="36.1020730" lon="-115.5060190">
    <ele>1786.0</ele>
   </trkpt>
   <trkpt lat="36.1020630" lon="-115.5060140">
    <ele>1786.0</ele>
   </trkpt>
   <trkpt lat="36.1020530" lon="-115.5060090">
    <ele>1785.0</ele>
   </trkpt>
   <trkpt lat="36.1020440" lon="-115.5060050">
    <ele>1784.0</ele>
   </trkpt>
   <trkpt lat="36.1020360" lon="-115.5060010">
    <ele>1784.0</ele>
   </trkpt>
   <trkpt lat="36.1020280" lon="-115.5059980">
    <ele>1783.0</ele>
   </trkpt>
   <trkpt lat="36.1020220" lon="-115.5059940">
    <ele>1783.0</ele>
   </trkpt>
   <trkpt lat="36.1020160" lon="-115.5059900">
    <ele>1782.0</ele>
   </trkpt>
   <trkpt lat="36.1020100" lon="-115.5059840">
    <ele>1781.0</ele>
   </trkpt>
   <trkpt lat="36.1020030" lon="-115.5059790">
    <ele>1781.0</ele>
   </trkpt>
   <trkpt lat="36.1019930" lon="-115.5059730">
    <ele>1780.0</ele>
   </trkpt>
   <trkpt lat="36.1019830" lon="-115.5059670">
    <ele>1780.0</ele>
   </trkpt>
   <trkpt lat="36.1019700" lon="-115.5059580">
    <ele>1779.0</ele>
   </trkpt>
   <trkpt lat="36.1019570" lon="-115.5059490">
    <ele>1779.0</ele>
   </trkpt>
   <trkpt lat="36.1019450" lon="-115.5059390">
    <ele>1778.0</ele>
   </trkpt>
   <trkpt lat="36.1019340" lon="-115.5059290">
    <ele>1778.0</ele>
   </trkpt>
   <trkpt lat="36.1019290" lon="-115.5059190">
    <ele>1778.0</ele>
   </trkpt>
   <trkpt lat="36.1019240" lon="-115.5059080">
    <ele>1777.0</ele>
   </trkpt>
   <trkpt lat="36.1019210" lon="-115.5058970">
    <ele>1777.0</ele>
   </trkpt>
   <trkpt lat="36.1019180" lon="-115.5058850">
    <ele>1776.0</ele>
   </trkpt>
   <trkpt lat="36.1019170" lon="-115.5058780">
    <ele>1776.0</ele>
   </trkpt>
   <trkpt lat="36.1019160" lon="-115.5058700">
    <ele>1776.0</ele>
   </trkpt>
   <trkpt lat="36.1019150" lon="-115.5058620">
    <ele>1775.0</ele>
   </trkpt>
   <trkpt lat="36.1019190" lon="-115.5058510">
    <ele>1775.0</ele>
   </trkpt>
   <trkpt lat="36.1019230" lon="-115.5058410">
    <ele>1774.0</ele>
   </trkpt>
   <trkpt lat="36.1019260" lon="-115.5058320">
    <ele>1774.0</ele>
   </trkpt>
   <trkpt lat="36.1019290" lon="-115.5058240">
    <ele>1774.0</ele>
   </trkpt>
   <trkpt lat="36.1019320" lon="-115.5058140">
    <ele>1773.0</ele>
   </trkpt>
   <trkpt lat="36.1019340" lon="-115.5058050">
    <ele>1773.0</ele>
   </trkpt>
   <trkpt lat="36.1019340" lon="-115.5057940">
    <ele>1773.0</ele>
   </trkpt>
   <trkpt lat="36.1019350" lon="-115.5057820">
    <ele>1773.0</ele>
   </trkpt>
   <trkpt lat="36.1019360" lon="-115.5057710">
    <ele>1773.0</ele>
   </trkpt>
   <trkpt lat="36.1019380" lon="-115.5057590">
    <ele>1772.0</ele>
   </trkpt>
   <trkpt lat="36.1019350" lon="-115.5057480">
    <ele>1772.0</ele>
   </trkpt>
   <trkpt lat="36.1019330" lon="-115.5057370">
    <ele>1771.0</ele>
   </trkpt>
   <trkpt lat="36.1019260" lon="-115.5057250">
    <ele>1771.0</ele>
   </trkpt>
   <trkpt lat="36.1019180" lon="-115.5057140">
    <ele>1771.0</ele>
   </trkpt>
   <trkpt lat="36.1019090" lon="-115.5057020">
    <ele>1770.0</ele>
   </trkpt>
   <trkpt lat="36.1018990" lon="-115.5056910">
    <ele>1770.0</ele>
   </trkpt>
   <trkpt lat="36.1018910" lon="-115.5056790">
    <ele>1770.0</ele>
   </trkpt>
   <trkpt lat="36.1018820" lon="-115.5056680">
    <ele>1770.0</ele>
   </trkpt>
   <trkpt lat="36.1018750" lon="-115.5056580">
    <ele>1770.0</ele>
   </trkpt>
   <trkpt lat="36.1018680" lon="-115.5056480">
    <ele>1769.0</ele>
   </trkpt>
   <trkpt lat="36.1018590" lon="-115.5056350">
    <ele>1769.0</ele>
   </trkpt>
   <trkpt lat="36.1018510" lon="-115.5056230">
    <ele>1769.0</ele>
   </trkpt>
   <trkpt lat="36.1018390" lon="-115.5056060">
    <ele>1769.0</ele>
   </trkpt>
   <trkpt lat="36.1018270" lon="-115.5055900">
    <ele>1769.0</ele>
   </trkpt>
   <trkpt lat="36.1018110" lon="-115.5055730">
    <ele>1768.0</ele>
   </trkpt>
   <trkpt lat="36.1017960" lon="-115.5055560">
    <ele>1768.0</ele>
   </trkpt>
   <trkpt lat="36.1017790" lon="-115.5055400">
    <ele>1768.0</ele>
   </trkpt>
   <trkpt lat="36.1017620" lon="-115.5055240">
    <ele>1768.0</ele>
   </trkpt>
   <trkpt lat="36.1017440" lon="-115.5055060">
    <ele>1768.0</ele>
   </trkpt>
   <trkpt lat="36.1017270" lon="-115.5054880">
    <ele>1767.0</ele>
   </trkpt>
   <trkpt lat="36.1017110" lon="-115.5054680">
    <ele>1767.0</ele>
   </trkpt>
   <trkpt lat="36.1016950" lon="-115.5054480">
    <ele>1766.0</ele>
   </trkpt>
   <trkpt lat="36.1016810" lon="-115.5054260">
    <ele>1766.0</ele>
   </trkpt>
   <trkpt lat="36.1016680" lon="-115.5054030">
    <ele>1766.0</ele>
   </trkpt>
   <trkpt lat="36.1016580" lon="-115.5053820">
    <ele>1765.0</ele>
   </trkpt>
   <trkpt lat="36.1016490" lon="-115.5053600">
    <ele>1765.0</ele>
   </trkpt>
   <trkpt lat="36.1016440" lon="-115.5053430">
    <ele>1764.0</ele>
   </trkpt>
   <trkpt lat="36.1016390" lon="-115.5053260">
    <ele>1764.0</ele>
   </trkpt>
   <trkpt lat="36.1016350" lon="-115.5053090">
    <ele>1764.0</ele>
   </trkpt>
   <trkpt lat="36.1016320" lon="-115.5052930">
    <ele>1763.0</ele>
   </trkpt>
   <trkpt lat="36.1016240" lon="-115.5052780">
    <ele>1763.0</ele>
   </trkpt>
   <trkpt lat="36.1016170" lon="-115.5052630">
    <ele>1762.0</ele>
   </trkpt>
   <trkpt lat="36.1016050" lon="-115.5052490">
    <ele>1762.0</ele>
   </trkpt>
   <trkpt lat="36.1015940" lon="-115.5052350">
    <ele>1762.0</ele>
   </trkpt>
   <trkpt lat="36.1015820" lon="-115.5052200">
    <ele>1761.0</ele>
   </trkpt>
   <trkpt lat="36.1015710" lon="-115.5052060">
    <ele>1761.0</ele>
   </trkpt>
   <trkpt lat="36.1015600" lon="-115.5051920">
    <ele>1760.0</ele>
   </trkpt>
   <trkpt lat="36.1015500" lon="-115.5051780">
    <ele>1760.0</ele>
   </trkpt>
   <trkpt lat="36.1015390" lon="-115.5051650">
    <ele>1760.0</ele>
   </trkpt>
   <trkpt lat="36.1015280" lon="-115.5051520">
    <ele>1759.0</ele>
   </trkpt>
   <trkpt lat="36.1015190" lon="-115.5051400">
    <ele>1758.0</ele>
   </trkpt>
   <trkpt lat="36.1015090" lon="-115.5051280">
    <ele>1758.0</ele>
   </trkpt>
   <trkpt lat="36.1015030" lon="-115.5051180">
    <ele>1757.0</ele>
   </trkpt>
   <trkpt lat="36.1014960" lon="-115.5051070">
    <ele>1757.0</ele>
   </trkpt>
   <trkpt lat="36.1014940" lon="-115.5051000">
    <ele>1756.0</ele>
   </trkpt>
   <trkpt lat="36.1014920" lon="-115.5050940">
    <ele>1756.0</ele>
   </trkpt>
   <trkpt lat="36.1014900" lon="-115.5050870">
    <ele>1755.0</ele>
   </trkpt>
   <trkpt lat="36.1014910" lon="-115.5050780">
    <ele>1755.0</ele>
   </trkpt>
   <trkpt lat="36.1014930" lon="-115.5050680">
    <ele>1755.0</ele>
   </trkpt>
   <trkpt lat="36.1014910" lon="-115.5050590">
    <ele>1754.0</ele>
   </trkpt>
   <trkpt lat="36.1014900" lon="-115.5050500">
    <ele>1754.0</ele>
   </trkpt>
   <trkpt lat="36.1014850" lon="-115.5050410">
    <ele>1753.0</ele>
   </trkpt>
   <trkpt lat="36.1014810" lon="-115.5050310">
    <ele>1753.0</ele>
   </trkpt>
   <trkpt lat="36.1014720" lon="-115.5050220">
    <ele>1753.0</ele>
   </trkpt>
   <trkpt lat="36.1014640" lon="-115.5050130">
    <ele>1752.0</ele>
   </trkpt>
   <trkpt lat="36.1014530" lon="-115.5050050">
    <ele>1752.0</ele>
   </trkpt>
   <trkpt lat="36.1014420" lon="-115.5049960">
    <ele>1751.0</ele>
   </trkpt>
   <trkpt lat="36.1014280" lon="-115.5049860">
    <ele>1751.0</ele>
   </trkpt>
   <trkpt lat="36.1014150" lon="-115.5049760">
    <ele>1751.0</ele>
   </trkpt>
   <trkpt lat="36.1014000" lon="-115.5049620">
    <ele>1750.0</ele>
   </trkpt>
   <trkpt lat="36.1013840" lon="-115.5049480">
    <ele>1750.0</ele>
   </trkpt>
   <trkpt lat="36.1013680" lon="-115.5049350">
    <ele>1749.0</ele>
   </trkpt>
   <trkpt lat="36.1013510" lon="-115.5049230">
    <ele>1749.0</ele>
   </trkpt>
   <trkpt lat="36.1013350" lon="-115.5049140">
    <ele>1749.0</ele>
   </trkpt>
   <trkpt lat="36.1013200" lon="-115.5049060">
    <ele>1748.0</ele>
   </trkpt>
   <trkpt lat="36.1013070" lon="-115.5049000">
    <ele>1748.0</ele>
   </trkpt>
   <trkpt lat="36.1012950" lon="-115.5048950">
    <ele>1747.0</ele>
   </trkpt>
   <trkpt lat="36.1012850" lon="-115.5048910">
    <ele>1747.0</ele>
   </trkpt>
   <trkpt lat="36.1012750" lon="-115.5048870">
    <ele>1747.0</ele>
   </trkpt>
   <trkpt lat="36.1012670" lon="-115.5048820">
    <ele>1746.0</ele>
   </trkpt>
   <trkpt lat="36.1012580" lon="-115.5048760">
    <ele>1746.0</ele>
   </trkpt>
   <trkpt lat="36.1012550" lon="-115.5048670">
    <ele>1745.0</ele>
   </trkpt>
   <trkpt lat="36.1012510" lon="-115.5048580">
    <ele>1745.0</ele>
   </trkpt>
   <trkpt lat="36.1012550" lon="-115.5048460">
    <ele>1745.0</ele>
   </trkpt>
   <trkpt lat="36.1012590" lon="-115.5048340">
    <ele>1744.0</ele>
   </trkpt>
   <trkpt lat="36.1012610" lon="-115.5048190">
    <ele>1743.0</ele>
   </trkpt>
   <trkpt lat="36.1012640" lon="-115.5048050">
    <ele>1743.0</ele>
   </trkpt>
   <trkpt lat="36.1012640" lon="-115.5047890">
    <ele>1742.0</ele>
   </trkpt>
   <trkpt lat="36.1012630" lon="-115.5047740">
    <ele>1742.0</ele>
   </trkpt>
   <trkpt lat="36.1012600" lon="-115.5047590">
    <ele>1741.0</ele>
   </trkpt>
   <trkpt lat="36.1012570" lon="-115.5047440">
    <ele>1741.0</ele>
   </trkpt>
   <trkpt lat="36.1012570" lon="-115.5047440">
    <ele>1740.0</ele>
   </trkpt>
   <trkpt lat="36.1012570" lon="-115.5047440">
    <ele>1740.0</ele>
   </trkpt>
   <trkpt lat="36.1012570" lon="-115.5047440">
    <ele>1740.0</ele>
   </trkpt>
   <trkpt lat="36.1012570" lon="-115.5047440">
    <ele>1739.0</ele>
   </trkpt>
   <trkpt lat="36.1012570" lon="-115.5047440">
    <ele>1739.0</ele>
   </trkpt>
   <trkpt lat="36.1012530" lon="-115.5047350">
    <ele>1739.0</ele>
   </trkpt>
   <trkpt lat="36.1012540" lon="-115.5047290">
    <ele>1739.0</ele>
   </trkpt>
   <trkpt lat="36.1012550" lon="-115.5047240">
    <ele>1739.0</ele>
   </trkpt>
   <trkpt lat="36.1012580" lon="-115.5047170">
    <ele>1738.0</ele>
   </trkpt>
   <trkpt lat="36.1012610" lon="-115.5047090">
    <ele>1738.0</ele>
   </trkpt>
   <trkpt lat="36.1012640" lon="-115.5047000">
    <ele>1738.0</ele>
   </trkpt>
   <trkpt lat="36.1012660" lon="-115.5046900">
    <ele>1738.0</ele>
   </trkpt>
   <trkpt lat="36.1012650" lon="-115.5046810">
    <ele>1738.0</ele>
   </trkpt>
   <trkpt lat="36.1012640" lon="-115.5046720">
    <ele>1737.0</ele>
   </trkpt>
   <trkpt lat="36.1012600" lon="-115.5046630">
    <ele>1737.0</ele>
   </trkpt>
   <trkpt lat="36.1012560" lon="-115.5046540">
    <ele>1737.0</ele>
   </trkpt>
   <trkpt lat="36.1012510" lon="-115.5046430">
    <ele>1737.0</ele>
   </trkpt>
   <trkpt lat="36.1012450" lon="-115.5046330">
    <ele>1737.0</ele>
   </trkpt>
   <trkpt lat="36.1012380" lon="-115.5046230">
    <ele>1736.0</ele>
   </trkpt>
   <trkpt lat="36.1012310" lon="-115.5046130">
    <ele>1736.0</ele>
   </trkpt>
   <trkpt lat="36.1012230" lon="-115.5046060">
    <ele>1736.0</ele>
   </trkpt>
   <trkpt lat="36.1012150" lon="-115.5045990">
    <ele>1736.0</ele>
   </trkpt>
   <trkpt lat="36.1012040" lon="-115.5045920">
    <ele>1736.0</ele>
   </trkpt>
   <trkpt lat="36.1011940" lon="-115.5045850">
    <ele>1735.0</ele>
   </trkpt>
   <trkpt lat="36.1011820" lon="-115.5045790">
    <ele>1735.0</ele>
   </trkpt>
   <trkpt lat="36.1011710" lon="-115.5045730">
    <ele>1735.0</ele>
   </trkpt>
   <trkpt lat="36.1011610" lon="-115.5045690">
    <ele>1735.0</ele>
   </trkpt>
   <trkpt lat="36.1011500" lon="-115.5045650">
    <ele>1735.0</ele>
   </trkpt>
   <trkpt lat="36.1011470" lon="-115.5045650">
    <ele>1734.0</ele>
   </trkpt>
   <trkpt lat="36.1011430" lon="-115.5045640">
    <ele>1734.0</ele>
   </trkpt>
   <trkpt lat="36.1011400" lon="-115.5045640">
    <ele>1733.0</ele>
   </trkpt>
   <trkpt lat="36.1011360" lon="-115.5045640">
    <ele>1733.0</ele>
   </trkpt>
   <trkpt lat="36.1011330" lon="-115.5045640">
    <ele>1733.0</ele>
   </trkpt>
   <trkpt lat="36.1011290" lon="-115.5045600">
    <ele>1732.0</ele>
   </trkpt>
   <trkpt lat="36.1011250" lon="-115.5045560">
    <ele>1732.0</ele>
   </trkpt>
   <trkpt lat="36.1011190" lon="-115.5045480">
    <ele>1732.0</ele>
   </trkpt>
   <trkpt lat="36.1011140" lon="-115.5045390">
    <ele>1732.0</ele>
   </trkpt>
   <trkpt lat="36.1011040" lon="-115.5045260">
    <ele>1732.0</ele>
   </trkpt>
   <trkpt lat="36.1010950" lon="-115.5045130">
    <ele>1731.0</ele>
   </trkpt>
   <trkpt lat="36.1010850" lon="-115.5044930">
    <ele>1731.0</ele>
   </trkpt>
   <trkpt lat="36.1010750" lon="-115.5044740">
    <ele>1731.0</ele>
   </trkpt>
   <trkpt lat="36.1010660" lon="-115.5044510">
    <ele>1731.0</ele>
   </trkpt>
   <trkpt lat="36.1010580" lon="-115.5044280">
    <ele>1731.0</ele>
   </trkpt>
   <trkpt lat="36.1010520" lon="-115.5044040">
    <ele>1730.0</ele>
   </trkpt>
   <trkpt lat="36.1010470" lon="-115.5043790">
    <ele>1730.0</ele>
   </trkpt>
   <trkpt lat="36.1010440" lon="-115.5043530">
    <ele>1729.0</ele>
   </trkpt>
   <trkpt lat="36.1010410" lon="-115.5043270">
    <ele>1729.0</ele>
   </trkpt>
   <trkpt lat="36.1010390" lon="-115.5043050">
    <ele>1729.0</ele>
   </trkpt>
   <trkpt lat="36.1010370" lon="-115.5042830">
    <ele>1728.0</ele>
   </trkpt>
   <trkpt lat="36.1010370" lon="-115.5042750">
    <ele>1727.0</ele>
   </trkpt>
   <trkpt lat="36.1010360" lon="-115.5042670">
    <ele>1726.0</ele>
   </trkpt>
   <trkpt lat="36.1010370" lon="-115.5042600">
    <ele>1725.0</ele>
   </trkpt>
   <trkpt lat="36.1010390" lon="-115.5042530">
    <ele>1725.0</ele>
   </trkpt>
   <trkpt lat="36.1010430" lon="-115.5042510">
    <ele>1724.0</ele>
   </trkpt>
   <trkpt lat="36.1010470" lon="-115.5042480">
    <ele>1724.0</ele>
   </trkpt>
   <trkpt lat="36.1010540" lon="-115.5042460">
    <ele>1723.0</ele>
   </trkpt>
   <trkpt lat="36.1010600" lon="-115.5042430">
    <ele>1723.0</ele>
   </trkpt>
   <trkpt lat="36.1010680" lon="-115.5042380">
    <ele>1723.0</ele>
   </trkpt>
   <trkpt lat="36.1010750" lon="-115.5042330">
    <ele>1722.0</ele>
   </trkpt>
   <trkpt lat="36.1010780" lon="-115.5042270">
    <ele>1722.0</ele>
   </trkpt>
   <trkpt lat="36.1010820" lon="-115.5042200">
    <ele>1721.0</ele>
   </trkpt>
   <trkpt lat="36.1010850" lon="-115.5042130">
    <ele>1721.0</ele>
   </trkpt>
   <trkpt lat="36.1010850" lon="-115.5042020">
    <ele>1721.0</ele>
   </trkpt>
   <trkpt lat="36.1010850" lon="-115.5041920">
    <ele>1720.0</ele>
   </trkpt>
   <trkpt lat="36.1010830" lon="-115.5041800">
    <ele>1720.0</ele>
   </trkpt>
   <trkpt lat="36.1010810" lon="-115.5041680">
    <ele>1719.0</ele>
   </trkpt>
   <trkpt lat="36.1010770" lon="-115.5041540">
    <ele>1719.0</ele>
   </trkpt>
   <trkpt lat="36.1010730" lon="-115.5041400">
    <ele>1719.0</ele>
   </trkpt>
   <trkpt lat="36.1010700" lon="-115.5041230">
    <ele>1718.0</ele>
   </trkpt>
   <trkpt lat="36.1010670" lon="-115.5041060">
    <ele>1718.0</ele>
   </trkpt>
   <trkpt lat="36.1010660" lon="-115.5040870">
    <ele>1717.0</ele>
   </trkpt>
   <trkpt lat="36.1010660" lon="-115.5040670">
    <ele>1717.0</ele>
   </trkpt>
   <trkpt lat="36.1010640" lon="-115.5040480">
    <ele>1717.0</ele>
   </trkpt>
   <trkpt lat="36.1010630" lon="-115.5040300">
    <ele>1716.0</ele>
   </trkpt>
   <trkpt lat="36.1010610" lon="-115.5040110">
    <ele>1716.0</ele>
   </trkpt>
   <trkpt lat="36.1010590" lon="-115.5039910">
    <ele>1716.0</ele>
   </trkpt>
   <trkpt lat="36.1010590" lon="-115.5039690">
    <ele>1716.0</ele>
   </trkpt>
   <trkpt lat="36.1010590" lon="-115.5039470">
    <ele>1716.0</ele>
   </trkpt>
   <trkpt lat="36.1010610" lon="-115.5039270">
    <ele>1715.0</ele>
   </trkpt>
   <trkpt lat="36.1010630" lon="-115.5039080">
    <ele>1714.0</ele>
   </trkpt>
   <trkpt lat="36.1010620" lon="-115.5038950">
    <ele>1714.0</ele>
   </trkpt>
   <trkpt lat="36.1010610" lon="-115.5038820">
    <ele>1713.0</ele>
   </trkpt>
   <trkpt lat="36.1010610" lon="-115.5038820">
    <ele>1713.0</ele>
   </trkpt>
   <trkpt lat="36.1010610" lon="-115.5038820">
    <ele>1712.0</ele>
   </trkpt>
   <trkpt lat="36.1010610" lon="-115.5038820">
    <ele>1711.0</ele>
   </trkpt>
   <trkpt lat="36.1010610" lon="-115.5038820">
    <ele>1711.0</ele>
   </trkpt>
   <trkpt lat="36.1010610" lon="-115.5038820">
    <ele>1710.0</ele>
   </trkpt>
   <trkpt lat="36.1010610" lon="-115.5038820">
    <ele>1710.0</ele>
   </trkpt>
   <trkpt lat="36.1010610" lon="-115.5038820">
    <ele>1709.0</ele>
   </trkpt>
   <trkpt lat="36.1010610" lon="-115.5038820">
    <ele>1709.0</ele>
   </trkpt>
   <trkpt lat="36.1010610" lon="-115.5038820">
    <ele>1709.0</ele>
   </trkpt>
   <trkpt lat="36.1010560" lon="-115.5038640">
    <ele>1709.0</ele>
   </trkpt>
   <trkpt lat="36.1010540" lon="-115.5038530">
    <ele>1709.0</ele>
   </trkpt>
   <trkpt lat="36.1010520" lon="-115.5038420">
    <ele>1708.0</ele>
   </trkpt>
   <trkpt lat="36.1010540" lon="-115.5038340">
    <ele>1708.0</ele>
   </trkpt>
   <trkpt lat="36.1010560" lon="-115.5038260">
    <ele>1707.0</ele>
   </trkpt>
   <trkpt lat="36.1010620" lon="-115.5038150">
    <ele>1707.0</ele>
   </trkpt>
   <trkpt lat="36.1010680" lon="-115.5038030">
    <ele>1707.0</ele>
   </trkpt>
   <trkpt lat="36.1010740" lon="-115.5037870">
    <ele>1706.0</ele>
   </trkpt>
   <trkpt lat="36.1010810" lon="-115.5037710">
    <ele>1706.0</ele>
   </trkpt>
   <trkpt lat="36.1010840" lon="-115.5037600">
    <ele>1706.0</ele>
   </trkpt>
   <trkpt lat="36.1010870" lon="-115.5037490">
    <ele>1706.0</ele>
   </trkpt>
   <trkpt lat="36.1010900" lon="-115.5037380">
    <ele>1706.0</ele>
   </trkpt>
   <trkpt lat="36.1010900" lon="-115.5037230">
    <ele>1705.0</ele>
   </trkpt>
   <trkpt lat="36.1010910" lon="-115.5037090">
    <ele>1705.0</ele>
   </trkpt>
   <trkpt lat="36.1010900" lon="-115.5036930">
    <ele>1704.0</ele>
   </trkpt>
   <trkpt lat="36.1010890" lon="-115.5036780">
    <ele>1704.0</ele>
   </trkpt>
   <trkpt lat="36.1010930" lon="-115.5036650">
    <ele>1704.0</ele>
   </trkpt>
   <trkpt lat="36.1010980" lon="-115.5036520">
    <ele>1703.0</ele>
   </trkpt>
   <trkpt lat="36.1011080" lon="-115.5036440">
    <ele>1703.0</ele>
   </trkpt>
   <trkpt lat="36.1011170" lon="-115.5036360">
    <ele>1703.0</ele>
   </trkpt>
   <trkpt lat="36.1011260" lon="-115.5036280">
    <ele>1703.0</ele>
   </trkpt>
   <trkpt lat="36.1011360" lon="-115.5036200">
    <ele>1703.0</ele>
   </trkpt>
   <trkpt lat="36.1011440" lon="-115.5036130">
    <ele>1702.0</ele>
   </trkpt>
   <trkpt lat="36.1011530" lon="-115.5036060">
    <ele>1702.0</ele>
   </trkpt>
   <trkpt lat="36.1011630" lon="-115.5036040">
    <ele>1702.0</ele>
   </trkpt>
   <trkpt lat="36.1011740" lon="-115.5036020">
    <ele>1702.0</ele>
   </trkpt>
   <trkpt lat="36.1011870" lon="-115.5035980">
    <ele>1702.0</ele>
   </trkpt>
   <trkpt lat="36.1012000" lon="-115.5035950">
    <ele>1701.0</ele>
   </trkpt>
   <trkpt lat="36.1012130" lon="-115.5035820">
    <ele>1701.0</ele>
   </trkpt>
   <trkpt lat="36.1012260" lon="-115.5035690">
    <ele>1700.0</ele>
   </trkpt>
   <trkpt lat="36.1012370" lon="-115.5035470">
    <ele>1700.0</ele>
   </trkpt>
   <trkpt lat="36.1012480" lon="-115.5035260">
    <ele>1700.0</ele>
   </trkpt>
   <trkpt lat="36.1012540" lon="-115.5035030">
    <ele>1699.0</ele>
   </trkpt>
   <trkpt lat="36.1012600" lon="-115.5034800">
    <ele>1699.0</ele>
   </trkpt>
   <trkpt lat="36.1012620" lon="-115.5034660">
    <ele>1699.0</ele>
   </trkpt>
   <trkpt lat="36.1012650" lon="-115.5034520">
    <ele>1699.0</ele>
   </trkpt>
   <trkpt lat="36.1012670" lon="-115.5034380">
    <ele>1699.0</ele>
   </trkpt>
   <trkpt lat="36.1012730" lon="-115.5034250">
    <ele>1698.0</ele>
   </trkpt>
   <trkpt lat="36.1012790" lon="-115.5034120">
    <ele>1698.0</ele>
   </trkpt>
   <trkpt lat="36.1012920" lon="-115.5034030">
    <ele>1697.0</ele>
   </trkpt>
   <trkpt lat="36.1013040" lon="-115.5033940">
    <ele>1697.0</ele>
   </trkpt>
   <trkpt lat="36.1013160" lon="-115.5033850">
    <ele>1697.0</ele>
   </trkpt>
   <trkpt lat="36.1013280" lon="-115.5033770">
    <ele>1696.0</ele>
   </trkpt>
   <trkpt lat="36.1013320" lon="-115.5033660">
    <ele>1696.0</ele>
   </trkpt>
   <trkpt lat="36.1013360" lon="-115.5033550">
    <ele>1695.0</ele>
   </trkpt>
   <trkpt lat="36.1013330" lon="-115.5033420">
    <ele>1695.0</ele>
   </trkpt>
   <trkpt lat="36.1013300" lon="-115.5033280">
    <ele>1695.0</ele>
   </trkpt>
   <trkpt lat="36.1013300" lon="-115.5033140">
    <ele>1694.0</ele>
   </trkpt>
   <trkpt lat="36.1013310" lon="-115.5033010">
    <ele>1694.0</ele>
   </trkpt>
   <trkpt lat="36.1013380" lon="-115.5032910">
    <ele>1693.0</ele>
   </trkpt>
   <trkpt lat="36.1013450" lon="-115.5032810">
    <ele>1693.0</ele>
   </trkpt>
   <trkpt lat="36.1013540" lon="-115.5032710">
    <ele>1693.0</ele>
   </trkpt>
   <trkpt lat="36.1013630" lon="-115.5032610">
    <ele>1692.0</ele>
   </trkpt>
   <trkpt lat="36.1013730" lon="-115.5032510">
    <ele>1692.0</ele>
   </trkpt>
   <trkpt lat="36.1013840" lon="-115.5032400">
    <ele>1691.0</ele>
   </trkpt>
   <trkpt lat="36.1013930" lon="-115.5032310">
    <ele>1691.0</ele>
   </trkpt>
   <trkpt lat="36.1014030" lon="-115.5032220">
    <ele>1691.0</ele>
   </trkpt>
   <trkpt lat="36.1014110" lon="-115.5032150">
    <ele>1690.0</ele>
   </trkpt>
   <trkpt lat="36.1014200" lon="-115.5032080">
    <ele>1689.0</ele>
   </trkpt>
   <trkpt lat="36.1014270" lon="-115.5031980">
    <ele>1689.0</ele>
   </trkpt>
   <trkpt lat="36.1014350" lon="-115.5031880">
    <ele>1688.0</ele>
   </trkpt>
   <trkpt lat="36.1014440" lon="-115.5031730">
    <ele>1688.0</ele>
   </trkpt>
   <trkpt lat="36.1014530" lon="-115.5031580">
    <ele>1687.0</ele>
   </trkpt>
   <trkpt lat="36.1014630" lon="-115.5031410">
    <ele>1687.0</ele>
   </trkpt>
   <trkpt lat="36.1014730" lon="-115.5031250">
    <ele>1686.0</ele>
   </trkpt>
   <trkpt lat="36.1014820" lon="-115.5031080">
    <ele>1686.0</ele>
   </trkpt>
   <trkpt lat="36.1014920" lon="-115.5030920">
    <ele>1686.0</ele>
   </trkpt>
   <trkpt lat="36.1015020" lon="-115.5030770">
    <ele>1685.0</ele>
   </trkpt>
   <trkpt lat="36.1015130" lon="-115.5030610">
    <ele>1685.0</ele>
   </trkpt>
   <trkpt lat="36.1015260" lon="-115.5030490">
    <ele>1685.0</ele>
   </trkpt>
   <trkpt lat="36.1015400" lon="-115.5030370">
    <ele>1685.0</ele>
   </trkpt>
   <trkpt lat="36.1015580" lon="-115.5030320">
    <ele>1685.0</ele>
   </trkpt>
   <trkpt lat="36.1015760" lon="-115.5030270">
    <ele>1684.0</ele>
   </trkpt>
   <trkpt lat="36.1015950" lon="-115.5030280">
    <ele>1683.0</ele>
   </trkpt>
   <trkpt lat="36.1016140" lon="-115.5030290">
    <ele>1683.0</ele>
   </trkpt>
   <trkpt lat="36.1016310" lon="-115.5030390">
    <ele>1682.0</ele>
   </trkpt>
   <trkpt lat="36.1016490" lon="-115.5030490">
    <ele>1682.0</ele>
   </trkpt>
   <trkpt lat="36.1016650" lon="-115.5030620">
    <ele>1681.0</ele>
   </trkpt>
   <trkpt lat="36.1016810" lon="-115.5030750">
    <ele>1681.0</ele>
   </trkpt>
   <trkpt lat="36.1016940" lon="-115.5030810">
    <ele>1680.0</ele>
   </trkpt>
   <trkpt lat="36.1017070" lon="-115.5030880">
    <ele>1680.0</ele>
   </trkpt>
   <trkpt lat="36.1017110" lon="-115.5030840">
    <ele>1680.0</ele>
   </trkpt>
   <trkpt lat="36.1017150" lon="-115.5030800">
    <ele>1679.0</ele>
   </trkpt>
   <trkpt lat="36.1017150" lon="-115.5030760">
    <ele>1678.0</ele>
   </trkpt>
   <trkpt lat="36.1017140" lon="-115.5030720">
    <ele>1678.0</ele>
   </trkpt>
   <trkpt lat="36.1017130" lon="-115.5030680">
    <ele>1677.0</ele>
   </trkpt>
   <trkpt lat="36.1017130" lon="-115.5030620">
    <ele>1677.0</ele>
   </trkpt>
   <trkpt lat="36.1017120" lon="-115.5030560">
    <ele>1676.0</ele>
   </trkpt>
   <trkpt lat="36.1017140" lon="-115.5030560">
    <ele>1676.0</ele>
   </trkpt>
   <trkpt lat="36.1017170" lon="-115.5030570">
    <ele>1676.0</ele>
   </trkpt>
   <trkpt lat="36.1017190" lon="-115.5030570">
    <ele>1676.0</ele>
   </trkpt>
   <trkpt lat="36.1017250" lon="-115.5030600">
    <ele>1676.0</ele>
   </trkpt>
   <trkpt lat="36.1017310" lon="-115.5030620">
    <ele>1675.0</ele>
   </trkpt>
   <trkpt lat="36.1017370" lon="-115.5030610">
    <ele>1675.0</ele>
   </trkpt>
   <trkpt lat="36.1017430" lon="-115.5030600">
    <ele>1674.0</ele>
   </trkpt>
   <trkpt lat="36.1017490" lon="-115.5030530">
    <ele>1674.0</ele>
   </trkpt>
   <trkpt lat="36.1017550" lon="-115.5030460">
    <ele>1674.0</ele>
   </trkpt>
   <trkpt lat="36.1017610" lon="-115.5030360">
    <ele>1673.0</ele>
   </trkpt>
   <trkpt lat="36.1017660" lon="-115.5030260">
    <ele>1673.0</ele>
   </trkpt>
   <trkpt lat="36.1017740" lon="-115.5030170">
    <ele>1673.0</ele>
   </trkpt>
   <trkpt lat="36.1017820" lon="-115.5030080">
    <ele>1673.0</ele>
   </trkpt>
   <trkpt lat="36.1017920" lon="-115.5030020">
    <ele>1673.0</ele>
   </trkpt>
   <trkpt lat="36.1018020" lon="-115.5029960">
    <ele>1672.0</ele>
   </trkpt>
   <trkpt lat="36.1018130" lon="-115.5029870">
    <ele>1672.0</ele>
   </trkpt>
   <trkpt lat="36.1018240" lon="-115.5029780">
    <ele>1671.0</ele>
   </trkpt>
   <trkpt lat="36.1018340" lon="-115.5029660">
    <ele>1671.0</ele>
   </trkpt>
   <trkpt lat="36.1018440" lon="-115.5029530">
    <ele>1671.0</ele>
   </trkpt>
   <trkpt lat="36.1018530" lon="-115.5029430">
    <ele>1670.0</ele>
   </trkpt>
   <trkpt lat="36.1018630" lon="-115.5029320">
    <ele>1670.0</ele>
   </trkpt>
   <trkpt lat="36.1018710" lon="-115.5029200">
    <ele>1669.0</ele>
   </trkpt>
   <trkpt lat="36.1018790" lon="-115.5029090">
    <ele>1669.0</ele>
   </trkpt>
   <trkpt lat="36.1018850" lon="-115.5028950">
    <ele>1669.0</ele>
   </trkpt>
   <trkpt lat="36.1018910" lon="-115.5028820">
    <ele>1668.0</ele>
   </trkpt>
   <trkpt lat="36.1018910" lon="-115.5028690">
    <ele>1667.0</ele>
   </trkpt>
   <trkpt lat="36.1018900" lon="-115.5028560">
    <ele>1667.0</ele>
   </trkpt>
   <trkpt lat="36.1018850" lon="-115.5028430">
    <ele>1666.0</ele>
   </trkpt>
   <trkpt lat="36.1018790" lon="-115.5028300">
    <ele>1666.0</ele>
   </trkpt>
   <trkpt lat="36.1018750" lon="-115.5028180">
    <ele>1665.0</ele>
   </trkpt>
   <trkpt lat="36.1018700" lon="-115.5028060">
    <ele>1665.0</ele>
   </trkpt>
   <trkpt lat="36.1018720" lon="-115.5027920">
    <ele>1664.0</ele>
   </trkpt>
   <trkpt lat="36.1018740" lon="-115.5027790">
    <ele>1664.0</ele>
   </trkpt>
   <trkpt lat="36.1018830" lon="-115.5027640">
    <ele>1664.0</ele>
   </trkpt>
   <trkpt lat="36.1018930" lon="-115.5027490">
    <ele>1663.0</ele>
   </trkpt>
   <trkpt lat="36.1019080" lon="-115.5027350">
    <ele>1662.0</ele>
   </trkpt>
   <trkpt lat="36.1019230" lon="-115.5027220">
    <ele>1662.0</ele>
   </trkpt>
   <trkpt lat="36.1019390" lon="-115.5027110">
    <ele>1661.0</ele>
   </trkpt>
   <trkpt lat="36.1019550" lon="-115.5026990">
    <ele>1661.0</ele>
   </trkpt>
   <trkpt lat="36.1019690" lon="-115.5026880">
    <ele>1660.0</ele>
   </trkpt>
   <trkpt lat="36.1019830" lon="-115.5026780">
    <ele>1660.0</ele>
   </trkpt>
   <trkpt lat="36.1019920" lon="-115.5026710">
    <ele>1659.0</ele>
   </trkpt>
   <trkpt lat="36.1020020" lon="-115.5026640">
    <ele>1659.0</ele>
   </trkpt>
   <trkpt lat="36.1020080" lon="-115.5026620">
    <ele>1659.0</ele>
   </trkpt>
   <trkpt lat="36.1020140" lon="-115.5026600">
    <ele>1658.0</ele>
   </trkpt>
   <trkpt lat="36.1020200" lon="-115.5026570">
    <ele>1657.0</ele>
   </trkpt>
   <trkpt lat="36.1020270" lon="-115.5026550">
    <ele>1657.0</ele>
   </trkpt>
   <trkpt lat="36.1020340" lon="-115.5026530">
    <ele>1656.0</ele>
   </trkpt>
   <trkpt lat="36.1020410" lon="-115.5026470">
    <ele>1656.0</ele>
   </trkpt>
   <trkpt lat="36.1020470" lon="-115.5026400">
    <ele>1655.0</ele>
   </trkpt>
   <trkpt lat="36.1020550" lon="-115.5026280">
    <ele>1655.0</ele>
   </trkpt>
   <trkpt lat="36.1020630" lon="-115.5026170">
    <ele>1654.0</ele>
   </trkpt>
   <trkpt lat="36.1020770" lon="-115.5026050">
    <ele>1654.0</ele>
   </trkpt>
   <trkpt lat="36.1020900" lon="-115.5025930">
    <ele>1654.0</ele>
   </trkpt>
   <trkpt lat="36.1021070" lon="-115.5025850">
    <ele>1653.0</ele>
   </trkpt>
   <trkpt lat="36.1021240" lon="-115.5025770">
    <ele>1653.0</ele>
   </trkpt>
   <trkpt lat="36.1021360" lon="-115.5025650">
    <ele>1652.0</ele>
   </trkpt>
   <trkpt lat="36.1021480" lon="-115.5025540">
    <ele>1652.0</ele>
   </trkpt>
   <trkpt lat="36.1021590" lon="-115.5025390">
    <ele>1652.0</ele>
   </trkpt>
   <trkpt lat="36.1021700" lon="-115.5025240">
    <ele>1651.0</ele>
   </trkpt>
   <trkpt lat="36.1021810" lon="-115.5025120">
    <ele>1651.0</ele>
   </trkpt>
   <trkpt lat="36.1021920" lon="-115.5025010">
    <ele>1650.0</ele>
   </trkpt>
   <trkpt lat="36.1022010" lon="-115.5024930">
    <ele>1650.0</ele>
   </trkpt>
   <trkpt lat="36.1022100" lon="-115.5024850">
    <ele>1650.0</ele>
   </trkpt>
   <trkpt lat="36.1022170" lon="-115.5024840">
    <ele>1649.0</ele>
   </trkpt>
   <trkpt lat="36.1022250" lon="-115.5024840">
    <ele>1648.0</ele>
   </trkpt>
   <trkpt lat="36.1022330" lon="-115.5024890">
    <ele>1648.0</ele>
   </trkpt>
   <trkpt lat="36.1022400" lon="-115.5024940">
    <ele>1647.0</ele>
   </trkpt>
   <trkpt lat="36.1022440" lon="-115.5024950">
    <ele>1647.0</ele>
   </trkpt>
   <trkpt lat="36.1022470" lon="-115.5024970">
    <ele>1646.0</ele>
   </trkpt>
   <trkpt lat="36.1022520" lon="-115.5024970">
    <ele>1646.0</ele>
   </trkpt>
   <trkpt lat="36.1022580" lon="-115.5024980">
    <ele>1645.0</ele>
   </trkpt>
   <trkpt lat="36.1022650" lon="-115.5024980">
    <ele>1645.0</ele>
   </trkpt>
   <trkpt lat="36.1022720" lon="-115.5024990">
    <ele>1645.0</ele>
   </trkpt>
   <trkpt lat="36.1022810" lon="-115.5024980">
    <ele>1644.0</ele>
   </trkpt>
   <trkpt lat="36.1022910" lon="-115.5024980">
    <ele>1644.0</ele>
   </trkpt>
   <trkpt lat="36.1023000" lon="-115.5024960">
    <ele>1643.0</ele>
   </trkpt>
   <trkpt lat="36.1023090" lon="-115.5024940">
    <ele>1643.0</ele>
   </trkpt>
   <trkpt lat="36.1023090" lon="-115.5024940">
    <ele>1643.0</ele>
   </trkpt>
   <trkpt lat="36.1023090" lon="-115.5024940">
    <ele>1642.0</ele>
   </trkpt>
   <trkpt lat="36.1023090" lon="-115.5024940">
    <ele>1642.0</ele>
   </trkpt>
   <trkpt lat="36.1023090" lon="-115.5024940">
    <ele>1641.0</ele>
   </trkpt>
   <trkpt lat="36.1023090" lon="-115.5024940">
    <ele>1641.0</ele>
   </trkpt>
   <trkpt lat="36.1023090" lon="-115.5024940">
    <ele>1641.0</ele>
   </trkpt>
   <trkpt lat="36.1023090" lon="-115.5024940">
    <ele>1640.0</ele>
   </trkpt>
   <trkpt lat="36.1023090" lon="-115.5024940">
    <ele>1640.0</ele>
   </trkpt>
   <trkpt lat="36.1023090" lon="-115.5024940">
    <ele>1640.0</ele>
   </trkpt>
   <trkpt lat="36.1023090" lon="-115.5024940">
    <ele>1640.0</ele>
   </trkpt>
   <trkpt lat="36.1023090" lon="-115.5024940">
    <ele>1640.0</ele>
   </trkpt>
   <trkpt lat="36.1023210" lon="-115.5024910">
    <ele>1639.0</ele>
   </trkpt>
   <trkpt lat="36.1023310" lon="-115.5024930">
    <ele>1639.0</ele>
   </trkpt>
   <trkpt lat="36.1023410" lon="-115.5024940">
    <ele>1639.0</ele>
   </trkpt>
   <trkpt lat="36.1023540" lon="-115.5024950">
    <ele>1639.0</ele>
   </trkpt>
   <trkpt lat="36.1023660" lon="-115.5024950">
    <ele>1639.0</ele>
   </trkpt>
   <trkpt lat="36.1023810" lon="-115.5024930">
    <ele>1638.0</ele>
   </trkpt>
   <trkpt lat="36.1023950" lon="-115.5024900">
    <ele>1638.0</ele>
   </trkpt>
   <trkpt lat="36.1024060" lon="-115.5024860">
    <ele>1638.0</ele>
   </trkpt>
   <trkpt lat="36.1024180" lon="-115.5024820">
    <ele>1638.0</ele>
   </trkpt>
   <trkpt lat="36.1024210" lon="-115.5024740">
    <ele>1638.0</ele>
   </trkpt>
   <trkpt lat="36.1024250" lon="-115.5024670">
    <ele>1637.0</ele>
   </trkpt>
   <trkpt lat="36.1024260" lon="-115.5024520">
    <ele>1637.0</ele>
   </trkpt>
   <trkpt lat="36.1024270" lon="-115.5024370">
    <ele>1637.0</ele>
   </trkpt>
   <trkpt lat="36.1024350" lon="-115.5024170">
    <ele>1637.0</ele>
   </trkpt>
   <trkpt lat="36.1024430" lon="-115.5023960">
    <ele>1637.0</ele>
   </trkpt>
   <trkpt lat="36.1024580" lon="-115.5023760">
    <ele>1636.0</ele>
   </trkpt>
   <trkpt lat="36.1024720" lon="-115.5023570">
    <ele>1636.0</ele>
   </trkpt>
   <trkpt lat="36.1024840" lon="-115.5023420">
    <ele>1635.0</ele>
   </trkpt>
   <trkpt lat="36.1024960" lon="-115.5023270">
    <ele>1635.0</ele>
   </trkpt>
   <trkpt lat="36.1025040" lon="-115.5023150">
    <ele>1635.0</ele>
   </trkpt>
   <trkpt lat="36.1025120" lon="-115.5023040">
    <ele>1634.0</ele>
   </trkpt>
   <trkpt lat="36.1025200" lon="-115.5022930">
    <ele>1633.0</ele>
   </trkpt>
   <trkpt lat="36.1025290" lon="-115.5022810">
    <ele>1633.0</ele>
   </trkpt>
   <trkpt lat="36.1025360" lon="-115.5022720">
    <ele>1632.0</ele>
   </trkpt>
   <trkpt lat="36.1025440" lon="-115.5022630">
    <ele>1632.0</ele>
   </trkpt>
   <trkpt lat="36.1025520" lon="-115.5022550">
    <ele>1631.0</ele>
   </trkpt>
   <trkpt lat="36.1025600" lon="-115.5022470">
    <ele>1631.0</ele>
   </trkpt>
   <trkpt lat="36.1025700" lon="-115.5022380">
    <ele>1630.0</ele>
   </trkpt>
   <trkpt lat="36.1025800" lon="-115.5022290">
    <ele>1630.0</ele>
   </trkpt>
   <trkpt lat="36.1025870" lon="-115.5022220">
    <ele>1630.0</ele>
   </trkpt>
   <trkpt lat="36.1025940" lon="-115.5022150">
    <ele>1629.0</ele>
   </trkpt>
   <trkpt lat="36.1026010" lon="-115.5022070">
    <ele>1629.0</ele>
   </trkpt>
   <trkpt lat="36.1026090" lon="-115.5021970">
    <ele>1628.0</ele>
   </trkpt>
   <trkpt lat="36.1026160" lon="-115.5021870">
    <ele>1628.0</ele>
   </trkpt>
   <trkpt lat="36.1026250" lon="-115.5021750">
    <ele>1628.0</ele>
   </trkpt>
   <trkpt lat="36.1026330" lon="-115.5021630">
    <ele>1627.0</ele>
   </trkpt>
   <trkpt lat="36.1026410" lon="-115.5021470">
    <ele>1627.0</ele>
   </trkpt>
   <trkpt lat="36.1026500" lon="-115.5021300">
    <ele>1627.0</ele>
   </trkpt>
   <trkpt lat="36.1026540" lon="-115.5021100">
    <ele>1627.0</ele>
   </trkpt>
   <trkpt lat="36.1026580" lon="-115.5020890">
    <ele>1627.0</ele>
   </trkpt>
   <trkpt lat="36.1026570" lon="-115.5020670">
    <ele>1626.0</ele>
   </trkpt>
   <trkpt lat="36.1026550" lon="-115.5020450">
    <ele>1626.0</ele>
   </trkpt>
   <trkpt lat="36.1026480" lon="-115.5020260">
    <ele>1625.0</ele>
   </trkpt>
   <trkpt lat="36.1026400" lon="-115.5020060">
    <ele>1625.0</ele>
   </trkpt>
   <trkpt lat="36.1026300" lon="-115.5019910">
    <ele>1625.0</ele>
   </trkpt>
   <trkpt lat="36.1026200" lon="-115.5019770">
    <ele>1624.0</ele>
   </trkpt>
   <trkpt lat="36.1026130" lon="-115.5019620">
    <ele>1623.0</ele>
   </trkpt>
   <trkpt lat="36.1026060" lon="-115.5019480">
    <ele>1623.0</ele>
   </trkpt>
   <trkpt lat="36.1026020" lon="-115.5019290">
    <ele>1622.0</ele>
   </trkpt>
   <trkpt lat="36.1025990" lon="-115.5019110">
    <ele>1622.0</ele>
   </trkpt>
   <trkpt lat="36.1025990" lon="-115.5018910">
    <ele>1621.0</ele>
   </trkpt>
   <trkpt lat="36.1025990" lon="-115.5018720">
    <ele>1621.0</ele>
   </trkpt>
   <trkpt lat="36.1026030" lon="-115.5018550">
    <ele>1620.0</ele>
   </trkpt>
   <trkpt lat="36.1026070" lon="-115.5018380">
    <ele>1620.0</ele>
   </trkpt>
   <trkpt lat="36.1026140" lon="-115.5018250">
    <ele>1620.0</ele>
   </trkpt>
   <trkpt lat="36.1026220" lon="-115.5018120">
    <ele>1619.0</ele>
   </trkpt>
   <trkpt lat="36.1026340" lon="-115.5018030">
    <ele>1619.0</ele>
   </trkpt>
   <trkpt lat="36.1026460" lon="-115.5017940">
    <ele>1619.0</ele>
   </trkpt>
   <trkpt lat="36.1026600" lon="-115.5017860">
    <ele>1619.0</ele>
   </trkpt>
   <trkpt lat="36.1026730" lon="-115.5017780">
    <ele>1619.0</ele>
   </trkpt>
   <trkpt lat="36.1026730" lon="-115.5017780">
    <ele>1618.0</ele>
   </trkpt>
   <trkpt lat="36.1026730" lon="-115.5017780">
    <ele>1618.0</ele>
   </trkpt>
   <trkpt lat="36.1026730" lon="-115.5017780">
    <ele>1617.0</ele>
   </trkpt>
   <trkpt lat="36.1026730" lon="-115.5017780">
    <ele>1617.0</ele>
   </trkpt>
   <trkpt lat="36.1026730" lon="-115.5017780">
    <ele>1617.0</ele>
   </trkpt>
   <trkpt lat="36.1026880" lon="-115.5017560">
    <ele>1616.0</ele>
   </trkpt>
   <trkpt lat="36.1026900" lon="-115.5017460">
    <ele>1616.0</ele>
   </trkpt>
   <trkpt lat="36.1026920" lon="-115.5017360">
    <ele>1616.0</ele>
   </trkpt>
   <trkpt lat="36.1026920" lon="-115.5017260">
    <ele>1616.0</ele>
   </trkpt>
   <trkpt lat="36.1026920" lon="-115.5017160">
    <ele>1616.0</ele>
   </trkpt>
   <trkpt lat="36.1026900" lon="-115.5017060">
    <ele>1615.0</ele>
   </trkpt>
   <trkpt lat="36.1026880" lon="-115.5016950">
    <ele>1615.0</ele>
   </trkpt>
   <trkpt lat="36.1026840" lon="-115.5016850">
    <ele>1614.0</ele>
   </trkpt>
   <trkpt lat="36.1026800" lon="-115.5016740">
    <ele>1614.0</ele>
   </trkpt>
   <trkpt lat="36.1026760" lon="-115.5016640">
    <ele>1614.0</ele>
   </trkpt>
   <trkpt lat="36.1026720" lon="-115.5016530">
    <ele>1613.0</ele>
   </trkpt>
   <trkpt lat="36.1026670" lon="-115.5016480">
    <ele>1613.0</ele>
   </trkpt>
   <trkpt lat="36.1026630" lon="-115.5016420">
    <ele>1613.0</ele>
   </trkpt>
   <trkpt lat="36.1026590" lon="-115.5016370">
    <ele>1613.0</ele>
   </trkpt>
   <trkpt lat="36.1026590" lon="-115.5016370">
    <ele>1613.0</ele>
   </trkpt>
   <trkpt lat="36.1026590" lon="-115.5016370">
    <ele>1613.0</ele>
   </trkpt>
   <trkpt lat="36.1026590" lon="-115.5016370">
    <ele>1613.0</ele>
   </trkpt>
   <trkpt lat="36.1026590" lon="-115.5016370">
    <ele>1613.0</ele>
   </trkpt>
   <trkpt lat="36.1026590" lon="-115.5016370">
    <ele>1613.0</ele>
   </trkpt>
   <trkpt lat="36.1026590" lon="-115.5016370">
    <ele>1613.0</ele>
   </trkpt>
   <trkpt lat="36.1026590" lon="-115.5016370">
    <ele>1612.0</ele>
   </trkpt>
   <trkpt lat="36.1026590" lon="-115.5016370">
    <ele>1612.0</ele>
   </trkpt>
   <trkpt lat="36.1026590" lon="-115.5016370">
    <ele>1612.0</ele>
   </trkpt>
   <trkpt lat="36.1026530" lon="-115.5016200">
    <ele>1612.0</ele>
   </trkpt>
   <trkpt lat="36.1026500" lon="-115.5016080">
    <ele>1612.0</ele>
   </trkpt>
   <trkpt lat="36.1026460" lon="-115.5015960">
    <ele>1611.0</ele>
   </trkpt>
   <trkpt lat="36.1026440" lon="-115.5015850">
    <ele>1611.0</ele>
   </trkpt>
   <trkpt lat="36.1026420" lon="-115.5015740">
    <ele>1611.0</ele>
   </trkpt>
   <trkpt lat="36.1026390" lon="-115.5015680">
    <ele>1611.0</ele>
   </trkpt>
   <trkpt lat="36.1026370" lon="-115.5015610">
    <ele>1611.0</ele>
   </trkpt>
   <trkpt lat="36.1026350" lon="-115.5015550">
    <ele>1610.0</ele>
   </trkpt>
   <trkpt lat="36.1026310" lon="-115.5015480">
    <ele>1610.0</ele>
   </trkpt>
   <trkpt lat="36.1026280" lon="-115.5015410">
    <ele>1610.0</ele>
   </trkpt>
   <trkpt lat="36.1026230" lon="-115.5015340">
    <ele>1610.0</ele>
   </trkpt>
   <trkpt lat="36.1026180" lon="-115.5015270">
    <ele>1610.0</ele>
   </trkpt>
   <trkpt lat="36.1026140" lon="-115.5015200">
    <ele>1609.0</ele>
   </trkpt>
   <trkpt lat="36.1026100" lon="-115.5015130">
    <ele>1609.0</ele>
   </trkpt>
   <trkpt lat="36.1026100" lon="-115.5015050">
    <ele>1609.0</ele>
   </trkpt>
   <trkpt lat="36.1026100" lon="-115.5014980">
    <ele>1609.0</ele>
   </trkpt>
   <trkpt lat="36.1026120" lon="-115.5014880">
    <ele>1609.0</ele>
   </trkpt>
   <trkpt lat="36.1026140" lon="-115.5014780">
    <ele>1608.0</ele>
   </trkpt>
   <trkpt lat="36.1026150" lon="-115.5014650">
    <ele>1608.0</ele>
   </trkpt>
   <trkpt lat="36.1026170" lon="-115.5014510">
    <ele>1608.0</ele>
   </trkpt>
   <trkpt lat="36.1026170" lon="-115.5014380">
    <ele>1608.0</ele>
   </trkpt>
   <trkpt lat="36.1026180" lon="-115.5014250">
    <ele>1608.0</ele>
   </trkpt>
   <trkpt lat="36.1026200" lon="-115.5014120">
    <ele>1607.0</ele>
   </trkpt>
   <trkpt lat="36.1026220" lon="-115.5013990">
    <ele>1607.0</ele>
   </trkpt>
   <trkpt lat="36.1026220" lon="-115.5013830">
    <ele>1607.0</ele>
   </trkpt>
   <trkpt lat="36.1026210" lon="-115.5013680">
    <ele>1607.0</ele>
   </trkpt>
   <trkpt lat="36.1026170" lon="-115.5013550">
    <ele>1607.0</ele>
   </trkpt>
   <trkpt lat="36.1026130" lon="-115.5013420">
    <ele>1606.0</ele>
   </trkpt>
   <trkpt lat="36.1026080" lon="-115.5013300">
    <ele>1606.0</ele>
   </trkpt>
   <trkpt lat="36.1026030" lon="-115.5013190">
    <ele>1606.0</ele>
   </trkpt>
   <trkpt lat="36.1025950" lon="-115.5013100">
    <ele>1606.0</ele>
   </trkpt>
   <trkpt lat="36.1025880" lon="-115.5013020">
    <ele>1606.0</ele>
   </trkpt>
   <trkpt lat="36.1025880" lon="-115.5013020">
    <ele>1605.0</ele>
   </trkpt>
   <trkpt lat="36.1025880" lon="-115.5013020">
    <ele>1605.0</ele>
   </trkpt>
   <trkpt lat="36.1025880" lon="-115.5013020">
    <ele>1605.0</ele>
   </trkpt>
   <trkpt lat="36.1025880" lon="-115.5013020">
    <ele>1605.0</ele>
   </trkpt>
   <trkpt lat="36.1025880" lon="-115.5013020">
    <ele>1605.0</ele>
   </trkpt>
   <trkpt lat="36.1025880" lon="-115.5013020">
    <ele>1604.0</ele>
   </trkpt>
   <trkpt lat="36.1025880" lon="-115.5013020">
    <ele>1604.0</ele>
   </trkpt>
   <trkpt lat="36.1025880" lon="-115.5013020">
    <ele>1604.0</ele>
   </trkpt>
   <trkpt lat="36.1025790" lon="-115.5013020">
    <ele>1604.0</ele>
   </trkpt>
   <trkpt lat="36.1025770" lon="-115.5013030">
    <ele>1604.0</ele>
   </trkpt>
   <trkpt lat="36.1025750" lon="-115.5013040">
    <ele>1604.0</ele>
   </trkpt>
   <trkpt lat="36.1025800" lon="-115.5013070">
    <ele>1604.0</ele>
   </trkpt>
   <trkpt lat="36.1025840" lon="-115.5013090">
    <ele>1604.0</ele>
   </trkpt>
   <trkpt lat="36.1025930" lon="-115.5013090">
    <ele>1604.0</ele>
   </trkpt>
   <trkpt lat="36.1026010" lon="-115.5013100">
    <ele>1604.0</ele>
   </trkpt>
   <trkpt lat="36.1026110" lon="-115.5013040">
    <ele>1603.0</ele>
   </trkpt>
   <trkpt lat="36.1026210" lon="-115.5012990">
    <ele>1603.0</ele>
   </trkpt>
   <trkpt lat="36.1026310" lon="-115.5012930">
    <ele>1603.0</ele>
   </trkpt>
   <trkpt lat="36.1026410" lon="-115.5012810">
    <ele>1603.0</ele>
   </trkpt>
   <trkpt lat="36.1026510" lon="-115.5012680">
    <ele>1603.0</ele>
   </trkpt>
   <trkpt lat="36.1026580" lon="-115.5012550">
    <ele>1603.0</ele>
   </trkpt>
   <trkpt lat="36.1026660" lon="-115.5012430">
    <ele>1603.0</ele>
   </trkpt>
   <trkpt lat="36.1026680" lon="-115.5012370">
    <ele>1603.0</ele>
   </trkpt>
   <trkpt lat="36.1026690" lon="-115.5012310">
    <ele>1603.0</ele>
   </trkpt>
   <trkpt lat="36.1026710" lon="-115.5012260">
    <ele>1603.0</ele>
   </trkpt>
   <trkpt lat="36.1026720" lon="-115.5012200">
    <ele>1603.0</ele>
   </trkpt>
   <trkpt lat="36.1026700" lon="-115.5012120">
    <ele>1603.0</ele>
   </trkpt>
   <trkpt lat="36.1026670" lon="-115.5012040">
    <ele>1603.0</ele>
   </trkpt>
   <trkpt lat="36.1026670" lon="-115.5012040">
    <ele>1603.0</ele>
   </trkpt>
   <trkpt lat="36.1026670" lon="-115.5012040">
    <ele>1603.0</ele>
   </trkpt>
   <trkpt lat="36.1026670" lon="-115.5012040">
    <ele>1602.0</ele>
   </trkpt>
   <trkpt lat="36.1026670" lon="-115.5012040">
    <ele>1602.0</ele>
   </trkpt>
   <trkpt lat="36.1026670" lon="-115.5012040">
    <ele>1601.0</ele>
   </trkpt>
   <trkpt lat="36.1026560" lon="-115.5011910">
    <ele>1601.0</ele>
   </trkpt>
   <trkpt lat="36.1026510" lon="-115.5011850">
    <ele>1601.0</ele>
   </trkpt>
   <trkpt lat="36.1026450" lon="-115.5011800">
    <ele>1600.0</ele>
   </trkpt>
   <trkpt lat="36.1026400" lon="-115.5011750">
    <ele>1600.0</ele>
   </trkpt>
   <trkpt lat="36.1026340" lon="-115.5011690">
    <ele>1600.0</ele>
   </trkpt>
   <trkpt lat="36.1026280" lon="-115.5011630">
    <ele>1600.0</ele>
   </trkpt>
   <trkpt lat="36.1026220" lon="-115.5011580">
    <ele>1600.0</ele>
   </trkpt>
   <trkpt lat="36.1026180" lon="-115.5011520">
    <ele>1599.0</ele>
   </trkpt>
   <trkpt lat="36.1026150" lon="-115.5011460">
    <ele>1599.0</ele>
   </trkpt>
   <trkpt lat="36.1026100" lon="-115.5011410">
    <ele>1598.0</ele>
   </trkpt>
   <trkpt lat="36.1026060" lon="-115.5011350">
    <ele>1598.0</ele>
   </trkpt>
   <trkpt lat="36.1026010" lon="-115.5011290">
    <ele>1598.0</ele>
   </trkpt>
   <trkpt lat="36.1025960" lon="-115.5011220">
    <ele>1597.0</ele>
   </trkpt>
   <trkpt lat="36.1025920" lon="-115.5011140">
    <ele>1597.0</ele>
   </trkpt>
   <trkpt lat="36.1025880" lon="-115.5011060">
    <ele>1597.0</ele>
   </trkpt>
   <trkpt lat="36.1025860" lon="-115.5010970">
    <ele>1597.0</ele>
   </trkpt>
   <trkpt lat="36.1025830" lon="-115.5010880">
    <ele>1597.0</ele>
   </trkpt>
   <trkpt lat="36.1025830" lon="-115.5010790">
    <ele>1596.0</ele>
   </trkpt>
   <trkpt lat="36.1025820" lon="-115.5010690">
    <ele>1595.0</ele>
   </trkpt>
   <trkpt lat="36.1025860" lon="-115.5010600">
    <ele>1595.0</ele>
   </trkpt>
   <trkpt lat="36.1025890" lon="-115.5010520">
    <ele>1594.0</ele>
   </trkpt>
   <trkpt lat="36.1025920" lon="-115.5010440">
    <ele>1594.0</ele>
   </trkpt>
   <trkpt lat="36.1025950" lon="-115.5010370">
    <ele>1593.0</ele>
   </trkpt>
   <trkpt lat="36.1025980" lon="-115.5010300">
    <ele>1593.0</ele>
   </trkpt>
   <trkpt lat="36.1026010" lon="-115.5010190">
    <ele>1592.0</ele>
   </trkpt>
   <trkpt lat="36.1026050" lon="-115.5010090">
    <ele>1592.0</ele>
   </trkpt>
   <trkpt lat="36.1026080" lon="-115.5009970">
    <ele>1592.0</ele>
   </trkpt>
   <trkpt lat="36.1026110" lon="-115.5009850">
    <ele>1591.0</ele>
   </trkpt>
   <trkpt lat="36.1026110" lon="-115.5009700">
    <ele>1591.0</ele>
   </trkpt>
   <trkpt lat="36.1026110" lon="-115.5009560">
    <ele>1590.0</ele>
   </trkpt>
   <trkpt lat="36.1026060" lon="-115.5009330">
    <ele>1590.0</ele>
   </trkpt>
   <trkpt lat="36.1026040" lon="-115.5009260">
    <ele>1590.0</ele>
   </trkpt>
   <trkpt lat="36.1026020" lon="-115.5009200">
    <ele>1589.0</ele>
   </trkpt>
   <trkpt lat="36.1026000" lon="-115.5009130">
    <ele>1589.0</ele>
   </trkpt>
   <trkpt lat="36.1025990" lon="-115.5009060">
    <ele>1588.0</ele>
   </trkpt>
   <trkpt lat="36.1025970" lon="-115.5009000">
    <ele>1588.0</ele>
   </trkpt>
   <trkpt lat="36.1025950" lon="-115.5008930">
    <ele>1588.0</ele>
   </trkpt>
   <trkpt lat="36.1025930" lon="-115.5008860">
    <ele>1587.0</ele>
   </trkpt>
   <trkpt lat="36.1025910" lon="-115.5008800">
    <ele>1587.0</ele>
   </trkpt>
   <trkpt lat="36.1025900" lon="-115.5008730">
    <ele>1586.0</ele>
   </trkpt>
   <trkpt lat="36.1025880" lon="-115.5008660">
    <ele>1586.0</ele>
   </trkpt>
   <trkpt lat="36.1025860" lon="-115.5008590">
    <ele>1586.0</ele>
   </trkpt>
   <trkpt lat="36.1025840" lon="-115.5008530">
    <ele>1585.0</ele>
   </trkpt>
   <trkpt lat="36.1025830" lon="-115.5008460">
    <ele>1585.0</ele>
   </trkpt>
   <trkpt lat="36.1025810" lon="-115.5008390">
    <ele>1584.0</ele>
   </trkpt>
   <trkpt lat="36.1025790" lon="-115.5008330">
    <ele>1584.0</ele>
   </trkpt>
   <trkpt lat="36.1025770" lon="-115.5008260">
    <ele>1584.0</ele>
   </trkpt>
   <trkpt lat="36.1025740" lon="-115.5008120">
    <ele>1583.0</ele>
   </trkpt>
   <trkpt lat="36.1025710" lon="-115.5007970">
    <ele>1583.0</ele>
   </trkpt>
   <trkpt lat="36.1025700" lon="-115.5007810">
    <ele>1582.0</ele>
   </trkpt>
   <trkpt lat="36.1025690" lon="-115.5007650">
    <ele>1582.0</ele>
   </trkpt>
   <trkpt lat="36.1025690" lon="-115.5007470">
    <ele>1582.0</ele>
   </trkpt>
   <trkpt lat="36.1025680" lon="-115.5007280">
    <ele>1581.0</ele>
   </trkpt>
   <trkpt lat="36.1025670" lon="-115.5007140">
    <ele>1581.0</ele>
   </trkpt>
   <trkpt lat="36.1025650" lon="-115.5007000">
    <ele>1580.0</ele>
   </trkpt>
   <trkpt lat="36.1025600" lon="-115.5006870">
    <ele>1580.0</ele>
   </trkpt>
   <trkpt lat="36.1025550" lon="-115.5006750">
    <ele>1580.0</ele>
   </trkpt>
   <trkpt lat="36.1025490" lon="-115.5006630">
    <ele>1579.0</ele>
   </trkpt>
   <trkpt lat="36.1025430" lon="-115.5006500">
    <ele>1579.0</ele>
   </trkpt>
   <trkpt lat="36.1025370" lon="-115.5006370">
    <ele>1578.0</ele>
   </trkpt>
   <trkpt lat="36.1025310" lon="-115.5006250">
    <ele>1578.0</ele>
   </trkpt>
   <trkpt lat="36.1025270" lon="-115.5006140">
    <ele>1578.0</ele>
   </trkpt>
   <trkpt lat="36.1025220" lon="-115.5006040">
    <ele>1577.0</ele>
   </trkpt>
   <trkpt lat="36.1025190" lon="-115.5005930">
    <ele>1577.0</ele>
   </trkpt>
   <trkpt lat="36.1025160" lon="-115.5005830">
    <ele>1577.0</ele>
   </trkpt>
   <trkpt lat="36.1025130" lon="-115.5005720">
    <ele>1577.0</ele>
   </trkpt>
   <trkpt lat="36.1025110" lon="-115.5005610">
    <ele>1577.0</ele>
   </trkpt>
   <trkpt lat="36.1025080" lon="-115.5005520">
    <ele>1576.0</ele>
   </trkpt>
   <trkpt lat="36.1025050" lon="-115.5005420">
    <ele>1576.0</ele>
   </trkpt>
   <trkpt lat="36.1025040" lon="-115.5005370">
    <ele>1575.0</ele>
   </trkpt>
   <trkpt lat="36.1025020" lon="-115.5005320">
    <ele>1575.0</ele>
   </trkpt>
   <trkpt lat="36.1025010" lon="-115.5005280">
    <ele>1575.0</ele>
   </trkpt>
   <trkpt lat="36.1025000" lon="-115.5005240">
    <ele>1574.0</ele>
   </trkpt>
   <trkpt lat="36.1024990" lon="-115.5005200">
    <ele>1574.0</ele>
   </trkpt>
   <trkpt lat="36.1024980" lon="-115.5005120">
    <ele>1574.0</ele>
   </trkpt>
   <trkpt lat="36.1024970" lon="-115.5005040">
    <ele>1574.0</ele>
   </trkpt>
   <trkpt lat="36.1024980" lon="-115.5005010">
    <ele>1574.0</ele>
   </trkpt>
   <trkpt lat="36.1024990" lon="-115.5004970">
    <ele>1573.0</ele>
   </trkpt>
   <trkpt lat="36.1025000" lon="-115.5004930">
    <ele>1573.0</ele>
   </trkpt>
   <trkpt lat="36.1025010" lon="-115.5004900">
    <ele>1573.0</ele>
   </trkpt>
   <trkpt lat="36.1025050" lon="-115.5004840">
    <ele>1573.0</ele>
   </trkpt>
   <trkpt lat="36.1025090" lon="-115.5004780">
    <ele>1573.0</ele>
   </trkpt>
   <trkpt lat="36.1025140" lon="-115.5004690">
    <ele>1572.0</ele>
   </trkpt>
   <trkpt lat="36.1025190" lon="-115.5004610">
    <ele>1572.0</ele>
   </trkpt>
   <trkpt lat="36.1025210" lon="-115.5004550">
    <ele>1572.0</ele>
   </trkpt>
   <trkpt lat="36.1025240" lon="-115.5004490">
    <ele>1572.0</ele>
   </trkpt>
   <trkpt lat="36.1025280" lon="-115.5004370">
    <ele>1572.0</ele>
   </trkpt>
   <trkpt lat="36.1025320" lon="-115.5004250">
    <ele>1571.0</ele>
   </trkpt>
   <trkpt lat="36.1025350" lon="-115.5004140">
    <ele>1571.0</ele>
   </trkpt>
   <trkpt lat="36.1025380" lon="-115.5004020">
    <ele>1571.0</ele>
   </trkpt>
   <trkpt lat="36.1025390" lon="-115.5003890">
    <ele>1571.0</ele>
   </trkpt>
   <trkpt lat="36.1025410" lon="-115.5003760">
    <ele>1571.0</ele>
   </trkpt>
   <trkpt lat="36.1025400" lon="-115.5003620">
    <ele>1571.0</ele>
   </trkpt>
   <trkpt lat="36.1025390" lon="-115.5003480">
    <ele>1571.0</ele>
   </trkpt>
   <trkpt lat="36.1025360" lon="-115.5003370">
    <ele>1571.0</ele>
   </trkpt>
   <trkpt lat="36.1025330" lon="-115.5003250">
    <ele>1571.0</ele>
   </trkpt>
   <trkpt lat="36.1025290" lon="-115.5003140">
    <ele>1571.0</ele>
   </trkpt>
   <trkpt lat="36.1025250" lon="-115.5003020">
    <ele>1570.0</ele>
   </trkpt>
   <trkpt lat="36.1025200" lon="-115.5002860">
    <ele>1570.0</ele>
   </trkpt>
   <trkpt lat="36.1025150" lon="-115.5002690">
    <ele>1570.0</ele>
   </trkpt>
   <trkpt lat="36.1025120" lon="-115.5002520">
    <ele>1570.0</ele>
   </trkpt>
   <trkpt lat="36.1025090" lon="-115.5002340">
    <ele>1570.0</ele>
   </trkpt>
   <trkpt lat="36.1025110" lon="-115.5002180">
    <ele>1569.0</ele>
   </trkpt>
   <trkpt lat="36.1025130" lon="-115.5002020">
    <ele>1569.0</ele>
   </trkpt>
   <trkpt lat="36.1025150" lon="-115.5001890">
    <ele>1569.0</ele>
   </trkpt>
   <trkpt lat="36.1025170" lon="-115.5001760">
    <ele>1569.0</ele>
   </trkpt>
   <trkpt lat="36.1025170" lon="-115.5001660">
    <ele>1569.0</ele>
   </trkpt>
   <trkpt lat="36.1025170" lon="-115.5001560">
    <ele>1568.0</ele>
   </trkpt>
   <trkpt lat="36.1025180" lon="-115.5001430">
    <ele>1568.0</ele>
   </trkpt>
   <trkpt lat="36.1025180" lon="-115.5001310">
    <ele>1568.0</ele>
   </trkpt>
   <trkpt lat="36.1025200" lon="-115.5001190">
    <ele>1568.0</ele>
   </trkpt>
   <trkpt lat="36.1025210" lon="-115.5001070">
    <ele>1568.0</ele>
   </trkpt>
   <trkpt lat="36.1025260" lon="-115.5000970">
    <ele>1567.0</ele>
   </trkpt>
   <trkpt lat="36.1025300" lon="-115.5000870">
    <ele>1567.0</ele>
   </trkpt>
   <trkpt lat="36.1025360" lon="-115.5000730">
    <ele>1566.0</ele>
   </trkpt>
   <trkpt lat="36.1025430" lon="-115.5000600">
    <ele>1566.0</ele>
   </trkpt>
   <trkpt lat="36.1025450" lon="-115.5000430">
    <ele>1566.0</ele>
   </trkpt>
   <trkpt lat="36.1025480" lon="-115.5000270">
    <ele>1565.0</ele>
   </trkpt>
   <trkpt lat="36.1025470" lon="-115.5000090">
    <ele>1565.0</ele>
   </trkpt>
   <trkpt lat="36.1025460" lon="-115.4999910">
    <ele>1565.0</ele>
   </trkpt>
   <trkpt lat="36.1025430" lon="-115.4999780">
    <ele>1565.0</ele>
   </trkpt>
   <trkpt lat="36.1025400" lon="-115.4999660">
    <ele>1565.0</ele>
   </trkpt>
   <trkpt lat="36.1025330" lon="-115.4999560">
    <ele>1564.0</ele>
   </trkpt>
   <trkpt lat="36.1025270" lon="-115.4999470">
    <ele>1564.0</ele>
   </trkpt>
   <trkpt lat="36.1025230" lon="-115.4999360">
    <ele>1564.0</ele>
   </trkpt>
   <trkpt lat="36.1025190" lon="-115.4999250">
    <ele>1564.0</ele>
   </trkpt>
   <trkpt lat="36.1025180" lon="-115.4999100">
    <ele>1564.0</ele>
   </trkpt>
   <trkpt lat="36.1025170" lon="-115.4998960">
    <ele>1563.0</ele>
   </trkpt>
   <trkpt lat="36.1025160" lon="-115.4998790">
    <ele>1563.0</ele>
   </trkpt>
   <trkpt lat="36.1025160" lon="-115.4998630">
    <ele>1563.0</ele>
   </trkpt>
   <trkpt lat="36.1025130" lon="-115.4998470">
    <ele>1563.0</ele>
   </trkpt>
   <trkpt lat="36.1025100" lon="-115.4998310">
    <ele>1563.0</ele>
   </trkpt>
   <trkpt lat="36.1025070" lon="-115.4998130">
    <ele>1562.0</ele>
   </trkpt>
   <trkpt lat="36.1025030" lon="-115.4997960">
    <ele>1562.0</ele>
   </trkpt>
   <trkpt lat="36.1025010" lon="-115.4997780">
    <ele>1561.0</ele>
   </trkpt>
   <trkpt lat="36.1024980" lon="-115.4997600">
    <ele>1561.0</ele>
   </trkpt>
   <trkpt lat="36.1024960" lon="-115.4997520">
    <ele>1561.0</ele>
   </trkpt>
   <trkpt lat="36.1024950" lon="-115.4997430">
    <ele>1560.0</ele>
   </trkpt>
   <trkpt lat="36.1024950" lon="-115.4997320">
    <ele>1560.0</ele>
   </trkpt>
   <trkpt lat="36.1024950" lon="-115.4997200">
    <ele>1560.0</ele>
   </trkpt>
   <trkpt lat="36.1024950" lon="-115.4997200">
    <ele>1560.0</ele>
   </trkpt>
   <trkpt lat="36.1024950" lon="-115.4997200">
    <ele>1560.0</ele>
   </trkpt>
   <trkpt lat="36.1024950" lon="-115.4997200">
    <ele>1560.0</ele>
   </trkpt>
   <trkpt lat="36.1024950" lon="-115.4997200">
    <ele>1560.0</ele>
   </trkpt>
   <trkpt lat="36.1024950" lon="-115.4997200">
    <ele>1560.0</ele>
   </trkpt>
   <trkpt lat="36.1024950" lon="-115.4997200">
    <ele>1560.0</ele>
   </trkpt>
   <trkpt lat="36.1024950" lon="-115.4997200">
    <ele>1560.0</ele>
   </trkpt>
   <trkpt lat="36.1024950" lon="-115.4997200">
    <ele>1559.0</ele>
   </trkpt>
   <trkpt lat="36.1024950" lon="-115.4997200">
    <ele>1559.0</ele>
   </trkpt>
   <trkpt lat="36.1024950" lon="-115.4997200">
    <ele>1559.0</ele>
   </trkpt>
   <trkpt lat="36.1024950" lon="-115.4997200">
    <ele>1559.0</ele>
   </trkpt>
   <trkpt lat="36.1024950" lon="-115.4997200">
    <ele>1559.0</ele>
   </trkpt>
   <trkpt lat="36.1024950" lon="-115.4997200">
    <ele>1559.0</ele>
   </trkpt>
   <trkpt lat="36.1024950" lon="-115.4997200">
    <ele>1559.0</ele>
   </trkpt>
   <trkpt lat="36.1024950" lon="-115.4997200">
    <ele>1559.0</ele>
   </trkpt>
   <trkpt lat="36.1024950" lon="-115.4997200">
    <ele>1559.0</ele>
   </trkpt>
   <trkpt lat="36.1024950" lon="-115.4997200">
    <ele>1559.0</ele>
   </trkpt>
   <trkpt lat="36.1024950" lon="-115.4997200">
    <ele>1559.0</ele>
   </trkpt>
   <trkpt lat="36.1024950" lon="-115.4997200">
    <ele>1559.0</ele>
   </trkpt>
   <trkpt lat="36.1024950" lon="-115.4997200">
    <ele>1559.0</ele>
   </trkpt>
   <trkpt lat="36.1024950" lon="-115.4997200">
    <ele>1559.0</ele>
   </trkpt>
   <trkpt lat="36.1024950" lon="-115.4997200">
    <ele>1559.0</ele>
   </trkpt>
   <trkpt lat="36.1024950" lon="-115.4997200">
    <ele>1559.0</ele>
   </trkpt>
   <trkpt lat="36.1024950" lon="-115.4997200">
    <ele>1559.0</ele>
   </trkpt>
   <trkpt lat="36.1024980" lon="-115.4997120">
    <ele>1559.0</ele>
   </trkpt>
   <trkpt lat="36.1024990" lon="-115.4997050">
    <ele>1559.0</ele>
   </trkpt>
   <trkpt lat="36.1025010" lon="-115.4996980">
    <ele>1559.0</ele>
   </trkpt>
   <trkpt lat="36.1025030" lon="-115.4996900">
    <ele>1558.0</ele>
   </trkpt>
   <trkpt lat="36.1025050" lon="-115.4996810">
    <ele>1558.0</ele>
   </trkpt>
   <trkpt lat="36.1025090" lon="-115.4996700">
    <ele>1558.0</ele>
   </trkpt>
   <trkpt lat="36.1025120" lon="-115.4996600">
    <ele>1558.0</ele>
   </trkpt>
   <trkpt lat="36.1025140" lon="-115.4996480">
    <ele>1558.0</ele>
   </trkpt>
   <trkpt lat="36.1025160" lon="-115.4996350">
    <ele>1558.0</ele>
   </trkpt>
   <trkpt lat="36.1025140" lon="-115.4996230">
    <ele>1558.0</ele>
   </trkpt>
   <trkpt lat="36.1025130" lon="-115.4996100">
    <ele>1558.0</ele>
   </trkpt>
   <trkpt lat="36.1025090" lon="-115.4996000">
    <ele>1558.0</ele>
   </trkpt>
   <trkpt lat="36.1025060" lon="-115.4995910">
    <ele>1558.0</ele>
   </trkpt>
   <trkpt lat="36.1025010" lon="-115.4995860">
    <ele>1557.0</ele>
   </trkpt>
   <trkpt lat="36.1024950" lon="-115.4995810">
    <ele>1557.0</ele>
   </trkpt>
   <trkpt lat="36.1024870" lon="-115.4995790">
    <ele>1557.0</ele>
   </trkpt>
   <trkpt lat="36.1024800" lon="-115.4995780">
    <ele>1557.0</ele>
   </trkpt>
   <trkpt lat="36.1024760" lon="-115.4995750">
    <ele>1557.0</ele>
   </trkpt>
   <trkpt lat="36.1024710" lon="-115.4995710">
    <ele>1556.0</ele>
   </trkpt>
   <trkpt lat="36.1024710" lon="-115.4995710">
    <ele>1556.0</ele>
   </trkpt>
   <trkpt lat="36.1024710" lon="-115.4995710">
    <ele>1556.0</ele>
   </trkpt>
   <trkpt lat="36.1024710" lon="-115.4995710">
    <ele>1556.0</ele>
   </trkpt>
   <trkpt lat="36.1024710" lon="-115.4995710">
    <ele>1556.0</ele>
   </trkpt>
   <trkpt lat="36.1024710" lon="-115.4995710">
    <ele>1555.0</ele>
   </trkpt>
   <trkpt lat="36.1024720" lon="-115.4995530">
    <ele>1555.0</ele>
   </trkpt>
   <trkpt lat="36.1024790" lon="-115.4995420">
    <ele>1555.0</ele>
   </trkpt>
   <trkpt lat="36.1024850" lon="-115.4995320">
    <ele>1555.0</ele>
   </trkpt>
   <trkpt lat="36.1024940" lon="-115.4995210">
    <ele>1555.0</ele>
   </trkpt>
   <trkpt lat="36.1025030" lon="-115.4995100">
    <ele>1554.0</ele>
   </trkpt>
   <trkpt lat="36.1025090" lon="-115.4994990">
    <ele>1554.0</ele>
   </trkpt>
   <trkpt lat="36.1025150" lon="-115.4994880">
    <ele>1554.0</ele>
   </trkpt>
   <trkpt lat="36.1025160" lon="-115.4994770">
    <ele>1554.0</ele>
   </trkpt>
   <trkpt lat="36.1025180" lon="-115.4994660">
    <ele>1554.0</ele>
   </trkpt>
   <trkpt lat="36.1025170" lon="-115.4994530">
    <ele>1554.0</ele>
   </trkpt>
   <trkpt lat="36.1025170" lon="-115.4994410">
    <ele>1554.0</ele>
   </trkpt>
   <trkpt lat="36.1025180" lon="-115.4994270">
    <ele>1554.0</ele>
   </trkpt>
   <trkpt lat="36.1025200" lon="-115.4994130">
    <ele>1554.0</ele>
   </trkpt>
   <trkpt lat="36.1025240" lon="-115.4993970">
    <ele>1554.0</ele>
   </trkpt>
   <trkpt lat="36.1025290" lon="-115.4993810">
    <ele>1553.0</ele>
   </trkpt>
   <trkpt lat="36.1025380" lon="-115.4993620">
    <ele>1553.0</ele>
   </trkpt>
   <trkpt lat="36.1025470" lon="-115.4993430">
    <ele>1553.0</ele>
   </trkpt>
   <trkpt lat="36.1025470" lon="-115.4993430">
    <ele>1553.0</ele>
   </trkpt>
   <trkpt lat="36.1025470" lon="-115.4993430">
    <ele>1553.0</ele>
   </trkpt>
   <trkpt lat="36.1025470" lon="-115.4993430">
    <ele>1552.0</ele>
   </trkpt>
   <trkpt lat="36.1025470" lon="-115.4993430">
    <ele>1552.0</ele>
   </trkpt>
   <trkpt lat="36.1025470" lon="-115.4993430">
    <ele>1552.0</ele>
   </trkpt>
   <trkpt lat="36.1025470" lon="-115.4993430">
    <ele>1552.0</ele>
   </trkpt>
   <trkpt lat="36.1025470" lon="-115.4993430">
    <ele>1552.0</ele>
   </trkpt>
   <trkpt lat="36.1025470" lon="-115.4993430">
    <ele>1551.0</ele>
   </trkpt>
   <trkpt lat="36.1025470" lon="-115.4993430">
    <ele>1551.0</ele>
   </trkpt>
   <trkpt lat="36.1025470" lon="-115.4993430">
    <ele>1551.0</ele>
   </trkpt>
   <trkpt lat="36.1025470" lon="-115.4993430">
    <ele>1551.0</ele>
   </trkpt>
   <trkpt lat="36.1025470" lon="-115.4993430">
    <ele>1551.0</ele>
   </trkpt>
   <trkpt lat="36.1025470" lon="-115.4993430">
    <ele>1550.0</ele>
   </trkpt>
   <trkpt lat="36.1025270" lon="-115.4993400">
    <ele>1550.0</ele>
   </trkpt>
   <trkpt lat="36.1025160" lon="-115.4993350">
    <ele>1549.0</ele>
   </trkpt>
   <trkpt lat="36.1025050" lon="-115.4993300">
    <ele>1549.0</ele>
   </trkpt>
   <trkpt lat="36.1025010" lon="-115.4993200">
    <ele>1549.0</ele>
   </trkpt>
   <trkpt lat="36.1024960" lon="-115.4993100">
    <ele>1548.0</ele>
   </trkpt>
   <trkpt lat="36.1024940" lon="-115.4992970">
    <ele>1548.0</ele>
   </trkpt>
   <trkpt lat="36.1024910" lon="-115.4992830">
    <ele>1548.0</ele>
   </trkpt>
   <trkpt lat="36.1024900" lon="-115.4992670">
    <ele>1548.0</ele>
   </trkpt>
   <trkpt lat="36.1024890" lon="-115.4992510">
    <ele>1548.0</ele>
   </trkpt>
   <trkpt lat="36.1024900" lon="-115.4992320">
    <ele>1547.0</ele>
   </trkpt>
   <trkpt lat="36.1024910" lon="-115.4992130">
    <ele>1547.0</ele>
   </trkpt>
   <trkpt lat="36.1024920" lon="-115.4991930">
    <ele>1547.0</ele>
   </trkpt>
   <trkpt lat="36.1024930" lon="-115.4991720">
    <ele>1547.0</ele>
   </trkpt>
   <trkpt lat="36.1024920" lon="-115.4991560">
    <ele>1547.0</ele>
   </trkpt>
   <trkpt lat="36.1024900" lon="-115.4991400">
    <ele>1546.0</ele>
   </trkpt>
   <trkpt lat="36.1024860" lon="-115.4991280">
    <ele>1546.0</ele>
   </trkpt>
   <trkpt lat="36.1024810" lon="-115.4991150">
    <ele>1546.0</ele>
   </trkpt>
   <trkpt lat="36.1024760" lon="-115.4991030">
    <ele>1546.0</ele>
   </trkpt>
   <trkpt lat="36.1024720" lon="-115.4990920">
    <ele>1546.0</ele>
   </trkpt>
   <trkpt lat="36.1024710" lon="-115.4990890">
    <ele>1545.0</ele>
   </trkpt>
   <trkpt lat="36.1024710" lon="-115.4990850">
    <ele>1545.0</ele>
   </trkpt>
   <trkpt lat="36.1024700" lon="-115.4990820">
    <ele>1544.0</ele>
   </trkpt>
   <trkpt lat="36.1024690" lon="-115.4990790">
    <ele>1544.0</ele>
   </trkpt>
   <trkpt lat="36.1024690" lon="-115.4990750">
    <ele>1544.0</ele>
   </trkpt>
   <trkpt lat="36.1024690" lon="-115.4990640">
    <ele>1543.0</ele>
   </trkpt>
   <trkpt lat="36.1024690" lon="-115.4990520">
    <ele>1543.0</ele>
   </trkpt>
   <trkpt lat="36.1024710" lon="-115.4990410">
    <ele>1543.0</ele>
   </trkpt>
   <trkpt lat="36.1024730" lon="-115.4990310">
    <ele>1543.0</ele>
   </trkpt>
   <trkpt lat="36.1024800" lon="-115.4990130">
    <ele>1543.0</ele>
   </trkpt>
   <trkpt lat="36.1024880" lon="-115.4989960">
    <ele>1542.0</ele>
   </trkpt>
   <trkpt lat="36.1024950" lon="-115.4989750">
    <ele>1542.0</ele>
   </trkpt>
   <trkpt lat="36.1025010" lon="-115.4989550">
    <ele>1541.0</ele>
   </trkpt>
   <trkpt lat="36.1025000" lon="-115.4989370">
    <ele>1541.0</ele>
   </trkpt>
   <trkpt lat="36.1024980" lon="-115.4989190">
    <ele>1541.0</ele>
   </trkpt>
   <trkpt lat="36.1024930" lon="-115.4989050">
    <ele>1540.0</ele>
   </trkpt>
   <trkpt lat="36.1024870" lon="-115.4988910">
    <ele>1540.0</ele>
   </trkpt>
   <trkpt lat="36.1024830" lon="-115.4988770">
    <ele>1540.0</ele>
   </trkpt>
   <trkpt lat="36.1024780" lon="-115.4988630">
    <ele>1540.0</ele>
   </trkpt>
   <trkpt lat="36.1024780" lon="-115.4988470">
    <ele>1540.0</ele>
   </trkpt>
   <trkpt lat="36.1024770" lon="-115.4988320">
    <ele>1539.0</ele>
   </trkpt>
   <trkpt lat="36.1024770" lon="-115.4988270">
    <ele>1539.0</ele>
   </trkpt>
   <trkpt lat="36.1024780" lon="-115.4988220">
    <ele>1539.0</ele>
   </trkpt>
   <trkpt lat="36.1024780" lon="-115.4988170">
    <ele>1539.0</ele>
   </trkpt>
   <trkpt lat="36.1024790" lon="-115.4988120">
    <ele>1539.0</ele>
   </trkpt>
   <trkpt lat="36.1024790" lon="-115.4988070">
    <ele>1538.0</ele>
   </trkpt>
   <trkpt lat="36.1024780" lon="-115.4988040">
    <ele>1538.0</ele>
   </trkpt>
   <trkpt lat="36.1024760" lon="-115.4988010">
    <ele>1538.0</ele>
   </trkpt>
   <trkpt lat="36.1024720" lon="-115.4988050">
    <ele>1538.0</ele>
   </trkpt>
   <trkpt lat="36.1024670" lon="-115.4988080">
    <ele>1538.0</ele>
   </trkpt>
   <trkpt lat="36.1024590" lon="-115.4988130">
    <ele>1537.0</ele>
   </trkpt>
   <trkpt lat="36.1024510" lon="-115.4988170">
    <ele>1537.0</ele>
   </trkpt>
   <trkpt lat="36.1024510" lon="-115.4988170">
    <ele>1537.0</ele>
   </trkpt>
   <trkpt lat="36.1024510" lon="-115.4988170">
    <ele>1537.0</ele>
   </trkpt>
   <trkpt lat="36.1024510" lon="-115.4988170">
    <ele>1537.0</ele>
   </trkpt>
   <trkpt lat="36.1024510" lon="-115.4988170">
    <ele>1536.0</ele>
   </trkpt>
   <trkpt lat="36.1024510" lon="-115.4988170">
    <ele>1536.0</ele>
   </trkpt>
   <trkpt lat="36.1024510" lon="-115.4988170">
    <ele>1536.0</ele>
   </trkpt>
   <trkpt lat="36.1024510" lon="-115.4988170">
    <ele>1536.0</ele>
   </trkpt>
   <trkpt lat="36.1024510" lon="-115.4988170">
    <ele>1536.0</ele>
   </trkpt>
   <trkpt lat="36.1024510" lon="-115.4988170">
    <ele>1536.0</ele>
   </trkpt>
   <trkpt lat="36.1024420" lon="-115.4988100">
    <ele>1536.0</ele>
   </trkpt>
   <trkpt lat="36.1024390" lon="-115.4988030">
    <ele>1536.0</ele>
   </trkpt>
   <trkpt lat="36.1024370" lon="-115.4987960">
    <ele>1536.0</ele>
   </trkpt>
   <trkpt lat="36.1024370" lon="-115.4987910">
    <ele>1536.0</ele>
   </trkpt>
   <trkpt lat="36.1024380" lon="-115.4987860">
    <ele>1535.0</ele>
   </trkpt>
   <trkpt lat="36.1024390" lon="-115.4987800">
    <ele>1535.0</ele>
   </trkpt>
   <trkpt lat="36.1024380" lon="-115.4987730">
    <ele>1535.0</ele>
   </trkpt>
   <trkpt lat="36.1024380" lon="-115.4987650">
    <ele>1535.0</ele>
   </trkpt>
   <trkpt lat="36.1024360" lon="-115.4987570">
    <ele>1535.0</ele>
   </trkpt>
   <trkpt lat="36.1024350" lon="-115.4987490">
    <ele>1534.0</ele>
   </trkpt>
   <trkpt lat="36.1024350" lon="-115.4987390">
    <ele>1534.0</ele>
   </trkpt>
   <trkpt lat="36.1024340" lon="-115.4987290">
    <ele>1533.0</ele>
   </trkpt>
   <trkpt lat="36.1024330" lon="-115.4987160">
    <ele>1533.0</ele>
   </trkpt>
   <trkpt lat="36.1024320" lon="-115.4987030">
    <ele>1533.0</ele>
   </trkpt>
   <trkpt lat="36.1024310" lon="-115.4986880">
    <ele>1532.0</ele>
   </trkpt>
   <trkpt lat="36.1024310" lon="-115.4986740">
    <ele>1531.0</ele>
   </trkpt>
   <trkpt lat="36.1024310" lon="-115.4986600">
    <ele>1530.0</ele>
   </trkpt>
   <trkpt lat="36.1024310" lon="-115.4986450">
    <ele>1529.0</ele>
   </trkpt>
   <trkpt lat="36.1024310" lon="-115.4986310">
    <ele>1529.0</ele>
   </trkpt>
   <trkpt lat="36.1024310" lon="-115.4986170">
    <ele>1528.0</ele>
   </trkpt>
   <trkpt lat="36.1024330" lon="-115.4986030">
    <ele>1528.0</ele>
   </trkpt>
   <trkpt lat="36.1024350" lon="-115.4985900">
    <ele>1528.0</ele>
   </trkpt>
   <trkpt lat="36.1024380" lon="-115.4985810">
    <ele>1528.0</ele>
   </trkpt>
   <trkpt lat="36.1024410" lon="-115.4985720">
    <ele>1528.0</ele>
   </trkpt>
   <trkpt lat="36.1024450" lon="-115.4985570">
    <ele>1527.0</ele>
   </trkpt>
   <trkpt lat="36.1024500" lon="-115.4985420">
    <ele>1527.0</ele>
   </trkpt>
   <trkpt lat="36.1024480" lon="-115.4985280">
    <ele>1526.0</ele>
   </trkpt>
   <trkpt lat="36.1024460" lon="-115.4985140">
    <ele>1526.0</ele>
   </trkpt>
   <trkpt lat="36.1024370" lon="-115.4985000">
    <ele>1526.0</ele>
   </trkpt>
   <trkpt lat="36.1024280" lon="-115.4984860">
    <ele>1525.0</ele>
   </trkpt>
   <trkpt lat="36.1024110" lon="-115.4984750">
    <ele>1525.0</ele>
   </trkpt>
   <trkpt lat="36.1023940" lon="-115.4984640">
    <ele>1525.0</ele>
   </trkpt>
   <trkpt lat="36.1023730" lon="-115.4984550">
    <ele>1525.0</ele>
   </trkpt>
   <trkpt lat="36.1023520" lon="-115.4984460">
    <ele>1525.0</ele>
   </trkpt>
   <trkpt lat="36.1023350" lon="-115.4984370">
    <ele>1524.0</ele>
   </trkpt>
   <trkpt lat="36.1023170" lon="-115.4984280">
    <ele>1524.0</ele>
   </trkpt>
   <trkpt lat="36.1023080" lon="-115.4984190">
    <ele>1523.0</ele>
   </trkpt>
   <trkpt lat="36.1022990" lon="-115.4984090">
    <ele>1523.0</ele>
   </trkpt>
   <trkpt lat="36.1022990" lon="-115.4984090">
    <ele>1523.0</ele>
   </trkpt>
   <trkpt lat="36.1022990" lon="-115.4984090">
    <ele>1522.0</ele>
   </trkpt>
   <trkpt lat="36.1022990" lon="-115.4984090">
    <ele>1522.0</ele>
   </trkpt>
   <trkpt lat="36.1022990" lon="-115.4984090">
    <ele>1522.0</ele>
   </trkpt>
   <trkpt lat="36.1022990" lon="-115.4984090">
    <ele>1522.0</ele>
   </trkpt>
   <trkpt lat="36.1022990" lon="-115.4984090">
    <ele>1522.0</ele>
   </trkpt>
   <trkpt lat="36.1022990" lon="-115.4984090">
    <ele>1521.0</ele>
   </trkpt>
   <trkpt lat="36.1022990" lon="-115.4984090">
    <ele>1521.0</ele>
   </trkpt>
   <trkpt lat="36.1022990" lon="-115.4984090">
    <ele>1521.0</ele>
   </trkpt>
   <trkpt lat="36.1022990" lon="-115.4984090">
    <ele>1521.0</ele>
   </trkpt>
   <trkpt lat="36.1022990" lon="-115.4984090">
    <ele>1521.0</ele>
   </trkpt>
   <trkpt lat="36.1023020" lon="-115.4983850">
    <ele>1520.0</ele>
   </trkpt>
   <trkpt lat="36.1023040" lon="-115.4983690">
    <ele>1520.0</ele>
   </trkpt>
   <trkpt lat="36.1023070" lon="-115.4983530">
    <ele>1519.0</ele>
   </trkpt>
   <trkpt lat="36.1023090" lon="-115.4983370">
    <ele>1519.0</ele>
   </trkpt>
   <trkpt lat="36.1023120" lon="-115.4983210">
    <ele>1519.0</ele>
   </trkpt>
   <trkpt lat="36.1023130" lon="-115.4983050">
    <ele>1518.0</ele>
   </trkpt>
   <trkpt lat="36.1023140" lon="-115.4982880">
    <ele>1518.0</ele>
   </trkpt>
   <trkpt lat="36.1023130" lon="-115.4982740">
    <ele>1518.0</ele>
   </trkpt>
   <trkpt lat="36.1023120" lon="-115.4982600">
    <ele>1518.0</ele>
   </trkpt>
   <trkpt lat="36.1023100" lon="-115.4982490">
    <ele>1518.0</ele>
   </trkpt>
   <trkpt lat="36.1023090" lon="-115.4982370">
    <ele>1517.0</ele>
   </trkpt>
   <trkpt lat="36.1023070" lon="-115.4982270">
    <ele>1517.0</ele>
   </trkpt>
   <trkpt lat="36.1023050" lon="-115.4982170">
    <ele>1517.0</ele>
   </trkpt>
   <trkpt lat="36.1023040" lon="-115.4982060">
    <ele>1517.0</ele>
   </trkpt>
   <trkpt lat="36.1023040" lon="-115.4981960">
    <ele>1517.0</ele>
   </trkpt>
   <trkpt lat="36.1023050" lon="-115.4981840">
    <ele>1516.0</ele>
   </trkpt>
   <trkpt lat="36.1023060" lon="-115.4981720">
    <ele>1516.0</ele>
   </trkpt>
   <trkpt lat="36.1023110" lon="-115.4981580">
    <ele>1515.0</ele>
   </trkpt>
   <trkpt lat="36.1023160" lon="-115.4981450">
    <ele>1515.0</ele>
   </trkpt>
   <trkpt lat="36.1023230" lon="-115.4981290">
    <ele>1515.0</ele>
   </trkpt>
   <trkpt lat="36.1023290" lon="-115.4981130">
    <ele>1514.0</ele>
   </trkpt>
   <trkpt lat="36.1023290" lon="-115.4981130">
    <ele>1514.0</ele>
   </trkpt>
   <trkpt lat="36.1023290" lon="-115.4981130">
    <ele>1514.0</ele>
   </trkpt>
   <trkpt lat="36.1023290" lon="-115.4981130">
    <ele>1514.0</ele>
   </trkpt>
   <trkpt lat="36.1023290" lon="-115.4981130">
    <ele>1514.0</ele>
   </trkpt>
   <trkpt lat="36.1023290" lon="-115.4981130">
    <ele>1513.0</ele>
   </trkpt>
   <trkpt lat="36.1023330" lon="-115.4980760">
    <ele>1513.0</ele>
   </trkpt>
   <trkpt lat="36.1023330" lon="-115.4980640">
    <ele>1513.0</ele>
   </trkpt>
   <trkpt lat="36.1023320" lon="-115.4980520">
    <ele>1513.0</ele>
   </trkpt>
   <trkpt lat="36.1023310" lon="-115.4980420">
    <ele>1513.0</ele>
   </trkpt>
   <trkpt lat="36.1023300" lon="-115.4980320">
    <ele>1512.0</ele>
   </trkpt>
   <trkpt lat="36.1023280" lon="-115.4980270">
    <ele>1512.0</ele>
   </trkpt>
   <trkpt lat="36.1023270" lon="-115.4980220">
    <ele>1512.0</ele>
   </trkpt>
   <trkpt lat="36.1023250" lon="-115.4980170">
    <ele>1512.0</ele>
   </trkpt>
   <trkpt lat="36.1023230" lon="-115.4980120">
    <ele>1512.0</ele>
   </trkpt>
   <trkpt lat="36.1023220" lon="-115.4980040">
    <ele>1511.0</ele>
   </trkpt>
   <trkpt lat="36.1023210" lon="-115.4979960">
    <ele>1511.0</ele>
   </trkpt>
   <trkpt lat="36.1023240" lon="-115.4979860">
    <ele>1511.0</ele>
   </trkpt>
   <trkpt lat="36.1023270" lon="-115.4979760">
    <ele>1511.0</ele>
   </trkpt>
   <trkpt lat="36.1023300" lon="-115.4979630">
    <ele>1511.0</ele>
   </trkpt>
   <trkpt lat="36.1023330" lon="-115.4979510">
    <ele>1510.0</ele>
   </trkpt>
   <trkpt lat="36.1023310" lon="-115.4979420">
    <ele>1510.0</ele>
   </trkpt>
   <trkpt lat="36.1023290" lon="-115.4979330">
    <ele>1509.0</ele>
   </trkpt>
   <trkpt lat="36.1023240" lon="-115.4979270">
    <ele>1509.0</ele>
   </trkpt>
   <trkpt lat="36.1023190" lon="-115.4979220">
    <ele>1509.0</ele>
   </trkpt>
   <trkpt lat="36.1023140" lon="-115.4979160">
    <ele>1508.0</ele>
   </trkpt>
   <trkpt lat="36.1023080" lon="-115.4979110">
    <ele>1508.0</ele>
   </trkpt>
   <trkpt lat="36.1023030" lon="-115.4979060">
    <ele>1508.0</ele>
   </trkpt>
   <trkpt lat="36.1022980" lon="-115.4979010">
    <ele>1508.0</ele>
   </trkpt>
   <trkpt lat="36.1022940" lon="-115.4978960">
    <ele>1508.0</ele>
   </trkpt>
   <trkpt lat="36.1022870" lon="-115.4978890">
    <ele>1507.0</ele>
   </trkpt>
   <trkpt lat="36.1022800" lon="-115.4978820">
    <ele>1507.0</ele>
   </trkpt>
   <trkpt lat="36.1022740" lon="-115.4978770">
    <ele>1507.0</ele>
   </trkpt>
   <trkpt lat="36.1022680" lon="-115.4978720">
    <ele>1507.0</ele>
   </trkpt>
   <trkpt lat="36.1022630" lon="-115.4978680">
    <ele>1507.0</ele>
   </trkpt>
   <trkpt lat="36.1022590" lon="-115.4978640">
    <ele>1506.0</ele>
   </trkpt>
   <trkpt lat="36.1022550" lon="-115.4978600">
    <ele>1506.0</ele>
   </trkpt>
   <trkpt lat="36.1022490" lon="-115.4978530">
    <ele>1505.0</ele>
   </trkpt>
   <trkpt lat="36.1022430" lon="-115.4978460">
    <ele>1505.0</ele>
   </trkpt>
   <trkpt lat="36.1022390" lon="-115.4978370">
    <ele>1505.0</ele>
   </trkpt>
   <trkpt lat="36.1022340" lon="-115.4978270">
    <ele>1504.0</ele>
   </trkpt>
   <trkpt lat="36.1022330" lon="-115.4978140">
    <ele>1504.0</ele>
   </trkpt>
   <trkpt lat="36.1022330" lon="-115.4978020">
    <ele>1504.0</ele>
   </trkpt>
   <trkpt lat="36.1022340" lon="-115.4977880">
    <ele>1504.0</ele>
   </trkpt>
   <trkpt lat="36.1022360" lon="-115.4977750">
    <ele>1504.0</ele>
   </trkpt>
   <trkpt lat="36.1022390" lon="-115.4977640">
    <ele>1503.0</ele>
   </trkpt>
   <trkpt lat="36.1022420" lon="-115.4977530">
    <ele>1503.0</ele>
   </trkpt>
   <trkpt lat="36.1022440" lon="-115.4977430">
    <ele>1503.0</ele>
   </trkpt>
   <trkpt lat="36.1022460" lon="-115.4977330">
    <ele>1503.0</ele>
   </trkpt>
   <trkpt lat="36.1022450" lon="-115.4977200">
    <ele>1503.0</ele>
   </trkpt>
   <trkpt lat="36.1022440" lon="-115.4977070">
    <ele>1502.0</ele>
   </trkpt>
   <trkpt lat="36.1022420" lon="-115.4976920">
    <ele>1502.0</ele>
   </trkpt>
   <trkpt lat="36.1022390" lon="-115.4976770">
    <ele>1502.0</ele>
   </trkpt>
   <trkpt lat="36.1022370" lon="-115.4976620">
    <ele>1502.0</ele>
   </trkpt>
   <trkpt lat="36.1022360" lon="-115.4976470">
    <ele>1502.0</ele>
   </trkpt>
   <trkpt lat="36.1022340" lon="-115.4976320">
    <ele>1501.0</ele>
   </trkpt>
   <trkpt lat="36.1022320" lon="-115.4976170">
    <ele>1501.0</ele>
   </trkpt>
   <trkpt lat="36.1022260" lon="-115.4976040">
    <ele>1501.0</ele>
   </trkpt>
   <trkpt lat="36.1022200" lon="-115.4975900">
    <ele>1501.0</ele>
   </trkpt>
   <trkpt lat="36.1022120" lon="-115.4975800">
    <ele>1501.0</ele>
   </trkpt>
   <trkpt lat="36.1022030" lon="-115.4975690">
    <ele>1500.0</ele>
   </trkpt>
   <trkpt lat="36.1021980" lon="-115.4975640">
    <ele>1500.0</ele>
   </trkpt>
   <trkpt lat="36.1021930" lon="-115.4975590">
    <ele>1500.0</ele>
   </trkpt>
   <trkpt lat="36.1021880" lon="-115.4975540">
    <ele>1500.0</ele>
   </trkpt>
   <trkpt lat="36.1021840" lon="-115.4975490">
    <ele>1500.0</ele>
   </trkpt>
   <trkpt lat="36.1021790" lon="-115.4975440">
    <ele>1499.0</ele>
   </trkpt>
   <trkpt lat="36.1021760" lon="-115.4975360">
    <ele>1499.0</ele>
   </trkpt>
   <trkpt lat="36.1021720" lon="-115.4975270">
    <ele>1499.0</ele>
   </trkpt>
   <trkpt lat="36.1021690" lon="-115.4975100">
    <ele>1499.0</ele>
   </trkpt>
   <trkpt lat="36.1021650" lon="-115.4974930">
    <ele>1499.0</ele>
   </trkpt>
   <trkpt lat="36.1021610" lon="-115.4974710">
    <ele>1498.0</ele>
   </trkpt>
   <trkpt lat="36.1021570" lon="-115.4974500">
    <ele>1498.0</ele>
   </trkpt>
   <trkpt lat="36.1021530" lon="-115.4974290">
    <ele>1497.0</ele>
   </trkpt>
   <trkpt lat="36.1021490" lon="-115.4974090">
    <ele>1497.0</ele>
   </trkpt>
   <trkpt lat="36.1021420" lon="-115.4973930">
    <ele>1497.0</ele>
   </trkpt>
   <trkpt lat="36.1021360" lon="-115.4973770">
    <ele>1496.0</ele>
   </trkpt>
   <trkpt lat="36.1021290" lon="-115.4973610">
    <ele>1496.0</ele>
   </trkpt>
   <trkpt lat="36.1021210" lon="-115.4973450">
    <ele>1496.0</ele>
   </trkpt>
   <trkpt lat="36.1021140" lon="-115.4973270">
    <ele>1496.0</ele>
   </trkpt>
   <trkpt lat="36.1021080" lon="-115.4973080">
    <ele>1496.0</ele>
   </trkpt>
   <trkpt lat="36.1021000" lon="-115.4972870">
    <ele>1495.0</ele>
   </trkpt>
   <trkpt lat="36.1020930" lon="-115.4972660">
    <ele>1495.0</ele>
   </trkpt>
   <trkpt lat="36.1020850" lon="-115.4972430">
    <ele>1495.0</ele>
   </trkpt>
   <trkpt lat="36.1020780" lon="-115.4972200">
    <ele>1495.0</ele>
   </trkpt>
   <trkpt lat="36.1020710" lon="-115.4971990">
    <ele>1495.0</ele>
   </trkpt>
   <trkpt lat="36.1020640" lon="-115.4971780">
    <ele>1494.0</ele>
   </trkpt>
   <trkpt lat="36.1020560" lon="-115.4971660">
    <ele>1494.0</ele>
   </trkpt>
   <trkpt lat="36.1020480" lon="-115.4971550">
    <ele>1494.0</ele>
   </trkpt>
   <trkpt lat="36.1020390" lon="-115.4971490">
    <ele>1494.0</ele>
   </trkpt>
   <trkpt lat="36.1020300" lon="-115.4971440">
    <ele>1494.0</ele>
   </trkpt>
   <trkpt lat="36.1020230" lon="-115.4971360">
    <ele>1493.0</ele>
   </trkpt>
   <trkpt lat="36.1020160" lon="-115.4971290">
    <ele>1493.0</ele>
   </trkpt>
   <trkpt lat="36.1020100" lon="-115.4971160">
    <ele>1492.0</ele>
   </trkpt>
   <trkpt lat="36.1020040" lon="-115.4971020">
    <ele>1492.0</ele>
   </trkpt>
   <trkpt lat="36.1019990" lon="-115.4970830">
    <ele>1492.0</ele>
   </trkpt>
   <trkpt lat="36.1019950" lon="-115.4970640">
    <ele>1491.0</ele>
   </trkpt>
   <trkpt lat="36.1019930" lon="-115.4970440">
    <ele>1491.0</ele>
   </trkpt>
   <trkpt lat="36.1019900" lon="-115.4970250">
    <ele>1490.0</ele>
   </trkpt>
   <trkpt lat="36.1019870" lon="-115.4970070">
    <ele>1490.0</ele>
   </trkpt>
   <trkpt lat="36.1019840" lon="-115.4969890">
    <ele>1490.0</ele>
   </trkpt>
   <trkpt lat="36.1019750" lon="-115.4969740">
    <ele>1489.0</ele>
   </trkpt>
   <trkpt lat="36.1019660" lon="-115.4969600">
    <ele>1489.0</ele>
   </trkpt>
   <trkpt lat="36.1019530" lon="-115.4969490">
    <ele>1488.0</ele>
   </trkpt>
   <trkpt lat="36.1019390" lon="-115.4969390">
    <ele>1488.0</ele>
   </trkpt>
   <trkpt lat="36.1019240" lon="-115.4969370">
    <ele>1488.0</ele>
   </trkpt>
   <trkpt lat="36.1019090" lon="-115.4969350">
    <ele>1487.0</ele>
   </trkpt>
   <trkpt lat="36.1018960" lon="-115.4969380">
    <ele>1486.0</ele>
   </trkpt>
   <trkpt lat="36.1018830" lon="-115.4969410">
    <ele>1486.0</ele>
   </trkpt>
   <trkpt lat="36.1018730" lon="-115.4969410">
    <ele>1485.0</ele>
   </trkpt>
   <trkpt lat="36.1018630" lon="-115.4969420">
    <ele>1485.0</ele>
   </trkpt>
   <trkpt lat="36.1018550" lon="-115.4969390">
    <ele>1484.0</ele>
   </trkpt>
   <trkpt lat="36.1018460" lon="-115.4969350">
    <ele>1484.0</ele>
   </trkpt>
   <trkpt lat="36.1018370" lon="-115.4969300">
    <ele>1483.0</ele>
   </trkpt>
   <trkpt lat="36.1018290" lon="-115.4969250">
    <ele>1483.0</ele>
   </trkpt>
   <trkpt lat="36.1018240" lon="-115.4969220">
    <ele>1483.0</ele>
   </trkpt>
   <trkpt lat="36.1018200" lon="-115.4969190">
    <ele>1482.0</ele>
   </trkpt>
   <trkpt lat="36.1018160" lon="-115.4969120">
    <ele>1482.0</ele>
   </trkpt>
   <trkpt lat="36.1018120" lon="-115.4969060">
    <ele>1481.0</ele>
   </trkpt>
   <trkpt lat="36.1018130" lon="-115.4968970">
    <ele>1481.0</ele>
   </trkpt>
   <trkpt lat="36.1018140" lon="-115.4968880">
    <ele>1481.0</ele>
   </trkpt>
   <trkpt lat="36.1018170" lon="-115.4968780">
    <ele>1480.0</ele>
   </trkpt>
   <trkpt lat="36.1018200" lon="-115.4968670">
    <ele>1480.0</ele>
   </trkpt>
   <trkpt lat="36.1018240" lon="-115.4968560">
    <ele>1479.0</ele>
   </trkpt>
   <trkpt lat="36.1018280" lon="-115.4968450">
    <ele>1479.0</ele>
   </trkpt>
   <trkpt lat="36.1018310" lon="-115.4968350">
    <ele>1479.0</ele>
   </trkpt>
   <trkpt lat="36.1018330" lon="-115.4968250">
    <ele>1478.0</ele>
   </trkpt>
   <trkpt lat="36.1018320" lon="-115.4968200">
    <ele>1478.0</ele>
   </trkpt>
   <trkpt lat="36.1018310" lon="-115.4968160">
    <ele>1478.0</ele>
   </trkpt>
   <trkpt lat="36.1018270" lon="-115.4968090">
    <ele>1478.0</ele>
   </trkpt>
   <trkpt lat="36.1018240" lon="-115.4968020">
    <ele>1478.0</ele>
   </trkpt>
   <trkpt lat="36.1018200" lon="-115.4967980">
    <ele>1477.0</ele>
   </trkpt>
   <trkpt lat="36.1018170" lon="-115.4967930">
    <ele>1477.0</ele>
   </trkpt>
   <trkpt lat="36.1018160" lon="-115.4967870">
    <ele>1476.0</ele>
   </trkpt>
   <trkpt lat="36.1018150" lon="-115.4967810">
    <ele>1476.0</ele>
   </trkpt>
   <trkpt lat="36.1018120" lon="-115.4967700">
    <ele>1476.0</ele>
   </trkpt>
   <trkpt lat="36.1018090" lon="-115.4967590">
    <ele>1475.0</ele>
   </trkpt>
   <trkpt lat="36.1018030" lon="-115.4967440">
    <ele>1475.0</ele>
   </trkpt>
   <trkpt lat="36.1017970" lon="-115.4967300">
    <ele>1474.0</ele>
   </trkpt>
   <trkpt lat="36.1017880" lon="-115.4967150">
    <ele>1474.0</ele>
   </trkpt>
   <trkpt lat="36.1017790" lon="-115.4967010">
    <ele>1474.0</ele>
   </trkpt>
   <trkpt lat="36.1017710" lon="-115.4966900">
    <ele>1473.0</ele>
   </trkpt>
   <trkpt lat="36.1017640" lon="-115.4966780">
    <ele>1473.0</ele>
   </trkpt>
   <trkpt lat="36.1017590" lon="-115.4966670">
    <ele>1473.0</ele>
   </trkpt>
   <trkpt lat="36.1017540" lon="-115.4966560">
    <ele>1473.0</ele>
   </trkpt>
   <trkpt lat="36.1017520" lon="-115.4966410">
    <ele>1473.0</ele>
   </trkpt>
   <trkpt lat="36.1017490" lon="-115.4966270">
    <ele>1473.0</ele>
   </trkpt>
   <trkpt lat="36.1017490" lon="-115.4966110">
    <ele>1473.0</ele>
   </trkpt>
   <trkpt lat="36.1017490" lon="-115.4965960">
    <ele>1473.0</ele>
   </trkpt>
   <trkpt lat="36.1017490" lon="-115.4965960">
    <ele>1473.0</ele>
   </trkpt>
   <trkpt lat="36.1017490" lon="-115.4965960">
    <ele>1473.0</ele>
   </trkpt>
   <trkpt lat="36.1017490" lon="-115.4965960">
    <ele>1472.0</ele>
   </trkpt>
   <trkpt lat="36.1017490" lon="-115.4965960">
    <ele>1472.0</ele>
   </trkpt>
   <trkpt lat="36.1017490" lon="-115.4965960">
    <ele>1471.0</ele>
   </trkpt>
   <trkpt lat="36.1017490" lon="-115.4965960">
    <ele>1471.0</ele>
   </trkpt>
   <trkpt lat="36.1017490" lon="-115.4965960">
    <ele>1471.0</ele>
   </trkpt>
   <trkpt lat="36.1017490" lon="-115.4965960">
    <ele>1470.0</ele>
   </trkpt>
   <trkpt lat="36.1017490" lon="-115.4965960">
    <ele>1470.0</ele>
   </trkpt>
   <trkpt lat="36.1017490" lon="-115.4965960">
    <ele>1470.0</ele>
   </trkpt>
   <trkpt lat="36.1017490" lon="-115.4965960">
    <ele>1470.0</ele>
   </trkpt>
   <trkpt lat="36.1017550" lon="-115.4965790">
    <ele>1470.0</ele>
   </trkpt>
   <trkpt lat="36.1017590" lon="-115.4965700">
    <ele>1469.0</ele>
   </trkpt>
   <trkpt lat="36.1017640" lon="-115.4965600">
    <ele>1469.0</ele>
   </trkpt>
   <trkpt lat="36.1017680" lon="-115.4965530">
    <ele>1469.0</ele>
   </trkpt>
   <trkpt lat="36.1017730" lon="-115.4965460">
    <ele>1469.0</ele>
   </trkpt>
   <trkpt lat="36.1017790" lon="-115.4965400">
    <ele>1469.0</ele>
   </trkpt>
   <trkpt lat="36.1017840" lon="-115.4965340">
    <ele>1469.0</ele>
   </trkpt>
   <trkpt lat="36.1017900" lon="-115.4965260">
    <ele>1469.0</ele>
   </trkpt>
   <trkpt lat="36.1017950" lon="-115.4965190">
    <ele>1469.0</ele>
   </trkpt>
   <trkpt lat="36.1017990" lon="-115.4965060">
    <ele>1469.0</ele>
   </trkpt>
   <trkpt lat="36.1018030" lon="-115.4964930">
    <ele>1469.0</ele>
   </trkpt>
   <trkpt lat="36.1018060" lon="-115.4964760">
    <ele>1469.0</ele>
   </trkpt>
   <trkpt lat="36.1018100" lon="-115.4964590">
    <ele>1469.0</ele>
   </trkpt>
   <trkpt lat="36.1018070" lon="-115.4964450">
    <ele>1469.0</ele>
   </trkpt>
   <trkpt lat="36.1018040" lon="-115.4964300">
    <ele>1469.0</ele>
   </trkpt>
   <trkpt lat="36.1018000" lon="-115.4964260">
    <ele>1469.0</ele>
   </trkpt>
   <trkpt lat="36.1017960" lon="-115.4964220">
    <ele>1469.0</ele>
   </trkpt>
   <trkpt lat="36.1017920" lon="-115.4964180">
    <ele>1469.0</ele>
   </trkpt>
   <trkpt lat="36.1017870" lon="-115.4964140">
    <ele>1469.0</ele>
   </trkpt>
   <trkpt lat="36.1017830" lon="-115.4964080">
    <ele>1469.0</ele>
   </trkpt>
   <trkpt lat="36.1017790" lon="-115.4964020">
    <ele>1469.0</ele>
   </trkpt>
   <trkpt lat="36.1017810" lon="-115.4963940">
    <ele>1468.0</ele>
   </trkpt>
   <trkpt lat="36.1017830" lon="-115.4963860">
    <ele>1468.0</ele>
   </trkpt>
   <trkpt lat="36.1017890" lon="-115.4963760">
    <ele>1467.0</ele>
   </trkpt>
   <trkpt lat="36.1017950" lon="-115.4963660">
    <ele>1467.0</ele>
   </trkpt>
   <trkpt lat="36.1018000" lon="-115.4963550">
    <ele>1467.0</ele>
   </trkpt>
   <trkpt lat="36.1018060" lon="-115.4963430">
    <ele>1466.0</ele>
   </trkpt>
   <trkpt lat="36.1018070" lon="-115.4963390">
    <ele>1466.0</ele>
   </trkpt>
   <trkpt lat="36.1018080" lon="-115.4963340">
    <ele>1466.0</ele>
   </trkpt>
   <trkpt lat="36.1018090" lon="-115.4963300">
    <ele>1466.0</ele>
   </trkpt>
   <trkpt lat="36.1018110" lon="-115.4963210">
    <ele>1466.0</ele>
   </trkpt>
   <trkpt lat="36.1018120" lon="-115.4963110">
    <ele>1465.0</ele>
   </trkpt>
   <trkpt lat="36.1018130" lon="-115.4963010">
    <ele>1465.0</ele>
   </trkpt>
   <trkpt lat="36.1018150" lon="-115.4962900">
    <ele>1465.0</ele>
   </trkpt>
   <trkpt lat="36.1018190" lon="-115.4962770">
    <ele>1465.0</ele>
   </trkpt>
   <trkpt lat="36.1018230" lon="-115.4962630">
    <ele>1465.0</ele>
   </trkpt>
   <trkpt lat="36.1018260" lon="-115.4962490">
    <ele>1464.0</ele>
   </trkpt>
   <trkpt lat="36.1018300" lon="-115.4962360">
    <ele>1464.0</ele>
   </trkpt>
   <trkpt lat="36.1018300" lon="-115.4962240">
    <ele>1464.0</ele>
   </trkpt>
   <trkpt lat="36.1018290" lon="-115.4962120">
    <ele>1464.0</ele>
   </trkpt>
   <trkpt lat="36.1018260" lon="-115.4962020">
    <ele>1464.0</ele>
   </trkpt>
   <trkpt lat="36.1018230" lon="-115.4961910">
    <ele>1463.0</ele>
   </trkpt>
   <trkpt lat="36.1018210" lon="-115.4961800">
    <ele>1463.0</ele>
   </trkpt>
   <trkpt lat="36.1018190" lon="-115.4961700">
    <ele>1462.0</ele>
   </trkpt>
   <trkpt lat="36.1018170" lon="-115.4961580">
    <ele>1462.0</ele>
   </trkpt>
   <trkpt lat="36.1018160" lon="-115.4961460">
    <ele>1462.0</ele>
   </trkpt>
   <trkpt lat="36.1018110" lon="-115.4961350">
    <ele>1461.0</ele>
   </trkpt>
   <trkpt lat="36.1018070" lon="-115.4961250">
    <ele>1461.0</ele>
   </trkpt>
   <trkpt lat="36.1018020" lon="-115.4961150">
    <ele>1461.0</ele>
   </trkpt>
   <trkpt lat="36.1017960" lon="-115.4961050">
    <ele>1461.0</ele>
   </trkpt>
   <trkpt lat="36.1017880" lon="-115.4960930">
    <ele>1461.0</ele>
   </trkpt>
   <trkpt lat="36.1017810" lon="-115.4960800">
    <ele>1460.0</ele>
   </trkpt>
   <trkpt lat="36.1017710" lon="-115.4960630">
    <ele>1460.0</ele>
   </trkpt>
   <trkpt lat="36.1017620" lon="-115.4960460">
    <ele>1459.0</ele>
   </trkpt>
   <trkpt lat="36.1017530" lon="-115.4960310">
    <ele>1459.0</ele>
   </trkpt>
   <trkpt lat="36.1017440" lon="-115.4960160">
    <ele>1459.0</ele>
   </trkpt>
   <trkpt lat="36.1017410" lon="-115.4960150">
    <ele>1458.0</ele>
   </trkpt>
   <trkpt lat="36.1017390" lon="-115.4960130">
    <ele>1458.0</ele>
   </trkpt>
   <trkpt lat="36.1017370" lon="-115.4960110">
    <ele>1458.0</ele>
   </trkpt>
   <trkpt lat="36.1017350" lon="-115.4960090">
    <ele>1458.0</ele>
   </trkpt>
   <trkpt lat="36.1017270" lon="-115.4960090">
    <ele>1458.0</ele>
   </trkpt>
   <trkpt lat="36.1017200" lon="-115.4960080">
    <ele>1457.0</ele>
   </trkpt>
   <trkpt lat="36.1017130" lon="-115.4960100">
    <ele>1457.0</ele>
   </trkpt>
   <trkpt lat="36.1017060" lon="-115.4960120">
    <ele>1457.0</ele>
   </trkpt>
   <trkpt lat="36.1017010" lon="-115.4960100">
    <ele>1457.0</ele>
   </trkpt>
   <trkpt lat="36.1016970" lon="-115.4960080">
    <ele>1457.0</ele>
   </trkpt>
   <trkpt lat="36.1016980" lon="-115.4960020">
    <ele>1456.0</ele>
   </trkpt>
   <trkpt lat="36.1016990" lon="-115.4959950">
    <ele>1456.0</ele>
   </trkpt>
   <trkpt lat="36.1017030" lon="-115.4959810">
    <ele>1456.0</ele>
   </trkpt>
   <trkpt lat="36.1017080" lon="-115.4959660">
    <ele>1456.0</ele>
   </trkpt>
   <trkpt lat="36.1017110" lon="-115.4959460">
    <ele>1456.0</ele>
   </trkpt>
   <trkpt lat="36.1017140" lon="-115.4959260">
    <ele>1456.0</ele>
   </trkpt>
   <trkpt lat="36.1017110" lon="-115.4959060">
    <ele>1456.0</ele>
   </trkpt>
   <trkpt lat="36.1017080" lon="-115.4958870">
    <ele>1456.0</ele>
   </trkpt>
   <trkpt lat="36.1017020" lon="-115.4958690">
    <ele>1456.0</ele>
   </trkpt>
   <trkpt lat="36.1016960" lon="-115.4958520">
    <ele>1456.0</ele>
   </trkpt>
   <trkpt lat="36.1016910" lon="-115.4958380">
    <ele>1455.0</ele>
   </trkpt>
   <trkpt lat="36.1016870" lon="-115.4958240">
    <ele>1455.0</ele>
   </trkpt>
   <trkpt lat="36.1016860" lon="-115.4958120">
    <ele>1455.0</ele>
   </trkpt>
   <trkpt lat="36.1016850" lon="-115.4957990">
    <ele>1455.0</ele>
   </trkpt>
   <trkpt lat="36.1016870" lon="-115.4957860">
    <ele>1455.0</ele>
   </trkpt>
   <trkpt lat="36.1016880" lon="-115.4957740">
    <ele>1454.0</ele>
   </trkpt>
   <trkpt lat="36.1016880" lon="-115.4957620">
    <ele>1454.0</ele>
   </trkpt>
   <trkpt lat="36.1016890" lon="-115.4957500">
    <ele>1454.0</ele>
   </trkpt>
   <trkpt lat="36.1016830" lon="-115.4957380">
    <ele>1454.0</ele>
   </trkpt>
   <trkpt lat="36.1016770" lon="-115.4957260">
    <ele>1454.0</ele>
   </trkpt>
   <trkpt lat="36.1016700" lon="-115.4957150">
    <ele>1453.0</ele>
   </trkpt>
   <trkpt lat="36.1016620" lon="-115.4957040">
    <ele>1453.0</ele>
   </trkpt>
   <trkpt lat="36.1016570" lon="-115.4956980">
    <ele>1453.0</ele>
   </trkpt>
   <trkpt lat="36.1016520" lon="-115.4956910">
    <ele>1453.0</ele>
   </trkpt>
   <trkpt lat="36.1016540" lon="-115.4956850">
    <ele>1453.0</ele>
   </trkpt>
   <trkpt lat="36.1016560" lon="-115.4956790">
    <ele>1452.0</ele>
   </trkpt>
   <trkpt lat="36.1016600" lon="-115.4956670">
    <ele>1452.0</ele>
   </trkpt>
   <trkpt lat="36.1016640" lon="-115.4956540">
    <ele>1452.0</ele>
   </trkpt>
   <trkpt lat="36.1016650" lon="-115.4956390">
    <ele>1452.0</ele>
   </trkpt>
   <trkpt lat="36.1016650" lon="-115.4956240">
    <ele>1452.0</ele>
   </trkpt>
   <trkpt lat="36.1016650" lon="-115.4956240">
    <ele>1451.0</ele>
   </trkpt>
   <trkpt lat="36.1016650" lon="-115.4956240">
    <ele>1451.0</ele>
   </trkpt>
   <trkpt lat="36.1016650" lon="-115.4956240">
    <ele>1451.0</ele>
   </trkpt>
   <trkpt lat="36.1016650" lon="-115.4956240">
    <ele>1451.0</ele>
   </trkpt>
   <trkpt lat="36.1016650" lon="-115.4956240">
    <ele>1451.0</ele>
   </trkpt>
   <trkpt lat="36.1016650" lon="-115.4956240">
    <ele>1450.0</ele>
   </trkpt>
   <trkpt lat="36.1016650" lon="-115.4956240">
    <ele>1450.0</ele>
   </trkpt>
   <trkpt lat="36.1016620" lon="-115.4956040">
    <ele>1450.0</ele>
   </trkpt>
   <trkpt lat="36.1016570" lon="-115.4955900">
    <ele>1450.0</ele>
   </trkpt>
   <trkpt lat="36.1016530" lon="-115.4955760">
    <ele>1450.0</ele>
   </trkpt>
   <trkpt lat="36.1016440" lon="-115.4955630">
    <ele>1450.0</ele>
   </trkpt>
   <trkpt lat="36.1016350" lon="-115.4955500">
    <ele>1450.0</ele>
   </trkpt>
   <trkpt lat="36.1016250" lon="-115.4955380">
    <ele>1450.0</ele>
   </trkpt>
   <trkpt lat="36.1016160" lon="-115.4955260">
    <ele>1450.0</ele>
   </trkpt>
   <trkpt lat="36.1016070" lon="-115.4955160">
    <ele>1450.0</ele>
   </trkpt>
   <trkpt lat="36.1015980" lon="-115.4955050">
    <ele>1449.0</ele>
   </trkpt>
   <trkpt lat="36.1015930" lon="-115.4954920">
    <ele>1449.0</ele>
   </trkpt>
   <trkpt lat="36.1015880" lon="-115.4954800">
    <ele>1449.0</ele>
   </trkpt>
   <trkpt lat="36.1015850" lon="-115.4954660">
    <ele>1449.0</ele>
   </trkpt>
   <trkpt lat="36.1015820" lon="-115.4954520">
    <ele>1449.0</ele>
   </trkpt>
   <trkpt lat="36.1015800" lon="-115.4954400">
    <ele>1448.0</ele>
   </trkpt>
   <trkpt lat="36.1015780" lon="-115.4954280">
    <ele>1448.0</ele>
   </trkpt>
   <trkpt lat="36.1015790" lon="-115.4954150">
    <ele>1448.0</ele>
   </trkpt>
   <trkpt lat="36.1015800" lon="-115.4954020">
    <ele>1448.0</ele>
   </trkpt>
   <trkpt lat="36.1015810" lon="-115.4953920">
    <ele>1448.0</ele>
   </trkpt>
   <trkpt lat="36.1015820" lon="-115.4953820">
    <ele>1447.0</ele>
   </trkpt>
   <trkpt lat="36.1015780" lon="-115.4953780">
    <ele>1447.0</ele>
   </trkpt>
   <trkpt lat="36.1015750" lon="-115.4953730">
    <ele>1447.0</ele>
   </trkpt>
   <trkpt lat="36.1015680" lon="-115.4953690">
    <ele>1447.0</ele>
   </trkpt>
   <trkpt lat="36.1015620" lon="-115.4953660">
    <ele>1447.0</ele>
   </trkpt>
   <trkpt lat="36.1015560" lon="-115.4953600">
    <ele>1446.0</ele>
   </trkpt>
   <trkpt lat="36.1015490" lon="-115.4953540">
    <ele>1446.0</ele>
   </trkpt>
   <trkpt lat="36.1015420" lon="-115.4953490">
    <ele>1445.0</ele>
   </trkpt>
   <trkpt lat="36.1015350" lon="-115.4953440">
    <ele>1445.0</ele>
   </trkpt>
   <trkpt lat="36.1015280" lon="-115.4953410">
    <ele>1445.0</ele>
   </trkpt>
   <trkpt lat="36.1015210" lon="-115.4953380">
    <ele>1444.0</ele>
   </trkpt>
   <trkpt lat="36.1015190" lon="-115.4953360">
    <ele>1444.0</ele>
   </trkpt>
   <trkpt lat="36.1015170" lon="-115.4953340">
    <ele>1444.0</ele>
   </trkpt>
   <trkpt lat="36.1015150" lon="-115.4953310">
    <ele>1444.0</ele>
   </trkpt>
   <trkpt lat="36.1015130" lon="-115.4953290">
    <ele>1444.0</ele>
   </trkpt>
   <trkpt lat="36.1015100" lon="-115.4953260">
    <ele>1443.0</ele>
   </trkpt>
   <trkpt lat="36.1015100" lon="-115.4953300">
    <ele>1443.0</ele>
   </trkpt>
   <trkpt lat="36.1015110" lon="-115.4953330">
    <ele>1443.0</ele>
   </trkpt>
   <trkpt lat="36.1015100" lon="-115.4953380">
    <ele>1443.0</ele>
   </trkpt>
   <trkpt lat="36.1015100" lon="-115.4953430">
    <ele>1443.0</ele>
   </trkpt>
   <trkpt lat="36.1015100" lon="-115.4953470">
    <ele>1442.0</ele>
   </trkpt>
   <trkpt lat="36.1015070" lon="-115.4953480">
    <ele>1442.0</ele>
   </trkpt>
   <trkpt lat="36.1015040" lon="-115.4953490">
    <ele>1442.0</ele>
   </trkpt>
   <trkpt lat="36.1014970" lon="-115.4953410">
    <ele>1442.0</ele>
   </trkpt>
   <trkpt lat="36.1014890" lon="-115.4953320">
    <ele>1442.0</ele>
   </trkpt>
   <trkpt lat="36.1014780" lon="-115.4953190">
    <ele>1441.0</ele>
   </trkpt>
   <trkpt lat="36.1014670" lon="-115.4953060">
    <ele>1441.0</ele>
   </trkpt>
   <trkpt lat="36.1014580" lon="-115.4952940">
    <ele>1441.0</ele>
   </trkpt>
   <trkpt lat="36.1014480" lon="-115.4952810">
    <ele>1441.0</ele>
   </trkpt>
   <trkpt lat="36.1014410" lon="-115.4952710">
    <ele>1441.0</ele>
   </trkpt>
   <trkpt lat="36.1014350" lon="-115.4952600">
    <ele>1440.0</ele>
   </trkpt>
   <trkpt lat="36.1014340" lon="-115.4952530">
    <ele>1440.0</ele>
   </trkpt>
   <trkpt lat="36.1014340" lon="-115.4952450">
    <ele>1440.0</ele>
   </trkpt>
   <trkpt lat="36.1014330" lon="-115.4952380">
    <ele>1440.0</ele>
   </trkpt>
   <trkpt lat="36.1014360" lon="-115.4952300">
    <ele>1440.0</ele>
   </trkpt>
   <trkpt lat="36.1014400" lon="-115.4952220">
    <ele>1439.0</ele>
   </trkpt>
   <trkpt lat="36.1014420" lon="-115.4952130">
    <ele>1439.0</ele>
   </trkpt>
   <trkpt lat="36.1014440" lon="-115.4952050">
    <ele>1438.0</ele>
   </trkpt>
   <trkpt lat="36.1014400" lon="-115.4951960">
    <ele>1438.0</ele>
   </trkpt>
   <trkpt lat="36.1014360" lon="-115.4951870">
    <ele>1438.0</ele>
   </trkpt>
   <trkpt lat="36.1014280" lon="-115.4951760">
    <ele>1437.0</ele>
   </trkpt>
   <trkpt lat="36.1014190" lon="-115.4951640">
    <ele>1437.0</ele>
   </trkpt>
   <trkpt lat="36.1014090" lon="-115.4951500">
    <ele>1437.0</ele>
   </trkpt>
   <trkpt lat="36.1013990" lon="-115.4951350">
    <ele>1437.0</ele>
   </trkpt>
   <trkpt lat="36.1013930" lon="-115.4951210">
    <ele>1437.0</ele>
   </trkpt>
   <trkpt lat="36.1013880" lon="-115.4951060">
    <ele>1436.0</ele>
   </trkpt>
   <trkpt lat="36.1013880" lon="-115.4951060">
    <ele>1436.0</ele>
   </trkpt>
   <trkpt lat="36.1013880" lon="-115.4951060">
    <ele>1436.0</ele>
   </trkpt>
   <trkpt lat="36.1013880" lon="-115.4951060">
    <ele>1436.0</ele>
   </trkpt>
   <trkpt lat="36.1013880" lon="-115.4951060">
    <ele>1436.0</ele>
   </trkpt>
   <trkpt lat="36.1013880" lon="-115.4951060">
    <ele>1435.0</ele>
   </trkpt>
   <trkpt lat="36.1013880" lon="-115.4951060">
    <ele>1435.0</ele>
   </trkpt>
   <trkpt lat="36.1013880" lon="-115.4951060">
    <ele>1435.0</ele>
   </trkpt>
   <trkpt lat="36.1013880" lon="-115.4951060">
    <ele>1435.0</ele>
   </trkpt>
   <trkpt lat="36.1013880" lon="-115.4951060">
    <ele>1435.0</ele>
   </trkpt>
   <trkpt lat="36.1013880" lon="-115.4951060">
    <ele>1434.0</ele>
   </trkpt>
   <trkpt lat="36.1013880" lon="-115.4951060">
    <ele>1434.0</ele>
   </trkpt>
   <trkpt lat="36.1013890" lon="-115.4950800">
    <ele>1433.0</ele>
   </trkpt>
   <trkpt lat="36.1013920" lon="-115.4950630">
    <ele>1433.0</ele>
   </trkpt>
   <trkpt lat="36.1013960" lon="-115.4950470">
    <ele>1433.0</ele>
   </trkpt>
   <trkpt lat="36.1014010" lon="-115.4950350">
    <ele>1432.0</ele>
   </trkpt>
   <trkpt lat="36.1014060" lon="-115.4950240">
    <ele>1432.0</ele>
   </trkpt>
   <trkpt lat="36.1014100" lon="-115.4950140">
    <ele>1432.0</ele>
   </trkpt>
   <trkpt lat="36.1014150" lon="-115.4950040">
    <ele>1432.0</ele>
   </trkpt>
   <trkpt lat="36.1014150" lon="-115.4949990">
    <ele>1432.0</ele>
   </trkpt>
   <trkpt lat="36.1014150" lon="-115.4949950">
    <ele>1431.0</ele>
   </trkpt>
   <trkpt lat="36.1014120" lon="-115.4949920">
    <ele>1431.0</ele>
   </trkpt>
   <trkpt lat="36.1014090" lon="-115.4949890">
    <ele>1431.0</ele>
   </trkpt>
   <trkpt lat="36.1014040" lon="-115.4949850">
    <ele>1431.0</ele>
   </trkpt>
   <trkpt lat="36.1013990" lon="-115.4949800">
    <ele>1431.0</ele>
   </trkpt>
   <trkpt lat="36.1013930" lon="-115.4949730">
    <ele>1430.0</ele>
   </trkpt>
   <trkpt lat="36.1013860" lon="-115.4949670">
    <ele>1430.0</ele>
   </trkpt>
   <trkpt lat="36.1013820" lon="-115.4949570">
    <ele>1430.0</ele>
   </trkpt>
   <trkpt lat="36.1013780" lon="-115.4949480">
    <ele>1430.0</ele>
   </trkpt>
   <trkpt lat="36.1013770" lon="-115.4949430">
    <ele>1430.0</ele>
   </trkpt>
   <trkpt lat="36.1013770" lon="-115.4949390">
    <ele>1430.0</ele>
   </trkpt>
   <trkpt lat="36.1013780" lon="-115.4949280">
    <ele>1430.0</ele>
   </trkpt>
   <trkpt lat="36.1013790" lon="-115.4949170">
    <ele>1430.0</ele>
   </trkpt>
   <trkpt lat="36.1013830" lon="-115.4949050">
    <ele>1430.0</ele>
   </trkpt>
   <trkpt lat="36.1013860" lon="-115.4948930">
    <ele>1430.0</ele>
   </trkpt>
   <trkpt lat="36.1013870" lon="-115.4948770">
    <ele>1429.0</ele>
   </trkpt>
   <trkpt lat="36.1013890" lon="-115.4948610">
    <ele>1429.0</ele>
   </trkpt>
   <trkpt lat="36.1013860" lon="-115.4948430">
    <ele>1429.0</ele>
   </trkpt>
   <trkpt lat="36.1013820" lon="-115.4948260">
    <ele>1429.0</ele>
   </trkpt>
   <trkpt lat="36.1013750" lon="-115.4948090">
    <ele>1429.0</ele>
   </trkpt>
   <trkpt lat="36.1013680" lon="-115.4947920">
    <ele>1428.0</ele>
   </trkpt>
   <trkpt lat="36.1013590" lon="-115.4947770">
    <ele>1428.0</ele>
   </trkpt>
   <trkpt lat="36.1013500" lon="-115.4947620">
    <ele>1428.0</ele>
   </trkpt>
   <trkpt lat="36.1013380" lon="-115.4947510">
    <ele>1428.0</ele>
   </trkpt>
   <trkpt lat="36.1013260" lon="-115.4947390">
    <ele>1428.0</ele>
   </trkpt>
   <trkpt lat="36.1013170" lon="-115.4947280">
    <ele>1427.0</ele>
   </trkpt>
   <trkpt lat="36.1013070" lon="-115.4947170">
    <ele>1427.0</ele>
   </trkpt>
   <trkpt lat="36.1013000" lon="-115.4947050">
    <ele>1427.0</ele>
   </trkpt>
   <trkpt lat="36.1012940" lon="-115.4946930">
    <ele>1427.0</ele>
   </trkpt>
   <trkpt lat="36.1012890" lon="-115.4946810">
    <ele>1427.0</ele>
   </trkpt>
   <trkpt lat="36.1012850" lon="-115.4946690">
    <ele>1426.0</ele>
   </trkpt>
   <trkpt lat="36.1012810" lon="-115.4946570">
    <ele>1426.0</ele>
   </trkpt>
   <trkpt lat="36.1012780" lon="-115.4946440">
    <ele>1425.0</ele>
   </trkpt>
   <trkpt lat="36.1012730" lon="-115.4946310">
    <ele>1425.0</ele>
   </trkpt>
   <trkpt lat="36.1012680" lon="-115.4946180">
    <ele>1425.0</ele>
   </trkpt>
   <trkpt lat="36.1012620" lon="-115.4946060">
    <ele>1424.0</ele>
   </trkpt>
   <trkpt lat="36.1012560" lon="-115.4945940">
    <ele>1424.0</ele>
   </trkpt>
   <trkpt lat="36.1012470" lon="-115.4945860">
    <ele>1423.0</ele>
   </trkpt>
   <trkpt lat="36.1012380" lon="-115.4945780">
    <ele>1423.0</ele>
   </trkpt>
   <trkpt lat="36.1012300" lon="-115.4945680">
    <ele>1423.0</ele>
   </trkpt>
   <trkpt lat="36.1012220" lon="-115.4945580">
    <ele>1422.0</ele>
   </trkpt>
   <trkpt lat="36.1012170" lon="-115.4945410">
    <ele>1422.0</ele>
   </trkpt>
   <trkpt lat="36.1012110" lon="-115.4945240">
    <ele>1422.0</ele>
   </trkpt>
   <trkpt lat="36.1012110" lon="-115.4945240">
    <ele>1422.0</ele>
   </trkpt>
   <trkpt lat="36.1012110" lon="-115.4945240">
    <ele>1422.0</ele>
   </trkpt>
   <trkpt lat="36.1012110" lon="-115.4945240">
    <ele>1422.0</ele>
   </trkpt>
   <trkpt lat="36.1012110" lon="-115.4945240">
    <ele>1422.0</ele>
   </trkpt>
   <trkpt lat="36.1012110" lon="-115.4945240">
    <ele>1422.0</ele>
   </trkpt>
   <trkpt lat="36.1012110" lon="-115.4945240">
    <ele>1422.0</ele>
   </trkpt>
   <trkpt lat="36.1012110" lon="-115.4945240">
    <ele>1422.0</ele>
   </trkpt>
   <trkpt lat="36.1012110" lon="-115.4945240">
    <ele>1421.0</ele>
   </trkpt>
   <trkpt lat="36.1012010" lon="-115.4944930">
    <ele>1421.0</ele>
   </trkpt>
   <trkpt lat="36.1011970" lon="-115.4944860">
    <ele>1421.0</ele>
   </trkpt>
   <trkpt lat="36.1011930" lon="-115.4944780">
    <ele>1421.0</ele>
   </trkpt>
   <trkpt lat="36.1011890" lon="-115.4944750">
    <ele>1421.0</ele>
   </trkpt>
   <trkpt lat="36.1011860" lon="-115.4944720">
    <ele>1421.0</ele>
   </trkpt>
   <trkpt lat="36.1011830" lon="-115.4944690">
    <ele>1421.0</ele>
   </trkpt>
   <trkpt lat="36.1011800" lon="-115.4944650">
    <ele>1421.0</ele>
   </trkpt>
   <trkpt lat="36.1011780" lon="-115.4944610">
    <ele>1421.0</ele>
   </trkpt>
   <trkpt lat="36.1011780" lon="-115.4944580">
    <ele>1421.0</ele>
   </trkpt>
   <trkpt lat="36.1011780" lon="-115.4944540">
    <ele>1420.0</ele>
   </trkpt>
   <trkpt lat="36.1011780" lon="-115.4944510">
    <ele>1420.0</ele>
   </trkpt>
   <trkpt lat="36.1011740" lon="-115.4944420">
    <ele>1419.0</ele>
   </trkpt>
   <trkpt lat="36.1011690" lon="-115.4944330">
    <ele>1419.0</ele>
   </trkpt>
   <trkpt lat="36.1011620" lon="-115.4944210">
    <ele>1419.0</ele>
   </trkpt>
   <trkpt lat="36.1011540" lon="-115.4944090">
    <ele>1418.0</ele>
   </trkpt>
   <trkpt lat="36.1011460" lon="-115.4943950">
    <ele>1418.0</ele>
   </trkpt>
   <trkpt lat="36.1011370" lon="-115.4943810">
    <ele>1418.0</ele>
   </trkpt>
   <trkpt lat="36.1011300" lon="-115.4943700">
    <ele>1418.0</ele>
   </trkpt>
   <trkpt lat="36.1011240" lon="-115.4943600">
    <ele>1418.0</ele>
   </trkpt>
   <trkpt lat="36.1011180" lon="-115.4943540">
    <ele>1417.0</ele>
   </trkpt>
   <trkpt lat="36.1011130" lon="-115.4943490">
    <ele>1417.0</ele>
   </trkpt>
   <trkpt lat="36.1011070" lon="-115.4943450">
    <ele>1417.0</ele>
   </trkpt>
   <trkpt lat="36.1011000" lon="-115.4943420">
    <ele>1417.0</ele>
   </trkpt>
   <trkpt lat="36.1010920" lon="-115.4943350">
    <ele>1417.0</ele>
   </trkpt>
   <trkpt lat="36.1010830" lon="-115.4943290">
    <ele>1417.0</ele>
   </trkpt>
   <trkpt lat="36.1010750" lon="-115.4943200">
    <ele>1417.0</ele>
   </trkpt>
   <trkpt lat="36.1010660" lon="-115.4943100">
    <ele>1417.0</ele>
   </trkpt>
   <trkpt lat="36.1010610" lon="-115.4943000">
    <ele>1417.0</ele>
   </trkpt>
   <trkpt lat="36.1010550" lon="-115.4942900">
    <ele>1417.0</ele>
   </trkpt>
   <trkpt lat="36.1010540" lon="-115.4942780">
    <ele>1416.0</ele>
   </trkpt>
   <trkpt lat="36.1010520" lon="-115.4942660">
    <ele>1416.0</ele>
   </trkpt>
   <trkpt lat="36.1010500" lon="-115.4942530">
    <ele>1416.0</ele>
   </trkpt>
   <trkpt lat="36.1010480" lon="-115.4942400">
    <ele>1416.0</ele>
   </trkpt>
   <trkpt lat="36.1010420" lon="-115.4942260">
    <ele>1416.0</ele>
   </trkpt>
   <trkpt lat="36.1010360" lon="-115.4942130">
    <ele>1415.0</ele>
   </trkpt>
   <trkpt lat="36.1010280" lon="-115.4942020">
    <ele>1415.0</ele>
   </trkpt>
   <trkpt lat="36.1010190" lon="-115.4941910">
    <ele>1415.0</ele>
   </trkpt>
   <trkpt lat="36.1010120" lon="-115.4941820">
    <ele>1415.0</ele>
   </trkpt>
   <trkpt lat="36.1010060" lon="-115.4941740">
    <ele>1415.0</ele>
   </trkpt>
   <trkpt lat="36.1010040" lon="-115.4941690">
    <ele>1414.0</ele>
   </trkpt>
   <trkpt lat="36.1010020" lon="-115.4941640">
    <ele>1414.0</ele>
   </trkpt>
   <trkpt lat="36.1009980" lon="-115.4941570">
    <ele>1414.0</ele>
   </trkpt>
   <trkpt lat="36.1009940" lon="-115.4941500">
    <ele>1414.0</ele>
   </trkpt>
   <trkpt lat="36.1009870" lon="-115.4941430">
    <ele>1414.0</ele>
   </trkpt>
   <trkpt lat="36.1009800" lon="-115.4941350">
    <ele>1413.0</ele>
   </trkpt>
   <trkpt lat="36.1009720" lon="-115.4941290">
    <ele>1413.0</ele>
   </trkpt>
   <trkpt lat="36.1009630" lon="-115.4941230">
    <ele>1413.0</ele>
   </trkpt>
   <trkpt lat="36.1009540" lon="-115.4941170">
    <ele>1413.0</ele>
   </trkpt>
   <trkpt lat="36.1009460" lon="-115.4941110">
    <ele>1413.0</ele>
   </trkpt>
   <trkpt lat="36.1009410" lon="-115.4941020">
    <ele>1412.0</ele>
   </trkpt>
   <trkpt lat="36.1009360" lon="-115.4940930">
    <ele>1412.0</ele>
   </trkpt>
   <trkpt lat="36.1009320" lon="-115.4940810">
    <ele>1412.0</ele>
   </trkpt>
   <trkpt lat="36.1009280" lon="-115.4940680">
    <ele>1412.0</ele>
   </trkpt>
   <trkpt lat="36.1009240" lon="-115.4940560">
    <ele>1412.0</ele>
   </trkpt>
   <trkpt lat="36.1009190" lon="-115.4940430">
    <ele>1411.0</ele>
   </trkpt>
   <trkpt lat="36.1009110" lon="-115.4940380">
    <ele>1411.0</ele>
   </trkpt>
   <trkpt lat="36.1009030" lon="-115.4940330">
    <ele>1411.0</ele>
   </trkpt>
   <trkpt lat="36.1008950" lon="-115.4940340">
    <ele>1411.0</ele>
   </trkpt>
   <trkpt lat="36.1008870" lon="-115.4940350">
    <ele>1411.0</ele>
   </trkpt>
   <trkpt lat="36.1008820" lon="-115.4940390">
    <ele>1410.0</ele>
   </trkpt>
   <trkpt lat="36.1008760" lon="-115.4940420">
    <ele>1410.0</ele>
   </trkpt>
   <trkpt lat="36.1008710" lon="-115.4940450">
    <ele>1410.0</ele>
   </trkpt>
   <trkpt lat="36.1008640" lon="-115.4940480">
    <ele>1410.0</ele>
   </trkpt>
   <trkpt lat="36.1008570" lon="-115.4940500">
    <ele>1410.0</ele>
   </trkpt>
   <trkpt lat="36.1008500" lon="-115.4940480">
    <ele>1409.0</ele>
   </trkpt>
   <trkpt lat="36.1008420" lon="-115.4940470">
    <ele>1409.0</ele>
   </trkpt>
   <trkpt lat="36.1008340" lon="-115.4940410">
    <ele>1408.0</ele>
   </trkpt>
   <trkpt lat="36.1008270" lon="-115.4940350">
    <ele>1408.0</ele>
   </trkpt>
   <trkpt lat="36.1008210" lon="-115.4940260">
    <ele>1408.0</ele>
   </trkpt>
   <trkpt lat="36.1008150" lon="-115.4940160">
    <ele>1408.0</ele>
   </trkpt>
   <trkpt lat="36.1008110" lon="-115.4940050">
    <ele>1408.0</ele>
   </trkpt>
   <trkpt lat="36.1008070" lon="-115.4939930">
    <ele>1408.0</ele>
   </trkpt>
   <trkpt lat="36.1008060" lon="-115.4939810">
    <ele>1408.0</ele>
   </trkpt>
   <trkpt lat="36.1008060" lon="-115.4939690">
    <ele>1408.0</ele>
   </trkpt>
   <trkpt lat="36.1008020" lon="-115.4939540">
    <ele>1407.0</ele>
   </trkpt>
   <trkpt lat="36.1007990" lon="-115.4939400">
    <ele>1407.0</ele>
   </trkpt>
   <trkpt lat="36.1007900" lon="-115.4939210">
    <ele>1406.0</ele>
   </trkpt>
   <trkpt lat="36.1007820" lon="-115.4939030">
    <ele>1406.0</ele>
   </trkpt>
   <trkpt lat="36.1007700" lon="-115.4938870">
    <ele>1406.0</ele>
   </trkpt>
   <trkpt lat="36.1007570" lon="-115.4938700">
    <ele>1405.0</ele>
   </trkpt>
   <trkpt lat="36.1007460" lon="-115.4938580">
    <ele>1405.0</ele>
   </trkpt>
   <trkpt lat="36.1007350" lon="-115.4938450">
    <ele>1405.0</ele>
   </trkpt>
   <trkpt lat="36.1007270" lon="-115.4938350">
    <ele>1405.0</ele>
   </trkpt>
   <trkpt lat="36.1007190" lon="-115.4938260">
    <ele>1405.0</ele>
   </trkpt>
   <trkpt lat="36.1007120" lon="-115.4938190">
    <ele>1404.0</ele>
   </trkpt>
   <trkpt lat="36.1007040" lon="-115.4938120">
    <ele>1404.0</ele>
   </trkpt>
   <trkpt lat="36.1007040" lon="-115.4938120">
    <ele>1404.0</ele>
   </trkpt>
   <trkpt lat="36.1007040" lon="-115.4938120">
    <ele>1404.0</ele>
   </trkpt>
   <trkpt lat="36.1007040" lon="-115.4938120">
    <ele>1404.0</ele>
   </trkpt>
   <trkpt lat="36.1007040" lon="-115.4938120">
    <ele>1404.0</ele>
   </trkpt>
   <trkpt lat="36.1007040" lon="-115.4938120">
    <ele>1404.0</ele>
   </trkpt>
   <trkpt lat="36.1007040" lon="-115.4938120">
    <ele>1404.0</ele>
   </trkpt>
   <trkpt lat="36.1006910" lon="-115.4938030">
    <ele>1404.0</ele>
   </trkpt>
   <trkpt lat="36.1006860" lon="-115.4937980">
    <ele>1404.0</ele>
   </trkpt>
   <trkpt lat="36.1006810" lon="-115.4937930">
    <ele>1403.0</ele>
   </trkpt>
   <trkpt lat="36.1006770" lon="-115.4937830">
    <ele>1403.0</ele>
   </trkpt>
   <trkpt lat="36.1006730" lon="-115.4937730">
    <ele>1403.0</ele>
   </trkpt>
   <trkpt lat="36.1006680" lon="-115.4937570">
    <ele>1403.0</ele>
   </trkpt>
   <trkpt lat="36.1006620" lon="-115.4937420">
    <ele>1403.0</ele>
   </trkpt>
   <trkpt lat="36.1006530" lon="-115.4937240">
    <ele>1402.0</ele>
   </trkpt>
   <trkpt lat="36.1006450" lon="-115.4937060">
    <ele>1402.0</ele>
   </trkpt>
   <trkpt lat="36.1006360" lon="-115.4936880">
    <ele>1402.0</ele>
   </trkpt>
   <trkpt lat="36.1006280" lon="-115.4936700">
    <ele>1402.0</ele>
   </trkpt>
   <trkpt lat="36.1006200" lon="-115.4936530">
    <ele>1402.0</ele>
   </trkpt>
   <trkpt lat="36.1006120" lon="-115.4936370">
    <ele>1401.0</ele>
   </trkpt>
   <trkpt lat="36.1006020" lon="-115.4936200">
    <ele>1401.0</ele>
   </trkpt>
   <trkpt lat="36.1005930" lon="-115.4936040">
    <ele>1401.0</ele>
   </trkpt>
   <trkpt lat="36.1005840" lon="-115.4935880">
    <ele>1401.0</ele>
   </trkpt>
   <trkpt lat="36.1005740" lon="-115.4935710">
    <ele>1401.0</ele>
   </trkpt>
   <trkpt lat="36.1005730" lon="-115.4935540">
    <ele>1400.0</ele>
   </trkpt>
   <trkpt lat="36.1005710" lon="-115.4935360">
    <ele>1400.0</ele>
   </trkpt>
   <trkpt lat="36.1005760" lon="-115.4935200">
    <ele>1400.0</ele>
   </trkpt>
   <trkpt lat="36.1005810" lon="-115.4935030">
    <ele>1400.0</ele>
   </trkpt>
   <trkpt lat="36.1005850" lon="-115.4934860">
    <ele>1400.0</ele>
   </trkpt>
   <trkpt lat="36.1005900" lon="-115.4934690">
    <ele>1399.0</ele>
   </trkpt>
   <trkpt lat="36.1005910" lon="-115.4934490">
    <ele>1399.0</ele>
   </trkpt>
   <trkpt lat="36.1005920" lon="-115.4934290">
    <ele>1399.0</ele>
   </trkpt>
   <trkpt lat="36.1005940" lon="-115.4934080">
    <ele>1399.0</ele>
   </trkpt>
   <trkpt lat="36.1005950" lon="-115.4933860">
    <ele>1399.0</ele>
   </trkpt>
   <trkpt lat="36.1005970" lon="-115.4933670">
    <ele>1398.0</ele>
   </trkpt>
   <trkpt lat="36.1005980" lon="-115.4933480">
    <ele>1398.0</ele>
   </trkpt>
   <trkpt lat="36.1005960" lon="-115.4933320">
    <ele>1397.0</ele>
   </trkpt>
   <trkpt lat="36.1005930" lon="-115.4933170">
    <ele>1397.0</ele>
   </trkpt>
   <trkpt lat="36.1005890" lon="-115.4933030">
    <ele>1397.0</ele>
   </trkpt>
   <trkpt lat="36.1005840" lon="-115.4932890">
    <ele>1396.0</ele>
   </trkpt>
   <trkpt lat="36.1005810" lon="-115.4932750">
    <ele>1396.0</ele>
   </trkpt>
   <trkpt lat="36.1005790" lon="-115.4932620">
    <ele>1395.0</ele>
   </trkpt>
   <trkpt lat="36.1005770" lon="-115.4932510">
    <ele>1395.0</ele>
   </trkpt>
   <trkpt lat="36.1005760" lon="-115.4932400">
    <ele>1395.0</ele>
   </trkpt>
   <trkpt lat="36.1005740" lon="-115.4932330">
    <ele>1394.0</ele>
   </trkpt>
   <trkpt lat="36.1005710" lon="-115.4932250">
    <ele>1394.0</ele>
   </trkpt>
   <trkpt lat="36.1005680" lon="-115.4932160">
    <ele>1394.0</ele>
   </trkpt>
   <trkpt lat="36.1005640" lon="-115.4932070">
    <ele>1394.0</ele>
   </trkpt>
   <trkpt lat="36.1005620" lon="-115.4932000">
    <ele>1394.0</ele>
   </trkpt>
   <trkpt lat="36.1005600" lon="-115.4931930">
    <ele>1393.0</ele>
   </trkpt>
   <trkpt lat="36.1005640" lon="-115.4931870">
    <ele>1393.0</ele>
   </trkpt>
   <trkpt lat="36.1005670" lon="-115.4931810">
    <ele>1392.0</ele>
   </trkpt>
   <trkpt lat="36.1005740" lon="-115.4931720">
    <ele>1392.0</ele>
   </trkpt>
   <trkpt lat="36.1005820" lon="-115.4931630">
    <ele>1392.0</ele>
   </trkpt>
   <trkpt lat="36.1005900" lon="-115.4931510">
    <ele>1391.0</ele>
   </trkpt>
   <trkpt lat="36.1005980" lon="-115.4931380">
    <ele>1391.0</ele>
   </trkpt>
   <trkpt lat="36.1006040" lon="-115.4931270">
    <ele>1391.0</ele>
   </trkpt>
   <trkpt lat="36.1006100" lon="-115.4931150">
    <ele>1391.0</ele>
   </trkpt>
   <trkpt lat="36.1006140" lon="-115.4931040">
    <ele>1391.0</ele>
   </trkpt>
   <trkpt lat="36.1006190" lon="-115.4930940">
    <ele>1390.0</ele>
   </trkpt>
   <trkpt lat="36.1006200" lon="-115.4930850">
    <ele>1390.0</ele>
   </trkpt>
   <trkpt lat="36.1006200" lon="-115.4930770">
    <ele>1390.0</ele>
   </trkpt>
   <trkpt lat="36.1006180" lon="-115.4930750">
    <ele>1390.0</ele>
   </trkpt>
   <trkpt lat="36.1006160" lon="-115.4930720">
    <ele>1390.0</ele>
   </trkpt>
   <trkpt lat="36.1006140" lon="-115.4930730">
    <ele>1390.0</ele>
   </trkpt>
   <trkpt lat="36.1006130" lon="-115.4930740">
    <ele>1390.0</ele>
   </trkpt>
   <trkpt lat="36.1006110" lon="-115.4930740">
    <ele>1390.0</ele>
   </trkpt>
   <trkpt lat="36.1006090" lon="-115.4930750">
    <ele>1390.0</ele>
   </trkpt>
   <trkpt lat="36.1006070" lon="-115.4930760">
    <ele>1390.0</ele>
   </trkpt>
   <trkpt lat="36.1006020" lon="-115.4930760">
    <ele>1389.0</ele>
   </trkpt>
   <trkpt lat="36.1005960" lon="-115.4930750">
    <ele>1389.0</ele>
   </trkpt>
   <trkpt lat="36.1005940" lon="-115.4930700">
    <ele>1389.0</ele>
   </trkpt>
   <trkpt lat="36.1005910" lon="-115.4930640">
    <ele>1389.0</ele>
   </trkpt>
   <trkpt lat="36.1005890" lon="-115.4930530">
    <ele>1389.0</ele>
   </trkpt>
   <trkpt lat="36.1005870" lon="-115.4930430">
    <ele>1388.0</ele>
   </trkpt>
   <trkpt lat="36.1005790" lon="-115.4930340">
    <ele>1388.0</ele>
   </trkpt>
   <trkpt lat="36.1005710" lon="-115.4930260">
    <ele>1388.0</ele>
   </trkpt>
   <trkpt lat="36.1005580" lon="-115.4930200">
    <ele>1388.0</ele>
   </trkpt>
   <trkpt lat="36.1005440" lon="-115.4930150">
    <ele>1388.0</ele>
   </trkpt>
   <trkpt lat="36.1005320" lon="-115.4930060">
    <ele>1387.0</ele>
   </trkpt>
   <trkpt lat="36.1005200" lon="-115.4929970">
    <ele>1387.0</ele>
   </trkpt>
   <trkpt lat="36.1005100" lon="-115.4929850">
    <ele>1387.0</ele>
   </trkpt>
   <trkpt lat="36.1004990" lon="-115.4929730">
    <ele>1387.0</ele>
   </trkpt>
   <trkpt lat="36.1004890" lon="-115.4929600">
    <ele>1387.0</ele>
   </trkpt>
   <trkpt lat="36.1004790" lon="-115.4929470">
    <ele>1386.0</ele>
   </trkpt>
   <trkpt lat="36.1004720" lon="-115.4929330">
    <ele>1386.0</ele>
   </trkpt>
   <trkpt lat="36.1004650" lon="-115.4929200">
    <ele>1386.0</ele>
   </trkpt>
   <trkpt lat="36.1004600" lon="-115.4929080">
    <ele>1386.0</ele>
   </trkpt>
   <trkpt lat="36.1004560" lon="-115.4928950">
    <ele>1386.0</ele>
   </trkpt>
   <trkpt lat="36.1004550" lon="-115.4928840">
    <ele>1385.0</ele>
   </trkpt>
   <trkpt lat="36.1004540" lon="-115.4928730">
    <ele>1385.0</ele>
   </trkpt>
   <trkpt lat="36.1004590" lon="-115.4928630">
    <ele>1384.0</ele>
   </trkpt>
   <trkpt lat="36.1004630" lon="-115.4928530">
    <ele>1384.0</ele>
   </trkpt>
   <trkpt lat="36.1004740" lon="-115.4928450">
    <ele>1384.0</ele>
   </trkpt>
   <trkpt lat="36.1004850" lon="-115.4928370">
    <ele>1383.0</ele>
   </trkpt>
   <trkpt lat="36.1004990" lon="-115.4928280">
    <ele>1383.0</ele>
   </trkpt>
   <trkpt lat="36.1005120" lon="-115.4928200">
    <ele>1383.0</ele>
   </trkpt>
   <trkpt lat="36.1005230" lon="-115.4928110">
    <ele>1383.0</ele>
   </trkpt>
   <trkpt lat="36.1005350" lon="-115.4928020">
    <ele>1383.0</ele>
   </trkpt>
   <trkpt lat="36.1005450" lon="-115.4927890">
    <ele>1382.0</ele>
   </trkpt>
   <trkpt lat="36.1005560" lon="-115.4927750">
    <ele>1382.0</ele>
   </trkpt>
   <trkpt lat="36.1005650" lon="-115.4927600">
    <ele>1382.0</ele>
   </trkpt>
   <trkpt lat="36.1005740" lon="-115.4927440">
    <ele>1382.0</ele>
   </trkpt>
   <trkpt lat="36.1005790" lon="-115.4927330">
    <ele>1382.0</ele>
   </trkpt>
   <trkpt lat="36.1005840" lon="-115.4927210">
    <ele>1381.0</ele>
   </trkpt>
   <trkpt lat="36.1005900" lon="-115.4927140">
    <ele>1381.0</ele>
   </trkpt>
   <trkpt lat="36.1005970" lon="-115.4927070">
    <ele>1381.0</ele>
   </trkpt>
   <trkpt lat="36.1006090" lon="-115.4927030">
    <ele>1381.0</ele>
   </trkpt>
   <trkpt lat="36.1006200" lon="-115.4926990">
    <ele>1381.0</ele>
   </trkpt>
   <trkpt lat="36.1006250" lon="-115.4926960">
    <ele>1381.0</ele>
   </trkpt>
   <trkpt lat="36.1006290" lon="-115.4926940">
    <ele>1381.0</ele>
   </trkpt>
   <trkpt lat="36.1006340" lon="-115.4926910">
    <ele>1381.0</ele>
   </trkpt>
   <trkpt lat="36.1006390" lon="-115.4926880">
    <ele>1381.0</ele>
   </trkpt>
   <trkpt lat="36.1006460" lon="-115.4926840">
    <ele>1381.0</ele>
   </trkpt>
   <trkpt lat="36.1006540" lon="-115.4926800">
    <ele>1380.0</ele>
   </trkpt>
   <trkpt lat="36.1006540" lon="-115.4926800">
    <ele>1380.0</ele>
   </trkpt>
   <trkpt lat="36.1006540" lon="-115.4926800">
    <ele>1380.0</ele>
   </trkpt>
   <trkpt lat="36.1006540" lon="-115.4926800">
    <ele>1380.0</ele>
   </trkpt>
   <trkpt lat="36.1006540" lon="-115.4926800">
    <ele>1380.0</ele>
   </trkpt>
   <trkpt lat="36.1006540" lon="-115.4926800">
    <ele>1379.0</ele>
   </trkpt>
   <trkpt lat="36.1006670" lon="-115.4926700">
    <ele>1379.0</ele>
   </trkpt>
   <trkpt lat="36.1006650" lon="-115.4926640">
    <ele>1379.0</ele>
   </trkpt>
   <trkpt lat="36.1006640" lon="-115.4926580">
    <ele>1379.0</ele>
   </trkpt>
   <trkpt lat="36.1006620" lon="-115.4926490">
    <ele>1379.0</ele>
   </trkpt>
   <trkpt lat="36.1006610" lon="-115.4926400">
    <ele>1378.0</ele>
   </trkpt>
   <trkpt lat="36.1006610" lon="-115.4926270">
    <ele>1378.0</ele>
   </trkpt>
   <trkpt lat="36.1006620" lon="-115.4926150">
    <ele>1378.0</ele>
   </trkpt>
   <trkpt lat="36.1006660" lon="-115.4926010">
    <ele>1378.0</ele>
   </trkpt>
   <trkpt lat="36.1006700" lon="-115.4925870">
    <ele>1378.0</ele>
   </trkpt>
   <trkpt lat="36.1006800" lon="-115.4925770">
    <ele>1377.0</ele>
   </trkpt>
   <trkpt lat="36.1006900" lon="-115.4925670">
    <ele>1377.0</ele>
   </trkpt>
   <trkpt lat="36.1007020" lon="-115.4925580">
    <ele>1376.0</ele>
   </trkpt>
   <trkpt lat="36.1007140" lon="-115.4925490">
    <ele>1376.0</ele>
   </trkpt>
   <trkpt lat="36.1007280" lon="-115.4925380">
    <ele>1376.0</ele>
   </trkpt>
   <trkpt lat="36.1007420" lon="-115.4925280">
    <ele>1375.0</ele>
   </trkpt>
   <trkpt lat="36.1007550" lon="-115.4925220">
    <ele>1375.0</ele>
   </trkpt>
   <trkpt lat="36.1007690" lon="-115.4925160">
    <ele>1375.0</ele>
   </trkpt>
   <trkpt lat="36.1007810" lon="-115.4925070">
    <ele>1375.0</ele>
   </trkpt>
   <trkpt lat="36.1007940" lon="-115.4924990">
    <ele>1375.0</ele>
   </trkpt>
   <trkpt lat="36.1007990" lon="-115.4924830">
    <ele>1374.0</ele>
   </trkpt>
   <trkpt lat="36.1008040" lon="-115.4924680">
    <ele>1374.0</ele>
   </trkpt>
   <trkpt lat="36.1007980" lon="-115.4924490">
    <ele>1374.0</ele>
   </trkpt>
   <trkpt lat="36.1007930" lon="-115.4924300">
    <ele>1374.0</ele>
   </trkpt>
   <trkpt lat="36.1007870" lon="-115.4924120">
    <ele>1374.0</ele>
   </trkpt>
   <trkpt lat="36.1007800" lon="-115.4923940">
    <ele>1373.0</ele>
   </trkpt>
   <trkpt lat="36.1007770" lon="-115.4923750">
    <ele>1373.0</ele>
   </trkpt>
   <trkpt lat="36.1007750" lon="-115.4923570">
    <ele>1373.0</ele>
   </trkpt>
   <trkpt lat="36.1007730" lon="-115.4923410">
    <ele>1373.0</ele>
   </trkpt>
   <trkpt lat="36.1007710" lon="-115.4923240">
    <ele>1373.0</ele>
   </trkpt>
   <trkpt lat="36.1007740" lon="-115.4923120">
    <ele>1372.0</ele>
   </trkpt>
   <trkpt lat="36.1007760" lon="-115.4923010">
    <ele>1372.0</ele>
   </trkpt>
   <trkpt lat="36.1007820" lon="-115.4922920">
    <ele>1372.0</ele>
   </trkpt>
   <trkpt lat="36.1007880" lon="-115.4922840">
    <ele>1372.0</ele>
   </trkpt>
   <trkpt lat="36.1007960" lon="-115.4922770">
    <ele>1372.0</ele>
   </trkpt>
   <trkpt lat="36.1008030" lon="-115.4922700">
    <ele>1372.0</ele>
   </trkpt>
   <trkpt lat="36.1008070" lon="-115.4922660">
    <ele>1372.0</ele>
   </trkpt>
   <trkpt lat="36.1008100" lon="-115.4922610">
    <ele>1372.0</ele>
   </trkpt>
   <trkpt lat="36.1008160" lon="-115.4922520">
    <ele>1372.0</ele>
   </trkpt>
   <trkpt lat="36.1008220" lon="-115.4922430">
    <ele>1372.0</ele>
   </trkpt>
   <trkpt lat="36.1008340" lon="-115.4922320">
    <ele>1371.0</ele>
   </trkpt>
   <trkpt lat="36.1008460" lon="-115.4922210">
    <ele>1371.0</ele>
   </trkpt>
   <trkpt lat="36.1008650" lon="-115.4922070">
    <ele>1370.0</ele>
   </trkpt>
   <trkpt lat="36.1008830" lon="-115.4921930">
    <ele>1370.0</ele>
   </trkpt>
   <trkpt lat="36.1009010" lon="-115.4921770">
    <ele>1370.0</ele>
   </trkpt>
   <trkpt lat="36.1009180" lon="-115.4921610">
    <ele>1369.0</ele>
   </trkpt>
   <trkpt lat="36.1009300" lon="-115.4921490">
    <ele>1369.0</ele>
   </trkpt>
   <trkpt lat="36.1009430" lon="-115.4921370">
    <ele>1369.0</ele>
   </trkpt>
   <trkpt lat="36.1009520" lon="-115.4921270">
    <ele>1369.0</ele>
   </trkpt>
   <trkpt lat="36.1009610" lon="-115.4921170">
    <ele>1369.0</ele>
   </trkpt>
   <trkpt lat="36.1009660" lon="-115.4921070">
    <ele>1368.0</ele>
   </trkpt>
   <trkpt lat="36.1009720" lon="-115.4920970">
    <ele>1368.0</ele>
   </trkpt>
   <trkpt lat="36.1009710" lon="-115.4920870">
    <ele>1368.0</ele>
   </trkpt>
   <trkpt lat="36.1009700" lon="-115.4920770">
    <ele>1368.0</ele>
   </trkpt>
   <trkpt lat="36.1009650" lon="-115.4920670">
    <ele>1368.0</ele>
   </trkpt>
   <trkpt lat="36.1009610" lon="-115.4920560">
    <ele>1368.0</ele>
   </trkpt>
   <trkpt lat="36.1009550" lon="-115.4920440">
    <ele>1368.0</ele>
   </trkpt>
   <trkpt lat="36.1009500" lon="-115.4920320">
    <ele>1368.0</ele>
   </trkpt>
   <trkpt lat="36.1009440" lon="-115.4920190">
    <ele>1368.0</ele>
   </trkpt>
   <trkpt lat="36.1009390" lon="-115.4920050">
    <ele>1368.0</ele>
   </trkpt>
   <trkpt lat="36.1009330" lon="-115.4919920">
    <ele>1367.0</ele>
   </trkpt>
   <trkpt lat="36.1009280" lon="-115.4919790">
    <ele>1367.0</ele>
   </trkpt>
   <trkpt lat="36.1009240" lon="-115.4919720">
    <ele>1367.0</ele>
   </trkpt>
   <trkpt lat="36.1009210" lon="-115.4919650">
    <ele>1367.0</ele>
   </trkpt>
   <trkpt lat="36.1009170" lon="-115.4919540">
    <ele>1367.0</ele>
   </trkpt>
   <trkpt lat="36.1009130" lon="-115.4919440">
    <ele>1367.0</ele>
   </trkpt>
   <trkpt lat="36.1009160" lon="-115.4919360">
    <ele>1367.0</ele>
   </trkpt>
   <trkpt lat="36.1009190" lon="-115.4919280">
    <ele>1367.0</ele>
   </trkpt>
   <trkpt lat="36.1009250" lon="-115.4919210">
    <ele>1367.0</ele>
   </trkpt>
   <trkpt lat="36.1009320" lon="-115.4919140">
    <ele>1367.0</ele>
   </trkpt>
   <trkpt lat="36.1009350" lon="-115.4919120">
    <ele>1366.0</ele>
   </trkpt>
   <trkpt lat="36.1009370" lon="-115.4919100">
    <ele>1366.0</ele>
   </trkpt>
   <trkpt lat="36.1009390" lon="-115.4919080">
    <ele>1366.0</ele>
   </trkpt>
   <trkpt lat="36.1009420" lon="-115.4919060">
    <ele>1366.0</ele>
   </trkpt>
   <trkpt lat="36.1009440" lon="-115.4919040">
    <ele>1366.0</ele>
   </trkpt>
   <trkpt lat="36.1009490" lon="-115.4918950">
    <ele>1366.0</ele>
   </trkpt>
   <trkpt lat="36.1009550" lon="-115.4918860">
    <ele>1366.0</ele>
   </trkpt>
   <trkpt lat="36.1009600" lon="-115.4918750">
    <ele>1366.0</ele>
   </trkpt>
   <trkpt lat="36.1009650" lon="-115.4918640">
    <ele>1366.0</ele>
   </trkpt>
   <trkpt lat="36.1009730" lon="-115.4918490">
    <ele>1366.0</ele>
   </trkpt>
   <trkpt lat="36.1009820" lon="-115.4918330">
    <ele>1365.0</ele>
   </trkpt>
   <trkpt lat="36.1009950" lon="-115.4918190">
    <ele>1365.0</ele>
   </trkpt>
   <trkpt lat="36.1010090" lon="-115.4918050">
    <ele>1364.0</ele>
   </trkpt>
   <trkpt lat="36.1010260" lon="-115.4917930">
    <ele>1364.0</ele>
   </trkpt>
   <trkpt lat="36.1010420" lon="-115.4917810">
    <ele>1364.0</ele>
   </trkpt>
   <trkpt lat="36.1010600" lon="-115.4917690">
    <ele>1363.0</ele>
   </trkpt>
   <trkpt lat="36.1010780" lon="-115.4917560">
    <ele>1363.0</ele>
   </trkpt>
   <trkpt lat="36.1011000" lon="-115.4917450">
    <ele>1363.0</ele>
   </trkpt>
   <trkpt lat="36.1011210" lon="-115.4917340">
    <ele>1363.0</ele>
   </trkpt>
   <trkpt lat="36.1011400" lon="-115.4917260">
    <ele>1363.0</ele>
   </trkpt>
   <trkpt lat="36.1011590" lon="-115.4917180">
    <ele>1362.0</ele>
   </trkpt>
   <trkpt lat="36.1011740" lon="-115.4917110">
    <ele>1362.0</ele>
   </trkpt>
   <trkpt lat="36.1011900" lon="-115.4917040">
    <ele>1362.0</ele>
   </trkpt>
   <trkpt lat="36.1012070" lon="-115.4916970">
    <ele>1362.0</ele>
   </trkpt>
   <trkpt lat="36.1012250" lon="-115.4916900">
    <ele>1362.0</ele>
   </trkpt>
   <trkpt lat="36.1012480" lon="-115.4916810">
    <ele>1361.0</ele>
   </trkpt>
   <trkpt lat="36.1012720" lon="-115.4916720">
    <ele>1361.0</ele>
   </trkpt>
   <trkpt lat="36.1012960" lon="-115.4916600">
    <ele>1361.0</ele>
   </trkpt>
   <trkpt lat="36.1013200" lon="-115.4916480">
    <ele>1361.0</ele>
   </trkpt>
   <trkpt lat="36.1013400" lon="-115.4916360">
    <ele>1361.0</ele>
   </trkpt>
   <trkpt lat="36.1013610" lon="-115.4916240">
    <ele>1360.0</ele>
   </trkpt>
   <trkpt lat="36.1013800" lon="-115.4916110">
    <ele>1360.0</ele>
   </trkpt>
   <trkpt lat="36.1013980" lon="-115.4915970">
    <ele>1360.0</ele>
   </trkpt>
   <trkpt lat="36.1014150" lon="-115.4915830">
    <ele>1360.0</ele>
   </trkpt>
   <trkpt lat="36.1014320" lon="-115.4915680">
    <ele>1360.0</ele>
   </trkpt>
   <trkpt lat="36.1014480" lon="-115.4915590">
    <ele>1359.0</ele>
   </trkpt>
   <trkpt lat="36.1014640" lon="-115.4915490">
    <ele>1359.0</ele>
   </trkpt>
   <trkpt lat="36.1014780" lon="-115.4915380">
    <ele>1359.0</ele>
   </trkpt>
   <trkpt lat="36.1014930" lon="-115.4915280">
    <ele>1359.0</ele>
   </trkpt>
   <trkpt lat="36.1014970" lon="-115.4915200">
    <ele>1359.0</ele>
   </trkpt>
   <trkpt lat="36.1015010" lon="-115.4915120">
    <ele>1358.0</ele>
   </trkpt>
   <trkpt lat="36.1015060" lon="-115.4915040">
    <ele>1358.0</ele>
   </trkpt>
   <trkpt lat="36.1015050" lon="-115.4914980">
    <ele>1358.0</ele>
   </trkpt>
   <trkpt lat="36.1015040" lon="-115.4914920">
    <ele>1358.0</ele>
   </trkpt>
   <trkpt lat="36.1014990" lon="-115.4914850">
    <ele>1358.0</ele>
   </trkpt>
   <trkpt lat="36.1014950" lon="-115.4914790">
    <ele>1357.0</ele>
   </trkpt>
   <trkpt lat="36.1014900" lon="-115.4914720">
    <ele>1357.0</ele>
   </trkpt>
   <trkpt lat="36.1014750" lon="-115.4914630">
    <ele>1357.0</ele>
   </trkpt>
   <trkpt lat="36.1014600" lon="-115.4914540">
    <ele>1357.0</ele>
   </trkpt>
   <trkpt lat="36.1014470" lon="-115.4914470">
    <ele>1357.0</ele>
   </trkpt>
   <trkpt lat="36.1014340" lon="-115.4914400">
    <ele>1356.0</ele>
   </trkpt>
   <trkpt lat="36.1014270" lon="-115.4914310">
    <ele>1356.0</ele>
   </trkpt>
   <trkpt lat="36.1014210" lon="-115.4914230">
    <ele>1356.0</ele>
   </trkpt>
   <trkpt lat="36.1014210" lon="-115.4914100">
    <ele>1356.0</ele>
   </trkpt>
   <trkpt lat="36.1014220" lon="-115.4913970">
    <ele>1356.0</ele>
   </trkpt>
   <trkpt lat="36.1014240" lon="-115.4913890">
    <ele>1355.0</ele>
   </trkpt>
   <trkpt lat="36.1014270" lon="-115.4913810">
    <ele>1355.0</ele>
   </trkpt>
   <trkpt lat="36.1014330" lon="-115.4913660">
    <ele>1355.0</ele>
   </trkpt>
   <trkpt lat="36.1014390" lon="-115.4913520">
    <ele>1355.0</ele>
   </trkpt>
   <trkpt lat="36.1014490" lon="-115.4913400">
    <ele>1355.0</ele>
   </trkpt>
   <trkpt lat="36.1014600" lon="-115.4913270">
    <ele>1354.0</ele>
   </trkpt>
   <trkpt lat="36.1014680" lon="-115.4913150">
    <ele>1354.0</ele>
   </trkpt>
   <trkpt lat="36.1014760" lon="-115.4913040">
    <ele>1354.0</ele>
   </trkpt>
   <trkpt lat="36.1014830" lon="-115.4912930">
    <ele>1354.0</ele>
   </trkpt>
   <trkpt lat="36.1014890" lon="-115.4912820">
    <ele>1354.0</ele>
   </trkpt>
   <trkpt lat="36.1014950" lon="-115.4912740">
    <ele>1354.0</ele>
   </trkpt>
   <trkpt lat="36.1015020" lon="-115.4912650">
    <ele>1354.0</ele>
   </trkpt>
   <trkpt lat="36.1015110" lon="-115.4912540">
    <ele>1354.0</ele>
   </trkpt>
   <trkpt lat="36.1015200" lon="-115.4912420">
    <ele>1354.0</ele>
   </trkpt>
   <trkpt lat="36.1015290" lon="-115.4912290">
    <ele>1354.0</ele>
   </trkpt>
   <trkpt lat="36.1015380" lon="-115.4912170">
    <ele>1353.0</ele>
   </trkpt>
   <trkpt lat="36.1015480" lon="-115.4912090">
    <ele>1353.0</ele>
   </trkpt>
   <trkpt lat="36.1015580" lon="-115.4912010">
    <ele>1353.0</ele>
   </trkpt>
   <trkpt lat="36.1015750" lon="-115.4912000">
    <ele>1353.0</ele>
   </trkpt>
   <trkpt lat="36.1015930" lon="-115.4911990">
    <ele>1353.0</ele>
   </trkpt>
   <trkpt lat="36.1015930" lon="-115.4911990">
    <ele>1352.0</ele>
   </trkpt>
   <trkpt lat="36.1015930" lon="-115.4911990">
    <ele>1352.0</ele>
   </trkpt>
   <trkpt lat="36.1015930" lon="-115.4911990">
    <ele>1352.0</ele>
   </trkpt>
   <trkpt lat="36.1015930" lon="-115.4911990">
    <ele>1352.0</ele>
   </trkpt>
   <trkpt lat="36.1015930" lon="-115.4911990">
    <ele>1352.0</ele>
   </trkpt>
   <trkpt lat="36.1015930" lon="-115.4911990">
    <ele>1351.0</ele>
   </trkpt>
   <trkpt lat="36.1016180" lon="-115.4911930">
    <ele>1351.0</ele>
   </trkpt>
   <trkpt lat="36.1016310" lon="-115.4911870">
    <ele>1351.0</ele>
   </trkpt>
   <trkpt lat="36.1016430" lon="-115.4911810">
    <ele>1351.0</ele>
   </trkpt>
   <trkpt lat="36.1016490" lon="-115.4911740">
    <ele>1351.0</ele>
   </trkpt>
   <trkpt lat="36.1016550" lon="-115.4911660">
    <ele>1351.0</ele>
   </trkpt>
   <trkpt lat="36.1016550" lon="-115.4911660">
    <ele>1351.0</ele>
   </trkpt>
   <trkpt lat="36.1016550" lon="-115.4911660">
    <ele>1351.0</ele>
   </trkpt>
   <trkpt lat="36.1016550" lon="-115.4911660">
    <ele>1351.0</ele>
   </trkpt>
   <trkpt lat="36.1016550" lon="-115.4911660">
    <ele>1351.0</ele>
   </trkpt>
   <trkpt lat="36.1016550" lon="-115.4911660">
    <ele>1350.0</ele>
   </trkpt>
   <trkpt lat="36.1016550" lon="-115.4911660">
    <ele>1350.0</ele>
   </trkpt>
   <trkpt lat="36.1016550" lon="-115.4911660">
    <ele>1350.0</ele>
   </trkpt>
   <trkpt lat="36.1016530" lon="-115.4911530">
    <ele>1350.0</ele>
   </trkpt>
   <trkpt lat="36.1016480" lon="-115.4911430">
    <ele>1350.0</ele>
   </trkpt>
   <trkpt lat="36.1016420" lon="-115.4911330">
    <ele>1349.0</ele>
   </trkpt>
   <trkpt lat="36.1016330" lon="-115.4911260">
    <ele>1349.0</ele>
   </trkpt>
   <trkpt lat="36.1016180" lon="-115.4911140">
    <ele>1349.0</ele>
   </trkpt>
   <trkpt lat="36.1016110" lon="-115.4911090">
    <ele>1349.0</ele>
   </trkpt>
   <trkpt lat="36.1016040" lon="-115.4911040">
    <ele>1349.0</ele>
   </trkpt>
   <trkpt lat="36.1015970" lon="-115.4910990">
    <ele>1349.0</ele>
   </trkpt>
   <trkpt lat="36.1015900" lon="-115.4910930">
    <ele>1349.0</ele>
   </trkpt>
   <trkpt lat="36.1015840" lon="-115.4910880">
    <ele>1349.0</ele>
   </trkpt>
   <trkpt lat="36.1015770" lon="-115.4910830">
    <ele>1349.0</ele>
   </trkpt>
   <trkpt lat="36.1015700" lon="-115.4910770">
    <ele>1349.0</ele>
   </trkpt>
   <trkpt lat="36.1015630" lon="-115.4910720">
    <ele>1348.0</ele>
   </trkpt>
   <trkpt lat="36.1015560" lon="-115.4910670">
    <ele>1348.0</ele>
   </trkpt>
   <trkpt lat="36.1015490" lon="-115.4910610">
    <ele>1348.0</ele>
   </trkpt>
   <trkpt lat="36.1015370" lon="-115.4910500">
    <ele>1348.0</ele>
   </trkpt>
   <trkpt lat="36.1015240" lon="-115.4910390">
    <ele>1348.0</ele>
   </trkpt>
   <trkpt lat="36.1015190" lon="-115.4910290">
    <ele>1348.0</ele>
   </trkpt>
   <trkpt lat="36.1015140" lon="-115.4910200">
    <ele>1348.0</ele>
   </trkpt>
   <trkpt lat="36.1015180" lon="-115.4910090">
    <ele>1348.0</ele>
   </trkpt>
   <trkpt lat="36.1015220" lon="-115.4909980">
    <ele>1348.0</ele>
   </trkpt>
   <trkpt lat="36.1015320" lon="-115.4909850">
    <ele>1348.0</ele>
   </trkpt>
   <trkpt lat="36.1015420" lon="-115.4909720">
    <ele>1347.0</ele>
   </trkpt>
   <trkpt lat="36.1015530" lon="-115.4909620">
    <ele>1347.0</ele>
   </trkpt>
   <trkpt lat="36.1015650" lon="-115.4909520">
    <ele>1347.0</ele>
   </trkpt>
   <trkpt lat="36.1015770" lon="-115.4909460">
    <ele>1347.0</ele>
   </trkpt>
   <trkpt lat="36.1015890" lon="-115.4909390">
    <ele>1347.0</ele>
   </trkpt>
   <trkpt lat="36.1015940" lon="-115.4909300">
    <ele>1347.0</ele>
   </trkpt>
   <trkpt lat="36.1015980" lon="-115.4909200">
    <ele>1347.0</ele>
   </trkpt>
   <trkpt lat="36.1015980" lon="-115.4909090">
    <ele>1347.0</ele>
   </trkpt>
   <trkpt lat="36.1015980" lon="-115.4908980">
    <ele>1347.0</ele>
   </trkpt>
   <trkpt lat="36.1016000" lon="-115.4908860">
    <ele>1347.0</ele>
   </trkpt>
   <trkpt lat="36.1016020" lon="-115.4908740">
    <ele>1346.0</ele>
   </trkpt>
   <trkpt lat="36.1016050" lon="-115.4908630">
    <ele>1346.0</ele>
   </trkpt>
   <trkpt lat="36.1016080" lon="-115.4908510">
    <ele>1346.0</ele>
   </trkpt>
   <trkpt lat="36.1016090" lon="-115.4908460">
    <ele>1346.0</ele>
   </trkpt>
   <trkpt lat="36.1016100" lon="-115.4908400">
    <ele>1346.0</ele>
   </trkpt>
   <trkpt lat="36.1016100" lon="-115.4908350">
    <ele>1345.0</ele>
   </trkpt>
   <trkpt lat="36.1016110" lon="-115.4908290">
    <ele>1345.0</ele>
   </trkpt>
   <trkpt lat="36.1016130" lon="-115.4908200">
    <ele>1345.0</ele>
   </trkpt>
   <trkpt lat="36.1016160" lon="-115.4908100">
    <ele>1345.0</ele>
   </trkpt>
   <trkpt lat="36.1016160" lon="-115.4908100">
    <ele>1345.0</ele>
   </trkpt>
   <trkpt lat="36.1016160" lon="-115.4908100">
    <ele>1345.0</ele>
   </trkpt>
   <trkpt lat="36.1016160" lon="-115.4908100">
    <ele>1345.0</ele>
   </trkpt>
   <trkpt lat="36.1016160" lon="-115.4908100">
    <ele>1345.0</ele>
   </trkpt>
   <trkpt lat="36.1016160" lon="-115.4908100">
    <ele>1345.0</ele>
   </trkpt>
   <trkpt lat="36.1016330" lon="-115.4907870">
    <ele>1345.0</ele>
   </trkpt>
   <trkpt lat="36.1016400" lon="-115.4907790">
    <ele>1344.0</ele>
   </trkpt>
   <trkpt lat="36.1016470" lon="-115.4907700">
    <ele>1344.0</ele>
   </trkpt>
   <trkpt lat="36.1016520" lon="-115.4907610">
    <ele>1344.0</ele>
   </trkpt>
   <trkpt lat="36.1016580" lon="-115.4907530">
    <ele>1344.0</ele>
   </trkpt>
   <trkpt lat="36.1016640" lon="-115.4907420">
    <ele>1344.0</ele>
   </trkpt>
   <trkpt lat="36.1016700" lon="-115.4907310">
    <ele>1343.0</ele>
   </trkpt>
   <trkpt lat="36.1016780" lon="-115.4907180">
    <ele>1343.0</ele>
   </trkpt>
   <trkpt lat="36.1016860" lon="-115.4907050">
    <ele>1343.0</ele>
   </trkpt>
   <trkpt lat="36.1016940" lon="-115.4906930">
    <ele>1343.0</ele>
   </trkpt>
   <trkpt lat="36.1017030" lon="-115.4906820">
    <ele>1343.0</ele>
   </trkpt>
   <trkpt lat="36.1017030" lon="-115.4906820">
    <ele>1343.0</ele>
   </trkpt>
   <trkpt lat="36.1017030" lon="-115.4906820">
    <ele>1343.0</ele>
   </trkpt>
   <trkpt lat="36.1017030" lon="-115.4906820">
    <ele>1343.0</ele>
   </trkpt>
   <trkpt lat="36.1017030" lon="-115.4906820">
    <ele>1343.0</ele>
   </trkpt>
   <trkpt lat="36.1017030" lon="-115.4906820">
    <ele>1343.0</ele>
   </trkpt>
   <trkpt lat="36.1017030" lon="-115.4906820">
    <ele>1342.0</ele>
   </trkpt>
   <trkpt lat="36.1017030" lon="-115.4906820">
    <ele>1342.0</ele>
   </trkpt>
   <trkpt lat="36.1017030" lon="-115.4906820">
    <ele>1342.0</ele>
   </trkpt>
   <trkpt lat="36.1017030" lon="-115.4906820">
    <ele>1342.0</ele>
   </trkpt>
   <trkpt lat="36.1017030" lon="-115.4906820">
    <ele>1342.0</ele>
   </trkpt>
   <trkpt lat="36.1017240" lon="-115.4906580">
    <ele>1341.0</ele>
   </trkpt>
   <trkpt lat="36.1017310" lon="-115.4906470">
    <ele>1341.0</ele>
   </trkpt>
   <trkpt lat="36.1017390" lon="-115.4906370">
    <ele>1341.0</ele>
   </trkpt>
   <trkpt lat="36.1017480" lon="-115.4906280">
    <ele>1341.0</ele>
   </trkpt>
   <trkpt lat="36.1017580" lon="-115.4906190">
    <ele>1341.0</ele>
   </trkpt>
   <trkpt lat="36.1017660" lon="-115.4906080">
    <ele>1340.0</ele>
   </trkpt>
   <trkpt lat="36.1017740" lon="-115.4905980">
    <ele>1340.0</ele>
   </trkpt>
   <trkpt lat="36.1017770" lon="-115.4905840">
    <ele>1340.0</ele>
   </trkpt>
   <trkpt lat="36.1017790" lon="-115.4905700">
    <ele>1340.0</ele>
   </trkpt>
   <trkpt lat="36.1017770" lon="-115.4905540">
    <ele>1340.0</ele>
   </trkpt>
   <trkpt lat="36.1017750" lon="-115.4905380">
    <ele>1340.0</ele>
   </trkpt>
   <trkpt lat="36.1017720" lon="-115.4905230">
    <ele>1340.0</ele>
   </trkpt>
   <trkpt lat="36.1017690" lon="-115.4905090">
    <ele>1340.0</ele>
   </trkpt>
   <trkpt lat="36.1017630" lon="-115.4904950">
    <ele>1340.0</ele>
   </trkpt>
   <trkpt lat="36.1017570" lon="-115.4904820">
    <ele>1340.0</ele>
   </trkpt>
   <trkpt lat="36.1017510" lon="-115.4904670">
    <ele>1339.0</ele>
   </trkpt>
   <trkpt lat="36.1017440" lon="-115.4904530">
    <ele>1339.0</ele>
   </trkpt>
   <trkpt lat="36.1017420" lon="-115.4904380">
    <ele>1339.0</ele>
   </trkpt>
   <trkpt lat="36.1017400" lon="-115.4904240">
    <ele>1339.0</ele>
   </trkpt>
   <trkpt lat="36.1017410" lon="-115.4904090">
    <ele>1339.0</ele>
   </trkpt>
   <trkpt lat="36.1017420" lon="-115.4903950">
    <ele>1338.0</ele>
   </trkpt>
   <trkpt lat="36.1017420" lon="-115.4903820">
    <ele>1338.0</ele>
   </trkpt>
   <trkpt lat="36.1017430" lon="-115.4903690">
    <ele>1338.0</ele>
   </trkpt>
   <trkpt lat="36.1017420" lon="-115.4903580">
    <ele>1338.0</ele>
   </trkpt>
   <trkpt lat="36.1017400" lon="-115.4903470">
    <ele>1338.0</ele>
   </trkpt>
   <trkpt lat="36.1017360" lon="-115.4903370">
    <ele>1338.0</ele>
   </trkpt>
   <trkpt lat="36.1017310" lon="-115.4903260">
    <ele>1338.0</ele>
   </trkpt>
   <trkpt lat="36.1017260" lon="-115.4903150">
    <ele>1338.0</ele>
   </trkpt>
   <trkpt lat="36.1017260" lon="-115.4903150">
    <ele>1338.0</ele>
   </trkpt>
   <trkpt lat="36.1017260" lon="-115.4903150">
    <ele>1338.0</ele>
   </trkpt>
   <trkpt lat="36.1017260" lon="-115.4903150">
    <ele>1337.0</ele>
   </trkpt>
   <trkpt lat="36.1017260" lon="-115.4903150">
    <ele>1337.0</ele>
   </trkpt>
   <trkpt lat="36.1017260" lon="-115.4903150">
    <ele>1337.0</ele>
   </trkpt>
   <trkpt lat="36.1017200" lon="-115.4903030">
    <ele>1337.0</ele>
   </trkpt>
   <trkpt lat="36.1017170" lon="-115.4902940">
    <ele>1337.0</ele>
   </trkpt>
   <trkpt lat="36.1017130" lon="-115.4902850">
    <ele>1337.0</ele>
   </trkpt>
   <trkpt lat="36.1017110" lon="-115.4902790">
    <ele>1337.0</ele>
   </trkpt>
   <trkpt lat="36.1017100" lon="-115.4902730">
    <ele>1337.0</ele>
   </trkpt>
   <trkpt lat="36.1017080" lon="-115.4902670">
    <ele>1337.0</ele>
   </trkpt>
   <trkpt lat="36.1017080" lon="-115.4902590">
    <ele>1337.0</ele>
   </trkpt>
   <trkpt lat="36.1017080" lon="-115.4902510">
    <ele>1336.0</ele>
   </trkpt>
   <trkpt lat="36.1017110" lon="-115.4902420">
    <ele>1336.0</ele>
   </trkpt>
   <trkpt lat="36.1017150" lon="-115.4902330">
    <ele>1336.0</ele>
   </trkpt>
   <trkpt lat="36.1017230" lon="-115.4902220">
    <ele>1336.0</ele>
   </trkpt>
   <trkpt lat="36.1017300" lon="-115.4902110">
    <ele>1336.0</ele>
   </trkpt>
   <trkpt lat="36.1017350" lon="-115.4901990">
    <ele>1336.0</ele>
   </trkpt>
   <trkpt lat="36.1017400" lon="-115.4901880">
    <ele>1336.0</ele>
   </trkpt>
   <trkpt lat="36.1017400" lon="-115.4901760">
    <ele>1336.0</ele>
   </trkpt>
   <trkpt lat="36.1017390" lon="-115.4901650">
    <ele>1336.0</ele>
   </trkpt>
   <trkpt lat="36.1017410" lon="-115.4901500">
    <ele>1336.0</ele>
   </trkpt>
   <trkpt lat="36.1017420" lon="-115.4901360">
    <ele>1336.0</ele>
   </trkpt>
   <trkpt lat="36.1017460" lon="-115.4901210">
    <ele>1336.0</ele>
   </trkpt>
   <trkpt lat="36.1017510" lon="-115.4901050">
    <ele>1336.0</ele>
   </trkpt>
   <trkpt lat="36.1017540" lon="-115.4900910">
    <ele>1336.0</ele>
   </trkpt>
   <trkpt lat="36.1017580" lon="-115.4900770">
    <ele>1336.0</ele>
   </trkpt>
   <trkpt lat="36.1017590" lon="-115.4900640">
    <ele>1335.0</ele>
   </trkpt>
   <trkpt lat="36.1017610" lon="-115.4900500">
    <ele>1335.0</ele>
   </trkpt>
   <trkpt lat="36.1017600" lon="-115.4900360">
    <ele>1335.0</ele>
   </trkpt>
   <trkpt lat="36.1017600" lon="-115.4900220">
    <ele>1335.0</ele>
   </trkpt>
   <trkpt lat="36.1017580" lon="-115.4900080">
    <ele>1335.0</ele>
   </trkpt>
   <trkpt lat="36.1017550" lon="-115.4899950">
    <ele>1335.0</ele>
   </trkpt>
   <trkpt lat="36.1017550" lon="-115.4899800">
    <ele>1335.0</ele>
   </trkpt>
   <trkpt lat="36.1017540" lon="-115.4899650">
    <ele>1335.0</ele>
   </trkpt>
   <trkpt lat="36.1017560" lon="-115.4899510">
    <ele>1335.0</ele>
   </trkpt>
   <trkpt lat="36.1017580" lon="-115.4899360">
    <ele>1335.0</ele>
   </trkpt>
   <trkpt lat="36.1017560" lon="-115.4899240">
    <ele>1334.0</ele>
   </trkpt>
   <trkpt lat="36.1017540" lon="-115.4899110">
    <ele>1334.0</ele>
   </trkpt>
   <trkpt lat="36.1017480" lon="-115.4898990">
    <ele>1334.0</ele>
   </trkpt>
   <trkpt lat="36.1017420" lon="-115.4898860">
    <ele>1334.0</ele>
   </trkpt>
   <trkpt lat="36.1017350" lon="-115.4898780">
    <ele>1334.0</ele>
   </trkpt>
   <trkpt lat="36.1017280" lon="-115.4898700">
    <ele>1334.0</ele>
   </trkpt>
   <trkpt lat="36.1017230" lon="-115.4898660">
    <ele>1334.0</ele>
   </trkpt>
   <trkpt lat="36.1017190" lon="-115.4898620">
    <ele>1334.0</ele>
   </trkpt>
   <trkpt lat="36.1017120" lon="-115.4898540">
    <ele>1334.0</ele>
   </trkpt>
   <trkpt lat="36.1017060" lon="-115.4898470">
    <ele>1334.0</ele>
   </trkpt>
   <trkpt lat="36.1017050" lon="-115.4898370">
    <ele>1333.0</ele>
   </trkpt>
   <trkpt lat="36.1017040" lon="-115.4898280">
    <ele>1333.0</ele>
   </trkpt>
   <trkpt lat="36.1017070" lon="-115.4898190">
    <ele>1333.0</ele>
   </trkpt>
   <trkpt lat="36.1017100" lon="-115.4898090">
    <ele>1333.0</ele>
   </trkpt>
   <trkpt lat="36.1017120" lon="-115.4898000">
    <ele>1333.0</ele>
   </trkpt>
   <trkpt lat="36.1017140" lon="-115.4897910">
    <ele>1332.0</ele>
   </trkpt>
   <trkpt lat="36.1017110" lon="-115.4897830">
    <ele>1332.0</ele>
   </trkpt>
   <trkpt lat="36.1017080" lon="-115.4897750">
    <ele>1332.0</ele>
   </trkpt>
   <trkpt lat="36.1017050" lon="-115.4897670">
    <ele>1332.0</ele>
   </trkpt>
   <trkpt lat="36.1017020" lon="-115.4897590">
    <ele>1332.0</ele>
   </trkpt>
   <trkpt lat="36.1017000" lon="-115.4897500">
    <ele>1331.0</ele>
   </trkpt>
   <trkpt lat="36.1016970" lon="-115.4897410">
    <ele>1331.0</ele>
   </trkpt>
   <trkpt lat="36.1016950" lon="-115.4897290">
    <ele>1331.0</ele>
   </trkpt>
   <trkpt lat="36.1016940" lon="-115.4897170">
    <ele>1331.0</ele>
   </trkpt>
   <trkpt lat="36.1016920" lon="-115.4897040">
    <ele>1331.0</ele>
   </trkpt>
   <trkpt lat="36.1016910" lon="-115.4896910">
    <ele>1330.0</ele>
   </trkpt>
   <trkpt lat="36.1016910" lon="-115.4896750">
    <ele>1330.0</ele>
   </trkpt>
   <trkpt lat="36.1016910" lon="-115.4896600">
    <ele>1330.0</ele>
   </trkpt>
   <trkpt lat="36.1016920" lon="-115.4896440">
    <ele>1330.0</ele>
   </trkpt>
   <trkpt lat="36.1016930" lon="-115.4896290">
    <ele>1330.0</ele>
   </trkpt>
   <trkpt lat="36.1016940" lon="-115.4896140">
    <ele>1329.0</ele>
   </trkpt>
   <trkpt lat="36.1016950" lon="-115.4895990">
    <ele>1329.0</ele>
   </trkpt>
   <trkpt lat="36.1016980" lon="-115.4895830">
    <ele>1329.0</ele>
   </trkpt>
   <trkpt lat="36.1017000" lon="-115.4895680">
    <ele>1329.0</ele>
   </trkpt>
   <trkpt lat="36.1017030" lon="-115.4895530">
    <ele>1329.0</ele>
   </trkpt>
   <trkpt lat="36.1017050" lon="-115.4895370">
    <ele>1328.0</ele>
   </trkpt>
   <trkpt lat="36.1017090" lon="-115.4895230">
    <ele>1328.0</ele>
   </trkpt>
   <trkpt lat="36.1017130" lon="-115.4895080">
    <ele>1328.0</ele>
   </trkpt>
   <trkpt lat="36.1017160" lon="-115.4894950">
    <ele>1328.0</ele>
   </trkpt>
   <trkpt lat="36.1017190" lon="-115.4894830">
    <ele>1328.0</ele>
   </trkpt>
   <trkpt lat="36.1017180" lon="-115.4894750">
    <ele>1328.0</ele>
   </trkpt>
   <trkpt lat="36.1017160" lon="-115.4894680">
    <ele>1328.0</ele>
   </trkpt>
   <trkpt lat="36.1017100" lon="-115.4894650">
    <ele>1328.0</ele>
   </trkpt>
   <trkpt lat="36.1017050" lon="-115.4894620">
    <ele>1328.0</ele>
   </trkpt>
   <trkpt lat="36.1017010" lon="-115.4894560">
    <ele>1328.0</ele>
   </trkpt>
   <trkpt lat="36.1016970" lon="-115.4894500">
    <ele>1327.0</ele>
   </trkpt>
   <trkpt lat="36.1016970" lon="-115.4894500">
    <ele>1327.0</ele>
   </trkpt>
   <trkpt lat="36.1016970" lon="-115.4894500">
    <ele>1327.0</ele>
   </trkpt>
   <trkpt lat="36.1016970" lon="-115.4894500">
    <ele>1327.0</ele>
   </trkpt>
   <trkpt lat="36.1016970" lon="-115.4894500">
    <ele>1327.0</ele>
   </trkpt>
   <trkpt lat="36.1016970" lon="-115.4894500">
    <ele>1326.0</ele>
   </trkpt>
   <trkpt lat="36.1017010" lon="-115.4894310">
    <ele>1326.0</ele>
   </trkpt>
   <trkpt lat="36.1017040" lon="-115.4894210">
    <ele>1326.0</ele>
   </trkpt>
   <trkpt lat="36.1017080" lon="-115.4894110">
    <ele>1326.0</ele>
   </trkpt>
   <trkpt lat="36.1017130" lon="-115.4893960">
    <ele>1326.0</ele>
   </trkpt>
   <trkpt lat="36.1017170" lon="-115.4893800">
    <ele>1326.0</ele>
   </trkpt>
   <trkpt lat="36.1017260" lon="-115.4893570">
    <ele>1326.0</ele>
   </trkpt>
   <trkpt lat="36.1017350" lon="-115.4893350">
    <ele>1326.0</ele>
   </trkpt>
   <trkpt lat="36.1017480" lon="-115.4893130">
    <ele>1326.0</ele>
   </trkpt>
   <trkpt lat="36.1017610" lon="-115.4892900">
    <ele>1326.0</ele>
   </trkpt>
   <trkpt lat="36.1017690" lon="-115.4892770">
    <ele>1325.0</ele>
   </trkpt>
   <trkpt lat="36.1017780" lon="-115.4892650">
    <ele>1325.0</ele>
   </trkpt>
   <trkpt lat="36.1017860" lon="-115.4892520">
    <ele>1325.0</ele>
   </trkpt>
   <trkpt lat="36.1017940" lon="-115.4892370">
    <ele>1325.0</ele>
   </trkpt>
   <trkpt lat="36.1018010" lon="-115.4892230">
    <ele>1325.0</ele>
   </trkpt>
   <trkpt lat="36.1018050" lon="-115.4892070">
    <ele>1324.0</ele>
   </trkpt>
   <trkpt lat="36.1018090" lon="-115.4891910">
    <ele>1324.0</ele>
   </trkpt>
   <trkpt lat="36.1018110" lon="-115.4891740">
    <ele>1324.0</ele>
   </trkpt>
   <trkpt lat="36.1018130" lon="-115.4891580">
    <ele>1324.0</ele>
   </trkpt>
   <trkpt lat="36.1018140" lon="-115.4891420">
    <ele>1324.0</ele>
   </trkpt>
   <trkpt lat="36.1018150" lon="-115.4891270">
    <ele>1324.0</ele>
   </trkpt>
   <trkpt lat="36.1018150" lon="-115.4891140">
    <ele>1324.0</ele>
   </trkpt>
   <trkpt lat="36.1018160" lon="-115.4891010">
    <ele>1324.0</ele>
   </trkpt>
   <trkpt lat="36.1018150" lon="-115.4890860">
    <ele>1324.0</ele>
   </trkpt>
   <trkpt lat="36.1018130" lon="-115.4890720">
    <ele>1324.0</ele>
   </trkpt>
   <trkpt lat="36.1018090" lon="-115.4890590">
    <ele>1323.0</ele>
   </trkpt>
   <trkpt lat="36.1018050" lon="-115.4890450">
    <ele>1323.0</ele>
   </trkpt>
   <trkpt lat="36.1017990" lon="-115.4890320">
    <ele>1323.0</ele>
   </trkpt>
   <trkpt lat="36.1017930" lon="-115.4890190">
    <ele>1323.0</ele>
   </trkpt>
   <trkpt lat="36.1017860" lon="-115.4890070">
    <ele>1323.0</ele>
   </trkpt>
   <trkpt lat="36.1017790" lon="-115.4889950">
    <ele>1322.0</ele>
   </trkpt>
   <trkpt lat="36.1017720" lon="-115.4889840">
    <ele>1322.0</ele>
   </trkpt>
   <trkpt lat="36.1017640" lon="-115.4889740">
    <ele>1322.0</ele>
   </trkpt>
   <trkpt lat="36.1017600" lon="-115.4889630">
    <ele>1322.0</ele>
   </trkpt>
   <trkpt lat="36.1017560" lon="-115.4889530">
    <ele>1322.0</ele>
   </trkpt>
   <trkpt lat="36.1017580" lon="-115.4889430">
    <ele>1321.0</ele>
   </trkpt>
   <trkpt lat="36.1017600" lon="-115.4889330">
    <ele>1321.0</ele>
   </trkpt>
   <trkpt lat="36.1017670" lon="-115.4889240">
    <ele>1321.0</ele>
   </trkpt>
   <trkpt lat="36.1017740" lon="-115.4889150">
    <ele>1321.0</ele>
   </trkpt>
   <trkpt lat="36.1017820" lon="-115.4889030">
    <ele>1321.0</ele>
   </trkpt>
   <trkpt lat="36.1017900" lon="-115.4888920">
    <ele>1321.0</ele>
   </trkpt>
   <trkpt lat="36.1017950" lon="-115.4888790">
    <ele>1321.0</ele>
   </trkpt>
   <trkpt lat="36.1018000" lon="-115.4888670">
    <ele>1321.0</ele>
   </trkpt>
   <trkpt lat="36.1017980" lon="-115.4888540">
    <ele>1321.0</ele>
   </trkpt>
   <trkpt lat="36.1017970" lon="-115.4888420">
    <ele>1321.0</ele>
   </trkpt>
   <trkpt lat="36.1017870" lon="-115.4888260">
    <ele>1321.0</ele>
   </trkpt>
   <trkpt lat="36.1017780" lon="-115.4888100">
    <ele>1321.0</ele>
   </trkpt>
   <trkpt lat="36.1017670" lon="-115.4887880">
    <ele>1321.0</ele>
   </trkpt>
   <trkpt lat="36.1017560" lon="-115.4887660">
    <ele>1321.0</ele>
   </trkpt>
   <trkpt lat="36.1017500" lon="-115.4887390">
    <ele>1321.0</ele>
   </trkpt>
   <trkpt lat="36.1017440" lon="-115.4887120">
    <ele>1320.0</ele>
   </trkpt>
   <trkpt lat="36.1017420" lon="-115.4886870">
    <ele>1320.0</ele>
   </trkpt>
   <trkpt lat="36.1017390" lon="-115.4886620">
    <ele>1320.0</ele>
   </trkpt>
   <trkpt lat="36.1017400" lon="-115.4886400">
    <ele>1320.0</ele>
   </trkpt>
   <trkpt lat="36.1017410" lon="-115.4886180">
    <ele>1320.0</ele>
   </trkpt>
   <trkpt lat="36.1017480" lon="-115.4886000">
    <ele>1320.0</ele>
   </trkpt>
   <trkpt lat="36.1017540" lon="-115.4885820">
    <ele>1320.0</ele>
   </trkpt>
   <trkpt lat="36.1017650" lon="-115.4885680">
    <ele>1320.0</ele>
   </trkpt>
   <trkpt lat="36.1017760" lon="-115.4885530">
    <ele>1320.0</ele>
   </trkpt>
   <trkpt lat="36.1017840" lon="-115.4885410">
    <ele>1320.0</ele>
   </trkpt>
   <trkpt lat="36.1017920" lon="-115.4885280">
    <ele>1319.0</ele>
   </trkpt>
   <trkpt lat="36.1017950" lon="-115.4885210">
    <ele>1319.0</ele>
   </trkpt>
   <trkpt lat="36.1017980" lon="-115.4885130">
    <ele>1319.0</ele>
   </trkpt>
   <trkpt lat="36.1018010" lon="-115.4885050">
    <ele>1319.0</ele>
   </trkpt>
   <trkpt lat="36.1018010" lon="-115.4884920">
    <ele>1319.0</ele>
   </trkpt>
   <trkpt lat="36.1018000" lon="-115.4884790">
    <ele>1318.0</ele>
   </trkpt>
   <trkpt lat="36.1017950" lon="-115.4884640">
    <ele>1318.0</ele>
   </trkpt>
   <trkpt lat="36.1017900" lon="-115.4884490">
    <ele>1317.0</ele>
   </trkpt>
   <trkpt lat="36.1017850" lon="-115.4884320">
    <ele>1317.0</ele>
   </trkpt>
   <trkpt lat="36.1017800" lon="-115.4884160">
    <ele>1317.0</ele>
   </trkpt>
   <trkpt lat="36.1017790" lon="-115.4883980">
    <ele>1317.0</ele>
   </trkpt>
   <trkpt lat="36.1017780" lon="-115.4883800">
    <ele>1317.0</ele>
   </trkpt>
   <trkpt lat="36.1017810" lon="-115.4883650">
    <ele>1317.0</ele>
   </trkpt>
   <trkpt lat="36.1017840" lon="-115.4883510">
    <ele>1317.0</ele>
   </trkpt>
   <trkpt lat="36.1017880" lon="-115.4883400">
    <ele>1317.0</ele>
   </trkpt>
   <trkpt lat="36.1017920" lon="-115.4883300">
    <ele>1316.0</ele>
   </trkpt>
   <trkpt lat="36.1017910" lon="-115.4883220">
    <ele>1316.0</ele>
   </trkpt>
   <trkpt lat="36.1017910" lon="-115.4883130">
    <ele>1316.0</ele>
   </trkpt>
   <trkpt lat="36.1017860" lon="-115.4883040">
    <ele>1316.0</ele>
   </trkpt>
   <trkpt lat="36.1017810" lon="-115.4882960">
    <ele>1316.0</ele>
   </trkpt>
   <trkpt lat="36.1017710" lon="-115.4882830">
    <ele>1316.0</ele>
   </trkpt>
   <trkpt lat="36.1017610" lon="-115.4882710">
    <ele>1316.0</ele>
   </trkpt>
   <trkpt lat="36.1017510" lon="-115.4882560">
    <ele>1316.0</ele>
   </trkpt>
   <trkpt lat="36.1017420" lon="-115.4882400">
    <ele>1316.0</ele>
   </trkpt>
   <trkpt lat="36.1017360" lon="-115.4882250">
    <ele>1316.0</ele>
   </trkpt>
   <trkpt lat="36.1017310" lon="-115.4882100">
    <ele>1315.0</ele>
   </trkpt>
   <trkpt lat="36.1017300" lon="-115.4881940">
    <ele>1315.0</ele>
   </trkpt>
   <trkpt lat="36.1017290" lon="-115.4881790">
    <ele>1315.0</ele>
   </trkpt>
   <trkpt lat="36.1017300" lon="-115.4881650">
    <ele>1315.0</ele>
   </trkpt>
   <trkpt lat="36.1017320" lon="-115.4881500">
    <ele>1315.0</ele>
   </trkpt>
   <trkpt lat="36.1017380" lon="-115.4881380">
    <ele>1315.0</ele>
   </trkpt>
   <trkpt lat="36.1017450" lon="-115.4881250">
    <ele>1315.0</ele>
   </trkpt>
   <trkpt lat="36.1017550" lon="-115.4881120">
    <ele>1315.0</ele>
   </trkpt>
   <trkpt lat="36.1017650" lon="-115.4880990">
    <ele>1315.0</ele>
   </trkpt>
   <trkpt lat="36.1017740" lon="-115.4880870">
    <ele>1315.0</ele>
   </trkpt>
   <trkpt lat="36.1017830" lon="-115.4880750">
    <ele>1314.0</ele>
   </trkpt>
   <trkpt lat="36.1017920" lon="-115.4880630">
    <ele>1314.0</ele>
   </trkpt>
   <trkpt lat="36.1018010" lon="-115.4880500">
    <ele>1314.0</ele>
   </trkpt>
   <trkpt lat="36.1018070" lon="-115.4880310">
    <ele>1314.0</ele>
   </trkpt>
   <trkpt lat="36.1018130" lon="-115.4880110">
    <ele>1314.0</ele>
   </trkpt>
   <trkpt lat="36.1018200" lon="-115.4879880">
    <ele>1313.0</ele>
   </trkpt>
   <trkpt lat="36.1018260" lon="-115.4879650">
    <ele>1313.0</ele>
   </trkpt>
   <trkpt lat="36.1018330" lon="-115.4879440">
    <ele>1313.0</ele>
   </trkpt>
   <trkpt lat="36.1018390" lon="-115.4879230">
    <ele>1313.0</ele>
   </trkpt>
   <trkpt lat="36.1018430" lon="-115.4879040">
    <ele>1313.0</ele>
   </trkpt>
   <trkpt lat="36.1018470" lon="-115.4878850">
    <ele>1312.0</ele>
   </trkpt>
   <trkpt lat="36.1018490" lon="-115.4878680">
    <ele>1312.0</ele>
   </trkpt>
   <trkpt lat="36.1018500" lon="-115.4878500">
    <ele>1312.0</ele>
   </trkpt>
   <trkpt lat="36.1018460" lon="-115.4878330">
    <ele>1312.0</ele>
   </trkpt>
   <trkpt lat="36.1018430" lon="-115.4878150">
    <ele>1312.0</ele>
   </trkpt>
   <trkpt lat="36.1018400" lon="-115.4877970">
    <ele>1311.0</ele>
   </trkpt>
   <trkpt lat="36.1018360" lon="-115.4877790">
    <ele>1311.0</ele>
   </trkpt>
   <trkpt lat="36.1018320" lon="-115.4877590">
    <ele>1311.0</ele>
   </trkpt>
   <trkpt lat="36.1018280" lon="-115.4877390">
    <ele>1311.0</ele>
   </trkpt>
   <trkpt lat="36.1018230" lon="-115.4877190">
    <ele>1311.0</ele>
   </trkpt>
   <trkpt lat="36.1018180" lon="-115.4876990">
    <ele>1310.0</ele>
   </trkpt>
   <trkpt lat="36.1018120" lon="-115.4876830">
    <ele>1310.0</ele>
   </trkpt>
   <trkpt lat="36.1018070" lon="-115.4876680">
    <ele>1310.0</ele>
   </trkpt>
   <trkpt lat="36.1018000" lon="-115.4876540">
    <ele>1310.0</ele>
   </trkpt>
   <trkpt lat="36.1017920" lon="-115.4876400">
    <ele>1310.0</ele>
   </trkpt>
   <trkpt lat="36.1017860" lon="-115.4876260">
    <ele>1309.0</ele>
   </trkpt>
   <trkpt lat="36.1017790" lon="-115.4876120">
    <ele>1309.0</ele>
   </trkpt>
   <trkpt lat="36.1017770" lon="-115.4875990">
    <ele>1309.0</ele>
   </trkpt>
   <trkpt lat="36.1017760" lon="-115.4875870">
    <ele>1309.0</ele>
   </trkpt>
   <trkpt lat="36.1017770" lon="-115.4875740">
    <ele>1309.0</ele>
   </trkpt>
   <trkpt lat="36.1017790" lon="-115.4875620">
    <ele>1308.0</ele>
   </trkpt>
   <trkpt lat="36.1017820" lon="-115.4875500">
    <ele>1308.0</ele>
   </trkpt>
   <trkpt lat="36.1017850" lon="-115.4875370">
    <ele>1308.0</ele>
   </trkpt>
   <trkpt lat="36.1017920" lon="-115.4875250">
    <ele>1308.0</ele>
   </trkpt>
   <trkpt lat="36.1017990" lon="-115.4875130">
    <ele>1308.0</ele>
   </trkpt>
   <trkpt lat="36.1018030" lon="-115.4875020">
    <ele>1308.0</ele>
   </trkpt>
   <trkpt lat="36.1018070" lon="-115.4874900">
    <ele>1308.0</ele>
   </trkpt>
   <trkpt lat="36.1018110" lon="-115.4874780">
    <ele>1308.0</ele>
   </trkpt>
   <trkpt lat="36.1018120" lon="-115.4874750">
    <ele>1308.0</ele>
   </trkpt>
   <trkpt lat="36.1018130" lon="-115.4874710">
    <ele>1308.0</ele>
   </trkpt>
   <trkpt lat="36.1018140" lon="-115.4874680">
    <ele>1307.0</ele>
   </trkpt>
   <trkpt lat="36.1018150" lon="-115.4874640">
    <ele>1307.0</ele>
   </trkpt>
   <trkpt lat="36.1018160" lon="-115.4874610">
    <ele>1307.0</ele>
   </trkpt>
   <trkpt lat="36.1018200" lon="-115.4874490">
    <ele>1307.0</ele>
   </trkpt>
   <trkpt lat="36.1018240" lon="-115.4874380">
    <ele>1307.0</ele>
   </trkpt>
   <trkpt lat="36.1018280" lon="-115.4874290">
    <ele>1307.0</ele>
   </trkpt>
   <trkpt lat="36.1018320" lon="-115.4874200">
    <ele>1307.0</ele>
   </trkpt>
   <trkpt lat="36.1018360" lon="-115.4874080">
    <ele>1307.0</ele>
   </trkpt>
   <trkpt lat="36.1018400" lon="-115.4873960">
    <ele>1307.0</ele>
   </trkpt>
   <trkpt lat="36.1018480" lon="-115.4873780">
    <ele>1307.0</ele>
   </trkpt>
   <trkpt lat="36.1018550" lon="-115.4873600">
    <ele>1307.0</ele>
   </trkpt>
   <trkpt lat="36.1018630" lon="-115.4873430">
    <ele>1307.0</ele>
   </trkpt>
   <trkpt lat="36.1018700" lon="-115.4873250">
    <ele>1307.0</ele>
   </trkpt>
   <trkpt lat="36.1018700" lon="-115.4873250">
    <ele>1307.0</ele>
   </trkpt>
   <trkpt lat="36.1018700" lon="-115.4873250">
    <ele>1308.0</ele>
   </trkpt>
   <trkpt lat="36.1018700" lon="-115.4873250">
    <ele>1308.0</ele>
   </trkpt>
   <trkpt lat="36.1018700" lon="-115.4873250">
    <ele>1308.0</ele>
   </trkpt>
   <trkpt lat="36.1018700" lon="-115.4873250">
    <ele>1308.0</ele>
   </trkpt>
   <trkpt lat="36.1018700" lon="-115.4873250">
    <ele>1308.0</ele>
   </trkpt>
   <trkpt lat="36.1018700" lon="-115.4873250">
    <ele>1308.0</ele>
   </trkpt>
   <trkpt lat="36.1018700" lon="-115.4873250">
    <ele>1308.0</ele>
   </trkpt>
   <trkpt lat="36.1018740" lon="-115.4873160">
    <ele>1308.0</ele>
   </trkpt>
   <trkpt lat="36.1018760" lon="-115.4873100">
    <ele>1308.0</ele>
   </trkpt>
   <trkpt lat="36.1018780" lon="-115.4873050">
    <ele>1308.0</ele>
   </trkpt>
   <trkpt lat="36.1018820" lon="-115.4872980">
    <ele>1309.0</ele>
   </trkpt>
   <trkpt lat="36.1018860" lon="-115.4872910">
    <ele>1309.0</ele>
   </trkpt>
   <trkpt lat="36.1018930" lon="-115.4872810">
    <ele>1309.0</ele>
   </trkpt>
   <trkpt lat="36.1019000" lon="-115.4872710">
    <ele>1309.0</ele>
   </trkpt>
   <trkpt lat="36.1019090" lon="-115.4872600">
    <ele>1309.0</ele>
   </trkpt>
   <trkpt lat="36.1019170" lon="-115.4872490">
    <ele>1309.0</ele>
   </trkpt>
   <trkpt lat="36.1019270" lon="-115.4872370">
    <ele>1309.0</ele>
   </trkpt>
   <trkpt lat="36.1019370" lon="-115.4872250">
    <ele>1309.0</ele>
   </trkpt>
   <trkpt lat="36.1019500" lon="-115.4872120">
    <ele>1309.0</ele>
   </trkpt>
   <trkpt lat="36.1019620" lon="-115.4871990">
    <ele>1309.0</ele>
   </trkpt>
   <trkpt lat="36.1019810" lon="-115.4871880">
    <ele>1310.0</ele>
   </trkpt>
   <trkpt lat="36.1019990" lon="-115.4871770">
    <ele>1310.0</ele>
   </trkpt>
   <trkpt lat="36.1020210" lon="-115.4871690">
    <ele>1310.0</ele>
   </trkpt>
   <trkpt lat="36.1020420" lon="-115.4871620">
    <ele>1310.0</ele>
   </trkpt>
   <trkpt lat="36.1020610" lon="-115.4871580">
    <ele>1310.0</ele>
   </trkpt>
   <trkpt lat="36.1020790" lon="-115.4871550">
    <ele>1310.0</ele>
   </trkpt>
   <trkpt lat="36.1020970" lon="-115.4871510">
    <ele>1310.0</ele>
   </trkpt>
   <trkpt lat="36.1021160" lon="-115.4871460">
    <ele>1310.0</ele>
   </trkpt>
   <trkpt lat="36.1021350" lon="-115.4871410">
    <ele>1310.0</ele>
   </trkpt>
   <trkpt lat="36.1021530" lon="-115.4871340">
    <ele>1310.0</ele>
   </trkpt>
   <trkpt lat="36.1021720" lon="-115.4871260">
    <ele>1311.0</ele>
   </trkpt>
   <trkpt lat="36.1021850" lon="-115.4871090">
    <ele>1311.0</ele>
   </trkpt>
   <trkpt lat="36.1021980" lon="-115.4870920">
    <ele>1311.0</ele>
   </trkpt>
   <trkpt lat="36.1022050" lon="-115.4870640">
    <ele>1311.0</ele>
   </trkpt>
   <trkpt lat="36.1022120" lon="-115.4870370">
    <ele>1311.0</ele>
   </trkpt>
   <trkpt lat="36.1022200" lon="-115.4870040">
    <ele>1311.0</ele>
   </trkpt>
   <trkpt lat="36.1022280" lon="-115.4869720">
    <ele>1310.0</ele>
   </trkpt>
   <trkpt lat="36.1022390" lon="-115.4869430">
    <ele>1310.0</ele>
   </trkpt>
   <trkpt lat="36.1022500" lon="-115.4869140">
    <ele>1310.0</ele>
   </trkpt>
   <trkpt lat="36.1022620" lon="-115.4868880">
    <ele>1310.0</ele>
   </trkpt>
   <trkpt lat="36.1022740" lon="-115.4868620">
    <ele>1310.0</ele>
   </trkpt>
   <trkpt lat="36.1022810" lon="-115.4868400">
    <ele>1309.0</ele>
   </trkpt>
   <trkpt lat="36.1022890" lon="-115.4868180">
    <ele>1309.0</ele>
   </trkpt>
   <trkpt lat="36.1022980" lon="-115.4867990">
    <ele>1309.0</ele>
   </trkpt>
   <trkpt lat="36.1023080" lon="-115.4867810">
    <ele>1309.0</ele>
   </trkpt>
   <trkpt lat="36.1023220" lon="-115.4867630">
    <ele>1309.0</ele>
   </trkpt>
   <trkpt lat="36.1023360" lon="-115.4867460">
    <ele>1308.0</ele>
   </trkpt>
   <trkpt lat="36.1023520" lon="-115.4867310">
    <ele>1308.0</ele>
   </trkpt>
   <trkpt lat="36.1023680" lon="-115.4867150">
    <ele>1308.0</ele>
   </trkpt>
   <trkpt lat="36.1023880" lon="-115.4867010">
    <ele>1308.0</ele>
   </trkpt>
   <trkpt lat="36.1024080" lon="-115.4866880">
    <ele>1308.0</ele>
   </trkpt>
   <trkpt lat="36.1024320" lon="-115.4866750">
    <ele>1307.0</ele>
   </trkpt>
   <trkpt lat="36.1024560" lon="-115.4866630">
    <ele>1307.0</ele>
   </trkpt>
   <trkpt lat="36.1024740" lon="-115.4866510">
    <ele>1307.0</ele>
   </trkpt>
   <trkpt lat="36.1024930" lon="-115.4866380">
    <ele>1307.0</ele>
   </trkpt>
   <trkpt lat="36.1025040" lon="-115.4866210">
    <ele>1307.0</ele>
   </trkpt>
   <trkpt lat="36.1025140" lon="-115.4866040">
    <ele>1307.0</ele>
   </trkpt>
   <trkpt lat="36.1025200" lon="-115.4865840">
    <ele>1307.0</ele>
   </trkpt>
   <trkpt lat="36.1025250" lon="-115.4865630">
    <ele>1307.0</ele>
   </trkpt>
   <trkpt lat="36.1025310" lon="-115.4865440">
    <ele>1307.0</ele>
   </trkpt>
   <trkpt lat="36.1025360" lon="-115.4865250">
    <ele>1307.0</ele>
   </trkpt>
   <trkpt lat="36.1025440" lon="-115.4865110">
    <ele>1306.0</ele>
   </trkpt>
   <trkpt lat="36.1025520" lon="-115.4864970">
    <ele>1306.0</ele>
   </trkpt>
   <trkpt lat="36.1025530" lon="-115.4864930">
    <ele>1306.0</ele>
   </trkpt>
   <trkpt lat="36.1025540" lon="-115.4864890">
    <ele>1306.0</ele>
   </trkpt>
   <trkpt lat="36.1025550" lon="-115.4864860">
    <ele>1306.0</ele>
   </trkpt>
   <trkpt lat="36.1025580" lon="-115.4864770">
    <ele>1306.0</ele>
   </trkpt>
   <trkpt lat="36.1025600" lon="-115.4864690">
    <ele>1306.0</ele>
   </trkpt>
   <trkpt lat="36.1025660" lon="-115.4864600">
    <ele>1306.0</ele>
   </trkpt>
   <trkpt lat="36.1025710" lon="-115.4864520">
    <ele>1306.0</ele>
   </trkpt>
   <trkpt lat="36.1025750" lon="-115.4864390">
    <ele>1306.0</ele>
   </trkpt>
   <trkpt lat="36.1025800" lon="-115.4864260">
    <ele>1306.0</ele>
   </trkpt>
   <trkpt lat="36.1025840" lon="-115.4864140">
    <ele>1306.0</ele>
   </trkpt>
   <trkpt lat="36.1025890" lon="-115.4864020">
    <ele>1306.0</ele>
   </trkpt>
   <trkpt lat="36.1025930" lon="-115.4863920">
    <ele>1306.0</ele>
   </trkpt>
   <trkpt lat="36.1025970" lon="-115.4863810">
    <ele>1307.0</ele>
   </trkpt>
   <trkpt lat="36.1026040" lon="-115.4863700">
    <ele>1307.0</ele>
   </trkpt>
   <trkpt lat="36.1026110" lon="-115.4863590">
    <ele>1307.0</ele>
   </trkpt>
   <trkpt lat="36.1026180" lon="-115.4863460">
    <ele>1307.0</ele>
   </trkpt>
   <trkpt lat="36.1026260" lon="-115.4863330">
    <ele>1307.0</ele>
   </trkpt>
   <trkpt lat="36.1026340" lon="-115.4863160">
    <ele>1307.0</ele>
   </trkpt>
   <trkpt lat="36.1026420" lon="-115.4862990">
    <ele>1307.0</ele>
   </trkpt>
   <trkpt lat="36.1026440" lon="-115.4862770">
    <ele>1307.0</ele>
   </trkpt>
   <trkpt lat="36.1026470" lon="-115.4862550">
    <ele>1307.0</ele>
   </trkpt>
   <trkpt lat="36.1026410" lon="-115.4862320">
    <ele>1307.0</ele>
   </trkpt>
   <trkpt lat="36.1026340" lon="-115.4862080">
    <ele>1307.0</ele>
   </trkpt>
   <trkpt lat="36.1026230" lon="-115.4861870">
    <ele>1307.0</ele>
   </trkpt>
   <trkpt lat="36.1026110" lon="-115.4861650">
    <ele>1307.0</ele>
   </trkpt>
   <trkpt lat="36.1025990" lon="-115.4861450">
    <ele>1307.0</ele>
   </trkpt>
   <trkpt lat="36.1025870" lon="-115.4861240">
    <ele>1307.0</ele>
   </trkpt>
   <trkpt lat="36.1025780" lon="-115.4861010">
    <ele>1307.0</ele>
   </trkpt>
   <trkpt lat="36.1025680" lon="-115.4860780">
    <ele>1306.0</ele>
   </trkpt>
   <trkpt lat="36.1025650" lon="-115.4860490">
    <ele>1306.0</ele>
   </trkpt>
   <trkpt lat="36.1025620" lon="-115.4860200">
    <ele>1305.0</ele>
   </trkpt>
   <trkpt lat="36.1025650" lon="-115.4859860">
    <ele>1305.0</ele>
   </trkpt>
   <trkpt lat="36.1025680" lon="-115.4859530">
    <ele>1305.0</ele>
   </trkpt>
   <trkpt lat="36.1025760" lon="-115.4859210">
    <ele>1304.0</ele>
   </trkpt>
   <trkpt lat="36.1025850" lon="-115.4858890">
    <ele>1304.0</ele>
   </trkpt>
   <trkpt lat="36.1026010" lon="-115.4858610">
    <ele>1304.0</ele>
   </trkpt>
   <trkpt lat="36.1026170" lon="-115.4858320">
    <ele>1304.0</ele>
   </trkpt>
   <trkpt lat="36.1026330" lon="-115.4858090">
    <ele>1304.0</ele>
   </trkpt>
   <trkpt lat="36.1026500" lon="-115.4857860">
    <ele>1303.0</ele>
   </trkpt>
   <trkpt lat="36.1026600" lon="-115.4857670">
    <ele>1303.0</ele>
   </trkpt>
   <trkpt lat="36.1026710" lon="-115.4857470">
    <ele>1302.0</ele>
   </trkpt>
   <trkpt lat="36.1026740" lon="-115.4857300">
    <ele>1302.0</ele>
   </trkpt>
   <trkpt lat="36.1026780" lon="-115.4857130">
    <ele>1302.0</ele>
   </trkpt>
   <trkpt lat="36.1026760" lon="-115.4856960">
    <ele>1301.0</ele>
   </trkpt>
   <trkpt lat="36.1026740" lon="-115.4856800">
    <ele>1301.0</ele>
   </trkpt>
   <trkpt lat="36.1026690" lon="-115.4856660">
    <ele>1300.0</ele>
   </trkpt>
   <trkpt lat="36.1026630" lon="-115.4856530">
    <ele>1300.0</ele>
   </trkpt>
   <trkpt lat="36.1026570" lon="-115.4856410">
    <ele>1300.0</ele>
   </trkpt>
   <trkpt lat="36.1026510" lon="-115.4856290">
    <ele>1299.0</ele>
   </trkpt>
   <trkpt lat="36.1026490" lon="-115.4856150">
    <ele>1299.0</ele>
   </trkpt>
   <trkpt lat="36.1026460" lon="-115.4856010">
    <ele>1298.0</ele>
   </trkpt>
   <trkpt lat="36.1026420" lon="-115.4855870">
    <ele>1298.0</ele>
   </trkpt>
   <trkpt lat="36.1026370" lon="-115.4855730">
    <ele>1298.0</ele>
   </trkpt>
   <trkpt lat="36.1026280" lon="-115.4855560">
    <ele>1297.0</ele>
   </trkpt>
   <trkpt lat="36.1026200" lon="-115.4855400">
    <ele>1297.0</ele>
   </trkpt>
   <trkpt lat="36.1026080" lon="-115.4855210">
    <ele>1296.0</ele>
   </trkpt>
   <trkpt lat="36.1025970" lon="-115.4855030">
    <ele>1296.0</ele>
   </trkpt>
   <trkpt lat="36.1025870" lon="-115.4854850">
    <ele>1296.0</ele>
   </trkpt>
   <trkpt lat="36.1025780" lon="-115.4854670">
    <ele>1295.0</ele>
   </trkpt>
   <trkpt lat="36.1025720" lon="-115.4854500">
    <ele>1295.0</ele>
   </trkpt>
   <trkpt lat="36.1025660" lon="-115.4854320">
    <ele>1294.0</ele>
   </trkpt>
   <trkpt lat="36.1025650" lon="-115.4854130">
    <ele>1294.0</ele>
   </trkpt>
   <trkpt lat="36.1025640" lon="-115.4853940">
    <ele>1294.0</ele>
   </trkpt>
   <trkpt lat="36.1025660" lon="-115.4853730">
    <ele>1293.0</ele>
   </trkpt>
   <trkpt lat="36.1025680" lon="-115.4853510">
    <ele>1293.0</ele>
   </trkpt>
   <trkpt lat="36.1025700" lon="-115.4853270">
    <ele>1293.0</ele>
   </trkpt>
   <trkpt lat="36.1025730" lon="-115.4853020">
    <ele>1293.0</ele>
   </trkpt>
   <trkpt lat="36.1025760" lon="-115.4852740">
    <ele>1293.0</ele>
   </trkpt>
   <trkpt lat="36.1025790" lon="-115.4852460">
    <ele>1292.0</ele>
   </trkpt>
   <trkpt lat="36.1025830" lon="-115.4852150">
    <ele>1292.0</ele>
   </trkpt>
   <trkpt lat="36.1025870" lon="-115.4851850">
    <ele>1291.0</ele>
   </trkpt>
   <trkpt lat="36.1025910" lon="-115.4851520">
    <ele>1291.0</ele>
   </trkpt>
   <trkpt lat="36.1025940" lon="-115.4851190">
    <ele>1291.0</ele>
   </trkpt>
   <trkpt lat="36.1025980" lon="-115.4850860">
    <ele>1290.0</ele>
   </trkpt>
   <trkpt lat="36.1026010" lon="-115.4850540">
    <ele>1290.0</ele>
   </trkpt>
   <trkpt lat="36.1026060" lon="-115.4850290">
    <ele>1290.0</ele>
   </trkpt>
   <trkpt lat="36.1026110" lon="-115.4850040">
    <ele>1290.0</ele>
   </trkpt>
   <trkpt lat="36.1026160" lon="-115.4849850">
    <ele>1290.0</ele>
   </trkpt>
   <trkpt lat="36.1026210" lon="-115.4849660">
    <ele>1289.0</ele>
   </trkpt>
   <trkpt lat="36.1026240" lon="-115.4849460">
    <ele>1289.0</ele>
   </trkpt>
   <trkpt lat="36.1026260" lon="-115.4849270">
    <ele>1289.0</ele>
   </trkpt>
   <trkpt lat="36.1026250" lon="-115.4849080">
    <ele>1289.0</ele>
   </trkpt>
   <trkpt lat="36.1026250" lon="-115.4848900">
    <ele>1289.0</ele>
   </trkpt>
   <trkpt lat="36.1026220" lon="-115.4848760">
    <ele>1288.0</ele>
   </trkpt>
   <trkpt lat="36.1026190" lon="-115.4848620">
    <ele>1288.0</ele>
   </trkpt>
   <trkpt lat="36.1026150" lon="-115.4848490">
    <ele>1288.0</ele>
   </trkpt>
   <trkpt lat="36.1026110" lon="-115.4848370">
    <ele>1288.0</ele>
   </trkpt>
   <trkpt lat="36.1026050" lon="-115.4848200">
    <ele>1288.0</ele>
   </trkpt>
   <trkpt lat="36.1026000" lon="-115.4848040">
    <ele>1287.0</ele>
   </trkpt>
   <trkpt lat="36.1025940" lon="-115.4847830">
    <ele>1287.0</ele>
   </trkpt>
   <trkpt lat="36.1025880" lon="-115.4847620">
    <ele>1286.0</ele>
   </trkpt>
   <trkpt lat="36.1025800" lon="-115.4847390">
    <ele>1286.0</ele>
   </trkpt>
   <trkpt lat="36.1025720" lon="-115.4847170">
    <ele>1286.0</ele>
   </trkpt>
   <trkpt lat="36.1025650" lon="-115.4846960">
    <ele>1285.0</ele>
   </trkpt>
   <trkpt lat="36.1025580" lon="-115.4846750">
    <ele>1285.0</ele>
   </trkpt>
   <trkpt lat="36.1025590" lon="-115.4846550">
    <ele>1284.0</ele>
   </trkpt>
   <trkpt lat="36.1025590" lon="-115.4846340">
    <ele>1284.0</ele>
   </trkpt>
   <trkpt lat="36.1025670" lon="-115.4846150">
    <ele>1284.0</ele>
   </trkpt>
   <trkpt lat="36.1025740" lon="-115.4845950">
    <ele>1283.0</ele>
   </trkpt>
   <trkpt lat="36.1025800" lon="-115.4845730">
    <ele>1283.0</ele>
   </trkpt>
   <trkpt lat="36.1025870" lon="-115.4845510">
    <ele>1283.0</ele>
   </trkpt>
   <trkpt lat="36.1025880" lon="-115.4845260">
    <ele>1283.0</ele>
   </trkpt>
   <trkpt lat="36.1025900" lon="-115.4845010">
    <ele>1283.0</ele>
   </trkpt>
   <trkpt lat="36.1025950" lon="-115.4844790">
    <ele>1282.0</ele>
   </trkpt>
   <trkpt lat="36.1026000" lon="-115.4844570">
    <ele>1282.0</ele>
   </trkpt>
   <trkpt lat="36.1026100" lon="-115.4844400">
    <ele>1282.0</ele>
   </trkpt>
   <trkpt lat="36.1026190" lon="-115.4844230">
    <ele>1282.0</ele>
   </trkpt>
   <trkpt lat="36.1026290" lon="-115.4844140">
    <ele>1282.0</ele>
   </trkpt>
   <trkpt lat="36.1026390" lon="-115.4844050">
    <ele>1281.0</ele>
   </trkpt>
   <trkpt lat="36.1026460" lon="-115.4844040">
    <ele>1281.0</ele>
   </trkpt>
   <trkpt lat="36.1026550" lon="-115.4844030">
    <ele>1281.0</ele>
   </trkpt>
   <trkpt lat="36.1026610" lon="-115.4844020">
    <ele>1281.0</ele>
   </trkpt>
   <trkpt lat="36.1026690" lon="-115.4844010">
    <ele>1281.0</ele>
   </trkpt>
   <trkpt lat="36.1026780" lon="-115.4843920">
    <ele>1281.0</ele>
   </trkpt>
   <trkpt lat="36.1026870" lon="-115.4843840">
    <ele>1281.0</ele>
   </trkpt>
   <trkpt lat="36.1027000" lon="-115.4843740">
    <ele>1281.0</ele>
   </trkpt>
   <trkpt lat="36.1027120" lon="-115.4843640">
    <ele>1281.0</ele>
   </trkpt>
   <trkpt lat="36.1027250" lon="-115.4843580">
    <ele>1281.0</ele>
   </trkpt>
   <trkpt lat="36.1027390" lon="-115.4843520">
    <ele>1281.0</ele>
   </trkpt>
   <trkpt lat="36.1027490" lon="-115.4843510">
    <ele>1281.0</ele>
   </trkpt>
   <trkpt lat="36.1027600" lon="-115.4843500">
    <ele>1281.0</ele>
   </trkpt>
   <trkpt lat="36.1027700" lon="-115.4843500">
    <ele>1281.0</ele>
   </trkpt>
   <trkpt lat="36.1027790" lon="-115.4843510">
    <ele>1281.0</ele>
   </trkpt>
   <trkpt lat="36.1027880" lon="-115.4843450">
    <ele>1281.0</ele>
   </trkpt>
   <trkpt lat="36.1027970" lon="-115.4843400">
    <ele>1281.0</ele>
   </trkpt>
   <trkpt lat="36.1028040" lon="-115.4843310">
    <ele>1281.0</ele>
   </trkpt>
   <trkpt lat="36.1028110" lon="-115.4843230">
    <ele>1281.0</ele>
   </trkpt>
   <trkpt lat="36.1028180" lon="-115.4843110">
    <ele>1281.0</ele>
   </trkpt>
   <trkpt lat="36.1028250" lon="-115.4843000">
    <ele>1281.0</ele>
   </trkpt>
   <trkpt lat="36.1028350" lon="-115.4842840">
    <ele>1281.0</ele>
   </trkpt>
   <trkpt lat="36.1028440" lon="-115.4842680">
    <ele>1281.0</ele>
   </trkpt>
   <trkpt lat="36.1028540" lon="-115.4842580">
    <ele>1281.0</ele>
   </trkpt>
   <trkpt lat="36.1028640" lon="-115.4842470">
    <ele>1282.0</ele>
   </trkpt>
   <trkpt lat="36.1028740" lon="-115.4842440">
    <ele>1282.0</ele>
   </trkpt>
   <trkpt lat="36.1028850" lon="-115.4842410">
    <ele>1282.0</ele>
   </trkpt>
   <trkpt lat="36.1028980" lon="-115.4842350">
    <ele>1282.0</ele>
   </trkpt>
   <trkpt lat="36.1029110" lon="-115.4842300">
    <ele>1282.0</ele>
   </trkpt>
   <trkpt lat="36.1029230" lon="-115.4842160">
    <ele>1283.0</ele>
   </trkpt>
   <trkpt lat="36.1029350" lon="-115.4842030">
    <ele>1283.0</ele>
   </trkpt>
   <trkpt lat="36.1029460" lon="-115.4841810">
    <ele>1283.0</ele>
   </trkpt>
   <trkpt lat="36.1029560" lon="-115.4841590">
    <ele>1283.0</ele>
   </trkpt>
   <trkpt lat="36.1029610" lon="-115.4841320">
    <ele>1283.0</ele>
   </trkpt>
   <trkpt lat="36.1029670" lon="-115.4841050">
    <ele>1284.0</ele>
   </trkpt>
   <trkpt lat="36.1029700" lon="-115.4840760">
    <ele>1284.0</ele>
   </trkpt>
   <trkpt lat="36.1029720" lon="-115.4840470">
    <ele>1284.0</ele>
   </trkpt>
   <trkpt lat="36.1029760" lon="-115.4840230">
    <ele>1284.0</ele>
   </trkpt>
   <trkpt lat="36.1029790" lon="-115.4840000">
    <ele>1284.0</ele>
   </trkpt>
   <trkpt lat="36.1029830" lon="-115.4839810">
    <ele>1284.0</ele>
   </trkpt>
   <trkpt lat="36.1029870" lon="-115.4839630">
    <ele>1284.0</ele>
   </trkpt>
   <trkpt lat="36.1029920" lon="-115.4839460">
    <ele>1284.0</ele>
   </trkpt>
   <trkpt lat="36.1029970" lon="-115.4839300">
    <ele>1284.0</ele>
   </trkpt>
   <trkpt lat="36.1030010" lon="-115.4839090">
    <ele>1284.0</ele>
   </trkpt>
   <trkpt lat="36.1030050" lon="-115.4838880">
    <ele>1284.0</ele>
   </trkpt>
   <trkpt lat="36.1030090" lon="-115.4838630">
    <ele>1284.0</ele>
   </trkpt>
   <trkpt lat="36.1030130" lon="-115.4838370">
    <ele>1284.0</ele>
   </trkpt>
   <trkpt lat="36.1030170" lon="-115.4838120">
    <ele>1284.0</ele>
   </trkpt>
   <trkpt lat="36.1030220" lon="-115.4837860">
    <ele>1284.0</ele>
   </trkpt>
   <trkpt lat="36.1030260" lon="-115.4837600">
    <ele>1284.0</ele>
   </trkpt>
   <trkpt lat="36.1030280" lon="-115.4837370">
    <ele>1283.0</ele>
   </trkpt>
   <trkpt lat="36.1030290" lon="-115.4837140">
    <ele>1283.0</ele>
   </trkpt>
   <trkpt lat="36.1030270" lon="-115.4836950">
    <ele>1283.0</ele>
   </trkpt>
   <trkpt lat="36.1030250" lon="-115.4836750">
    <ele>1283.0</ele>
   </trkpt>
   <trkpt lat="36.1030270" lon="-115.4836570">
    <ele>1283.0</ele>
   </trkpt>
   <trkpt lat="36.1030280" lon="-115.4836400">
    <ele>1283.0</ele>
   </trkpt>
   <trkpt lat="36.1030320" lon="-115.4836210">
    <ele>1283.0</ele>
   </trkpt>
   <trkpt lat="36.1030370" lon="-115.4836030">
    <ele>1283.0</ele>
   </trkpt>
   <trkpt lat="36.1030420" lon="-115.4835830">
    <ele>1283.0</ele>
   </trkpt>
   <trkpt lat="36.1030480" lon="-115.4835630">
    <ele>1283.0</ele>
   </trkpt>
   <trkpt lat="36.1030600" lon="-115.4835400">
    <ele>1282.0</ele>
   </trkpt>
   <trkpt lat="36.1030730" lon="-115.4835180">
    <ele>1282.0</ele>
   </trkpt>
   <trkpt lat="36.1030880" lon="-115.4834910">
    <ele>1282.0</ele>
   </trkpt>
   <trkpt lat="36.1031030" lon="-115.4834650">
    <ele>1282.0</ele>
   </trkpt>
   <trkpt lat="36.1031200" lon="-115.4834370">
    <ele>1282.0</ele>
   </trkpt>
   <trkpt lat="36.1031360" lon="-115.4834100">
    <ele>1281.0</ele>
   </trkpt>
   <trkpt lat="36.1031500" lon="-115.4833820">
    <ele>1281.0</ele>
   </trkpt>
   <trkpt lat="36.1031650" lon="-115.4833540">
    <ele>1281.0</ele>
   </trkpt>
   <trkpt lat="36.1031770" lon="-115.4833240">
    <ele>1281.0</ele>
   </trkpt>
   <trkpt lat="36.1031890" lon="-115.4832950">
    <ele>1281.0</ele>
   </trkpt>
   <trkpt lat="36.1031970" lon="-115.4832620">
    <ele>1281.0</ele>
   </trkpt>
   <trkpt lat="36.1032050" lon="-115.4832300">
    <ele>1281.0</ele>
   </trkpt>
   <trkpt lat="36.1032090" lon="-115.4832000">
    <ele>1281.0</ele>
   </trkpt>
   <trkpt lat="36.1032120" lon="-115.4831700">
    <ele>1281.0</ele>
   </trkpt>
   <trkpt lat="36.1032140" lon="-115.4831420">
    <ele>1281.0</ele>
   </trkpt>
   <trkpt lat="36.1032170" lon="-115.4831140">
    <ele>1280.0</ele>
   </trkpt>
   <trkpt lat="36.1032140" lon="-115.4830860">
    <ele>1280.0</ele>
   </trkpt>
   <trkpt lat="36.1032110" lon="-115.4830580">
    <ele>1280.0</ele>
   </trkpt>
   <trkpt lat="36.1032040" lon="-115.4830270">
    <ele>1280.0</ele>
   </trkpt>
   <trkpt lat="36.1031960" lon="-115.4829950">
    <ele>1280.0</ele>
   </trkpt>
   <trkpt lat="36.1031900" lon="-115.4829610">
    <ele>1279.0</ele>
   </trkpt>
   <trkpt lat="36.1031840" lon="-115.4829270">
    <ele>1279.0</ele>
   </trkpt>
   <trkpt lat="36.1031860" lon="-115.4828950">
    <ele>1279.0</ele>
   </trkpt>
   <trkpt lat="36.1031880" lon="-115.4828640">
    <ele>1279.0</ele>
   </trkpt>
   <trkpt lat="36.1031990" lon="-115.4828400">
    <ele>1279.0</ele>
   </trkpt>
   <trkpt lat="36.1032090" lon="-115.4828170">
    <ele>1278.0</ele>
   </trkpt>
   <trkpt lat="36.1032210" lon="-115.4827950">
    <ele>1278.0</ele>
   </trkpt>
   <trkpt lat="36.1032320" lon="-115.4827730">
    <ele>1278.0</ele>
   </trkpt>
   <trkpt lat="36.1032390" lon="-115.4827500">
    <ele>1278.0</ele>
   </trkpt>
   <trkpt lat="36.1032450" lon="-115.4827260">
    <ele>1278.0</ele>
   </trkpt>
   <trkpt lat="36.1032470" lon="-115.4827030">
    <ele>1277.0</ele>
   </trkpt>
   <trkpt lat="36.1032480" lon="-115.4826790">
    <ele>1277.0</ele>
   </trkpt>
   <trkpt lat="36.1032440" lon="-115.4826590">
    <ele>1277.0</ele>
   </trkpt>
   <trkpt lat="36.1032400" lon="-115.4826380">
    <ele>1277.0</ele>
   </trkpt>
   <trkpt lat="36.1032340" lon="-115.4826220">
    <ele>1277.0</ele>
   </trkpt>
   <trkpt lat="36.1032290" lon="-115.4826070">
    <ele>1277.0</ele>
   </trkpt>
   <trkpt lat="36.1032220" lon="-115.4825920">
    <ele>1277.0</ele>
   </trkpt>
   <trkpt lat="36.1032160" lon="-115.4825780">
    <ele>1277.0</ele>
   </trkpt>
   <trkpt lat="36.1032110" lon="-115.4825620">
    <ele>1277.0</ele>
   </trkpt>
   <trkpt lat="36.1032050" lon="-115.4825450">
    <ele>1277.0</ele>
   </trkpt>
   <trkpt lat="36.1032040" lon="-115.4825230">
    <ele>1276.0</ele>
   </trkpt>
   <trkpt lat="36.1032030" lon="-115.4825000">
    <ele>1276.0</ele>
   </trkpt>
   <trkpt lat="36.1032020" lon="-115.4824740">
    <ele>1275.0</ele>
   </trkpt>
   <trkpt lat="36.1032020" lon="-115.4824480">
    <ele>1275.0</ele>
   </trkpt>
   <trkpt lat="36.1031970" lon="-115.4824190">
    <ele>1275.0</ele>
   </trkpt>
   <trkpt lat="36.1031930" lon="-115.4823900">
    <ele>1274.0</ele>
   </trkpt>
   <trkpt lat="36.1031910" lon="-115.4823610">
    <ele>1274.0</ele>
   </trkpt>
   <trkpt lat="36.1031880" lon="-115.4823330">
    <ele>1274.0</ele>
   </trkpt>
   <trkpt lat="36.1031920" lon="-115.4823050">
    <ele>1274.0</ele>
   </trkpt>
   <trkpt lat="36.1031960" lon="-115.4822780">
    <ele>1274.0</ele>
   </trkpt>
   <trkpt lat="36.1032040" lon="-115.4822510">
    <ele>1273.0</ele>
   </trkpt>
   <trkpt lat="36.1032120" lon="-115.4822230">
    <ele>1273.0</ele>
   </trkpt>
   <trkpt lat="36.1032230" lon="-115.4821930">
    <ele>1272.0</ele>
   </trkpt>
   <trkpt lat="36.1032330" lon="-115.4821620">
    <ele>1272.0</ele>
   </trkpt>
   <trkpt lat="36.1032460" lon="-115.4821310">
    <ele>1272.0</ele>
   </trkpt>
   <trkpt lat="36.1032580" lon="-115.4821000">
    <ele>1271.0</ele>
   </trkpt>
   <trkpt lat="36.1032720" lon="-115.4820690">
    <ele>1271.0</ele>
   </trkpt>
   <trkpt lat="36.1032850" lon="-115.4820380">
    <ele>1270.0</ele>
   </trkpt>
   <trkpt lat="36.1032990" lon="-115.4820070">
    <ele>1270.0</ele>
   </trkpt>
   <trkpt lat="36.1033130" lon="-115.4819760">
    <ele>1270.0</ele>
   </trkpt>
   <trkpt lat="36.1033300" lon="-115.4819450">
    <ele>1269.0</ele>
   </trkpt>
   <trkpt lat="36.1033470" lon="-115.4819130">
    <ele>1269.0</ele>
   </trkpt>
   <trkpt lat="36.1033620" lon="-115.4818820">
    <ele>1269.0</ele>
   </trkpt>
   <trkpt lat="36.1033770" lon="-115.4818510">
    <ele>1269.0</ele>
   </trkpt>
   <trkpt lat="36.1033860" lon="-115.4818190">
    <ele>1269.0</ele>
   </trkpt>
   <trkpt lat="36.1033960" lon="-115.4817870">
    <ele>1269.0</ele>
   </trkpt>
   <trkpt lat="36.1033960" lon="-115.4817510">
    <ele>1269.0</ele>
   </trkpt>
   <trkpt lat="36.1033970" lon="-115.4817150">
    <ele>1269.0</ele>
   </trkpt>
   <trkpt lat="36.1033890" lon="-115.4816760">
    <ele>1269.0</ele>
   </trkpt>
   <trkpt lat="36.1033810" lon="-115.4816380">
    <ele>1269.0</ele>
   </trkpt>
   <trkpt lat="36.1033670" lon="-115.4816010">
    <ele>1269.0</ele>
   </trkpt>
   <trkpt lat="36.1033520" lon="-115.4815640">
    <ele>1269.0</ele>
   </trkpt>
   <trkpt lat="36.1033320" lon="-115.4815310">
    <ele>1269.0</ele>
   </trkpt>
   <trkpt lat="36.1033130" lon="-115.4814990">
    <ele>1269.0</ele>
   </trkpt>
   <trkpt lat="36.1032900" lon="-115.4814710">
    <ele>1269.0</ele>
   </trkpt>
   <trkpt lat="36.1032680" lon="-115.4814430">
    <ele>1269.0</ele>
   </trkpt>
   <trkpt lat="36.1032460" lon="-115.4814170">
    <ele>1269.0</ele>
   </trkpt>
   <trkpt lat="36.1032250" lon="-115.4813920">
    <ele>1269.0</ele>
   </trkpt>
   <trkpt lat="36.1032040" lon="-115.4813640">
    <ele>1269.0</ele>
   </trkpt>
   <trkpt lat="36.1031830" lon="-115.4813360">
    <ele>1269.0</ele>
   </trkpt>
   <trkpt lat="36.1031660" lon="-115.4813020">
    <ele>1269.0</ele>
   </trkpt>
   <trkpt lat="36.1031490" lon="-115.4812680">
    <ele>1269.0</ele>
   </trkpt>
   <trkpt lat="36.1031350" lon="-115.4812300">
    <ele>1269.0</ele>
   </trkpt>
   <trkpt lat="36.1031210" lon="-115.4811930">
    <ele>1269.0</ele>
   </trkpt>
   <trkpt lat="36.1031120" lon="-115.4811530">
    <ele>1269.0</ele>
   </trkpt>
   <trkpt lat="36.1031030" lon="-115.4811130">
    <ele>1269.0</ele>
   </trkpt>
   <trkpt lat="36.1031030" lon="-115.4810730">
    <ele>1269.0</ele>
   </trkpt>
   <trkpt lat="36.1031040" lon="-115.4810320">
    <ele>1269.0</ele>
   </trkpt>
   <trkpt lat="36.1031100" lon="-115.4809910">
    <ele>1269.0</ele>
   </trkpt>
   <trkpt lat="36.1031170" lon="-115.4809490">
    <ele>1269.0</ele>
   </trkpt>
   <trkpt lat="36.1031270" lon="-115.4809070">
    <ele>1268.0</ele>
   </trkpt>
   <trkpt lat="36.1031360" lon="-115.4808640">
    <ele>1268.0</ele>
   </trkpt>
   <trkpt lat="36.1031460" lon="-115.4808240">
    <ele>1268.0</ele>
   </trkpt>
   <trkpt lat="36.1031550" lon="-115.4807830">
    <ele>1268.0</ele>
   </trkpt>
   <trkpt lat="36.1031650" lon="-115.4807460">
    <ele>1268.0</ele>
   </trkpt>
   <trkpt lat="36.1031740" lon="-115.4807080">
    <ele>1267.0</ele>
   </trkpt>
   <trkpt lat="36.1031830" lon="-115.4806710">
    <ele>1267.0</ele>
   </trkpt>
   <trkpt lat="36.1031920" lon="-115.4806340">
    <ele>1267.0</ele>
   </trkpt>
   <trkpt lat="36.1032010" lon="-115.4805960">
    <ele>1267.0</ele>
   </trkpt>
   <trkpt lat="36.1032100" lon="-115.4805580">
    <ele>1267.0</ele>
   </trkpt>
   <trkpt lat="36.1032180" lon="-115.4805180">
    <ele>1266.0</ele>
   </trkpt>
   <trkpt lat="36.1032260" lon="-115.4804790">
    <ele>1265.0</ele>
   </trkpt>
   <trkpt lat="36.1032320" lon="-115.4804380">
    <ele>1265.0</ele>
   </trkpt>
   <trkpt lat="36.1032390" lon="-115.4803980">
    <ele>1264.0</ele>
   </trkpt>
   <trkpt lat="36.1032460" lon="-115.4803580">
    <ele>1264.0</ele>
   </trkpt>
   <trkpt lat="36.1032530" lon="-115.4803180">
    <ele>1263.0</ele>
   </trkpt>
   <trkpt lat="36.1032610" lon="-115.4802800">
    <ele>1263.0</ele>
   </trkpt>
   <trkpt lat="36.1032700" lon="-115.4802430">
    <ele>1263.0</ele>
   </trkpt>
   <trkpt lat="36.1032810" lon="-115.4802060">
    <ele>1263.0</ele>
   </trkpt>
   <trkpt lat="36.1032930" lon="-115.4801700">
    <ele>1263.0</ele>
   </trkpt>
   <trkpt lat="36.1033060" lon="-115.4801340">
    <ele>1262.0</ele>
   </trkpt>
   <trkpt lat="36.1033190" lon="-115.4800980">
    <ele>1262.0</ele>
   </trkpt>
   <trkpt lat="36.1033320" lon="-115.4800610">
    <ele>1262.0</ele>
   </trkpt>
   <trkpt lat="36.1033440" lon="-115.4800240">
    <ele>1262.0</ele>
   </trkpt>
   <trkpt lat="36.1033570" lon="-115.4799870">
    <ele>1262.0</ele>
   </trkpt>
   <trkpt lat="36.1033700" lon="-115.4799500">
    <ele>1261.0</ele>
   </trkpt>
   <trkpt lat="36.1033820" lon="-115.4799130">
    <ele>1261.0</ele>
   </trkpt>
   <trkpt lat="36.1033940" lon="-115.4798770">
    <ele>1260.0</ele>
   </trkpt>
   <trkpt lat="36.1034050" lon="-115.4798440">
    <ele>1260.0</ele>
   </trkpt>
   <trkpt lat="36.1034170" lon="-115.4798110">
    <ele>1260.0</ele>
   </trkpt>
   <trkpt lat="36.1034280" lon="-115.4797810">
    <ele>1259.0</ele>
   </trkpt>
   <trkpt lat="36.1034390" lon="-115.4797510">
    <ele>1259.0</ele>
   </trkpt>
   <trkpt lat="36.1034480" lon="-115.4797200">
    <ele>1259.0</ele>
   </trkpt>
   <trkpt lat="36.1034580" lon="-115.4796900">
    <ele>1259.0</ele>
   </trkpt>
   <trkpt lat="36.1034680" lon="-115.4796600">
    <ele>1259.0</ele>
   </trkpt>
   <trkpt lat="36.1034790" lon="-115.4796300">
    <ele>1258.0</ele>
   </trkpt>
   <trkpt lat="36.1034920" lon="-115.4796010">
    <ele>1258.0</ele>
   </trkpt>
   <trkpt lat="36.1035040" lon="-115.4795720">
    <ele>1258.0</ele>
   </trkpt>
   <trkpt lat="36.1035160" lon="-115.4795440">
    <ele>1258.0</ele>
   </trkpt>
   <trkpt lat="36.1035280" lon="-115.4795160">
    <ele>1258.0</ele>
   </trkpt>
   <trkpt lat="36.1035380" lon="-115.4794880">
    <ele>1258.0</ele>
   </trkpt>
   <trkpt lat="36.1035480" lon="-115.4794590">
    <ele>1258.0</ele>
   </trkpt>
   <trkpt lat="36.1035530" lon="-115.4794280">
    <ele>1258.0</ele>
   </trkpt>
   <trkpt lat="36.1035590" lon="-115.4793980">
    <ele>1258.0</ele>
   </trkpt>
   <trkpt lat="36.1035620" lon="-115.4793650">
    <ele>1258.0</ele>
   </trkpt>
   <trkpt lat="36.1035660" lon="-115.4793330">
    <ele>1257.0</ele>
   </trkpt>
   <trkpt lat="36.1035710" lon="-115.4793000">
    <ele>1257.0</ele>
   </trkpt>
   <trkpt lat="36.1035770" lon="-115.4792660">
    <ele>1256.0</ele>
   </trkpt>
   <trkpt lat="36.1035850" lon="-115.4792320">
    <ele>1256.0</ele>
   </trkpt>
   <trkpt lat="36.1035930" lon="-115.4791980">
    <ele>1256.0</ele>
   </trkpt>
   <trkpt lat="36.1036000" lon="-115.4791660">
    <ele>1255.0</ele>
   </trkpt>
   <trkpt lat="36.1036080" lon="-115.4791340">
    <ele>1255.0</ele>
   </trkpt>
   <trkpt lat="36.1036180" lon="-115.4791080">
    <ele>1255.0</ele>
   </trkpt>
   <trkpt lat="36.1036280" lon="-115.4790810">
    <ele>1255.0</ele>
   </trkpt>
   <trkpt lat="36.1036400" lon="-115.4790540">
    <ele>1255.0</ele>
   </trkpt>
   <trkpt lat="36.1036530" lon="-115.4790280">
    <ele>1254.0</ele>
   </trkpt>
   <trkpt lat="36.1036630" lon="-115.4789980">
    <ele>1254.0</ele>
   </trkpt>
   <trkpt lat="36.1036730" lon="-115.4789680">
    <ele>1254.0</ele>
   </trkpt>
   <trkpt lat="36.1036800" lon="-115.4789360">
    <ele>1254.0</ele>
   </trkpt>
   <trkpt lat="36.1036880" lon="-115.4789040">
    <ele>1254.0</ele>
   </trkpt>
   <trkpt lat="36.1036950" lon="-115.4788700">
    <ele>1253.0</ele>
   </trkpt>
   <trkpt lat="36.1037030" lon="-115.4788370">
    <ele>1253.0</ele>
   </trkpt>
   <trkpt lat="36.1037120" lon="-115.4788040">
    <ele>1252.0</ele>
   </trkpt>
   <trkpt lat="36.1037210" lon="-115.4787710">
    <ele>1252.0</ele>
   </trkpt>
   <trkpt lat="36.1037310" lon="-115.4787410">
    <ele>1252.0</ele>
   </trkpt>
   <trkpt lat="36.1037420" lon="-115.4787100">
    <ele>1251.0</ele>
   </trkpt>
   <trkpt lat="36.1037530" lon="-115.4786800">
    <ele>1251.0</ele>
   </trkpt>
   <trkpt lat="36.1037640" lon="-115.4786490">
    <ele>1251.0</ele>
   </trkpt>
   <trkpt lat="36.1037760" lon="-115.4786160">
    <ele>1251.0</ele>
   </trkpt>
   <trkpt lat="36.1037880" lon="-115.4785830">
    <ele>1251.0</ele>
   </trkpt>
   <trkpt lat="36.1038000" lon="-115.4785480">
    <ele>1250.0</ele>
   </trkpt>
   <trkpt lat="36.1038120" lon="-115.4785140">
    <ele>1250.0</ele>
   </trkpt>
   <trkpt lat="36.1038250" lon="-115.4784820">
    <ele>1249.0</ele>
   </trkpt>
   <trkpt lat="36.1038390" lon="-115.4784500">
    <ele>1249.0</ele>
   </trkpt>
   <trkpt lat="36.1038540" lon="-115.4784210">
    <ele>1249.0</ele>
   </trkpt>
   <trkpt lat="36.1038680" lon="-115.4783910">
    <ele>1248.0</ele>
   </trkpt>
   <trkpt lat="36.1038800" lon="-115.4783620">
    <ele>1248.0</ele>
   </trkpt>
   <trkpt lat="36.1038910" lon="-115.4783330">
    <ele>1248.0</ele>
   </trkpt>
   <trkpt lat="36.1038990" lon="-115.4783010">
    <ele>1248.0</ele>
   </trkpt>
   <trkpt lat="36.1039070" lon="-115.4782700">
    <ele>1248.0</ele>
   </trkpt>
   <trkpt lat="36.1039110" lon="-115.4782360">
    <ele>1247.0</ele>
   </trkpt>
   <trkpt lat="36.1039150" lon="-115.4782010">
    <ele>1247.0</ele>
   </trkpt>
   <trkpt lat="36.1039160" lon="-115.4781660">
    <ele>1246.0</ele>
   </trkpt>
   <trkpt lat="36.1039170" lon="-115.4781310">
    <ele>1246.0</ele>
   </trkpt>
   <trkpt lat="36.1039180" lon="-115.4781030">
    <ele>1246.0</ele>
   </trkpt>
   <trkpt lat="36.1039190" lon="-115.4780750">
    <ele>1245.0</ele>
   </trkpt>
   <trkpt lat="36.1039170" lon="-115.4780600">
    <ele>1245.0</ele>
   </trkpt>
   <trkpt lat="36.1039150" lon="-115.4780450">
    <ele>1245.0</ele>
   </trkpt>
   <trkpt lat="36.1039080" lon="-115.4780360">
    <ele>1245.0</ele>
   </trkpt>
   <trkpt lat="36.1039020" lon="-115.4780280">
    <ele>1245.0</ele>
   </trkpt>
   <trkpt lat="36.1038930" lon="-115.4780160">
    <ele>1245.0</ele>
   </trkpt>
   <trkpt lat="36.1038850" lon="-115.4780050">
    <ele>1245.0</ele>
   </trkpt>
   <trkpt lat="36.1038770" lon="-115.4779790">
    <ele>1245.0</ele>
   </trkpt>
   <trkpt lat="36.1038690" lon="-115.4779530">
    <ele>1245.0</ele>
   </trkpt>
   <trkpt lat="36.1038610" lon="-115.4779270">
    <ele>1245.0</ele>
   </trkpt>
   <trkpt lat="36.1038550" lon="-115.4778910">
    <ele>1244.0</ele>
   </trkpt>
   <trkpt lat="36.1038480" lon="-115.4778550">
    <ele>1244.0</ele>
   </trkpt>
   <trkpt lat="36.1038430" lon="-115.4778200">
    <ele>1244.0</ele>
   </trkpt>
   <trkpt lat="36.1038390" lon="-115.4777840">
    <ele>1244.0</ele>
   </trkpt>
   <trkpt lat="36.1038380" lon="-115.4777510">
    <ele>1244.0</ele>
   </trkpt>
   <trkpt lat="36.1038380" lon="-115.4777190">
    <ele>1243.0</ele>
   </trkpt>
   <trkpt lat="36.1038410" lon="-115.4776860">
    <ele>1243.0</ele>
   </trkpt>
   <trkpt lat="36.1038450" lon="-115.4776540">
    <ele>1243.0</ele>
   </trkpt>
   <trkpt lat="36.1038460" lon="-115.4776200">
    <ele>1243.0</ele>
   </trkpt>
   <trkpt lat="36.1038470" lon="-115.4775860">
    <ele>1243.0</ele>
   </trkpt>
   <trkpt lat="36.1038460" lon="-115.4775500">
    <ele>1243.0</ele>
   </trkpt>
   <trkpt lat="36.1038450" lon="-115.4775150">
    <ele>1243.0</ele>
   </trkpt>
   <trkpt lat="36.1038430" lon="-115.4774750">
    <ele>1243.0</ele>
   </trkpt>
   <trkpt lat="36.1038400" lon="-115.4774350">
    <ele>1243.0</ele>
   </trkpt>
   <trkpt lat="36.1038350" lon="-115.4773950">
    <ele>1243.0</ele>
   </trkpt>
   <trkpt lat="36.1038290" lon="-115.4773550">
    <ele>1243.0</ele>
   </trkpt>
   <trkpt lat="36.1038220" lon="-115.4773150">
    <ele>1243.0</ele>
   </trkpt>
   <trkpt lat="36.1038150" lon="-115.4772760">
    <ele>1243.0</ele>
   </trkpt>
   <trkpt lat="36.1038140" lon="-115.4772370">
    <ele>1243.0</ele>
   </trkpt>
   <trkpt lat="36.1038120" lon="-115.4771980">
    <ele>1243.0</ele>
   </trkpt>
   <trkpt lat="36.1038140" lon="-115.4771590">
    <ele>1242.0</ele>
   </trkpt>
   <trkpt lat="36.1038150" lon="-115.4771200">
    <ele>1242.0</ele>
   </trkpt>
   <trkpt lat="36.1038180" lon="-115.4770800">
    <ele>1242.0</ele>
   </trkpt>
   <trkpt lat="36.1038210" lon="-115.4770400">
    <ele>1242.0</ele>
   </trkpt>
   <trkpt lat="36.1038250" lon="-115.4769990">
    <ele>1242.0</ele>
   </trkpt>
   <trkpt lat="36.1038300" lon="-115.4769590">
    <ele>1242.0</ele>
   </trkpt>
   <trkpt lat="36.1038350" lon="-115.4769200">
    <ele>1242.0</ele>
   </trkpt>
   <trkpt lat="36.1038400" lon="-115.4768800">
    <ele>1242.0</ele>
   </trkpt>
   <trkpt lat="36.1038430" lon="-115.4768410">
    <ele>1242.0</ele>
   </trkpt>
   <trkpt lat="36.1038460" lon="-115.4768010">
    <ele>1242.0</ele>
   </trkpt>
   <trkpt lat="36.1038470" lon="-115.4767610">
    <ele>1241.0</ele>
   </trkpt>
   <trkpt lat="36.1038490" lon="-115.4767210">
    <ele>1241.0</ele>
   </trkpt>
   <trkpt lat="36.1038500" lon="-115.4766820">
    <ele>1241.0</ele>
   </trkpt>
   <trkpt lat="36.1038510" lon="-115.4766420">
    <ele>1241.0</ele>
   </trkpt>
   <trkpt lat="36.1038520" lon="-115.4766030">
    <ele>1241.0</ele>
   </trkpt>
   <trkpt lat="36.1038530" lon="-115.4765640">
    <ele>1240.0</ele>
   </trkpt>
   <trkpt lat="36.1038530" lon="-115.4765260">
    <ele>1240.0</ele>
   </trkpt>
   <trkpt lat="36.1038530" lon="-115.4764880">
    <ele>1240.0</ele>
   </trkpt>
   <trkpt lat="36.1038520" lon="-115.4764510">
    <ele>1240.0</ele>
   </trkpt>
   <trkpt lat="36.1038510" lon="-115.4764140">
    <ele>1240.0</ele>
   </trkpt>
   <trkpt lat="36.1038510" lon="-115.4763790">
    <ele>1239.0</ele>
   </trkpt>
   <trkpt lat="36.1038520" lon="-115.4763430">
    <ele>1239.0</ele>
   </trkpt>
   <trkpt lat="36.1038560" lon="-115.4763090">
    <ele>1239.0</ele>
   </trkpt>
   <trkpt lat="36.1038610" lon="-115.4762740">
    <ele>1239.0</ele>
   </trkpt>
   <trkpt lat="36.1038680" lon="-115.4762390">
    <ele>1239.0</ele>
   </trkpt>
   <trkpt lat="36.1038750" lon="-115.4762030">
    <ele>1238.0</ele>
   </trkpt>
   <trkpt lat="36.1038840" lon="-115.4761660">
    <ele>1238.0</ele>
   </trkpt>
   <trkpt lat="36.1038930" lon="-115.4761290">
    <ele>1238.0</ele>
   </trkpt>
   <trkpt lat="36.1039010" lon="-115.4760900">
    <ele>1238.0</ele>
   </trkpt>
   <trkpt lat="36.1039090" lon="-115.4760520">
    <ele>1238.0</ele>
   </trkpt>
   <trkpt lat="36.1039160" lon="-115.4760140">
    <ele>1238.0</ele>
   </trkpt>
   <trkpt lat="36.1039230" lon="-115.4759760">
    <ele>1238.0</ele>
   </trkpt>
   <trkpt lat="36.1039280" lon="-115.4759390">
    <ele>1238.0</ele>
   </trkpt>
   <trkpt lat="36.1039340" lon="-115.4759010">
    <ele>1238.0</ele>
   </trkpt>
   <trkpt lat="36.1039370" lon="-115.4758650">
    <ele>1238.0</ele>
   </trkpt>
   <trkpt lat="36.1039400" lon="-115.4758280">
    <ele>1237.0</ele>
   </trkpt>
   <trkpt lat="36.1039450" lon="-115.4757920">
    <ele>1237.0</ele>
   </trkpt>
   <trkpt lat="36.1039490" lon="-115.4757570">
    <ele>1237.0</ele>
   </trkpt>
   <trkpt lat="36.1039560" lon="-115.4757220">
    <ele>1237.0</ele>
   </trkpt>
   <trkpt lat="36.1039640" lon="-115.4756860">
    <ele>1237.0</ele>
   </trkpt>
   <trkpt lat="36.1039740" lon="-115.4756500">
    <ele>1236.0</ele>
   </trkpt>
   <trkpt lat="36.1039830" lon="-115.4756150">
    <ele>1236.0</ele>
   </trkpt>
   <trkpt lat="36.1039930" lon="-115.4755790">
    <ele>1236.0</ele>
   </trkpt>
   <trkpt lat="36.1040020" lon="-115.4755430">
    <ele>1236.0</ele>
   </trkpt>
   <trkpt lat="36.1040100" lon="-115.4755060">
    <ele>1236.0</ele>
   </trkpt>
   <trkpt lat="36.1040180" lon="-115.4754700">
    <ele>1235.0</ele>
   </trkpt>
   <trkpt lat="36.1040270" lon="-115.4754330">
    <ele>1235.0</ele>
   </trkpt>
   <trkpt lat="36.1040350" lon="-115.4753960">
    <ele>1235.0</ele>
   </trkpt>
   <trkpt lat="36.1040460" lon="-115.4753580">
    <ele>1235.0</ele>
   </trkpt>
   <trkpt lat="36.1040560" lon="-115.4753200">
    <ele>1235.0</ele>
   </trkpt>
   <trkpt lat="36.1040700" lon="-115.4752820">
    <ele>1234.0</ele>
   </trkpt>
   <trkpt lat="36.1040840" lon="-115.4752440">
    <ele>1234.0</ele>
   </trkpt>
   <trkpt lat="36.1040990" lon="-115.4752050">
    <ele>1234.0</ele>
   </trkpt>
   <trkpt lat="36.1041150" lon="-115.4751670">
    <ele>1234.0</ele>
   </trkpt>
   <trkpt lat="36.1041310" lon="-115.4751290">
    <ele>1234.0</ele>
   </trkpt>
   <trkpt lat="36.1041470" lon="-115.4750900">
    <ele>1233.0</ele>
   </trkpt>
   <trkpt lat="36.1041590" lon="-115.4750520">
    <ele>1233.0</ele>
   </trkpt>
   <trkpt lat="36.1041700" lon="-115.4750140">
    <ele>1233.0</ele>
   </trkpt>
   <trkpt lat="36.1041750" lon="-115.4749780">
    <ele>1233.0</ele>
   </trkpt>
   <trkpt lat="36.1041800" lon="-115.4749420">
    <ele>1233.0</ele>
   </trkpt>
   <trkpt lat="36.1041760" lon="-115.4749150">
    <ele>1232.0</ele>
   </trkpt>
   <trkpt lat="36.1041720" lon="-115.4748890">
    <ele>1232.0</ele>
   </trkpt>
   <trkpt lat="36.1041620" lon="-115.4748690">
    <ele>1232.0</ele>
   </trkpt>
   <trkpt lat="36.1041510" lon="-115.4748500">
    <ele>1232.0</ele>
   </trkpt>
   <trkpt lat="36.1041420" lon="-115.4748280">
    <ele>1232.0</ele>
   </trkpt>
   <trkpt lat="36.1041340" lon="-115.4748060">
    <ele>1231.0</ele>
   </trkpt>
   <trkpt lat="36.1041320" lon="-115.4747770">
    <ele>1231.0</ele>
   </trkpt>
   <trkpt lat="36.1041300" lon="-115.4747480">
    <ele>1231.0</ele>
   </trkpt>
   <trkpt lat="36.1041350" lon="-115.4747110">
    <ele>1231.0</ele>
   </trkpt>
   <trkpt lat="36.1041390" lon="-115.4746750">
    <ele>1231.0</ele>
   </trkpt>
   <trkpt lat="36.1041450" lon="-115.4746360">
    <ele>1231.0</ele>
   </trkpt>
   <trkpt lat="36.1041520" lon="-115.4745970">
    <ele>1231.0</ele>
   </trkpt>
   <trkpt lat="36.1041580" lon="-115.4745590">
    <ele>1231.0</ele>
   </trkpt>
   <trkpt lat="36.1041640" lon="-115.4745210">
    <ele>1231.0</ele>
   </trkpt>
   <trkpt lat="36.1041710" lon="-115.4744840">
    <ele>1231.0</ele>
   </trkpt>
   <trkpt lat="36.1041790" lon="-115.4744470">
    <ele>1230.0</ele>
   </trkpt>
   <trkpt lat="36.1041910" lon="-115.4744110">
    <ele>1230.0</ele>
   </trkpt>
   <trkpt lat="36.1042030" lon="-115.4743750">
    <ele>1230.0</ele>
   </trkpt>
   <trkpt lat="36.1042160" lon="-115.4743380">
    <ele>1230.0</ele>
   </trkpt>
   <trkpt lat="36.1042300" lon="-115.4743020">
    <ele>1230.0</ele>
   </trkpt>
   <trkpt lat="36.1042400" lon="-115.4742660">
    <ele>1230.0</ele>
   </trkpt>
   <trkpt lat="36.1042490" lon="-115.4742300">
    <ele>1230.0</ele>
   </trkpt>
   <trkpt lat="36.1042530" lon="-115.4741980">
    <ele>1230.0</ele>
   </trkpt>
   <trkpt lat="36.1042580" lon="-115.4741650">
    <ele>1230.0</ele>
   </trkpt>
   <trkpt lat="36.1042600" lon="-115.4741360">
    <ele>1230.0</ele>
   </trkpt>
   <trkpt lat="36.1042630" lon="-115.4741060">
    <ele>1230.0</ele>
   </trkpt>
   <trkpt lat="36.1042660" lon="-115.4740770">
    <ele>1230.0</ele>
   </trkpt>
   <trkpt lat="36.1042700" lon="-115.4740480">
    <ele>1230.0</ele>
   </trkpt>
   <trkpt lat="36.1042740" lon="-115.4740170">
    <ele>1230.0</ele>
   </trkpt>
   <trkpt lat="36.1042790" lon="-115.4739860">
    <ele>1230.0</ele>
   </trkpt>
   <trkpt lat="36.1042820" lon="-115.4739540">
    <ele>1230.0</ele>
   </trkpt>
   <trkpt lat="36.1042850" lon="-115.4739210">
    <ele>1230.0</ele>
   </trkpt>
   <trkpt lat="36.1042850" lon="-115.4738880">
    <ele>1230.0</ele>
   </trkpt>
   <trkpt lat="36.1042860" lon="-115.4738550">
    <ele>1230.0</ele>
   </trkpt>
   <trkpt lat="36.1042840" lon="-115.4738210">
    <ele>1230.0</ele>
   </trkpt>
   <trkpt lat="36.1042830" lon="-115.4737870">
    <ele>1230.0</ele>
   </trkpt>
   <trkpt lat="36.1042770" lon="-115.4737510">
    <ele>1230.0</ele>
   </trkpt>
   <trkpt lat="36.1042710" lon="-115.4737160">
    <ele>1230.0</ele>
   </trkpt>
   <trkpt lat="36.1042600" lon="-115.4736820">
    <ele>1230.0</ele>
   </trkpt>
   <trkpt lat="36.1042500" lon="-115.4736480">
    <ele>1230.0</ele>
   </trkpt>
   <trkpt lat="36.1042380" lon="-115.4736130">
    <ele>1230.0</ele>
   </trkpt>
   <trkpt lat="36.1042260" lon="-115.4735780">
    <ele>1230.0</ele>
   </trkpt>
   <trkpt lat="36.1042130" lon="-115.4735410">
    <ele>1230.0</ele>
   </trkpt>
   <trkpt lat="36.1042000" lon="-115.4735050">
    <ele>1230.0</ele>
   </trkpt>
   <trkpt lat="36.1041860" lon="-115.4734670">
    <ele>1230.0</ele>
   </trkpt>
   <trkpt lat="36.1041710" lon="-115.4734300">
    <ele>1230.0</ele>
   </trkpt>
   <trkpt lat="36.1041550" lon="-115.4733920">
    <ele>1230.0</ele>
   </trkpt>
   <trkpt lat="36.1041390" lon="-115.4733530">
    <ele>1230.0</ele>
   </trkpt>
   <trkpt lat="36.1041220" lon="-115.4733130">
    <ele>1230.0</ele>
   </trkpt>
   <trkpt lat="36.1041060" lon="-115.4732730">
    <ele>1230.0</ele>
   </trkpt>
   <trkpt lat="36.1040900" lon="-115.4732310">
    <ele>1230.0</ele>
   </trkpt>
   <trkpt lat="36.1040750" lon="-115.4731900">
    <ele>1230.0</ele>
   </trkpt>
   <trkpt lat="36.1040620" lon="-115.4731490">
    <ele>1230.0</ele>
   </trkpt>
   <trkpt lat="36.1040480" lon="-115.4731080">
    <ele>1230.0</ele>
   </trkpt>
   <trkpt lat="36.1040390" lon="-115.4730670">
    <ele>1230.0</ele>
   </trkpt>
   <trkpt lat="36.1040300" lon="-115.4730260">
    <ele>1230.0</ele>
   </trkpt>
   <trkpt lat="36.1040190" lon="-115.4729890">
    <ele>1230.0</ele>
   </trkpt>
   <trkpt lat="36.1040080" lon="-115.4729520">
    <ele>1230.0</ele>
   </trkpt>
   <trkpt lat="36.1039930" lon="-115.4729200">
    <ele>1230.0</ele>
   </trkpt>
   <trkpt lat="36.1039770" lon="-115.4728890">
    <ele>1230.0</ele>
   </trkpt>
   <trkpt lat="36.1039570" lon="-115.4728610">
    <ele>1230.0</ele>
   </trkpt>
   <trkpt lat="36.1039360" lon="-115.4728340">
    <ele>1230.0</ele>
   </trkpt>
   <trkpt lat="36.1039170" lon="-115.4728100">
    <ele>1230.0</ele>
   </trkpt>
   <trkpt lat="36.1038970" lon="-115.4727860">
    <ele>1230.0</ele>
   </trkpt>
   <trkpt lat="36.1038800" lon="-115.4727610">
    <ele>1230.0</ele>
   </trkpt>
   <trkpt lat="36.1038630" lon="-115.4727360">
    <ele>1229.0</ele>
   </trkpt>
   <trkpt lat="36.1038480" lon="-115.4727070">
    <ele>1229.0</ele>
   </trkpt>
   <trkpt lat="36.1038330" lon="-115.4726780">
    <ele>1229.0</ele>
   </trkpt>
   <trkpt lat="36.1038220" lon="-115.4726430">
    <ele>1229.0</ele>
   </trkpt>
   <trkpt lat="36.1038100" lon="-115.4726080">
    <ele>1229.0</ele>
   </trkpt>
   <trkpt lat="36.1037980" lon="-115.4725700">
    <ele>1228.0</ele>
   </trkpt>
   <trkpt lat="36.1037860" lon="-115.4725320">
    <ele>1228.0</ele>
   </trkpt>
   <trkpt lat="36.1037720" lon="-115.4724950">
    <ele>1228.0</ele>
   </trkpt>
   <trkpt lat="36.1037570" lon="-115.4724570">
    <ele>1228.0</ele>
   </trkpt>
   <trkpt lat="36.1037400" lon="-115.4724200">
    <ele>1228.0</ele>
   </trkpt>
   <trkpt lat="36.1037240" lon="-115.4723830">
    <ele>1227.0</ele>
   </trkpt>
   <trkpt lat="36.1037120" lon="-115.4723430">
    <ele>1227.0</ele>
   </trkpt>
   <trkpt lat="36.1037000" lon="-115.4723030">
    <ele>1227.0</ele>
   </trkpt>
   <trkpt lat="36.1036920" lon="-115.4722610">
    <ele>1227.0</ele>
   </trkpt>
   <trkpt lat="36.1036840" lon="-115.4722190">
    <ele>1227.0</ele>
   </trkpt>
   <trkpt lat="36.1036780" lon="-115.4721750">
    <ele>1226.0</ele>
   </trkpt>
   <trkpt lat="36.1036720" lon="-115.4721310">
    <ele>1226.0</ele>
   </trkpt>
   <trkpt lat="36.1036670" lon="-115.4720870">
    <ele>1226.0</ele>
   </trkpt>
   <trkpt lat="36.1036620" lon="-115.4720430">
    <ele>1226.0</ele>
   </trkpt>
   <trkpt lat="36.1036560" lon="-115.4720000">
    <ele>1226.0</ele>
   </trkpt>
   <trkpt lat="36.1036500" lon="-115.4719570">
    <ele>1225.0</ele>
   </trkpt>
   <trkpt lat="36.1036440" lon="-115.4719150">
    <ele>1225.0</ele>
   </trkpt>
   <trkpt lat="36.1036380" lon="-115.4718730">
    <ele>1225.0</ele>
   </trkpt>
   <trkpt lat="36.1036350" lon="-115.4718310">
    <ele>1225.0</ele>
   </trkpt>
   <trkpt lat="36.1036310" lon="-115.4717900">
    <ele>1225.0</ele>
   </trkpt>
   <trkpt lat="36.1036280" lon="-115.4717470">
    <ele>1224.0</ele>
   </trkpt>
   <trkpt lat="36.1036260" lon="-115.4717050">
    <ele>1224.0</ele>
   </trkpt>
   <trkpt lat="36.1036230" lon="-115.4716610">
    <ele>1224.0</ele>
   </trkpt>
   <trkpt lat="36.1036210" lon="-115.4716180">
    <ele>1224.0</ele>
   </trkpt>
   <trkpt lat="36.1036190" lon="-115.4715740">
    <ele>1224.0</ele>
   </trkpt>
   <trkpt lat="36.1036170" lon="-115.4715300">
    <ele>1223.0</ele>
   </trkpt>
   <trkpt lat="36.1036160" lon="-115.4714860">
    <ele>1223.0</ele>
   </trkpt>
   <trkpt lat="36.1036160" lon="-115.4714420">
    <ele>1223.0</ele>
   </trkpt>
   <trkpt lat="36.1036140" lon="-115.4713990">
    <ele>1223.0</ele>
   </trkpt>
   <trkpt lat="36.1036110" lon="-115.4713570">
    <ele>1223.0</ele>
   </trkpt>
   <trkpt lat="36.1036070" lon="-115.4713150">
    <ele>1222.0</ele>
   </trkpt>
   <trkpt lat="36.1036020" lon="-115.4712730">
    <ele>1222.0</ele>
   </trkpt>
   <trkpt lat="36.1035990" lon="-115.4712310">
    <ele>1222.0</ele>
   </trkpt>
   <trkpt lat="36.1035960" lon="-115.4711900">
    <ele>1222.0</ele>
   </trkpt>
   <trkpt lat="36.1035960" lon="-115.4711490">
    <ele>1222.0</ele>
   </trkpt>
   <trkpt lat="36.1035960" lon="-115.4711090">
    <ele>1221.0</ele>
   </trkpt>
   <trkpt lat="36.1035970" lon="-115.4710690">
    <ele>1221.0</ele>
   </trkpt>
   <trkpt lat="36.1035980" lon="-115.4710300">
    <ele>1221.0</ele>
   </trkpt>
   <trkpt lat="36.1035950" lon="-115.4709910">
    <ele>1221.0</ele>
   </trkpt>
   <trkpt lat="36.1035930" lon="-115.4709530">
    <ele>1221.0</ele>
   </trkpt>
   <trkpt lat="36.1035910" lon="-115.4709150">
    <ele>1220.0</ele>
   </trkpt>
   <trkpt lat="36.1035900" lon="-115.4708770">
    <ele>1220.0</ele>
   </trkpt>
   <trkpt lat="36.1035900" lon="-115.4708390">
    <ele>1220.0</ele>
   </trkpt>
   <trkpt lat="36.1035910" lon="-115.4708010">
    <ele>1220.0</ele>
   </trkpt>
   <trkpt lat="36.1035910" lon="-115.4707630">
    <ele>1220.0</ele>
   </trkpt>
   <trkpt lat="36.1035920" lon="-115.4707250">
    <ele>1220.0</ele>
   </trkpt>
   <trkpt lat="36.1035920" lon="-115.4706850">
    <ele>1220.0</ele>
   </trkpt>
   <trkpt lat="36.1035920" lon="-115.4706450">
    <ele>1220.0</ele>
   </trkpt>
   <trkpt lat="36.1035920" lon="-115.4706030">
    <ele>1220.0</ele>
   </trkpt>
   <trkpt lat="36.1035930" lon="-115.4705610">
    <ele>1220.0</ele>
   </trkpt>
   <trkpt lat="36.1035960" lon="-115.4705200">
    <ele>1219.0</ele>
   </trkpt>
   <trkpt lat="36.1036000" lon="-115.4704790">
    <ele>1219.0</ele>
   </trkpt>
   <trkpt lat="36.1036090" lon="-115.4704420">
    <ele>1219.0</ele>
   </trkpt>
   <trkpt lat="36.1036190" lon="-115.4704040">
    <ele>1219.0</ele>
   </trkpt>
   <trkpt lat="36.1036280" lon="-115.4703660">
    <ele>1219.0</ele>
   </trkpt>
   <trkpt lat="36.1036380" lon="-115.4703290">
    <ele>1218.0</ele>
   </trkpt>
   <trkpt lat="36.1036380" lon="-115.4702920">
    <ele>1218.0</ele>
   </trkpt>
   <trkpt lat="36.1036380" lon="-115.4702560">
    <ele>1218.0</ele>
   </trkpt>
   <trkpt lat="36.1036340" lon="-115.4702180">
    <ele>1218.0</ele>
   </trkpt>
   <trkpt lat="36.1036300" lon="-115.4701810">
    <ele>1218.0</ele>
   </trkpt>
   <trkpt lat="36.1036270" lon="-115.4701410">
    <ele>1217.0</ele>
   </trkpt>
   <trkpt lat="36.1036240" lon="-115.4701010">
    <ele>1217.0</ele>
   </trkpt>
   <trkpt lat="36.1036260" lon="-115.4700590">
    <ele>1217.0</ele>
   </trkpt>
   <trkpt lat="36.1036290" lon="-115.4700170">
    <ele>1217.0</ele>
   </trkpt>
   <trkpt lat="36.1036310" lon="-115.4699730">
    <ele>1217.0</ele>
   </trkpt>
   <trkpt lat="36.1036330" lon="-115.4699290">
    <ele>1217.0</ele>
   </trkpt>
   <trkpt lat="36.1036290" lon="-115.4698870">
    <ele>1217.0</ele>
   </trkpt>
   <trkpt lat="36.1036250" lon="-115.4698460">
    <ele>1217.0</ele>
   </trkpt>
   <trkpt lat="36.1036190" lon="-115.4698060">
    <ele>1217.0</ele>
   </trkpt>
   <trkpt lat="36.1036120" lon="-115.4697670">
    <ele>1217.0</ele>
   </trkpt>
   <trkpt lat="36.1036070" lon="-115.4697260">
    <ele>1216.0</ele>
   </trkpt>
   <trkpt lat="36.1036020" lon="-115.4696840">
    <ele>1216.0</ele>
   </trkpt>
   <trkpt lat="36.1036010" lon="-115.4696410">
    <ele>1216.0</ele>
   </trkpt>
   <trkpt lat="36.1036010" lon="-115.4695980">
    <ele>1216.0</ele>
   </trkpt>
   <trkpt lat="36.1036040" lon="-115.4695560">
    <ele>1216.0</ele>
   </trkpt>
   <trkpt lat="36.1036070" lon="-115.4695130">
    <ele>1215.0</ele>
   </trkpt>
   <trkpt lat="36.1036100" lon="-115.4694710">
    <ele>1215.0</ele>
   </trkpt>
   <trkpt lat="36.1036120" lon="-115.4694290">
    <ele>1215.0</ele>
   </trkpt>
   <trkpt lat="36.1036140" lon="-115.4693880">
    <ele>1215.0</ele>
   </trkpt>
   <trkpt lat="36.1036160" lon="-115.4693470">
    <ele>1215.0</ele>
   </trkpt>
   <trkpt lat="36.1036200" lon="-115.4693060">
    <ele>1214.0</ele>
   </trkpt>
   <trkpt lat="36.1036240" lon="-115.4692660">
    <ele>1214.0</ele>
   </trkpt>
   <trkpt lat="36.1036280" lon="-115.4692250">
    <ele>1214.0</ele>
   </trkpt>
   <trkpt lat="36.1036310" lon="-115.4691850">
    <ele>1214.0</ele>
   </trkpt>
   <trkpt lat="36.1036320" lon="-115.4691450">
    <ele>1214.0</ele>
   </trkpt>
   <trkpt lat="36.1036340" lon="-115.4691060">
    <ele>1214.0</ele>
   </trkpt>
   <trkpt lat="36.1036370" lon="-115.4690650">
    <ele>1214.0</ele>
   </trkpt>
   <trkpt lat="36.1036400" lon="-115.4690250">
    <ele>1214.0</ele>
   </trkpt>
   <trkpt lat="36.1036450" lon="-115.4689850">
    <ele>1214.0</ele>
   </trkpt>
   <trkpt lat="36.1036500" lon="-115.4689440">
    <ele>1214.0</ele>
   </trkpt>
   <trkpt lat="36.1036540" lon="-115.4689040">
    <ele>1213.0</ele>
   </trkpt>
   <trkpt lat="36.1036590" lon="-115.4688630">
    <ele>1213.0</ele>
   </trkpt>
   <trkpt lat="36.1036580" lon="-115.4688220">
    <ele>1213.0</ele>
   </trkpt>
   <trkpt lat="36.1036580" lon="-115.4687820">
    <ele>1213.0</ele>
   </trkpt>
   <trkpt lat="36.1036550" lon="-115.4687410">
    <ele>1213.0</ele>
   </trkpt>
   <trkpt lat="36.1036520" lon="-115.4687000">
    <ele>1212.0</ele>
   </trkpt>
   <trkpt lat="36.1036490" lon="-115.4686600">
    <ele>1212.0</ele>
   </trkpt>
   <trkpt lat="36.1036450" lon="-115.4686200">
    <ele>1211.0</ele>
   </trkpt>
   <trkpt lat="36.1036430" lon="-115.4685780">
    <ele>1211.0</ele>
   </trkpt>
   <trkpt lat="36.1036410" lon="-115.4685360">
    <ele>1211.0</ele>
   </trkpt>
   <trkpt lat="36.1036410" lon="-115.4684900">
    <ele>1210.0</ele>
   </trkpt>
   <trkpt lat="36.1036420" lon="-115.4684450">
    <ele>1210.0</ele>
   </trkpt>
   <trkpt lat="36.1036450" lon="-115.4683980">
    <ele>1210.0</ele>
   </trkpt>
   <trkpt lat="36.1036480" lon="-115.4683510">
    <ele>1210.0</ele>
   </trkpt>
   <trkpt lat="36.1036520" lon="-115.4683020">
    <ele>1210.0</ele>
   </trkpt>
   <trkpt lat="36.1036560" lon="-115.4682540">
    <ele>1209.0</ele>
   </trkpt>
   <trkpt lat="36.1036570" lon="-115.4682070">
    <ele>1209.0</ele>
   </trkpt>
   <trkpt lat="36.1036590" lon="-115.4681590">
    <ele>1209.0</ele>
   </trkpt>
   <trkpt lat="36.1036610" lon="-115.4681130">
    <ele>1209.0</ele>
   </trkpt>
   <trkpt lat="36.1036630" lon="-115.4680670">
    <ele>1209.0</ele>
   </trkpt>
   <trkpt lat="36.1036670" lon="-115.4680220">
    <ele>1208.0</ele>
   </trkpt>
   <trkpt lat="36.1036720" lon="-115.4679770">
    <ele>1208.0</ele>
   </trkpt>
   <trkpt lat="36.1036780" lon="-115.4679330">
    <ele>1208.0</ele>
   </trkpt>
   <trkpt lat="36.1036830" lon="-115.4678900">
    <ele>1208.0</ele>
   </trkpt>
   <trkpt lat="36.1036900" lon="-115.4678460">
    <ele>1208.0</ele>
   </trkpt>
   <trkpt lat="36.1036970" lon="-115.4678030">
    <ele>1207.0</ele>
   </trkpt>
   <trkpt lat="36.1037060" lon="-115.4677600">
    <ele>1207.0</ele>
   </trkpt>
   <trkpt lat="36.1037140" lon="-115.4677160">
    <ele>1207.0</ele>
   </trkpt>
   <trkpt lat="36.1037210" lon="-115.4676700">
    <ele>1207.0</ele>
   </trkpt>
   <trkpt lat="36.1037280" lon="-115.4676250">
    <ele>1207.0</ele>
   </trkpt>
   <trkpt lat="36.1037320" lon="-115.4675760">
    <ele>1206.0</ele>
   </trkpt>
   <trkpt lat="36.1037360" lon="-115.4675260">
    <ele>1206.0</ele>
   </trkpt>
   <trkpt lat="36.1037360" lon="-115.4674770">
    <ele>1206.0</ele>
   </trkpt>
   <trkpt lat="36.1037370" lon="-115.4674270">
    <ele>1206.0</ele>
   </trkpt>
   <trkpt lat="36.1037340" lon="-115.4673800">
    <ele>1206.0</ele>
   </trkpt>
   <trkpt lat="36.1037320" lon="-115.4673320">
    <ele>1205.0</ele>
   </trkpt>
   <trkpt lat="36.1037260" lon="-115.4672860">
    <ele>1205.0</ele>
   </trkpt>
   <trkpt lat="36.1037200" lon="-115.4672400">
    <ele>1205.0</ele>
   </trkpt>
   <trkpt lat="36.1037130" lon="-115.4671950">
    <ele>1205.0</ele>
   </trkpt>
   <trkpt lat="36.1037050" lon="-115.4671500">
    <ele>1205.0</ele>
   </trkpt>
   <trkpt lat="36.1037000" lon="-115.4671050">
    <ele>1204.0</ele>
   </trkpt>
   <trkpt lat="36.1036940" lon="-115.4670600">
    <ele>1204.0</ele>
   </trkpt>
   <trkpt lat="36.1036900" lon="-115.4670150">
    <ele>1204.0</ele>
   </trkpt>
   <trkpt lat="36.1036870" lon="-115.4669710">
    <ele>1204.0</ele>
   </trkpt>
   <trkpt lat="36.1036840" lon="-115.4669260">
    <ele>1204.0</ele>
   </trkpt>
   <trkpt lat="36.1036810" lon="-115.4668820">
    <ele>1203.0</ele>
   </trkpt>
   <trkpt lat="36.1036770" lon="-115.4668350">
    <ele>1203.0</ele>
   </trkpt>
   <trkpt lat="36.1036730" lon="-115.4667890">
    <ele>1203.0</ele>
   </trkpt>
   <trkpt lat="36.1036690" lon="-115.4667420">
    <ele>1203.0</ele>
   </trkpt>
   <trkpt lat="36.1036650" lon="-115.4666940">
    <ele>1203.0</ele>
   </trkpt>
   <trkpt lat="36.1036580" lon="-115.4666470">
    <ele>1202.0</ele>
   </trkpt>
   <trkpt lat="36.1036500" lon="-115.4666010">
    <ele>1202.0</ele>
   </trkpt>
   <trkpt lat="36.1036400" lon="-115.4665560">
    <ele>1202.0</ele>
   </trkpt>
   <trkpt lat="36.1036300" lon="-115.4665120">
    <ele>1202.0</ele>
   </trkpt>
   <trkpt lat="36.1036160" lon="-115.4664680">
    <ele>1202.0</ele>
   </trkpt>
   <trkpt lat="36.1036030" lon="-115.4664250">
    <ele>1201.0</ele>
   </trkpt>
   <trkpt lat="36.1035890" lon="-115.4663830">
    <ele>1201.0</ele>
   </trkpt>
   <trkpt lat="36.1035750" lon="-115.4663400">
    <ele>1201.0</ele>
   </trkpt>
   <trkpt lat="36.1035650" lon="-115.4662970">
    <ele>1201.0</ele>
   </trkpt>
   <trkpt lat="36.1035550" lon="-115.4662530">
    <ele>1201.0</ele>
   </trkpt>
   <trkpt lat="36.1035480" lon="-115.4662090">
    <ele>1200.0</ele>
   </trkpt>
   <trkpt lat="36.1035410" lon="-115.4661640">
    <ele>1200.0</ele>
   </trkpt>
   <trkpt lat="36.1035330" lon="-115.4661200">
    <ele>1200.0</ele>
   </trkpt>
   <trkpt lat="36.1035260" lon="-115.4660750">
    <ele>1200.0</ele>
   </trkpt>
   <trkpt lat="36.1035190" lon="-115.4660300">
    <ele>1200.0</ele>
   </trkpt>
   <trkpt lat="36.1035120" lon="-115.4659850">
    <ele>1199.0</ele>
   </trkpt>
   <trkpt lat="36.1035050" lon="-115.4659390">
    <ele>1199.0</ele>
   </trkpt>
   <trkpt lat="36.1034980" lon="-115.4658920">
    <ele>1199.0</ele>
   </trkpt>
   <trkpt lat="36.1034910" lon="-115.4658460">
    <ele>1199.0</ele>
   </trkpt>
   <trkpt lat="36.1034840" lon="-115.4658000">
    <ele>1199.0</ele>
   </trkpt>
   <trkpt lat="36.1034760" lon="-115.4657540">
    <ele>1199.0</ele>
   </trkpt>
   <trkpt lat="36.1034680" lon="-115.4657080">
    <ele>1199.0</ele>
   </trkpt>
   <trkpt lat="36.1034620" lon="-115.4656620">
    <ele>1199.0</ele>
   </trkpt>
   <trkpt lat="36.1034550" lon="-115.4656150">
    <ele>1199.0</ele>
   </trkpt>
   <trkpt lat="36.1034500" lon="-115.4655700">
    <ele>1199.0</ele>
   </trkpt>
   <trkpt lat="36.1034450" lon="-115.4655250">
    <ele>1198.0</ele>
   </trkpt>
   <trkpt lat="36.1034410" lon="-115.4654830">
    <ele>1198.0</ele>
   </trkpt>
   <trkpt lat="36.1034370" lon="-115.4654400">
    <ele>1198.0</ele>
   </trkpt>
   <trkpt lat="36.1034340" lon="-115.4653980">
    <ele>1198.0</ele>
   </trkpt>
   <trkpt lat="36.1034320" lon="-115.4653550">
    <ele>1198.0</ele>
   </trkpt>
   <trkpt lat="36.1034290" lon="-115.4653120">
    <ele>1197.0</ele>
   </trkpt>
   <trkpt lat="36.1034270" lon="-115.4652680">
    <ele>1197.0</ele>
   </trkpt>
   <trkpt lat="36.1034240" lon="-115.4652240">
    <ele>1197.0</ele>
   </trkpt>
   <trkpt lat="36.1034210" lon="-115.4651810">
    <ele>1197.0</ele>
   </trkpt>
   <trkpt lat="36.1034220" lon="-115.4651360">
    <ele>1197.0</ele>
   </trkpt>
   <trkpt lat="36.1034220" lon="-115.4650920">
    <ele>1196.0</ele>
   </trkpt>
   <trkpt lat="36.1034250" lon="-115.4650470">
    <ele>1196.0</ele>
   </trkpt>
   <trkpt lat="36.1034280" lon="-115.4650020">
    <ele>1196.0</ele>
   </trkpt>
   <trkpt lat="36.1034310" lon="-115.4649560">
    <ele>1196.0</ele>
   </trkpt>
   <trkpt lat="36.1034340" lon="-115.4649100">
    <ele>1196.0</ele>
   </trkpt>
   <trkpt lat="36.1034360" lon="-115.4648640">
    <ele>1195.0</ele>
   </trkpt>
   <trkpt lat="36.1034380" lon="-115.4648170">
    <ele>1195.0</ele>
   </trkpt>
   <trkpt lat="36.1034390" lon="-115.4647700">
    <ele>1195.0</ele>
   </trkpt>
   <trkpt lat="36.1034400" lon="-115.4647230">
    <ele>1195.0</ele>
   </trkpt>
   <trkpt lat="36.1034400" lon="-115.4646760">
    <ele>1195.0</ele>
   </trkpt>
   <trkpt lat="36.1034400" lon="-115.4646290">
    <ele>1195.0</ele>
   </trkpt>
   <trkpt lat="36.1034430" lon="-115.4645830">
    <ele>1195.0</ele>
   </trkpt>
   <trkpt lat="36.1034460" lon="-115.4645380">
    <ele>1195.0</ele>
   </trkpt>
   <trkpt lat="36.1034490" lon="-115.4644920">
    <ele>1195.0</ele>
   </trkpt>
   <trkpt lat="36.1034530" lon="-115.4644470">
    <ele>1195.0</ele>
   </trkpt>
   <trkpt lat="36.1034550" lon="-115.4644020">
    <ele>1194.0</ele>
   </trkpt>
   <trkpt lat="36.1034570" lon="-115.4643560">
    <ele>1194.0</ele>
   </trkpt>
   <trkpt lat="36.1034570" lon="-115.4643100">
    <ele>1194.0</ele>
   </trkpt>
   <trkpt lat="36.1034580" lon="-115.4642640">
    <ele>1194.0</ele>
   </trkpt>
   <trkpt lat="36.1034570" lon="-115.4642190">
    <ele>1194.0</ele>
   </trkpt>
   <trkpt lat="36.1034570" lon="-115.4641730">
    <ele>1193.0</ele>
   </trkpt>
   <trkpt lat="36.1034560" lon="-115.4641280">
    <ele>1193.0</ele>
   </trkpt>
   <trkpt lat="36.1034560" lon="-115.4640820">
    <ele>1192.0</ele>
   </trkpt>
   <trkpt lat="36.1034550" lon="-115.4640370">
    <ele>1192.0</ele>
   </trkpt>
   <trkpt lat="36.1034550" lon="-115.4639910">
    <ele>1192.0</ele>
   </trkpt>
   <trkpt lat="36.1034530" lon="-115.4639470">
    <ele>1191.0</ele>
   </trkpt>
   <trkpt lat="36.1034510" lon="-115.4639030">
    <ele>1191.0</ele>
   </trkpt>
   <trkpt lat="36.1034510" lon="-115.4638610">
    <ele>1191.0</ele>
   </trkpt>
   <trkpt lat="36.1034510" lon="-115.4638180">
    <ele>1191.0</ele>
   </trkpt>
   <trkpt lat="36.1034550" lon="-115.4637780">
    <ele>1191.0</ele>
   </trkpt>
   <trkpt lat="36.1034590" lon="-115.4637380">
    <ele>1190.0</ele>
   </trkpt>
   <trkpt lat="36.1034650" lon="-115.4636990">
    <ele>1190.0</ele>
   </trkpt>
   <trkpt lat="36.1034720" lon="-115.4636590">
    <ele>1190.0</ele>
   </trkpt>
   <trkpt lat="36.1034810" lon="-115.4636210">
    <ele>1190.0</ele>
   </trkpt>
   <trkpt lat="36.1034900" lon="-115.4635830">
    <ele>1190.0</ele>
   </trkpt>
   <trkpt lat="36.1034970" lon="-115.4635440">
    <ele>1189.0</ele>
   </trkpt>
   <trkpt lat="36.1035040" lon="-115.4635040">
    <ele>1189.0</ele>
   </trkpt>
   <trkpt lat="36.1035080" lon="-115.4634630">
    <ele>1189.0</ele>
   </trkpt>
   <trkpt lat="36.1035120" lon="-115.4634230">
    <ele>1189.0</ele>
   </trkpt>
   <trkpt lat="36.1035140" lon="-115.4633830">
    <ele>1189.0</ele>
   </trkpt>
   <trkpt lat="36.1035170" lon="-115.4633430">
    <ele>1188.0</ele>
   </trkpt>
   <trkpt lat="36.1035200" lon="-115.4633040">
    <ele>1188.0</ele>
   </trkpt>
   <trkpt lat="36.1035230" lon="-115.4632650">
    <ele>1188.0</ele>
   </trkpt>
   <trkpt lat="36.1035250" lon="-115.4632260">
    <ele>1188.0</ele>
   </trkpt>
   <trkpt lat="36.1035280" lon="-115.4631870">
    <ele>1188.0</ele>
   </trkpt>
   <trkpt lat="36.1035280" lon="-115.4631470">
    <ele>1187.0</ele>
   </trkpt>
   <trkpt lat="36.1035280" lon="-115.4631080">
    <ele>1187.0</ele>
   </trkpt>
   <trkpt lat="36.1035250" lon="-115.4630680">
    <ele>1187.0</ele>
   </trkpt>
   <trkpt lat="36.1035230" lon="-115.4630280">
    <ele>1187.0</ele>
   </trkpt>
   <trkpt lat="36.1035200" lon="-115.4629880">
    <ele>1187.0</ele>
   </trkpt>
   <trkpt lat="36.1035170" lon="-115.4629480">
    <ele>1187.0</ele>
   </trkpt>
   <trkpt lat="36.1035150" lon="-115.4629090">
    <ele>1187.0</ele>
   </trkpt>
   <trkpt lat="36.1035140" lon="-115.4628690">
    <ele>1187.0</ele>
   </trkpt>
   <trkpt lat="36.1035140" lon="-115.4628290">
    <ele>1187.0</ele>
   </trkpt>
   <trkpt lat="36.1035150" lon="-115.4627890">
    <ele>1187.0</ele>
   </trkpt>
   <trkpt lat="36.1035160" lon="-115.4627490">
    <ele>1186.0</ele>
   </trkpt>
   <trkpt lat="36.1035180" lon="-115.4627090">
    <ele>1186.0</ele>
   </trkpt>
   <trkpt lat="36.1035200" lon="-115.4626700">
    <ele>1186.0</ele>
   </trkpt>
   <trkpt lat="36.1035230" lon="-115.4626310">
    <ele>1186.0</ele>
   </trkpt>
   <trkpt lat="36.1035260" lon="-115.4625890">
    <ele>1186.0</ele>
   </trkpt>
   <trkpt lat="36.1035280" lon="-115.4625480">
    <ele>1186.0</ele>
   </trkpt>
   <trkpt lat="36.1035310" lon="-115.4625070">
    <ele>1186.0</ele>
   </trkpt>
   <trkpt lat="36.1035330" lon="-115.4624670">
    <ele>1186.0</ele>
   </trkpt>
   <trkpt lat="36.1035330" lon="-115.4624250">
    <ele>1186.0</ele>
   </trkpt>
   <trkpt lat="36.1035340" lon="-115.4623830">
    <ele>1186.0</ele>
   </trkpt>
   <trkpt lat="36.1035340" lon="-115.4623390">
    <ele>1185.0</ele>
   </trkpt>
   <trkpt lat="36.1035340" lon="-115.4622960">
    <ele>1185.0</ele>
   </trkpt>
   <trkpt lat="36.1035320" lon="-115.4622510">
    <ele>1185.0</ele>
   </trkpt>
   <trkpt lat="36.1035300" lon="-115.4622060">
    <ele>1185.0</ele>
   </trkpt>
   <trkpt lat="36.1035260" lon="-115.4621600">
    <ele>1185.0</ele>
   </trkpt>
   <trkpt lat="36.1035220" lon="-115.4621140">
    <ele>1185.0</ele>
   </trkpt>
   <trkpt lat="36.1035160" lon="-115.4620680">
    <ele>1185.0</ele>
   </trkpt>
   <trkpt lat="36.1035110" lon="-115.4620220">
    <ele>1185.0</ele>
   </trkpt>
   <trkpt lat="36.1035070" lon="-115.4619760">
    <ele>1185.0</ele>
   </trkpt>
   <trkpt lat="36.1035040" lon="-115.4619300">
    <ele>1185.0</ele>
   </trkpt>
   <trkpt lat="36.1035040" lon="-115.4618840">
    <ele>1185.0</ele>
   </trkpt>
   <trkpt lat="36.1035040" lon="-115.4618390">
    <ele>1185.0</ele>
   </trkpt>
   <trkpt lat="36.1035060" lon="-115.4617910">
    <ele>1185.0</ele>
   </trkpt>
   <trkpt lat="36.1035080" lon="-115.4617440">
    <ele>1185.0</ele>
   </trkpt>
   <trkpt lat="36.1035110" lon="-115.4616960">
    <ele>1185.0</ele>
   </trkpt>
   <trkpt lat="36.1035140" lon="-115.4616480">
    <ele>1184.0</ele>
   </trkpt>
   <trkpt lat="36.1035160" lon="-115.4616000">
    <ele>1184.0</ele>
   </trkpt>
   <trkpt lat="36.1035180" lon="-115.4615520">
    <ele>1184.0</ele>
   </trkpt>
   <trkpt lat="36.1035180" lon="-115.4615050">
    <ele>1184.0</ele>
   </trkpt>
   <trkpt lat="36.1035190" lon="-115.4614580">
    <ele>1184.0</ele>
   </trkpt>
   <trkpt lat="36.1035170" lon="-115.4614100">
    <ele>1184.0</ele>
   </trkpt>
   <trkpt lat="36.1035160" lon="-115.4613630">
    <ele>1184.0</ele>
   </trkpt>
   <trkpt lat="36.1035130" lon="-115.4613160">
    <ele>1184.0</ele>
   </trkpt>
   <trkpt lat="36.1035100" lon="-115.4612690">
    <ele>1184.0</ele>
   </trkpt>
   <trkpt lat="36.1035080" lon="-115.4612220">
    <ele>1184.0</ele>
   </trkpt>
   <trkpt lat="36.1035060" lon="-115.4611760">
    <ele>1184.0</ele>
   </trkpt>
   <trkpt lat="36.1035060" lon="-115.4611290">
    <ele>1184.0</ele>
   </trkpt>
   <trkpt lat="36.1035070" lon="-115.4610830">
    <ele>1184.0</ele>
   </trkpt>
   <trkpt lat="36.1035090" lon="-115.4610370">
    <ele>1184.0</ele>
   </trkpt>
   <trkpt lat="36.1035100" lon="-115.4609910">
    <ele>1184.0</ele>
   </trkpt>
   <trkpt lat="36.1035090" lon="-115.4609440">
    <ele>1184.0</ele>
   </trkpt>
   <trkpt lat="36.1035080" lon="-115.4608960">
    <ele>1184.0</ele>
   </trkpt>
   <trkpt lat="36.1035050" lon="-115.4608500">
    <ele>1184.0</ele>
   </trkpt>
   <trkpt lat="36.1035020" lon="-115.4608040">
    <ele>1184.0</ele>
   </trkpt>
   <trkpt lat="36.1035000" lon="-115.4607560">
    <ele>1184.0</ele>
   </trkpt>
   <trkpt lat="36.1034970" lon="-115.4607080">
    <ele>1183.0</ele>
   </trkpt>
   <trkpt lat="36.1034950" lon="-115.4606590">
    <ele>1183.0</ele>
   </trkpt>
   <trkpt lat="36.1034940" lon="-115.4606100">
    <ele>1183.0</ele>
   </trkpt>
   <trkpt lat="36.1034930" lon="-115.4605620">
    <ele>1183.0</ele>
   </trkpt>
   <trkpt lat="36.1034930" lon="-115.4605140">
    <ele>1183.0</ele>
   </trkpt>
   <trkpt lat="36.1034940" lon="-115.4604640">
    <ele>1182.0</ele>
   </trkpt>
   <trkpt lat="36.1034940" lon="-115.4604150">
    <ele>1182.0</ele>
   </trkpt>
   <trkpt lat="36.1034960" lon="-115.4603680">
    <ele>1182.0</ele>
   </trkpt>
   <trkpt lat="36.1034980" lon="-115.4603200">
    <ele>1182.0</ele>
   </trkpt>
   <trkpt lat="36.1035000" lon="-115.4602730">
    <ele>1182.0</ele>
   </trkpt>
   <trkpt lat="36.1035010" lon="-115.4602260">
    <ele>1182.0</ele>
   </trkpt>
   <trkpt lat="36.1035020" lon="-115.4601780">
    <ele>1182.0</ele>
   </trkpt>
   <trkpt lat="36.1035020" lon="-115.4601310">
    <ele>1182.0</ele>
   </trkpt>
   <trkpt lat="36.1035010" lon="-115.4600840">
    <ele>1182.0</ele>
   </trkpt>
   <trkpt lat="36.1035000" lon="-115.4600360">
    <ele>1182.0</ele>
   </trkpt>
   <trkpt lat="36.1034970" lon="-115.4599910">
    <ele>1181.0</ele>
   </trkpt>
   <trkpt lat="36.1034940" lon="-115.4599460">
    <ele>1181.0</ele>
   </trkpt>
   <trkpt lat="36.1034920" lon="-115.4599020">
    <ele>1181.0</ele>
   </trkpt>
   <trkpt lat="36.1034900" lon="-115.4598580">
    <ele>1181.0</ele>
   </trkpt>
   <trkpt lat="36.1034880" lon="-115.4598120">
    <ele>1181.0</ele>
   </trkpt>
   <trkpt lat="36.1034860" lon="-115.4597670">
    <ele>1181.0</ele>
   </trkpt>
   <trkpt lat="36.1034840" lon="-115.4597210">
    <ele>1181.0</ele>
   </trkpt>
   <trkpt lat="36.1034820" lon="-115.4596750">
    <ele>1181.0</ele>
   </trkpt>
   <trkpt lat="36.1034800" lon="-115.4596290">
    <ele>1181.0</ele>
   </trkpt>
   <trkpt lat="36.1034780" lon="-115.4595840">
    <ele>1181.0</ele>
   </trkpt>
   <trkpt lat="36.1034770" lon="-115.4595390">
    <ele>1181.0</ele>
   </trkpt>
   <trkpt lat="36.1034750" lon="-115.4594930">
    <ele>1181.0</ele>
   </trkpt>
   <trkpt lat="36.1034710" lon="-115.4594450">
    <ele>1181.0</ele>
   </trkpt>
   <trkpt lat="36.1034680" lon="-115.4593970">
    <ele>1181.0</ele>
   </trkpt>
   <trkpt lat="36.1034630" lon="-115.4593500">
    <ele>1181.0</ele>
   </trkpt>
   <trkpt lat="36.1034580" lon="-115.4593030">
    <ele>1180.0</ele>
   </trkpt>
   <trkpt lat="36.1034520" lon="-115.4592560">
    <ele>1180.0</ele>
   </trkpt>
   <trkpt lat="36.1034460" lon="-115.4592080">
    <ele>1180.0</ele>
   </trkpt>
   <trkpt lat="36.1034430" lon="-115.4591620">
    <ele>1180.0</ele>
   </trkpt>
   <trkpt lat="36.1034400" lon="-115.4591160">
    <ele>1180.0</ele>
   </trkpt>
   <trkpt lat="36.1034400" lon="-115.4590700">
    <ele>1179.0</ele>
   </trkpt>
   <trkpt lat="36.1034410" lon="-115.4590230">
    <ele>1179.0</ele>
   </trkpt>
   <trkpt lat="36.1034440" lon="-115.4589740">
    <ele>1179.0</ele>
   </trkpt>
   <trkpt lat="36.1034470" lon="-115.4589240">
    <ele>1179.0</ele>
   </trkpt>
   <trkpt lat="36.1034510" lon="-115.4588760">
    <ele>1179.0</ele>
   </trkpt>
   <trkpt lat="36.1034550" lon="-115.4588280">
    <ele>1178.0</ele>
   </trkpt>
   <trkpt lat="36.1034600" lon="-115.4587820">
    <ele>1178.0</ele>
   </trkpt>
   <trkpt lat="36.1034650" lon="-115.4587350">
    <ele>1178.0</ele>
   </trkpt>
   <trkpt lat="36.1034670" lon="-115.4586890">
    <ele>1178.0</ele>
   </trkpt>
   <trkpt lat="36.1034700" lon="-115.4586430">
    <ele>1178.0</ele>
   </trkpt>
   <trkpt lat="36.1034690" lon="-115.4585980">
    <ele>1177.0</ele>
   </trkpt>
   <trkpt lat="36.1034690" lon="-115.4585530">
    <ele>1177.0</ele>
   </trkpt>
   <trkpt lat="36.1034690" lon="-115.4585070">
    <ele>1177.0</ele>
   </trkpt>
   <trkpt lat="36.1034700" lon="-115.4584620">
    <ele>1177.0</ele>
   </trkpt>
   <trkpt lat="36.1034720" lon="-115.4584170">
    <ele>1177.0</ele>
   </trkpt>
   <trkpt lat="36.1034750" lon="-115.4583720">
    <ele>1176.0</ele>
   </trkpt>
   <trkpt lat="36.1034820" lon="-115.4583300">
    <ele>1176.0</ele>
   </trkpt>
   <trkpt lat="36.1034890" lon="-115.4582870">
    <ele>1176.0</ele>
   </trkpt>
   <trkpt lat="36.1035010" lon="-115.4582490">
    <ele>1176.0</ele>
   </trkpt>
   <trkpt lat="36.1035130" lon="-115.4582100">
    <ele>1176.0</ele>
   </trkpt>
   <trkpt lat="36.1035250" lon="-115.4581700">
    <ele>1176.0</ele>
   </trkpt>
   <trkpt lat="36.1035370" lon="-115.4581300">
    <ele>1176.0</ele>
   </trkpt>
   <trkpt lat="36.1035460" lon="-115.4580870">
    <ele>1176.0</ele>
   </trkpt>
   <trkpt lat="36.1035540" lon="-115.4580450">
    <ele>1176.0</ele>
   </trkpt>
   <trkpt lat="36.1035580" lon="-115.4580000">
    <ele>1176.0</ele>
   </trkpt>
   <trkpt lat="36.1035620" lon="-115.4579550">
    <ele>1175.0</ele>
   </trkpt>
   <trkpt lat="36.1035640" lon="-115.4579090">
    <ele>1175.0</ele>
   </trkpt>
   <trkpt lat="36.1035660" lon="-115.4578640">
    <ele>1175.0</ele>
   </trkpt>
   <trkpt lat="36.1035660" lon="-115.4578180">
    <ele>1175.0</ele>
   </trkpt>
   <trkpt lat="36.1035660" lon="-115.4577720">
    <ele>1175.0</ele>
   </trkpt>
   <trkpt lat="36.1035660" lon="-115.4577230">
    <ele>1174.0</ele>
   </trkpt>
   <trkpt lat="36.1035650" lon="-115.4576740">
    <ele>1174.0</ele>
   </trkpt>
   <trkpt lat="36.1035640" lon="-115.4576270">
    <ele>1174.0</ele>
   </trkpt>
   <trkpt lat="36.1035630" lon="-115.4575800">
    <ele>1174.0</ele>
   </trkpt>
   <trkpt lat="36.1035660" lon="-115.4575360">
    <ele>1174.0</ele>
   </trkpt>
   <trkpt lat="36.1035680" lon="-115.4574920">
    <ele>1173.0</ele>
   </trkpt>
   <trkpt lat="36.1035760" lon="-115.4574500">
    <ele>1173.0</ele>
   </trkpt>
   <trkpt lat="36.1035840" lon="-115.4574080">
    <ele>1173.0</ele>
   </trkpt>
   <trkpt lat="36.1035980" lon="-115.4573640">
    <ele>1173.0</ele>
   </trkpt>
   <trkpt lat="36.1036110" lon="-115.4573200">
    <ele>1173.0</ele>
   </trkpt>
   <trkpt lat="36.1036250" lon="-115.4572770">
    <ele>1172.0</ele>
   </trkpt>
   <trkpt lat="36.1036390" lon="-115.4572330">
    <ele>1172.0</ele>
   </trkpt>
   <trkpt lat="36.1036520" lon="-115.4571880">
    <ele>1172.0</ele>
   </trkpt>
   <trkpt lat="36.1036650" lon="-115.4571430">
    <ele>1172.0</ele>
   </trkpt>
   <trkpt lat="36.1036790" lon="-115.4570970">
    <ele>1172.0</ele>
   </trkpt>
   <trkpt lat="36.1036930" lon="-115.4570510">
    <ele>1171.0</ele>
   </trkpt>
   <trkpt lat="36.1037060" lon="-115.4570050">
    <ele>1171.0</ele>
   </trkpt>
   <trkpt lat="36.1037180" lon="-115.4569590">
    <ele>1171.0</ele>
   </trkpt>
   <trkpt lat="36.1037270" lon="-115.4569120">
    <ele>1171.0</ele>
   </trkpt>
   <trkpt lat="36.1037360" lon="-115.4568650">
    <ele>1171.0</ele>
   </trkpt>
   <trkpt lat="36.1037410" lon="-115.4568170">
    <ele>1170.0</ele>
   </trkpt>
   <trkpt lat="36.1037470" lon="-115.4567690">
    <ele>1170.0</ele>
   </trkpt>
   <trkpt lat="36.1037490" lon="-115.4567210">
    <ele>1169.0</ele>
   </trkpt>
   <trkpt lat="36.1037520" lon="-115.4566730">
    <ele>1169.0</ele>
   </trkpt>
   <trkpt lat="36.1037510" lon="-115.4566270">
    <ele>1169.0</ele>
   </trkpt>
   <trkpt lat="36.1037500" lon="-115.4565810">
    <ele>1168.0</ele>
   </trkpt>
   <trkpt lat="36.1037480" lon="-115.4565330">
    <ele>1168.0</ele>
   </trkpt>
   <trkpt lat="36.1037450" lon="-115.4564850">
    <ele>1168.0</ele>
   </trkpt>
   <trkpt lat="36.1037410" lon="-115.4564350">
    <ele>1168.0</ele>
   </trkpt>
   <trkpt lat="36.1037360" lon="-115.4563850">
    <ele>1168.0</ele>
   </trkpt>
   <trkpt lat="36.1037280" lon="-115.4563370">
    <ele>1168.0</ele>
   </trkpt>
   <trkpt lat="36.1037200" lon="-115.4562890">
    <ele>1168.0</ele>
   </trkpt>
   <trkpt lat="36.1037070" lon="-115.4562430">
    <ele>1168.0</ele>
   </trkpt>
   <trkpt lat="36.1036940" lon="-115.4561970">
    <ele>1168.0</ele>
   </trkpt>
   <trkpt lat="36.1036790" lon="-115.4561520">
    <ele>1168.0</ele>
   </trkpt>
   <trkpt lat="36.1036640" lon="-115.4561080">
    <ele>1167.0</ele>
   </trkpt>
   <trkpt lat="36.1036470" lon="-115.4560650">
    <ele>1167.0</ele>
   </trkpt>
   <trkpt lat="36.1036300" lon="-115.4560210">
    <ele>1166.0</ele>
   </trkpt>
   <trkpt lat="36.1036090" lon="-115.4559790">
    <ele>1166.0</ele>
   </trkpt>
   <trkpt lat="36.1035870" lon="-115.4559370">
    <ele>1166.0</ele>
   </trkpt>
   <trkpt lat="36.1035630" lon="-115.4558970">
    <ele>1165.0</ele>
   </trkpt>
   <trkpt lat="36.1035390" lon="-115.4558570">
    <ele>1165.0</ele>
   </trkpt>
   <trkpt lat="36.1035140" lon="-115.4558170">
    <ele>1165.0</ele>
   </trkpt>
   <trkpt lat="36.1034890" lon="-115.4557760">
    <ele>1165.0</ele>
   </trkpt>
   <trkpt lat="36.1034660" lon="-115.4557350">
    <ele>1165.0</ele>
   </trkpt>
   <trkpt lat="36.1034440" lon="-115.4556930">
    <ele>1165.0</ele>
   </trkpt>
   <trkpt lat="36.1034200" lon="-115.4556530">
    <ele>1165.0</ele>
   </trkpt>
   <trkpt lat="36.1033970" lon="-115.4556130">
    <ele>1165.0</ele>
   </trkpt>
   <trkpt lat="36.1033740" lon="-115.4555740">
    <ele>1165.0</ele>
   </trkpt>
   <trkpt lat="36.1033510" lon="-115.4555350">
    <ele>1165.0</ele>
   </trkpt>
   <trkpt lat="36.1033310" lon="-115.4554950">
    <ele>1164.0</ele>
   </trkpt>
   <trkpt lat="36.1033100" lon="-115.4554550">
    <ele>1164.0</ele>
   </trkpt>
   <trkpt lat="36.1032940" lon="-115.4554130">
    <ele>1164.0</ele>
   </trkpt>
   <trkpt lat="36.1032780" lon="-115.4553710">
    <ele>1164.0</ele>
   </trkpt>
   <trkpt lat="36.1032660" lon="-115.4553270">
    <ele>1164.0</ele>
   </trkpt>
   <trkpt lat="36.1032530" lon="-115.4552830">
    <ele>1163.0</ele>
   </trkpt>
   <trkpt lat="36.1032420" lon="-115.4552380">
    <ele>1163.0</ele>
   </trkpt>
   <trkpt lat="36.1032310" lon="-115.4551930">
    <ele>1163.0</ele>
   </trkpt>
   <trkpt lat="36.1032240" lon="-115.4551470">
    <ele>1163.0</ele>
   </trkpt>
   <trkpt lat="36.1032180" lon="-115.4551010">
    <ele>1163.0</ele>
   </trkpt>
   <trkpt lat="36.1032130" lon="-115.4550550">
    <ele>1162.0</ele>
   </trkpt>
   <trkpt lat="36.1032080" lon="-115.4550080">
    <ele>1162.0</ele>
   </trkpt>
   <trkpt lat="36.1032020" lon="-115.4549620">
    <ele>1162.0</ele>
   </trkpt>
   <trkpt lat="36.1031950" lon="-115.4549160">
    <ele>1162.0</ele>
   </trkpt>
   <trkpt lat="36.1031860" lon="-115.4548700">
    <ele>1162.0</ele>
   </trkpt>
   <trkpt lat="36.1031780" lon="-115.4548240">
    <ele>1162.0</ele>
   </trkpt>
   <trkpt lat="36.1031700" lon="-115.4547790">
    <ele>1162.0</ele>
   </trkpt>
   <trkpt lat="36.1031620" lon="-115.4547340">
    <ele>1162.0</ele>
   </trkpt>
   <trkpt lat="36.1031570" lon="-115.4546890">
    <ele>1162.0</ele>
   </trkpt>
   <trkpt lat="36.1031520" lon="-115.4546440">
    <ele>1162.0</ele>
   </trkpt>
   <trkpt lat="36.1031500" lon="-115.4546000">
    <ele>1162.0</ele>
   </trkpt>
   <trkpt lat="36.1031490" lon="-115.4545560">
    <ele>1162.0</ele>
   </trkpt>
   <trkpt lat="36.1031490" lon="-115.4545130">
    <ele>1162.0</ele>
   </trkpt>
   <trkpt lat="36.1031500" lon="-115.4544700">
    <ele>1162.0</ele>
   </trkpt>
   <trkpt lat="36.1031490" lon="-115.4544250">
    <ele>1162.0</ele>
   </trkpt>
   <trkpt lat="36.1031490" lon="-115.4543810">
    <ele>1161.0</ele>
   </trkpt>
   <trkpt lat="36.1031470" lon="-115.4543360">
    <ele>1161.0</ele>
   </trkpt>
   <trkpt lat="36.1031440" lon="-115.4542910">
    <ele>1161.0</ele>
   </trkpt>
   <trkpt lat="36.1031390" lon="-115.4542460">
    <ele>1161.0</ele>
   </trkpt>
   <trkpt lat="36.1031350" lon="-115.4542010">
    <ele>1161.0</ele>
   </trkpt>
   <trkpt lat="36.1031300" lon="-115.4541550">
    <ele>1161.0</ele>
   </trkpt>
   <trkpt lat="36.1031250" lon="-115.4541090">
    <ele>1161.0</ele>
   </trkpt>
   <trkpt lat="36.1031210" lon="-115.4540630">
    <ele>1161.0</ele>
   </trkpt>
   <trkpt lat="36.1031180" lon="-115.4540160">
    <ele>1161.0</ele>
   </trkpt>
   <trkpt lat="36.1031140" lon="-115.4539690">
    <ele>1161.0</ele>
   </trkpt>
   <trkpt lat="36.1031100" lon="-115.4539220">
    <ele>1161.0</ele>
   </trkpt>
   <trkpt lat="36.1031060" lon="-115.4538740">
    <ele>1161.0</ele>
   </trkpt>
   <trkpt lat="36.1031020" lon="-115.4538270">
    <ele>1161.0</ele>
   </trkpt>
   <trkpt lat="36.1030990" lon="-115.4537790">
    <ele>1161.0</ele>
   </trkpt>
   <trkpt lat="36.1030950" lon="-115.4537320">
    <ele>1161.0</ele>
   </trkpt>
   <trkpt lat="36.1030920" lon="-115.4536860">
    <ele>1160.0</ele>
   </trkpt>
   <trkpt lat="36.1030890" lon="-115.4536400">
    <ele>1160.0</ele>
   </trkpt>
   <trkpt lat="36.1030850" lon="-115.4535940">
    <ele>1160.0</ele>
   </trkpt>
   <trkpt lat="36.1030820" lon="-115.4535480">
    <ele>1160.0</ele>
   </trkpt>
   <trkpt lat="36.1030790" lon="-115.4535040">
    <ele>1160.0</ele>
   </trkpt>
   <trkpt lat="36.1030770" lon="-115.4534590">
    <ele>1160.0</ele>
   </trkpt>
   <trkpt lat="36.1030750" lon="-115.4534140">
    <ele>1160.0</ele>
   </trkpt>
   <trkpt lat="36.1030740" lon="-115.4533700">
    <ele>1160.0</ele>
   </trkpt>
   <trkpt lat="36.1030730" lon="-115.4533280">
    <ele>1160.0</ele>
   </trkpt>
   <trkpt lat="36.1030720" lon="-115.4532870">
    <ele>1160.0</ele>
   </trkpt>
   <trkpt lat="36.1030720" lon="-115.4532460">
    <ele>1159.0</ele>
   </trkpt>
   <trkpt lat="36.1030720" lon="-115.4532060">
    <ele>1159.0</ele>
   </trkpt>
   <trkpt lat="36.1030720" lon="-115.4531660">
    <ele>1159.0</ele>
   </trkpt>
   <trkpt lat="36.1030720" lon="-115.4531270">
    <ele>1159.0</ele>
   </trkpt>
   <trkpt lat="36.1030720" lon="-115.4530860">
    <ele>1159.0</ele>
   </trkpt>
   <trkpt lat="36.1030730" lon="-115.4530460">
    <ele>1159.0</ele>
   </trkpt>
   <trkpt lat="36.1030740" lon="-115.4530040">
    <ele>1159.0</ele>
   </trkpt>
   <trkpt lat="36.1030750" lon="-115.4529620">
    <ele>1159.0</ele>
   </trkpt>
   <trkpt lat="36.1030760" lon="-115.4529200">
    <ele>1159.0</ele>
   </trkpt>
   <trkpt lat="36.1030780" lon="-115.4528790">
    <ele>1159.0</ele>
   </trkpt>
   <trkpt lat="36.1030820" lon="-115.4528370">
    <ele>1159.0</ele>
   </trkpt>
   <trkpt lat="36.1030860" lon="-115.4527960">
    <ele>1159.0</ele>
   </trkpt>
   <trkpt lat="36.1030900" lon="-115.4527530">
    <ele>1159.0</ele>
   </trkpt>
   <trkpt lat="36.1030940" lon="-115.4527100">
    <ele>1159.0</ele>
   </trkpt>
   <trkpt lat="36.1030980" lon="-115.4526690">
    <ele>1159.0</ele>
   </trkpt>
   <trkpt lat="36.1031020" lon="-115.4526270">
    <ele>1159.0</ele>
   </trkpt>
   <trkpt lat="36.1031050" lon="-115.4525850">
    <ele>1159.0</ele>
   </trkpt>
   <trkpt lat="36.1031080" lon="-115.4525430">
    <ele>1159.0</ele>
   </trkpt>
   <trkpt lat="36.1031110" lon="-115.4525040">
    <ele>1159.0</ele>
   </trkpt>
   <trkpt lat="36.1031140" lon="-115.4524660">
    <ele>1159.0</ele>
   </trkpt>
   <trkpt lat="36.1031200" lon="-115.4524270">
    <ele>1159.0</ele>
   </trkpt>
   <trkpt lat="36.1031260" lon="-115.4523890">
    <ele>1159.0</ele>
   </trkpt>
   <trkpt lat="36.1031320" lon="-115.4523500">
    <ele>1159.0</ele>
   </trkpt>
   <trkpt lat="36.1031380" lon="-115.4523110">
    <ele>1159.0</ele>
   </trkpt>
   <trkpt lat="36.1031410" lon="-115.4522730">
    <ele>1159.0</ele>
   </trkpt>
   <trkpt lat="36.1031440" lon="-115.4522350">
    <ele>1159.0</ele>
   </trkpt>
   <trkpt lat="36.1031450" lon="-115.4521950">
    <ele>1159.0</ele>
   </trkpt>
   <trkpt lat="36.1031460" lon="-115.4521550">
    <ele>1159.0</ele>
   </trkpt>
   <trkpt lat="36.1031450" lon="-115.4521160">
    <ele>1159.0</ele>
   </trkpt>
   <trkpt lat="36.1031440" lon="-115.4520780">
    <ele>1159.0</ele>
   </trkpt>
   <trkpt lat="36.1031430" lon="-115.4520390">
    <ele>1159.0</ele>
   </trkpt>
   <trkpt lat="36.1031430" lon="-115.4520010">
    <ele>1159.0</ele>
   </trkpt>
   <trkpt lat="36.1031410" lon="-115.4519630">
    <ele>1159.0</ele>
   </trkpt>
   <trkpt lat="36.1031400" lon="-115.4519250">
    <ele>1159.0</ele>
   </trkpt>
   <trkpt lat="36.1031390" lon="-115.4518860">
    <ele>1159.0</ele>
   </trkpt>
   <trkpt lat="36.1031380" lon="-115.4518470">
    <ele>1159.0</ele>
   </trkpt>
   <trkpt lat="36.1031360" lon="-115.4518090">
    <ele>1159.0</ele>
   </trkpt>
   <trkpt lat="36.1031350" lon="-115.4517700">
    <ele>1159.0</ele>
   </trkpt>
   <trkpt lat="36.1031320" lon="-115.4517340">
    <ele>1159.0</ele>
   </trkpt>
   <trkpt lat="36.1031300" lon="-115.4516970">
    <ele>1159.0</ele>
   </trkpt>
   <trkpt lat="36.1031270" lon="-115.4516620">
    <ele>1159.0</ele>
   </trkpt>
   <trkpt lat="36.1031230" lon="-115.4516260">
    <ele>1159.0</ele>
   </trkpt>
   <trkpt lat="36.1031200" lon="-115.4515920">
    <ele>1159.0</ele>
   </trkpt>
   <trkpt lat="36.1031160" lon="-115.4515580">
    <ele>1159.0</ele>
   </trkpt>
   <trkpt lat="36.1031130" lon="-115.4515260">
    <ele>1160.0</ele>
   </trkpt>
   <trkpt lat="36.1031100" lon="-115.4514930">
    <ele>1160.0</ele>
   </trkpt>
   <trkpt lat="36.1031080" lon="-115.4514610">
    <ele>1160.0</ele>
   </trkpt>
   <trkpt lat="36.1031050" lon="-115.4514280">
    <ele>1160.0</ele>
   </trkpt>
   <trkpt lat="36.1031020" lon="-115.4513950">
    <ele>1160.0</ele>
   </trkpt>
   <trkpt lat="36.1031000" lon="-115.4513620">
    <ele>1160.0</ele>
   </trkpt>
   <trkpt lat="36.1030980" lon="-115.4513270">
    <ele>1160.0</ele>
   </trkpt>
   <trkpt lat="36.1030970" lon="-115.4512930">
    <ele>1160.0</ele>
   </trkpt>
   <trkpt lat="36.1030970" lon="-115.4512560">
    <ele>1160.0</ele>
   </trkpt>
   <trkpt lat="36.1030970" lon="-115.4512200">
    <ele>1160.0</ele>
   </trkpt>
   <trkpt lat="36.1030980" lon="-115.4511840">
    <ele>1160.0</ele>
   </trkpt>
   <trkpt lat="36.1031000" lon="-115.4511480">
    <ele>1160.0</ele>
   </trkpt>
   <trkpt lat="36.1031030" lon="-115.4511120">
    <ele>1160.0</ele>
   </trkpt>
   <trkpt lat="36.1031060" lon="-115.4510770">
    <ele>1160.0</ele>
   </trkpt>
   <trkpt lat="36.1031100" lon="-115.4510430">
    <ele>1160.0</ele>
   </trkpt>
   <trkpt lat="36.1031140" lon="-115.4510090">
    <ele>1161.0</ele>
   </trkpt>
   <trkpt lat="36.1031170" lon="-115.4509740">
    <ele>1161.0</ele>
   </trkpt>
   <trkpt lat="36.1031190" lon="-115.4509400">
    <ele>1161.0</ele>
   </trkpt>
   <trkpt lat="36.1031200" lon="-115.4509040">
    <ele>1161.0</ele>
   </trkpt>
   <trkpt lat="36.1031210" lon="-115.4508690">
    <ele>1161.0</ele>
   </trkpt>
   <trkpt lat="36.1031200" lon="-115.4508360">
    <ele>1162.0</ele>
   </trkpt>
   <trkpt lat="36.1031200" lon="-115.4508020">
    <ele>1162.0</ele>
   </trkpt>
   <trkpt lat="36.1031180" lon="-115.4507700">
    <ele>1162.0</ele>
   </trkpt>
   <trkpt lat="36.1031160" lon="-115.4507370">
    <ele>1162.0</ele>
   </trkpt>
   <trkpt lat="36.1031140" lon="-115.4507060">
    <ele>1162.0</ele>
   </trkpt>
   <trkpt lat="36.1031120" lon="-115.4506750">
    <ele>1163.0</ele>
   </trkpt>
   <trkpt lat="36.1031110" lon="-115.4506440">
    <ele>1163.0</ele>
   </trkpt>
   <trkpt lat="36.1031090" lon="-115.4506140">
    <ele>1163.0</ele>
   </trkpt>
   <trkpt lat="36.1031060" lon="-115.4505830">
    <ele>1163.0</ele>
   </trkpt>
   <trkpt lat="36.1031030" lon="-115.4505510">
    <ele>1163.0</ele>
   </trkpt>
   <trkpt lat="36.1030980" lon="-115.4505190">
    <ele>1164.0</ele>
   </trkpt>
   <trkpt lat="36.1030920" lon="-115.4504870">
    <ele>1164.0</ele>
   </trkpt>
   <trkpt lat="36.1030850" lon="-115.4504550">
    <ele>1164.0</ele>
   </trkpt>
   <trkpt lat="36.1030780" lon="-115.4504220">
    <ele>1164.0</ele>
   </trkpt>
   <trkpt lat="36.1030750" lon="-115.4503890">
    <ele>1164.0</ele>
   </trkpt>
   <trkpt lat="36.1030720" lon="-115.4503550">
    <ele>1165.0</ele>
   </trkpt>
   <trkpt lat="36.1030740" lon="-115.4503210">
    <ele>1165.0</ele>
   </trkpt>
   <trkpt lat="36.1030760" lon="-115.4502870">
    <ele>1165.0</ele>
   </trkpt>
   <trkpt lat="36.1030810" lon="-115.4502540">
    <ele>1165.0</ele>
   </trkpt>
   <trkpt lat="36.1030850" lon="-115.4502200">
    <ele>1165.0</ele>
   </trkpt>
   <trkpt lat="36.1030870" lon="-115.4501870">
    <ele>1166.0</ele>
   </trkpt>
   <trkpt lat="36.1030900" lon="-115.4501530">
    <ele>1166.0</ele>
   </trkpt>
   <trkpt lat="36.1030900" lon="-115.4501230">
    <ele>1166.0</ele>
   </trkpt>
   <trkpt lat="36.1030900" lon="-115.4500930">
    <ele>1166.0</ele>
   </trkpt>
   <trkpt lat="36.1030870" lon="-115.4500720">
    <ele>1166.0</ele>
   </trkpt>
   <trkpt lat="36.1030840" lon="-115.4500500">
    <ele>1167.0</ele>
   </trkpt>
   <trkpt lat="36.1030800" lon="-115.4500370">
    <ele>1167.0</ele>
   </trkpt>
   <trkpt lat="36.1030760" lon="-115.4500250">
    <ele>1167.0</ele>
   </trkpt>
   <trkpt lat="36.1030660" lon="-115.4500160">
    <ele>1167.0</ele>
   </trkpt>
   <trkpt lat="36.1030560" lon="-115.4500060">
    <ele>1167.0</ele>
   </trkpt>
   <trkpt lat="36.1030400" lon="-115.4499940">
    <ele>1168.0</ele>
   </trkpt>
   <trkpt lat="36.1030240" lon="-115.4499820">
    <ele>1168.0</ele>
   </trkpt>
   <trkpt lat="36.1029990" lon="-115.4499670">
    <ele>1168.0</ele>
   </trkpt>
   <trkpt lat="36.1029750" lon="-115.4499530">
    <ele>1168.0</ele>
   </trkpt>
   <trkpt lat="36.1029460" lon="-115.4499390">
    <ele>1168.0</ele>
   </trkpt>
   <trkpt lat="36.1029170" lon="-115.4499250">
    <ele>1168.0</ele>
   </trkpt>
   <trkpt lat="36.1028860" lon="-115.4499110">
    <ele>1168.0</ele>
   </trkpt>
   <trkpt lat="36.1028540" lon="-115.4498960">
    <ele>1168.0</ele>
   </trkpt>
   <trkpt lat="36.1028230" lon="-115.4498830">
    <ele>1168.0</ele>
   </trkpt>
   <trkpt lat="36.1027910" lon="-115.4498700">
    <ele>1168.0</ele>
   </trkpt>
   <trkpt lat="36.1027600" lon="-115.4498610">
    <ele>1169.0</ele>
   </trkpt>
   <trkpt lat="36.1027290" lon="-115.4498520">
    <ele>1169.0</ele>
   </trkpt>
   <trkpt lat="36.1026980" lon="-115.4498470">
    <ele>1169.0</ele>
   </trkpt>
   <trkpt lat="36.1026660" lon="-115.4498430">
    <ele>1169.0</ele>
   </trkpt>
   <trkpt lat="36.1026340" lon="-115.4498410">
    <ele>1169.0</ele>
   </trkpt>
   <trkpt lat="36.1026020" lon="-115.4498390">
    <ele>1169.0</ele>
   </trkpt>
   <trkpt lat="36.1025690" lon="-115.4498370">
    <ele>1169.0</ele>
   </trkpt>
   <trkpt lat="36.1025370" lon="-115.4498350">
    <ele>1169.0</ele>
   </trkpt>
   <trkpt lat="36.1025040" lon="-115.4498320">
    <ele>1169.0</ele>
   </trkpt>
   <trkpt lat="36.1024720" lon="-115.4498290">
    <ele>1169.0</ele>
   </trkpt>
   <trkpt lat="36.1024390" lon="-115.4498280">
    <ele>1169.0</ele>
   </trkpt>
   <trkpt lat="36.1024060" lon="-115.4498280">
    <ele>1169.0</ele>
   </trkpt>
   <trkpt lat="36.1023730" lon="-115.4498330">
    <ele>1169.0</ele>
   </trkpt>
   <trkpt lat="36.1023410" lon="-115.4498370">
    <ele>1169.0</ele>
   </trkpt>
   <trkpt lat="36.1023090" lon="-115.4498480">
    <ele>1169.0</ele>
   </trkpt>
   <trkpt lat="36.1022780" lon="-115.4498590">
    <ele>1169.0</ele>
   </trkpt>
   <trkpt lat="36.1022470" lon="-115.4498720">
    <ele>1169.0</ele>
   </trkpt>
   <trkpt lat="36.1022170" lon="-115.4498860">
    <ele>1169.0</ele>
   </trkpt>
   <trkpt lat="36.1021900" lon="-115.4498980">
    <ele>1169.0</ele>
   </trkpt>
   <trkpt lat="36.1021630" lon="-115.4499100">
    <ele>1169.0</ele>
   </trkpt>
   <trkpt lat="36.1021360" lon="-115.4499190">
    <ele>1169.0</ele>
   </trkpt>
   <trkpt lat="36.1021100" lon="-115.4499280">
    <ele>1169.0</ele>
   </trkpt>
   <trkpt lat="36.1020710" lon="-115.4499290">
    <ele>1169.0</ele>
   </trkpt>
   <trkpt lat="36.1020330" lon="-115.4499310">
    <ele>1169.0</ele>
   </trkpt>
  </trkseg>
 </trk>
</gpx>
