<?xml version="1.0" encoding="UTF-8"?>
<gpx creator="StravaGPX" xmlns:xsi="http://www.w3.org/2001/XMLSchema-instance" xsi:schemaLocation="http://www.topografix.com/GPX/1/1 http://www.topografix.com/GPX/1/1/gpx.xsd" version="1.1" xmlns="http://www.topografix.com/GPX/1/1">
 <metadata>
  <time>2012-04-21T12:53:08Z</time>
 </metadata>
 <trk>
  <name>Trans Zion (short)</name>
  <type>9</type>
  <trkseg>
   <trkpt lat="37.4511690" lon="-113.1915920">
    <ele>1846.1</ele>
    <time>2012-04-21T12:53:08Z</time>
   </trkpt>
   <trkpt lat="37.4511690" lon="-113.1915920">
    <ele>1846.1</ele>
    <time>2012-04-21T12:53:09Z</time>
   </trkpt>
   <trkpt lat="37.4511690" lon="-113.1915920">
    <ele>1846.1</ele>
    <time>2012-04-21T12:56:21Z</time>
   </trkpt>
   <trkpt lat="37.4521180" lon="-113.1912840">
    <ele>1849.2</ele>
    <time>2012-04-21T12:56:22Z</time>
   </trkpt>
   <trkpt lat="37.4521410" lon="-113.1911690">
    <ele>1848.2</ele>
    <time>2012-04-21T12:56:27Z</time>
   </trkpt>
   <trkpt lat="37.4521630" lon="-113.1910660">
    <ele>1848.1</ele>
    <time>2012-04-21T12:56:31Z</time>
   </trkpt>
   <trkpt lat="37.4521660" lon="-113.1909720">
    <ele>1848.1</ele>
    <time>2012-04-21T12:56:36Z</time>
   </trkpt>
   <trkpt lat="37.4520900" lon="-113.1909540">
    <ele>1847.4</ele>
    <time>2012-04-21T12:56:42Z</time>
   </trkpt>
   <trkpt lat="37.4520190" lon="-113.1909410">
    <ele>1846.7</ele>
    <time>2012-04-21T12:56:47Z</time>
   </trkpt>
   <trkpt lat="37.4519460" lon="-113.1909370">
    <ele>1845.9</ele>
    <time>2012-04-21T12:56:51Z</time>
   </trkpt>
   <trkpt lat="37.4518580" lon="-113.1909460">
    <ele>1844.8</ele>
    <time>2012-04-21T12:56:56Z</time>
   </trkpt>
   <trkpt lat="37.4518180" lon="-113.1909350">
    <ele>1844.3</ele>
    <time>2012-04-21T12:56:58Z</time>
   </trkpt>
   <trkpt lat="37.4517280" lon="-113.1908960">
    <ele>1842.9</ele>
    <time>2012-04-21T12:57:04Z</time>
   </trkpt>
   <trkpt lat="37.4516590" lon="-113.1908090">
    <ele>1842.1</ele>
    <time>2012-04-21T12:57:08Z</time>
   </trkpt>
   <trkpt lat="37.4515560" lon="-113.1907690">
    <ele>1840.1</ele>
    <time>2012-04-21T12:57:13Z</time>
   </trkpt>
   <trkpt lat="37.4515330" lon="-113.1907610">
    <ele>1839.6</ele>
    <time>2012-04-21T12:57:14Z</time>
   </trkpt>
   <trkpt lat="37.4514030" lon="-113.1906980">
    <ele>1836.2</ele>
    <time>2012-04-21T12:57:20Z</time>
   </trkpt>
   <trkpt lat="37.4513060" lon="-113.1906740">
    <ele>1834.5</ele>
    <time>2012-04-21T12:57:24Z</time>
   </trkpt>
   <trkpt lat="37.4512010" lon="-113.1906290">
    <ele>1834.2</ele>
    <time>2012-04-21T12:57:29Z</time>
   </trkpt>
   <trkpt lat="37.4511810" lon="-113.1906100">
    <ele>1834.5</ele>
    <time>2012-04-21T12:57:30Z</time>
   </trkpt>
   <trkpt lat="37.4510850" lon="-113.1905650">
    <ele>1834.5</ele>
    <time>2012-04-21T12:57:34Z</time>
   </trkpt>
   <trkpt lat="37.4509880" lon="-113.1905940">
    <ele>1831.6</ele>
    <time>2012-04-21T12:57:39Z</time>
   </trkpt>
   <trkpt lat="37.4509000" lon="-113.1906130">
    <ele>1829.5</ele>
    <time>2012-04-21T12:57:43Z</time>
   </trkpt>
   <trkpt lat="37.4507690" lon="-113.1906510">
    <ele>1827.9</ele>
    <time>2012-04-21T12:57:49Z</time>
   </trkpt>
   <trkpt lat="37.4507480" lon="-113.1906600">
    <ele>1827.7</ele>
    <time>2012-04-21T12:57:50Z</time>
   </trkpt>
   <trkpt lat="37.4506550" lon="-113.1907050">
    <ele>1826.7</ele>
    <time>2012-04-21T12:57:55Z</time>
   </trkpt>
   <trkpt lat="37.4505680" lon="-113.1907520">
    <ele>1826.2</ele>
    <time>2012-04-21T12:57:59Z</time>
   </trkpt>
   <trkpt lat="37.4504680" lon="-113.1907430">
    <ele>1825.6</ele>
    <time>2012-04-21T12:58:03Z</time>
   </trkpt>
   <trkpt lat="37.4503810" lon="-113.1907090">
    <ele>1825.3</ele>
    <time>2012-04-21T12:58:07Z</time>
   </trkpt>
   <trkpt lat="37.4502780" lon="-113.1907000">
    <ele>1824.7</ele>
    <time>2012-04-21T12:58:12Z</time>
   </trkpt>
   <trkpt lat="37.4501930" lon="-113.1907140">
    <ele>1823.9</ele>
    <time>2012-04-21T12:58:16Z</time>
   </trkpt>
   <trkpt lat="37.4500460" lon="-113.1906630">
    <ele>1822.8</ele>
    <time>2012-04-21T12:58:22Z</time>
   </trkpt>
   <trkpt lat="37.4499300" lon="-113.1906110">
    <ele>1821.4</ele>
    <time>2012-04-21T12:58:27Z</time>
   </trkpt>
   <trkpt lat="37.4498140" lon="-113.1905840">
    <ele>1819.2</ele>
    <time>2012-04-21T12:58:32Z</time>
   </trkpt>
   <trkpt lat="37.4497270" lon="-113.1905690">
    <ele>1817.5</ele>
    <time>2012-04-21T12:58:36Z</time>
   </trkpt>
   <trkpt lat="37.4496640" lon="-113.1904800">
    <ele>1818.1</ele>
    <time>2012-04-21T12:58:40Z</time>
   </trkpt>
   <trkpt lat="37.4496660" lon="-113.1902890">
    <ele>1821.7</ele>
    <time>2012-04-21T12:58:45Z</time>
   </trkpt>
   <trkpt lat="37.4496780" lon="-113.1901500">
    <ele>1824.0</ele>
    <time>2012-04-21T12:58:50Z</time>
   </trkpt>
   <trkpt lat="37.4496680" lon="-113.1901060">
    <ele>1824.3</ele>
    <time>2012-04-21T12:58:52Z</time>
   </trkpt>
   <trkpt lat="37.4495870" lon="-113.1901060">
    <ele>1823.6</ele>
    <time>2012-04-21T12:58:57Z</time>
   </trkpt>
   <trkpt lat="37.4495070" lon="-113.1901730">
    <ele>1822.1</ele>
    <time>2012-04-21T12:59:02Z</time>
   </trkpt>
   <trkpt lat="37.4494200" lon="-113.1902280">
    <ele>1820.8</ele>
    <time>2012-04-21T12:59:06Z</time>
   </trkpt>
   <trkpt lat="37.4492810" lon="-113.1903360">
    <ele>1818.1</ele>
    <time>2012-04-21T12:59:13Z</time>
   </trkpt>
   <trkpt lat="37.4492620" lon="-113.1903470">
    <ele>1817.8</ele>
    <time>2012-04-21T12:59:14Z</time>
   </trkpt>
   <trkpt lat="37.4491600" lon="-113.1903320">
    <ele>1818.2</ele>
    <time>2012-04-21T12:59:19Z</time>
   </trkpt>
   <trkpt lat="37.4490660" lon="-113.1903040">
    <ele>1819.2</ele>
    <time>2012-04-21T12:59:24Z</time>
   </trkpt>
   <trkpt lat="37.4490540" lon="-113.1903000">
    <ele>1819.4</ele>
    <time>2012-04-21T12:59:25Z</time>
   </trkpt>
   <trkpt lat="37.4489610" lon="-113.1902900">
    <ele>1820.4</ele>
    <time>2012-04-21T12:59:31Z</time>
   </trkpt>
   <trkpt lat="37.4488900" lon="-113.1903050">
    <ele>1820.7</ele>
    <time>2012-04-21T12:59:36Z</time>
   </trkpt>
   <trkpt lat="37.4488160" lon="-113.1903060">
    <ele>1821.7</ele>
    <time>2012-04-21T12:59:41Z</time>
   </trkpt>
   <trkpt lat="37.4487160" lon="-113.1903010">
    <ele>1823.7</ele>
    <time>2012-04-21T12:59:49Z</time>
   </trkpt>
   <trkpt lat="37.4486250" lon="-113.1903050">
    <ele>1825.8</ele>
    <time>2012-04-21T12:59:57Z</time>
   </trkpt>
   <trkpt lat="37.4485550" lon="-113.1903020">
    <ele>1827.6</ele>
    <time>2012-04-21T13:00:04Z</time>
   </trkpt>
   <trkpt lat="37.4485310" lon="-113.1903050">
    <ele>1828.0</ele>
    <time>2012-04-21T13:00:06Z</time>
   </trkpt>
   <trkpt lat="37.4484640" lon="-113.1902800">
    <ele>1830.0</ele>
    <time>2012-04-21T13:00:13Z</time>
   </trkpt>
   <trkpt lat="37.4484540" lon="-113.1902670">
    <ele>1830.5</ele>
    <time>2012-04-21T13:00:14Z</time>
   </trkpt>
   <trkpt lat="37.4483970" lon="-113.1902400">
    <ele>1831.9</ele>
    <time>2012-04-21T13:00:19Z</time>
   </trkpt>
   <trkpt lat="37.4483460" lon="-113.1902250">
    <ele>1832.7</ele>
    <time>2012-04-21T13:00:23Z</time>
   </trkpt>
   <trkpt lat="37.4482490" lon="-113.1901910">
    <ele>1833.7</ele>
    <time>2012-04-21T13:00:30Z</time>
   </trkpt>
   <trkpt lat="37.4481610" lon="-113.1901600">
    <ele>1834.0</ele>
    <time>2012-04-21T13:00:34Z</time>
   </trkpt>
   <trkpt lat="37.4480510" lon="-113.1901390">
    <ele>1833.6</ele>
    <time>2012-04-21T13:00:39Z</time>
   </trkpt>
   <trkpt lat="37.4479430" lon="-113.1901610">
    <ele>1833.1</ele>
    <time>2012-04-21T13:00:44Z</time>
   </trkpt>
   <trkpt lat="37.4479200" lon="-113.1901570">
    <ele>1833.1</ele>
    <time>2012-04-21T13:00:45Z</time>
   </trkpt>
   <trkpt lat="37.4477830" lon="-113.1902070">
    <ele>1832.6</ele>
    <time>2012-04-21T13:00:51Z</time>
   </trkpt>
   <trkpt lat="37.4476400" lon="-113.1902410">
    <ele>1832.1</ele>
    <time>2012-04-21T13:00:57Z</time>
   </trkpt>
   <trkpt lat="37.4475090" lon="-113.1902230">
    <ele>1831.6</ele>
    <time>2012-04-21T13:01:02Z</time>
   </trkpt>
   <trkpt lat="37.4473890" lon="-113.1902260">
    <ele>1830.2</ele>
    <time>2012-04-21T13:01:07Z</time>
   </trkpt>
   <trkpt lat="37.4472970" lon="-113.1902490">
    <ele>1827.9</ele>
    <time>2012-04-21T13:01:12Z</time>
   </trkpt>
   <trkpt lat="37.4472800" lon="-113.1902540">
    <ele>1827.4</ele>
    <time>2012-04-21T13:01:13Z</time>
   </trkpt>
   <trkpt lat="37.4472010" lon="-113.1902570">
    <ele>1824.1</ele>
    <time>2012-04-21T13:01:17Z</time>
   </trkpt>
   <trkpt lat="37.4470580" lon="-113.1902720">
    <ele>1817.9</ele>
    <time>2012-04-21T13:01:23Z</time>
   </trkpt>
   <trkpt lat="37.4469350" lon="-113.1902840">
    <ele>1814.5</ele>
    <time>2012-04-21T13:01:28Z</time>
   </trkpt>
   <trkpt lat="37.4467500" lon="-113.1902420">
    <ele>1812.0</ele>
    <time>2012-04-21T13:01:35Z</time>
   </trkpt>
   <trkpt lat="37.4466170" lon="-113.1902170">
    <ele>1811.0</ele>
    <time>2012-04-21T13:01:40Z</time>
   </trkpt>
   <trkpt lat="37.4464420" lon="-113.1902360">
    <ele>1810.0</ele>
    <time>2012-04-21T13:01:47Z</time>
   </trkpt>
   <trkpt lat="37.4463320" lon="-113.1902950">
    <ele>1809.6</ele>
    <time>2012-04-21T13:01:52Z</time>
   </trkpt>
   <trkpt lat="37.4462510" lon="-113.1903300">
    <ele>1809.5</ele>
    <time>2012-04-21T13:01:56Z</time>
   </trkpt>
   <trkpt lat="37.4461390" lon="-113.1903580">
    <ele>1809.3</ele>
    <time>2012-04-21T13:02:02Z</time>
   </trkpt>
   <trkpt lat="37.4461180" lon="-113.1903680">
    <ele>1809.2</ele>
    <time>2012-04-21T13:02:03Z</time>
   </trkpt>
   <trkpt lat="37.4460070" lon="-113.1903770">
    <ele>1808.5</ele>
    <time>2012-04-21T13:02:08Z</time>
   </trkpt>
   <trkpt lat="37.4458800" lon="-113.1904110">
    <ele>1807.9</ele>
    <time>2012-04-21T13:02:13Z</time>
   </trkpt>
   <trkpt lat="37.4457360" lon="-113.1904420">
    <ele>1807.3</ele>
    <time>2012-04-21T13:02:19Z</time>
   </trkpt>
   <trkpt lat="37.4456090" lon="-113.1904980">
    <ele>1807.3</ele>
    <time>2012-04-21T13:02:24Z</time>
   </trkpt>
   <trkpt lat="37.4455260" lon="-113.1905060">
    <ele>1807.1</ele>
    <time>2012-04-21T13:02:27Z</time>
   </trkpt>
   <trkpt lat="37.4453480" lon="-113.1905010">
    <ele>1805.9</ele>
    <time>2012-04-21T13:02:33Z</time>
   </trkpt>
   <trkpt lat="37.4452380" lon="-113.1904850">
    <ele>1805.0</ele>
    <time>2012-04-21T13:02:38Z</time>
   </trkpt>
   <trkpt lat="37.4451930" lon="-113.1904770">
    <ele>1804.5</ele>
    <time>2012-04-21T13:02:40Z</time>
   </trkpt>
   <trkpt lat="37.4451000" lon="-113.1904600">
    <ele>1803.5</ele>
    <time>2012-04-21T13:02:45Z</time>
   </trkpt>
   <trkpt lat="37.4449670" lon="-113.1905080">
    <ele>1803.6</ele>
    <time>2012-04-21T13:02:51Z</time>
   </trkpt>
   <trkpt lat="37.4449400" lon="-113.1905250">
    <ele>1803.7</ele>
    <time>2012-04-21T13:02:52Z</time>
   </trkpt>
   <trkpt lat="37.4448160" lon="-113.1905940">
    <ele>1804.3</ele>
    <time>2012-04-21T13:02:57Z</time>
   </trkpt>
   <trkpt lat="37.4447270" lon="-113.1906590">
    <ele>1803.8</ele>
    <time>2012-04-21T13:03:02Z</time>
   </trkpt>
   <trkpt lat="37.4447070" lon="-113.1906700">
    <ele>1803.4</ele>
    <time>2012-04-21T13:03:03Z</time>
   </trkpt>
   <trkpt lat="37.4445850" lon="-113.1907210">
    <ele>1799.7</ele>
    <time>2012-04-21T13:03:09Z</time>
   </trkpt>
   <trkpt lat="37.4444990" lon="-113.1907490">
    <ele>1795.8</ele>
    <time>2012-04-21T13:03:13Z</time>
   </trkpt>
   <trkpt lat="37.4443920" lon="-113.1907550">
    <ele>1792.9</ele>
    <time>2012-04-21T13:03:17Z</time>
   </trkpt>
   <trkpt lat="37.4443110" lon="-113.1908130">
    <ele>1790.9</ele>
    <time>2012-04-21T13:03:22Z</time>
   </trkpt>
   <trkpt lat="37.4442180" lon="-113.1908340">
    <ele>1789.0</ele>
    <time>2012-04-21T13:03:27Z</time>
   </trkpt>
   <trkpt lat="37.4441220" lon="-113.1908710">
    <ele>1787.3</ele>
    <time>2012-04-21T13:03:32Z</time>
   </trkpt>
   <trkpt lat="37.4440670" lon="-113.1908860">
    <ele>1786.4</ele>
    <time>2012-04-21T13:03:35Z</time>
   </trkpt>
   <trkpt lat="37.4439270" lon="-113.1908960">
    <ele>1786.0</ele>
    <time>2012-04-21T13:03:42Z</time>
   </trkpt>
   <trkpt lat="37.4438130" lon="-113.1909210">
    <ele>1785.1</ele>
    <time>2012-04-21T13:03:47Z</time>
   </trkpt>
   <trkpt lat="37.4436880" lon="-113.1908850">
    <ele>1784.2</ele>
    <time>2012-04-21T13:03:53Z</time>
   </trkpt>
   <trkpt lat="37.4435590" lon="-113.1908520">
    <ele>1783.7</ele>
    <time>2012-04-21T13:03:59Z</time>
   </trkpt>
   <trkpt lat="37.4434530" lon="-113.1908410">
    <ele>1783.3</ele>
    <time>2012-04-21T13:04:04Z</time>
   </trkpt>
   <trkpt lat="37.4433420" lon="-113.1908610">
    <ele>1782.5</ele>
    <time>2012-04-21T13:04:09Z</time>
   </trkpt>
   <trkpt lat="37.4432110" lon="-113.1909060">
    <ele>1782.2</ele>
    <time>2012-04-21T13:04:15Z</time>
   </trkpt>
   <trkpt lat="37.4431090" lon="-113.1908900">
    <ele>1782.9</ele>
    <time>2012-04-21T13:04:20Z</time>
   </trkpt>
   <trkpt lat="37.4429970" lon="-113.1908580">
    <ele>1782.8</ele>
    <time>2012-04-21T13:04:25Z</time>
   </trkpt>
   <trkpt lat="37.4428980" lon="-113.1908610">
    <ele>1781.7</ele>
    <time>2012-04-21T13:04:30Z</time>
   </trkpt>
   <trkpt lat="37.4428290" lon="-113.1908160">
    <ele>1780.4</ele>
    <time>2012-04-21T13:04:34Z</time>
   </trkpt>
   <trkpt lat="37.4427180" lon="-113.1908390">
    <ele>1775.7</ele>
    <time>2012-04-21T13:04:40Z</time>
   </trkpt>
   <trkpt lat="37.4426090" lon="-113.1908840">
    <ele>1769.3</ele>
    <time>2012-04-21T13:04:45Z</time>
   </trkpt>
   <trkpt lat="37.4425270" lon="-113.1908760">
    <ele>1765.8</ele>
    <time>2012-04-21T13:04:48Z</time>
   </trkpt>
   <trkpt lat="37.4423470" lon="-113.1908480">
    <ele>1761.2</ele>
    <time>2012-04-21T13:04:54Z</time>
   </trkpt>
   <trkpt lat="37.4422390" lon="-113.1908490">
    <ele>1760.2</ele>
    <time>2012-04-21T13:04:58Z</time>
   </trkpt>
   <trkpt lat="37.4421110" lon="-113.1908480">
    <ele>1760.0</ele>
    <time>2012-04-21T13:05:03Z</time>
   </trkpt>
   <trkpt lat="37.4419980" lon="-113.1908740">
    <ele>1759.8</ele>
    <time>2012-04-21T13:05:08Z</time>
   </trkpt>
   <trkpt lat="37.4419740" lon="-113.1908840">
    <ele>1759.7</ele>
    <time>2012-04-21T13:05:09Z</time>
   </trkpt>
   <trkpt lat="37.4418520" lon="-113.1908810">
    <ele>1759.1</ele>
    <time>2012-04-21T13:05:15Z</time>
   </trkpt>
   <trkpt lat="37.4417340" lon="-113.1908610">
    <ele>1758.6</ele>
    <time>2012-04-21T13:05:20Z</time>
   </trkpt>
   <trkpt lat="37.4416260" lon="-113.1909040">
    <ele>1757.5</ele>
    <time>2012-04-21T13:05:26Z</time>
   </trkpt>
   <trkpt lat="37.4415220" lon="-113.1908890">
    <ele>1757.6</ele>
    <time>2012-04-21T13:05:30Z</time>
   </trkpt>
   <trkpt lat="37.4413820" lon="-113.1908980">
    <ele>1754.2</ele>
    <time>2012-04-21T13:05:36Z</time>
   </trkpt>
   <trkpt lat="37.4413390" lon="-113.1909070">
    <ele>1752.0</ele>
    <time>2012-04-21T13:05:38Z</time>
   </trkpt>
   <trkpt lat="37.4412690" lon="-113.1909800">
    <ele>1746.2</ele>
    <time>2012-04-21T13:05:42Z</time>
   </trkpt>
   <trkpt lat="37.4411320" lon="-113.1909910">
    <ele>1741.0</ele>
    <time>2012-04-21T13:05:47Z</time>
   </trkpt>
   <trkpt lat="37.4410900" lon="-113.1909890">
    <ele>1740.0</ele>
    <time>2012-04-21T13:05:49Z</time>
   </trkpt>
   <trkpt lat="37.4410420" lon="-113.1909710">
    <ele>1739.1</ele>
    <time>2012-04-21T13:05:52Z</time>
   </trkpt>
   <trkpt lat="37.4409410" lon="-113.1910300">
    <ele>1737.3</ele>
    <time>2012-04-21T13:05:57Z</time>
   </trkpt>
   <trkpt lat="37.4408890" lon="-113.1910520">
    <ele>1736.6</ele>
    <time>2012-04-21T13:06:00Z</time>
   </trkpt>
   <trkpt lat="37.4407680" lon="-113.1910860">
    <ele>1735.6</ele>
    <time>2012-04-21T13:06:05Z</time>
   </trkpt>
   <trkpt lat="37.4406740" lon="-113.1910950">
    <ele>1734.9</ele>
    <time>2012-04-21T13:06:09Z</time>
   </trkpt>
   <trkpt lat="37.4405630" lon="-113.1911240">
    <ele>1734.1</ele>
    <time>2012-04-21T13:06:14Z</time>
   </trkpt>
   <trkpt lat="37.4404540" lon="-113.1911810">
    <ele>1733.1</ele>
    <time>2012-04-21T13:06:19Z</time>
   </trkpt>
   <trkpt lat="37.4403600" lon="-113.1911850">
    <ele>1732.1</ele>
    <time>2012-04-21T13:06:24Z</time>
   </trkpt>
   <trkpt lat="37.4402890" lon="-113.1911820">
    <ele>1729.3</ele>
    <time>2012-04-21T13:06:28Z</time>
   </trkpt>
   <trkpt lat="37.4402310" lon="-113.1912180">
    <ele>1724.9</ele>
    <time>2012-04-21T13:06:32Z</time>
   </trkpt>
   <trkpt lat="37.4401900" lon="-113.1911880">
    <ele>1721.7</ele>
    <time>2012-04-21T13:06:35Z</time>
   </trkpt>
   <trkpt lat="37.4401560" lon="-113.1911980">
    <ele>1718.9</ele>
    <time>2012-04-21T13:06:37Z</time>
   </trkpt>
   <trkpt lat="37.4400680" lon="-113.1913020">
    <ele>1714.1</ele>
    <time>2012-04-21T13:06:43Z</time>
   </trkpt>
   <trkpt lat="37.4399180" lon="-113.1913230">
    <ele>1710.8</ele>
    <time>2012-04-21T13:06:49Z</time>
   </trkpt>
   <trkpt lat="37.4398570" lon="-113.1913150">
    <ele>1710.2</ele>
    <time>2012-04-21T13:06:51Z</time>
   </trkpt>
   <trkpt lat="37.4397020" lon="-113.1913170">
    <ele>1709.5</ele>
    <time>2012-04-21T13:06:58Z</time>
   </trkpt>
   <trkpt lat="37.4396580" lon="-113.1913020">
    <ele>1709.3</ele>
    <time>2012-04-21T13:07:00Z</time>
   </trkpt>
   <trkpt lat="37.4395750" lon="-113.1911790">
    <ele>1708.7</ele>
    <time>2012-04-21T13:07:06Z</time>
   </trkpt>
   <trkpt lat="37.4394950" lon="-113.1911300">
    <ele>1708.4</ele>
    <time>2012-04-21T13:07:10Z</time>
   </trkpt>
   <trkpt lat="37.4394550" lon="-113.1911110">
    <ele>1708.4</ele>
    <time>2012-04-21T13:07:12Z</time>
   </trkpt>
   <trkpt lat="37.4393310" lon="-113.1910860">
    <ele>1708.4</ele>
    <time>2012-04-21T13:07:18Z</time>
   </trkpt>
   <trkpt lat="37.4392830" lon="-113.1911350">
    <ele>1708.1</ele>
    <time>2012-04-21T13:07:21Z</time>
   </trkpt>
   <trkpt lat="37.4392040" lon="-113.1911860">
    <ele>1706.6</ele>
    <time>2012-04-21T13:07:26Z</time>
   </trkpt>
   <trkpt lat="37.4391640" lon="-113.1911600">
    <ele>1706.0</ele>
    <time>2012-04-21T13:07:29Z</time>
   </trkpt>
   <trkpt lat="37.4391340" lon="-113.1912360">
    <ele>1705.6</ele>
    <time>2012-04-21T13:07:34Z</time>
   </trkpt>
   <trkpt lat="37.4392120" lon="-113.1913140">
    <ele>1706.3</ele>
    <time>2012-04-21T13:07:38Z</time>
   </trkpt>
   <trkpt lat="37.4392260" lon="-113.1913220">
    <ele>1706.4</ele>
    <time>2012-04-21T13:07:39Z</time>
   </trkpt>
   <trkpt lat="37.4392370" lon="-113.1913470">
    <ele>1706.5</ele>
    <time>2012-04-21T13:07:42Z</time>
   </trkpt>
   <trkpt lat="37.4391380" lon="-113.1913720">
    <ele>1707.1</ele>
    <time>2012-04-21T13:07:50Z</time>
   </trkpt>
   <trkpt lat="37.4390460" lon="-113.1913300">
    <ele>1706.8</ele>
    <time>2012-04-21T13:07:57Z</time>
   </trkpt>
   <trkpt lat="37.4388960" lon="-113.1913480">
    <ele>1706.9</ele>
    <time>2012-04-21T13:08:03Z</time>
   </trkpt>
   <trkpt lat="37.4387800" lon="-113.1914170">
    <ele>1707.3</ele>
    <time>2012-04-21T13:08:09Z</time>
   </trkpt>
   <trkpt lat="37.4386660" lon="-113.1914530">
    <ele>1706.6</ele>
    <time>2012-04-21T13:08:14Z</time>
   </trkpt>
   <trkpt lat="37.4385900" lon="-113.1914480">
    <ele>1705.8</ele>
    <time>2012-04-21T13:08:17Z</time>
   </trkpt>
   <trkpt lat="37.4384450" lon="-113.1914480">
    <ele>1704.4</ele>
    <time>2012-04-21T13:08:23Z</time>
   </trkpt>
   <trkpt lat="37.4383500" lon="-113.1914840">
    <ele>1703.8</ele>
    <time>2012-04-21T13:08:27Z</time>
   </trkpt>
   <trkpt lat="37.4383130" lon="-113.1915040">
    <ele>1703.6</ele>
    <time>2012-04-21T13:08:29Z</time>
   </trkpt>
   <trkpt lat="37.4382150" lon="-113.1915860">
    <ele>1703.3</ele>
    <time>2012-04-21T13:08:34Z</time>
   </trkpt>
   <trkpt lat="37.4380790" lon="-113.1916500">
    <ele>1702.6</ele>
    <time>2012-04-21T13:08:40Z</time>
   </trkpt>
   <trkpt lat="37.4379460" lon="-113.1916930">
    <ele>1701.7</ele>
    <time>2012-04-21T13:08:46Z</time>
   </trkpt>
   <trkpt lat="37.4378080" lon="-113.1917250">
    <ele>1700.8</ele>
    <time>2012-04-21T13:08:51Z</time>
   </trkpt>
   <trkpt lat="37.4377480" lon="-113.1917120">
    <ele>1700.2</ele>
    <time>2012-04-21T13:08:53Z</time>
   </trkpt>
   <trkpt lat="37.4375560" lon="-113.1917420">
    <ele>1699.1</ele>
    <time>2012-04-21T13:09:00Z</time>
   </trkpt>
   <trkpt lat="37.4374060" lon="-113.1917550">
    <ele>1698.2</ele>
    <time>2012-04-21T13:09:06Z</time>
   </trkpt>
   <trkpt lat="37.4372850" lon="-113.1917670">
    <ele>1697.6</ele>
    <time>2012-04-21T13:09:11Z</time>
   </trkpt>
   <trkpt lat="37.4372310" lon="-113.1917450">
    <ele>1697.2</ele>
    <time>2012-04-21T13:09:13Z</time>
   </trkpt>
   <trkpt lat="37.4371940" lon="-113.1916610">
    <ele>1696.9</ele>
    <time>2012-04-21T13:09:17Z</time>
   </trkpt>
   <trkpt lat="37.4371860" lon="-113.1916080">
    <ele>1697.2</ele>
    <time>2012-04-21T13:09:19Z</time>
   </trkpt>
   <trkpt lat="37.4370960" lon="-113.1915340">
    <ele>1698.2</ele>
    <time>2012-04-21T13:09:24Z</time>
   </trkpt>
   <trkpt lat="37.4370570" lon="-113.1914970">
    <ele>1699.0</ele>
    <time>2012-04-21T13:09:26Z</time>
   </trkpt>
   <trkpt lat="37.4369730" lon="-113.1915260">
    <ele>1698.5</ele>
    <time>2012-04-21T13:09:30Z</time>
   </trkpt>
   <trkpt lat="37.4368920" lon="-113.1915500">
    <ele>1698.5</ele>
    <time>2012-04-21T13:09:34Z</time>
   </trkpt>
   <trkpt lat="37.4368350" lon="-113.1915650">
    <ele>1699.0</ele>
    <time>2012-04-21T13:09:37Z</time>
   </trkpt>
   <trkpt lat="37.4367260" lon="-113.1916470">
    <ele>1699.1</ele>
    <time>2012-04-21T13:09:43Z</time>
   </trkpt>
   <trkpt lat="37.4366040" lon="-113.1917150">
    <ele>1699.9</ele>
    <time>2012-04-21T13:09:49Z</time>
   </trkpt>
   <trkpt lat="37.4365480" lon="-113.1917370">
    <ele>1700.4</ele>
    <time>2012-04-21T13:09:52Z</time>
   </trkpt>
   <trkpt lat="37.4364430" lon="-113.1917760">
    <ele>1700.9</ele>
    <time>2012-04-21T13:09:57Z</time>
   </trkpt>
   <trkpt lat="37.4363990" lon="-113.1917970">
    <ele>1700.7</ele>
    <time>2012-04-21T13:09:59Z</time>
   </trkpt>
   <trkpt lat="37.4362650" lon="-113.1918610">
    <ele>1699.4</ele>
    <time>2012-04-21T13:10:05Z</time>
   </trkpt>
   <trkpt lat="37.4361980" lon="-113.1918810">
    <ele>1698.5</ele>
    <time>2012-04-21T13:10:08Z</time>
   </trkpt>
   <trkpt lat="37.4360780" lon="-113.1918670">
    <ele>1698.0</ele>
    <time>2012-04-21T13:10:13Z</time>
   </trkpt>
   <trkpt lat="37.4359800" lon="-113.1918440">
    <ele>1698.0</ele>
    <time>2012-04-21T13:10:17Z</time>
   </trkpt>
   <trkpt lat="37.4358770" lon="-113.1918180">
    <ele>1698.1</ele>
    <time>2012-04-21T13:10:21Z</time>
   </trkpt>
   <trkpt lat="37.4357800" lon="-113.1917870">
    <ele>1698.2</ele>
    <time>2012-04-21T13:10:25Z</time>
   </trkpt>
   <trkpt lat="37.4356640" lon="-113.1917640">
    <ele>1697.9</ele>
    <time>2012-04-21T13:10:30Z</time>
   </trkpt>
   <trkpt lat="37.4356120" lon="-113.1917650">
    <ele>1697.3</ele>
    <time>2012-04-21T13:10:33Z</time>
   </trkpt>
   <trkpt lat="37.4354730" lon="-113.1917660">
    <ele>1695.7</ele>
    <time>2012-04-21T13:10:39Z</time>
   </trkpt>
   <trkpt lat="37.4353400" lon="-113.1917840">
    <ele>1693.3</ele>
    <time>2012-04-21T13:10:44Z</time>
   </trkpt>
   <trkpt lat="37.4352420" lon="-113.1918160">
    <ele>1691.4</ele>
    <time>2012-04-21T13:10:48Z</time>
   </trkpt>
   <trkpt lat="37.4351220" lon="-113.1918480">
    <ele>1690.2</ele>
    <time>2012-04-21T13:10:53Z</time>
   </trkpt>
   <trkpt lat="37.4350880" lon="-113.1918720">
    <ele>1689.5</ele>
    <time>2012-04-21T13:10:55Z</time>
   </trkpt>
   <trkpt lat="37.4349200" lon="-113.1918800">
    <ele>1688.3</ele>
    <time>2012-04-21T13:11:02Z</time>
   </trkpt>
   <trkpt lat="37.4348320" lon="-113.1918730">
    <ele>1687.8</ele>
    <time>2012-04-21T13:11:05Z</time>
   </trkpt>
   <trkpt lat="37.4346940" lon="-113.1918790">
    <ele>1686.9</ele>
    <time>2012-04-21T13:11:10Z</time>
   </trkpt>
   <trkpt lat="37.4346650" lon="-113.1918840">
    <ele>1686.7</ele>
    <time>2012-04-21T13:11:11Z</time>
   </trkpt>
   <trkpt lat="37.4345020" lon="-113.1919190">
    <ele>1685.9</ele>
    <time>2012-04-21T13:11:18Z</time>
   </trkpt>
   <trkpt lat="37.4343870" lon="-113.1919270">
    <ele>1685.3</ele>
    <time>2012-04-21T13:11:23Z</time>
   </trkpt>
   <trkpt lat="37.4343650" lon="-113.1919260">
    <ele>1685.2</ele>
    <time>2012-04-21T13:11:24Z</time>
   </trkpt>
   <trkpt lat="37.4342420" lon="-113.1919430">
    <ele>1684.3</ele>
    <time>2012-04-21T13:11:30Z</time>
   </trkpt>
   <trkpt lat="37.4341290" lon="-113.1919940">
    <ele>1683.6</ele>
    <time>2012-04-21T13:11:35Z</time>
   </trkpt>
   <trkpt lat="37.4340390" lon="-113.1920450">
    <ele>1683.4</ele>
    <time>2012-04-21T13:11:39Z</time>
   </trkpt>
   <trkpt lat="37.4339290" lon="-113.1921530">
    <ele>1683.7</ele>
    <time>2012-04-21T13:11:45Z</time>
   </trkpt>
   <trkpt lat="37.4338360" lon="-113.1922100">
    <ele>1684.0</ele>
    <time>2012-04-21T13:11:50Z</time>
   </trkpt>
   <trkpt lat="37.4338100" lon="-113.1922220">
    <ele>1684.0</ele>
    <time>2012-04-21T13:11:51Z</time>
   </trkpt>
   <trkpt lat="37.4337580" lon="-113.1922800">
    <ele>1683.5</ele>
    <time>2012-04-21T13:11:54Z</time>
   </trkpt>
   <trkpt lat="37.4336160" lon="-113.1923810">
    <ele>1683.1</ele>
    <time>2012-04-21T13:12:01Z</time>
   </trkpt>
   <trkpt lat="37.4335630" lon="-113.1924680">
    <ele>1683.0</ele>
    <time>2012-04-21T13:12:05Z</time>
   </trkpt>
   <trkpt lat="37.4335050" lon="-113.1925520">
    <ele>1683.1</ele>
    <time>2012-04-21T13:12:09Z</time>
   </trkpt>
   <trkpt lat="37.4335020" lon="-113.1926090">
    <ele>1682.8</ele>
    <time>2012-04-21T13:12:11Z</time>
   </trkpt>
   <trkpt lat="37.4333990" lon="-113.1926640">
    <ele>1683.0</ele>
    <time>2012-04-21T13:12:16Z</time>
   </trkpt>
   <trkpt lat="37.4333790" lon="-113.1926710">
    <ele>1683.1</ele>
    <time>2012-04-21T13:12:17Z</time>
   </trkpt>
   <trkpt lat="37.4332480" lon="-113.1927370">
    <ele>1683.0</ele>
    <time>2012-04-21T13:12:23Z</time>
   </trkpt>
   <trkpt lat="37.4332300" lon="-113.1927480">
    <ele>1682.9</ele>
    <time>2012-04-21T13:12:24Z</time>
   </trkpt>
   <trkpt lat="37.4331600" lon="-113.1927890">
    <ele>1682.2</ele>
    <time>2012-04-21T13:12:28Z</time>
   </trkpt>
   <trkpt lat="37.4330800" lon="-113.1928310">
    <ele>1681.3</ele>
    <time>2012-04-21T13:12:32Z</time>
   </trkpt>
   <trkpt lat="37.4329560" lon="-113.1928580">
    <ele>1680.8</ele>
    <time>2012-04-21T13:12:37Z</time>
   </trkpt>
   <trkpt lat="37.4328760" lon="-113.1928780">
    <ele>1680.4</ele>
    <time>2012-04-21T13:12:41Z</time>
   </trkpt>
   <trkpt lat="37.4328600" lon="-113.1928940">
    <ele>1680.0</ele>
    <time>2012-04-21T13:12:42Z</time>
   </trkpt>
   <trkpt lat="37.4327570" lon="-113.1929670">
    <ele>1679.1</ele>
    <time>2012-04-21T13:12:47Z</time>
   </trkpt>
   <trkpt lat="37.4326500" lon="-113.1929770">
    <ele>1679.0</ele>
    <time>2012-04-21T13:12:52Z</time>
   </trkpt>
   <trkpt lat="37.4326110" lon="-113.1929770">
    <ele>1679.0</ele>
    <time>2012-04-21T13:12:54Z</time>
   </trkpt>
   <trkpt lat="37.4325430" lon="-113.1929960">
    <ele>1678.7</ele>
    <time>2012-04-21T13:12:57Z</time>
   </trkpt>
   <trkpt lat="37.4324180" lon="-113.1930290">
    <ele>1678.5</ele>
    <time>2012-04-21T13:13:03Z</time>
   </trkpt>
   <trkpt lat="37.4322990" lon="-113.1930710">
    <ele>1678.1</ele>
    <time>2012-04-21T13:13:08Z</time>
   </trkpt>
   <trkpt lat="37.4321650" lon="-113.1930820">
    <ele>1677.9</ele>
    <time>2012-04-21T13:13:13Z</time>
   </trkpt>
   <trkpt lat="37.4321130" lon="-113.1930970">
    <ele>1677.8</ele>
    <time>2012-04-21T13:13:15Z</time>
   </trkpt>
   <trkpt lat="37.4320430" lon="-113.1931630">
    <ele>1677.2</ele>
    <time>2012-04-21T13:13:19Z</time>
   </trkpt>
   <trkpt lat="37.4319710" lon="-113.1932350">
    <ele>1676.8</ele>
    <time>2012-04-21T13:13:24Z</time>
   </trkpt>
   <trkpt lat="37.4318880" lon="-113.1932850">
    <ele>1676.2</ele>
    <time>2012-04-21T13:13:28Z</time>
   </trkpt>
   <trkpt lat="37.4317870" lon="-113.1933680">
    <ele>1676.0</ele>
    <time>2012-04-21T13:13:33Z</time>
   </trkpt>
   <trkpt lat="37.4317060" lon="-113.1935210">
    <ele>1675.7</ele>
    <time>2012-04-21T13:13:39Z</time>
   </trkpt>
   <trkpt lat="37.4316280" lon="-113.1935750">
    <ele>1675.0</ele>
    <time>2012-04-21T13:13:43Z</time>
   </trkpt>
   <trkpt lat="37.4315680" lon="-113.1936680">
    <ele>1674.9</ele>
    <time>2012-04-21T13:13:48Z</time>
   </trkpt>
   <trkpt lat="37.4315330" lon="-113.1936890">
    <ele>1674.8</ele>
    <time>2012-04-21T13:13:50Z</time>
   </trkpt>
   <trkpt lat="37.4314040" lon="-113.1936680">
    <ele>1674.9</ele>
    <time>2012-04-21T13:13:56Z</time>
   </trkpt>
   <trkpt lat="37.4313400" lon="-113.1936020">
    <ele>1675.5</ele>
    <time>2012-04-21T13:14:01Z</time>
   </trkpt>
   <trkpt lat="37.4312680" lon="-113.1935180">
    <ele>1676.4</ele>
    <time>2012-04-21T13:14:07Z</time>
   </trkpt>
   <trkpt lat="37.4311820" lon="-113.1935160">
    <ele>1676.4</ele>
    <time>2012-04-21T13:14:12Z</time>
   </trkpt>
   <trkpt lat="37.4310360" lon="-113.1934420">
    <ele>1677.0</ele>
    <time>2012-04-21T13:14:19Z</time>
   </trkpt>
   <trkpt lat="37.4309310" lon="-113.1934400">
    <ele>1676.1</ele>
    <time>2012-04-21T13:14:23Z</time>
   </trkpt>
   <trkpt lat="37.4307950" lon="-113.1934480">
    <ele>1674.5</ele>
    <time>2012-04-21T13:14:28Z</time>
   </trkpt>
   <trkpt lat="37.4307720" lon="-113.1934510">
    <ele>1674.3</ele>
    <time>2012-04-21T13:14:29Z</time>
   </trkpt>
   <trkpt lat="37.4306220" lon="-113.1935160">
    <ele>1673.1</ele>
    <time>2012-04-21T13:14:35Z</time>
   </trkpt>
   <trkpt lat="37.4304880" lon="-113.1935380">
    <ele>1672.6</ele>
    <time>2012-04-21T13:14:40Z</time>
   </trkpt>
   <trkpt lat="37.4304160" lon="-113.1935830">
    <ele>1672.3</ele>
    <time>2012-04-21T13:14:44Z</time>
   </trkpt>
   <trkpt lat="37.4303590" lon="-113.1936820">
    <ele>1671.9</ele>
    <time>2012-04-21T13:14:48Z</time>
   </trkpt>
   <trkpt lat="37.4303430" lon="-113.1937050">
    <ele>1671.8</ele>
    <time>2012-04-21T13:14:49Z</time>
   </trkpt>
   <trkpt lat="37.4302400" lon="-113.1938160">
    <ele>1671.6</ele>
    <time>2012-04-21T13:14:55Z</time>
   </trkpt>
   <trkpt lat="37.4302040" lon="-113.1938440">
    <ele>1671.8</ele>
    <time>2012-04-21T13:14:58Z</time>
   </trkpt>
   <trkpt lat="37.4301080" lon="-113.1939040">
    <ele>1672.5</ele>
    <time>2012-04-21T13:15:04Z</time>
   </trkpt>
   <trkpt lat="37.4300190" lon="-113.1939550">
    <ele>1673.4</ele>
    <time>2012-04-21T13:15:09Z</time>
   </trkpt>
   <trkpt lat="37.4299700" lon="-113.1939780">
    <ele>1673.9</ele>
    <time>2012-04-21T13:15:11Z</time>
   </trkpt>
   <trkpt lat="37.4298750" lon="-113.1941100">
    <ele>1673.3</ele>
    <time>2012-04-21T13:15:17Z</time>
   </trkpt>
   <trkpt lat="37.4298180" lon="-113.1942310">
    <ele>1672.0</ele>
    <time>2012-04-21T13:15:22Z</time>
   </trkpt>
   <trkpt lat="37.4297190" lon="-113.1943370">
    <ele>1670.7</ele>
    <time>2012-04-21T13:15:27Z</time>
   </trkpt>
   <trkpt lat="37.4296250" lon="-113.1943590">
    <ele>1669.9</ele>
    <time>2012-04-21T13:15:31Z</time>
   </trkpt>
   <trkpt lat="37.4295140" lon="-113.1943350">
    <ele>1669.4</ele>
    <time>2012-04-21T13:15:37Z</time>
   </trkpt>
   <trkpt lat="37.4294590" lon="-113.1943940">
    <ele>1668.1</ele>
    <time>2012-04-21T13:15:42Z</time>
   </trkpt>
   <trkpt lat="37.4293870" lon="-113.1944340">
    <ele>1667.5</ele>
    <time>2012-04-21T13:15:48Z</time>
   </trkpt>
   <trkpt lat="37.4293190" lon="-113.1944310">
    <ele>1667.2</ele>
    <time>2012-04-21T13:15:52Z</time>
   </trkpt>
   <trkpt lat="37.4292910" lon="-113.1944240">
    <ele>1667.1</ele>
    <time>2012-04-21T13:15:53Z</time>
   </trkpt>
   <trkpt lat="37.4292400" lon="-113.1944190">
    <ele>1666.9</ele>
    <time>2012-04-21T13:15:55Z</time>
   </trkpt>
   <trkpt lat="37.4291010" lon="-113.1944170">
    <ele>1666.9</ele>
    <time>2012-04-21T13:16:00Z</time>
   </trkpt>
   <trkpt lat="37.4290740" lon="-113.1944260">
    <ele>1667.1</ele>
    <time>2012-04-21T13:16:01Z</time>
   </trkpt>
   <trkpt lat="37.4289700" lon="-113.1945480">
    <ele>1667.8</ele>
    <time>2012-04-21T13:16:07Z</time>
   </trkpt>
   <trkpt lat="37.4289500" lon="-113.1947080">
    <ele>1666.6</ele>
    <time>2012-04-21T13:16:12Z</time>
   </trkpt>
   <trkpt lat="37.4289180" lon="-113.1948780">
    <ele>1666.0</ele>
    <time>2012-04-21T13:16:18Z</time>
   </trkpt>
   <trkpt lat="37.4289110" lon="-113.1949010">
    <ele>1666.1</ele>
    <time>2012-04-21T13:16:19Z</time>
   </trkpt>
   <trkpt lat="37.4288540" lon="-113.1949870">
    <ele>1666.5</ele>
    <time>2012-04-21T13:16:24Z</time>
   </trkpt>
   <trkpt lat="37.4288530" lon="-113.1950460">
    <ele>1666.0</ele>
    <time>2012-04-21T13:16:28Z</time>
   </trkpt>
   <trkpt lat="37.4288230" lon="-113.1951640">
    <ele>1665.5</ele>
    <time>2012-04-21T13:16:33Z</time>
   </trkpt>
   <trkpt lat="37.4288270" lon="-113.1953470">
    <ele>1664.1</ele>
    <time>2012-04-21T13:16:39Z</time>
   </trkpt>
   <trkpt lat="37.4288200" lon="-113.1954680">
    <ele>1664.1</ele>
    <time>2012-04-21T13:16:43Z</time>
   </trkpt>
   <trkpt lat="37.4287700" lon="-113.1955980">
    <ele>1664.5</ele>
    <time>2012-04-21T13:16:48Z</time>
   </trkpt>
   <trkpt lat="37.4287320" lon="-113.1956440">
    <ele>1664.5</ele>
    <time>2012-04-21T13:16:51Z</time>
   </trkpt>
   <trkpt lat="37.4287220" lon="-113.1956940">
    <ele>1665.0</ele>
    <time>2012-04-21T13:16:55Z</time>
   </trkpt>
   <trkpt lat="37.4286630" lon="-113.1957230">
    <ele>1664.7</ele>
    <time>2012-04-21T13:16:59Z</time>
   </trkpt>
   <trkpt lat="37.4285600" lon="-113.1958820">
    <ele>1665.3</ele>
    <time>2012-04-21T13:17:06Z</time>
   </trkpt>
   <trkpt lat="37.4284820" lon="-113.1959550">
    <ele>1665.2</ele>
    <time>2012-04-21T13:17:10Z</time>
   </trkpt>
   <trkpt lat="37.4284440" lon="-113.1959870">
    <ele>1664.9</ele>
    <time>2012-04-21T13:17:12Z</time>
   </trkpt>
   <trkpt lat="37.4283180" lon="-113.1960000">
    <ele>1663.1</ele>
    <time>2012-04-21T13:17:17Z</time>
   </trkpt>
   <trkpt lat="37.4282980" lon="-113.1960150">
    <ele>1662.9</ele>
    <time>2012-04-21T13:17:18Z</time>
   </trkpt>
   <trkpt lat="37.4281590" lon="-113.1961470">
    <ele>1661.7</ele>
    <time>2012-04-21T13:17:25Z</time>
   </trkpt>
   <trkpt lat="37.4280640" lon="-113.1962460">
    <ele>1661.5</ele>
    <time>2012-04-21T13:17:30Z</time>
   </trkpt>
   <trkpt lat="37.4280080" lon="-113.1963100">
    <ele>1661.3</ele>
    <time>2012-04-21T13:17:33Z</time>
   </trkpt>
   <trkpt lat="37.4278740" lon="-113.1963650">
    <ele>1660.0</ele>
    <time>2012-04-21T13:17:39Z</time>
   </trkpt>
   <trkpt lat="37.4277640" lon="-113.1964300">
    <ele>1659.5</ele>
    <time>2012-04-21T13:17:44Z</time>
   </trkpt>
   <trkpt lat="37.4276510" lon="-113.1964880">
    <ele>1659.0</ele>
    <time>2012-04-21T13:17:49Z</time>
   </trkpt>
   <trkpt lat="37.4275850" lon="-113.1965140">
    <ele>1658.8</ele>
    <time>2012-04-21T13:17:52Z</time>
   </trkpt>
   <trkpt lat="37.4274500" lon="-113.1965120">
    <ele>1658.4</ele>
    <time>2012-04-21T13:17:58Z</time>
   </trkpt>
   <trkpt lat="37.4274170" lon="-113.1964930">
    <ele>1658.4</ele>
    <time>2012-04-21T13:18:00Z</time>
   </trkpt>
   <trkpt lat="37.4272660" lon="-113.1964990">
    <ele>1658.3</ele>
    <time>2012-04-21T13:18:06Z</time>
   </trkpt>
   <trkpt lat="37.4271620" lon="-113.1965040">
    <ele>1658.3</ele>
    <time>2012-04-21T13:18:10Z</time>
   </trkpt>
   <trkpt lat="37.4271100" lon="-113.1965040">
    <ele>1658.2</ele>
    <time>2012-04-21T13:18:12Z</time>
   </trkpt>
   <trkpt lat="37.4270400" lon="-113.1965220">
    <ele>1658.1</ele>
    <time>2012-04-21T13:18:15Z</time>
   </trkpt>
   <trkpt lat="37.4268920" lon="-113.1965200">
    <ele>1658.0</ele>
    <time>2012-04-21T13:18:21Z</time>
   </trkpt>
   <trkpt lat="37.4268450" lon="-113.1965510">
    <ele>1657.8</ele>
    <time>2012-04-21T13:18:23Z</time>
   </trkpt>
   <trkpt lat="37.4267180" lon="-113.1966310">
    <ele>1657.5</ele>
    <time>2012-04-21T13:18:29Z</time>
   </trkpt>
   <trkpt lat="37.4265730" lon="-113.1966980">
    <ele>1657.2</ele>
    <time>2012-04-21T13:18:35Z</time>
   </trkpt>
   <trkpt lat="37.4264390" lon="-113.1967060">
    <ele>1657.0</ele>
    <time>2012-04-21T13:18:40Z</time>
   </trkpt>
   <trkpt lat="37.4263170" lon="-113.1967140">
    <ele>1656.9</ele>
    <time>2012-04-21T13:18:45Z</time>
   </trkpt>
   <trkpt lat="37.4262890" lon="-113.1967110">
    <ele>1656.9</ele>
    <time>2012-04-21T13:18:46Z</time>
   </trkpt>
   <trkpt lat="37.4260890" lon="-113.1967320">
    <ele>1656.5</ele>
    <time>2012-04-21T13:18:53Z</time>
   </trkpt>
   <trkpt lat="37.4259680" lon="-113.1967300">
    <ele>1656.4</ele>
    <time>2012-04-21T13:18:58Z</time>
   </trkpt>
   <trkpt lat="37.4258230" lon="-113.1967350">
    <ele>1656.1</ele>
    <time>2012-04-21T13:19:04Z</time>
   </trkpt>
   <trkpt lat="37.4257530" lon="-113.1967370">
    <ele>1655.9</ele>
    <time>2012-04-21T13:19:07Z</time>
   </trkpt>
   <trkpt lat="37.4256430" lon="-113.1967050">
    <ele>1655.7</ele>
    <time>2012-04-21T13:19:12Z</time>
   </trkpt>
   <trkpt lat="37.4255280" lon="-113.1967240">
    <ele>1655.2</ele>
    <time>2012-04-21T13:19:17Z</time>
   </trkpt>
   <trkpt lat="37.4254330" lon="-113.1967110">
    <ele>1654.7</ele>
    <time>2012-04-21T13:19:21Z</time>
   </trkpt>
   <trkpt lat="37.4252970" lon="-113.1966450">
    <ele>1654.5</ele>
    <time>2012-04-21T13:19:27Z</time>
   </trkpt>
   <trkpt lat="37.4252250" lon="-113.1966080">
    <ele>1654.4</ele>
    <time>2012-04-21T13:19:30Z</time>
   </trkpt>
   <trkpt lat="37.4251100" lon="-113.1964940">
    <ele>1655.0</ele>
    <time>2012-04-21T13:19:36Z</time>
   </trkpt>
   <trkpt lat="37.4250580" lon="-113.1964430">
    <ele>1655.3</ele>
    <time>2012-04-21T13:19:39Z</time>
   </trkpt>
   <trkpt lat="37.4249930" lon="-113.1964310">
    <ele>1655.4</ele>
    <time>2012-04-21T13:19:43Z</time>
   </trkpt>
   <trkpt lat="37.4249810" lon="-113.1964500">
    <ele>1655.2</ele>
    <time>2012-04-21T13:19:44Z</time>
   </trkpt>
   <trkpt lat="37.4248770" lon="-113.1966070">
    <ele>1653.9</ele>
    <time>2012-04-21T13:19:51Z</time>
   </trkpt>
   <trkpt lat="37.4248530" lon="-113.1966150">
    <ele>1653.9</ele>
    <time>2012-04-21T13:19:52Z</time>
   </trkpt>
   <trkpt lat="37.4247900" lon="-113.1966700">
    <ele>1653.6</ele>
    <time>2012-04-21T13:19:57Z</time>
   </trkpt>
   <trkpt lat="37.4247840" lon="-113.1966660">
    <ele>1653.6</ele>
    <time>2012-04-21T13:20:01Z</time>
   </trkpt>
   <trkpt lat="37.4246730" lon="-113.1967200">
    <ele>1653.3</ele>
    <time>2012-04-21T13:20:06Z</time>
   </trkpt>
   <trkpt lat="37.4245660" lon="-113.1967710">
    <ele>1653.0</ele>
    <time>2012-04-21T13:20:11Z</time>
   </trkpt>
   <trkpt lat="37.4245250" lon="-113.1967900">
    <ele>1652.8</ele>
    <time>2012-04-21T13:20:13Z</time>
   </trkpt>
   <trkpt lat="37.4244560" lon="-113.1968130">
    <ele>1652.7</ele>
    <time>2012-04-21T13:20:17Z</time>
   </trkpt>
   <trkpt lat="37.4243910" lon="-113.1968260">
    <ele>1652.7</ele>
    <time>2012-04-21T13:20:22Z</time>
   </trkpt>
   <trkpt lat="37.4243020" lon="-113.1968200">
    <ele>1652.7</ele>
    <time>2012-04-21T13:20:26Z</time>
   </trkpt>
   <trkpt lat="37.4241410" lon="-113.1967560">
    <ele>1653.4</ele>
    <time>2012-04-21T13:20:33Z</time>
   </trkpt>
   <trkpt lat="37.4239990" lon="-113.1966910">
    <ele>1653.6</ele>
    <time>2012-04-21T13:20:39Z</time>
   </trkpt>
   <trkpt lat="37.4239180" lon="-113.1966880">
    <ele>1653.0</ele>
    <time>2012-04-21T13:20:43Z</time>
   </trkpt>
   <trkpt lat="37.4238320" lon="-113.1966960">
    <ele>1652.0</ele>
    <time>2012-04-21T13:20:49Z</time>
   </trkpt>
   <trkpt lat="37.4237800" lon="-113.1966760">
    <ele>1651.7</ele>
    <time>2012-04-21T13:20:52Z</time>
   </trkpt>
   <trkpt lat="37.4237360" lon="-113.1966260">
    <ele>1651.6</ele>
    <time>2012-04-21T13:20:55Z</time>
   </trkpt>
   <trkpt lat="37.4236780" lon="-113.1965120">
    <ele>1651.6</ele>
    <time>2012-04-21T13:21:00Z</time>
   </trkpt>
   <trkpt lat="37.4236470" lon="-113.1964570">
    <ele>1651.6</ele>
    <time>2012-04-21T13:21:03Z</time>
   </trkpt>
   <trkpt lat="37.4235690" lon="-113.1963400">
    <ele>1650.8</ele>
    <time>2012-04-21T13:21:10Z</time>
   </trkpt>
   <trkpt lat="37.4235610" lon="-113.1963180">
    <ele>1650.9</ele>
    <time>2012-04-21T13:21:11Z</time>
   </trkpt>
   <trkpt lat="37.4234800" lon="-113.1962840">
    <ele>1651.0</ele>
    <time>2012-04-21T13:21:16Z</time>
   </trkpt>
   <trkpt lat="37.4234340" lon="-113.1962570">
    <ele>1651.5</ele>
    <time>2012-04-21T13:21:19Z</time>
   </trkpt>
   <trkpt lat="37.4233540" lon="-113.1961610">
    <ele>1651.6</ele>
    <time>2012-04-21T13:21:25Z</time>
   </trkpt>
   <trkpt lat="37.4233480" lon="-113.1961340">
    <ele>1651.4</ele>
    <time>2012-04-21T13:21:26Z</time>
   </trkpt>
   <trkpt lat="37.4232910" lon="-113.1960170">
    <ele>1650.7</ele>
    <time>2012-04-21T13:21:31Z</time>
   </trkpt>
   <trkpt lat="37.4231950" lon="-113.1959090">
    <ele>1650.3</ele>
    <time>2012-04-21T13:21:36Z</time>
   </trkpt>
   <trkpt lat="37.4231750" lon="-113.1958850">
    <ele>1650.2</ele>
    <time>2012-04-21T13:21:37Z</time>
   </trkpt>
   <trkpt lat="37.4230480" lon="-113.1957800">
    <ele>1649.3</ele>
    <time>2012-04-21T13:21:43Z</time>
   </trkpt>
   <trkpt lat="37.4229860" lon="-113.1956930">
    <ele>1649.2</ele>
    <time>2012-04-21T13:21:48Z</time>
   </trkpt>
   <trkpt lat="37.4228600" lon="-113.1956570">
    <ele>1649.3</ele>
    <time>2012-04-21T13:21:53Z</time>
   </trkpt>
   <trkpt lat="37.4228090" lon="-113.1956490">
    <ele>1649.2</ele>
    <time>2012-04-21T13:21:55Z</time>
   </trkpt>
   <trkpt lat="37.4226840" lon="-113.1956560">
    <ele>1648.8</ele>
    <time>2012-04-21T13:22:01Z</time>
   </trkpt>
   <trkpt lat="37.4226340" lon="-113.1956410">
    <ele>1648.7</ele>
    <time>2012-04-21T13:22:03Z</time>
   </trkpt>
   <trkpt lat="37.4225560" lon="-113.1956640">
    <ele>1648.4</ele>
    <time>2012-04-21T13:22:07Z</time>
   </trkpt>
   <trkpt lat="37.4225090" lon="-113.1956200">
    <ele>1648.3</ele>
    <time>2012-04-21T13:22:11Z</time>
   </trkpt>
   <trkpt lat="37.4224090" lon="-113.1955350">
    <ele>1648.4</ele>
    <time>2012-04-21T13:22:18Z</time>
   </trkpt>
   <trkpt lat="37.4223350" lon="-113.1954820">
    <ele>1648.4</ele>
    <time>2012-04-21T13:22:22Z</time>
   </trkpt>
   <trkpt lat="37.4221790" lon="-113.1954100">
    <ele>1648.0</ele>
    <time>2012-04-21T13:22:29Z</time>
   </trkpt>
   <trkpt lat="37.4220810" lon="-113.1953440">
    <ele>1647.9</ele>
    <time>2012-04-21T13:22:34Z</time>
   </trkpt>
   <trkpt lat="37.4220100" lon="-113.1952800">
    <ele>1647.8</ele>
    <time>2012-04-21T13:22:38Z</time>
   </trkpt>
   <trkpt lat="37.4219060" lon="-113.1952010">
    <ele>1647.5</ele>
    <time>2012-04-21T13:22:42Z</time>
   </trkpt>
   <trkpt lat="37.4217960" lon="-113.1951600">
    <ele>1647.4</ele>
    <time>2012-04-21T13:22:47Z</time>
   </trkpt>
   <trkpt lat="37.4216910" lon="-113.1951360">
    <ele>1647.3</ele>
    <time>2012-04-21T13:22:51Z</time>
   </trkpt>
   <trkpt lat="37.4216020" lon="-113.1950820">
    <ele>1647.9</ele>
    <time>2012-04-21T13:22:55Z</time>
   </trkpt>
   <trkpt lat="37.4214790" lon="-113.1950690">
    <ele>1647.8</ele>
    <time>2012-04-21T13:23:00Z</time>
   </trkpt>
   <trkpt lat="37.4214540" lon="-113.1950740">
    <ele>1647.8</ele>
    <time>2012-04-21T13:23:01Z</time>
   </trkpt>
   <trkpt lat="37.4213040" lon="-113.1950540">
    <ele>1647.2</ele>
    <time>2012-04-21T13:23:07Z</time>
   </trkpt>
   <trkpt lat="37.4211840" lon="-113.1950070">
    <ele>1646.4</ele>
    <time>2012-04-21T13:23:12Z</time>
   </trkpt>
   <trkpt lat="37.4210960" lon="-113.1949210">
    <ele>1645.7</ele>
    <time>2012-04-21T13:23:17Z</time>
   </trkpt>
   <trkpt lat="37.4210420" lon="-113.1947850">
    <ele>1645.5</ele>
    <time>2012-04-21T13:23:22Z</time>
   </trkpt>
   <trkpt lat="37.4209580" lon="-113.1947510">
    <ele>1644.4</ele>
    <time>2012-04-21T13:23:27Z</time>
   </trkpt>
   <trkpt lat="37.4208650" lon="-113.1947800">
    <ele>1644.7</ele>
    <time>2012-04-21T13:23:31Z</time>
   </trkpt>
   <trkpt lat="37.4208050" lon="-113.1947090">
    <ele>1644.7</ele>
    <time>2012-04-21T13:23:36Z</time>
   </trkpt>
   <trkpt lat="37.4206850" lon="-113.1945760">
    <ele>1644.6</ele>
    <time>2012-04-21T13:23:43Z</time>
   </trkpt>
   <trkpt lat="37.4206190" lon="-113.1945550">
    <ele>1644.6</ele>
    <time>2012-04-21T13:23:46Z</time>
   </trkpt>
   <trkpt lat="37.4205290" lon="-113.1943940">
    <ele>1643.4</ele>
    <time>2012-04-21T13:23:52Z</time>
   </trkpt>
   <trkpt lat="37.4203990" lon="-113.1943500">
    <ele>1642.9</ele>
    <time>2012-04-21T13:23:57Z</time>
   </trkpt>
   <trkpt lat="37.4203040" lon="-113.1943030">
    <ele>1643.5</ele>
    <time>2012-04-21T13:24:01Z</time>
   </trkpt>
   <trkpt lat="37.4202210" lon="-113.1943140">
    <ele>1643.6</ele>
    <time>2012-04-21T13:24:06Z</time>
   </trkpt>
   <trkpt lat="37.4200950" lon="-113.1941900">
    <ele>1644.5</ele>
    <time>2012-04-21T13:24:14Z</time>
   </trkpt>
   <trkpt lat="37.4200800" lon="-113.1941150">
    <ele>1645.1</ele>
    <time>2012-04-21T13:24:17Z</time>
   </trkpt>
   <trkpt lat="37.4199880" lon="-113.1939880">
    <ele>1645.4</ele>
    <time>2012-04-21T13:24:23Z</time>
   </trkpt>
   <trkpt lat="37.4198560" lon="-113.1938940">
    <ele>1644.7</ele>
    <time>2012-04-21T13:24:29Z</time>
   </trkpt>
   <trkpt lat="37.4197670" lon="-113.1938520">
    <ele>1644.0</ele>
    <time>2012-04-21T13:24:33Z</time>
   </trkpt>
   <trkpt lat="37.4196680" lon="-113.1938120">
    <ele>1643.2</ele>
    <time>2012-04-21T13:24:38Z</time>
   </trkpt>
   <trkpt lat="37.4196160" lon="-113.1937740">
    <ele>1643.0</ele>
    <time>2012-04-21T13:24:41Z</time>
   </trkpt>
   <trkpt lat="37.4195250" lon="-113.1937320">
    <ele>1642.9</ele>
    <time>2012-04-21T13:24:46Z</time>
   </trkpt>
   <trkpt lat="37.4194000" lon="-113.1936520">
    <ele>1644.0</ele>
    <time>2012-04-21T13:24:52Z</time>
   </trkpt>
   <trkpt lat="37.4192850" lon="-113.1935840">
    <ele>1645.3</ele>
    <time>2012-04-21T13:24:58Z</time>
   </trkpt>
   <trkpt lat="37.4192690" lon="-113.1935650">
    <ele>1645.7</ele>
    <time>2012-04-21T13:24:59Z</time>
   </trkpt>
   <trkpt lat="37.4192050" lon="-113.1935880">
    <ele>1645.1</ele>
    <time>2012-04-21T13:25:03Z</time>
   </trkpt>
   <trkpt lat="37.4190940" lon="-113.1935840">
    <ele>1645.1</ele>
    <time>2012-04-21T13:25:08Z</time>
   </trkpt>
   <trkpt lat="37.4190660" lon="-113.1935730">
    <ele>1645.3</ele>
    <time>2012-04-21T13:25:09Z</time>
   </trkpt>
   <trkpt lat="37.4188910" lon="-113.1935340">
    <ele>1645.4</ele>
    <time>2012-04-21T13:25:16Z</time>
   </trkpt>
   <trkpt lat="37.4187810" lon="-113.1934990">
    <ele>1645.2</ele>
    <time>2012-04-21T13:25:20Z</time>
   </trkpt>
   <trkpt lat="37.4186680" lon="-113.1934860">
    <ele>1644.1</ele>
    <time>2012-04-21T13:25:25Z</time>
   </trkpt>
   <trkpt lat="37.4185180" lon="-113.1934720">
    <ele>1643.0</ele>
    <time>2012-04-21T13:25:31Z</time>
   </trkpt>
   <trkpt lat="37.4183980" lon="-113.1934330">
    <ele>1642.4</ele>
    <time>2012-04-21T13:25:36Z</time>
   </trkpt>
   <trkpt lat="37.4182200" lon="-113.1933960">
    <ele>1641.2</ele>
    <time>2012-04-21T13:25:43Z</time>
   </trkpt>
   <trkpt lat="37.4181000" lon="-113.1933590">
    <ele>1640.0</ele>
    <time>2012-04-21T13:25:48Z</time>
   </trkpt>
   <trkpt lat="37.4179800" lon="-113.1933010">
    <ele>1638.5</ele>
    <time>2012-04-21T13:25:53Z</time>
   </trkpt>
   <trkpt lat="37.4178970" lon="-113.1931930">
    <ele>1637.5</ele>
    <time>2012-04-21T13:25:57Z</time>
   </trkpt>
   <trkpt lat="37.4178860" lon="-113.1931530">
    <ele>1637.4</ele>
    <time>2012-04-21T13:25:58Z</time>
   </trkpt>
   <trkpt lat="37.4177750" lon="-113.1930050">
    <ele>1636.7</ele>
    <time>2012-04-21T13:26:04Z</time>
   </trkpt>
   <trkpt lat="37.4177440" lon="-113.1929820">
    <ele>1636.6</ele>
    <time>2012-04-21T13:26:07Z</time>
   </trkpt>
   <trkpt lat="37.4176850" lon="-113.1929260">
    <ele>1636.3</ele>
    <time>2012-04-21T13:26:12Z</time>
   </trkpt>
   <trkpt lat="37.4176380" lon="-113.1929120">
    <ele>1636.3</ele>
    <time>2012-04-21T13:26:14Z</time>
   </trkpt>
   <trkpt lat="37.4174910" lon="-113.1928830">
    <ele>1637.1</ele>
    <time>2012-04-21T13:26:20Z</time>
   </trkpt>
   <trkpt lat="37.4174450" lon="-113.1928860">
    <ele>1637.6</ele>
    <time>2012-04-21T13:26:23Z</time>
   </trkpt>
   <trkpt lat="37.4173900" lon="-113.1928560">
    <ele>1638.6</ele>
    <time>2012-04-21T13:26:27Z</time>
   </trkpt>
   <trkpt lat="37.4172700" lon="-113.1928380">
    <ele>1639.6</ele>
    <time>2012-04-21T13:26:33Z</time>
   </trkpt>
   <trkpt lat="37.4171930" lon="-113.1928550">
    <ele>1639.6</ele>
    <time>2012-04-21T13:26:39Z</time>
   </trkpt>
   <trkpt lat="37.4171120" lon="-113.1928500">
    <ele>1639.7</ele>
    <time>2012-04-21T13:26:43Z</time>
   </trkpt>
   <trkpt lat="37.4170690" lon="-113.1928510">
    <ele>1639.7</ele>
    <time>2012-04-21T13:26:45Z</time>
   </trkpt>
   <trkpt lat="37.4169410" lon="-113.1928730">
    <ele>1638.9</ele>
    <time>2012-04-21T13:26:51Z</time>
   </trkpt>
   <trkpt lat="37.4168450" lon="-113.1928710">
    <ele>1638.7</ele>
    <time>2012-04-21T13:26:56Z</time>
   </trkpt>
   <trkpt lat="37.4168200" lon="-113.1928630">
    <ele>1638.8</ele>
    <time>2012-04-21T13:26:57Z</time>
   </trkpt>
   <trkpt lat="37.4166870" lon="-113.1928680">
    <ele>1638.6</ele>
    <time>2012-04-21T13:27:02Z</time>
   </trkpt>
   <trkpt lat="37.4165560" lon="-113.1929370">
    <ele>1637.4</ele>
    <time>2012-04-21T13:27:07Z</time>
   </trkpt>
   <trkpt lat="37.4165280" lon="-113.1929500">
    <ele>1637.2</ele>
    <time>2012-04-21T13:27:08Z</time>
   </trkpt>
   <trkpt lat="37.4163910" lon="-113.1930590">
    <ele>1636.4</ele>
    <time>2012-04-21T13:27:14Z</time>
   </trkpt>
   <trkpt lat="37.4162420" lon="-113.1931480">
    <ele>1636.0</ele>
    <time>2012-04-21T13:27:20Z</time>
   </trkpt>
   <trkpt lat="37.4160920" lon="-113.1932250">
    <ele>1635.2</ele>
    <time>2012-04-21T13:27:26Z</time>
   </trkpt>
   <trkpt lat="37.4159520" lon="-113.1933190">
    <ele>1633.9</ele>
    <time>2012-04-21T13:27:32Z</time>
   </trkpt>
   <trkpt lat="37.4158840" lon="-113.1933330">
    <ele>1633.4</ele>
    <time>2012-04-21T13:27:35Z</time>
   </trkpt>
   <trkpt lat="37.4157330" lon="-113.1932150">
    <ele>1633.3</ele>
    <time>2012-04-21T13:27:41Z</time>
   </trkpt>
   <trkpt lat="37.4156930" lon="-113.1931890">
    <ele>1633.0</ele>
    <time>2012-04-21T13:27:43Z</time>
   </trkpt>
   <trkpt lat="37.4156670" lon="-113.1931770">
    <ele>1632.8</ele>
    <time>2012-04-21T13:27:48Z</time>
   </trkpt>
   <trkpt lat="37.4156390" lon="-113.1931530">
    <ele>1632.7</ele>
    <time>2012-04-21T13:27:52Z</time>
   </trkpt>
   <trkpt lat="37.4156250" lon="-113.1931330">
    <ele>1632.7</ele>
    <time>2012-04-21T13:27:57Z</time>
   </trkpt>
   <trkpt lat="37.4155940" lon="-113.1931050">
    <ele>1632.6</ele>
    <time>2012-04-21T13:28:03Z</time>
   </trkpt>
   <trkpt lat="37.4155840" lon="-113.1931020">
    <ele>1632.5</ele>
    <time>2012-04-21T13:28:04Z</time>
   </trkpt>
   <trkpt lat="37.4154880" lon="-113.1931040">
    <ele>1631.3</ele>
    <time>2012-04-21T13:28:10Z</time>
   </trkpt>
   <trkpt lat="37.4154450" lon="-113.1931320">
    <ele>1630.9</ele>
    <time>2012-04-21T13:28:12Z</time>
   </trkpt>
   <trkpt lat="37.4153380" lon="-113.1931770">
    <ele>1630.6</ele>
    <time>2012-04-21T13:28:17Z</time>
   </trkpt>
   <trkpt lat="37.4152020" lon="-113.1932680">
    <ele>1630.5</ele>
    <time>2012-04-21T13:28:24Z</time>
   </trkpt>
   <trkpt lat="37.4151540" lon="-113.1933200">
    <ele>1630.6</ele>
    <time>2012-04-21T13:28:27Z</time>
   </trkpt>
   <trkpt lat="37.4150790" lon="-113.1933910">
    <ele>1630.6</ele>
    <time>2012-04-21T13:28:32Z</time>
   </trkpt>
   <trkpt lat="37.4150240" lon="-113.1934710">
    <ele>1630.6</ele>
    <time>2012-04-21T13:28:36Z</time>
   </trkpt>
   <trkpt lat="37.4149600" lon="-113.1936120">
    <ele>1631.1</ele>
    <time>2012-04-21T13:28:42Z</time>
   </trkpt>
   <trkpt lat="37.4149020" lon="-113.1937530">
    <ele>1631.8</ele>
    <time>2012-04-21T13:28:47Z</time>
   </trkpt>
   <trkpt lat="37.4147960" lon="-113.1938280">
    <ele>1630.5</ele>
    <time>2012-04-21T13:28:52Z</time>
   </trkpt>
   <trkpt lat="37.4147030" lon="-113.1938390">
    <ele>1628.8</ele>
    <time>2012-04-21T13:28:57Z</time>
   </trkpt>
   <trkpt lat="37.4147000" lon="-113.1938350">
    <ele>1628.8</ele>
    <time>2012-04-21T13:28:58Z</time>
   </trkpt>
   <trkpt lat="37.4147070" lon="-113.1937950">
    <ele>1628.8</ele>
    <time>2012-04-21T13:29:01Z</time>
   </trkpt>
   <trkpt lat="37.4146920" lon="-113.1937030">
    <ele>1628.9</ele>
    <time>2012-04-21T13:29:07Z</time>
   </trkpt>
   <trkpt lat="37.4146690" lon="-113.1937050">
    <ele>1628.9</ele>
    <time>2012-04-21T13:29:09Z</time>
   </trkpt>
   <trkpt lat="37.4146500" lon="-113.1937450">
    <ele>1628.9</ele>
    <time>2012-04-21T13:29:13Z</time>
   </trkpt>
   <trkpt lat="37.4146060" lon="-113.1938340">
    <ele>1628.7</ele>
    <time>2012-04-21T13:29:17Z</time>
   </trkpt>
   <trkpt lat="37.4145810" lon="-113.1938750">
    <ele>1628.6</ele>
    <time>2012-04-21T13:29:19Z</time>
   </trkpt>
   <trkpt lat="37.4145200" lon="-113.1939040">
    <ele>1628.7</ele>
    <time>2012-04-21T13:29:23Z</time>
   </trkpt>
   <trkpt lat="37.4144160" lon="-113.1938750">
    <ele>1629.2</ele>
    <time>2012-04-21T13:29:29Z</time>
   </trkpt>
   <trkpt lat="37.4143370" lon="-113.1939220">
    <ele>1629.2</ele>
    <time>2012-04-21T13:29:33Z</time>
   </trkpt>
   <trkpt lat="37.4142640" lon="-113.1940270">
    <ele>1628.7</ele>
    <time>2012-04-21T13:29:37Z</time>
   </trkpt>
   <trkpt lat="37.4141560" lon="-113.1941090">
    <ele>1628.5</ele>
    <time>2012-04-21T13:29:42Z</time>
   </trkpt>
   <trkpt lat="37.4140660" lon="-113.1941550">
    <ele>1628.5</ele>
    <time>2012-04-21T13:29:46Z</time>
   </trkpt>
   <trkpt lat="37.4139290" lon="-113.1942360">
    <ele>1628.4</ele>
    <time>2012-04-21T13:29:53Z</time>
   </trkpt>
   <trkpt lat="37.4138280" lon="-113.1943010">
    <ele>1628.3</ele>
    <time>2012-04-21T13:29:58Z</time>
   </trkpt>
   <trkpt lat="37.4136940" lon="-113.1943210">
    <ele>1629.0</ele>
    <time>2012-04-21T13:30:03Z</time>
   </trkpt>
   <trkpt lat="37.4136360" lon="-113.1943130">
    <ele>1629.5</ele>
    <time>2012-04-21T13:30:06Z</time>
   </trkpt>
   <trkpt lat="37.4135440" lon="-113.1943910">
    <ele>1629.3</ele>
    <time>2012-04-21T13:30:12Z</time>
   </trkpt>
   <trkpt lat="37.4135270" lon="-113.1944020">
    <ele>1629.4</ele>
    <time>2012-04-21T13:30:13Z</time>
   </trkpt>
   <trkpt lat="37.4134300" lon="-113.1945300">
    <ele>1628.9</ele>
    <time>2012-04-21T13:30:19Z</time>
   </trkpt>
   <trkpt lat="37.4133360" lon="-113.1946330">
    <ele>1628.9</ele>
    <time>2012-04-21T13:30:24Z</time>
   </trkpt>
   <trkpt lat="37.4132230" lon="-113.1947630">
    <ele>1629.5</ele>
    <time>2012-04-21T13:30:29Z</time>
   </trkpt>
   <trkpt lat="37.4131000" lon="-113.1948830">
    <ele>1631.8</ele>
    <time>2012-04-21T13:30:35Z</time>
   </trkpt>
   <trkpt lat="37.4130190" lon="-113.1949920">
    <ele>1634.1</ele>
    <time>2012-04-21T13:30:40Z</time>
   </trkpt>
   <trkpt lat="37.4130080" lon="-113.1950290">
    <ele>1634.6</ele>
    <time>2012-04-21T13:30:42Z</time>
   </trkpt>
   <trkpt lat="37.4129990" lon="-113.1951220">
    <ele>1635.3</ele>
    <time>2012-04-21T13:30:47Z</time>
   </trkpt>
   <trkpt lat="37.4129950" lon="-113.1952370">
    <ele>1635.9</ele>
    <time>2012-04-21T13:30:52Z</time>
   </trkpt>
   <trkpt lat="37.4129790" lon="-113.1952820">
    <ele>1636.4</ele>
    <time>2012-04-21T13:30:54Z</time>
   </trkpt>
   <trkpt lat="37.4129420" lon="-113.1953700">
    <ele>1637.1</ele>
    <time>2012-04-21T13:30:59Z</time>
   </trkpt>
   <trkpt lat="37.4129190" lon="-113.1953910">
    <ele>1637.5</ele>
    <time>2012-04-21T13:31:01Z</time>
   </trkpt>
   <trkpt lat="37.4128180" lon="-113.1954340">
    <ele>1638.7</ele>
    <time>2012-04-21T13:31:08Z</time>
   </trkpt>
   <trkpt lat="37.4127010" lon="-113.1955000">
    <ele>1639.0</ele>
    <time>2012-04-21T13:31:14Z</time>
   </trkpt>
   <trkpt lat="37.4126040" lon="-113.1955590">
    <ele>1638.8</ele>
    <time>2012-04-21T13:31:19Z</time>
   </trkpt>
   <trkpt lat="37.4124960" lon="-113.1955610">
    <ele>1638.8</ele>
    <time>2012-04-21T13:31:24Z</time>
   </trkpt>
   <trkpt lat="37.4124400" lon="-113.1955490">
    <ele>1638.9</ele>
    <time>2012-04-21T13:31:27Z</time>
   </trkpt>
   <trkpt lat="37.4123410" lon="-113.1954990">
    <ele>1639.5</ele>
    <time>2012-04-21T13:31:32Z</time>
   </trkpt>
   <trkpt lat="37.4122430" lon="-113.1955030">
    <ele>1639.3</ele>
    <time>2012-04-21T13:31:36Z</time>
   </trkpt>
   <trkpt lat="37.4121230" lon="-113.1954740">
    <ele>1640.2</ele>
    <time>2012-04-21T13:31:41Z</time>
   </trkpt>
   <trkpt lat="37.4120510" lon="-113.1954570">
    <ele>1641.0</ele>
    <time>2012-04-21T13:31:44Z</time>
   </trkpt>
   <trkpt lat="37.4119560" lon="-113.1955260">
    <ele>1640.6</ele>
    <time>2012-04-21T13:31:49Z</time>
   </trkpt>
   <trkpt lat="37.4118620" lon="-113.1955800">
    <ele>1641.1</ele>
    <time>2012-04-21T13:31:54Z</time>
   </trkpt>
   <trkpt lat="37.4117950" lon="-113.1956390">
    <ele>1641.3</ele>
    <time>2012-04-21T13:31:58Z</time>
   </trkpt>
   <trkpt lat="37.4117020" lon="-113.1956400">
    <ele>1642.5</ele>
    <time>2012-04-21T13:32:04Z</time>
   </trkpt>
   <trkpt lat="37.4116520" lon="-113.1956220">
    <ele>1643.3</ele>
    <time>2012-04-21T13:32:07Z</time>
   </trkpt>
   <trkpt lat="37.4116180" lon="-113.1955980">
    <ele>1644.0</ele>
    <time>2012-04-21T13:32:09Z</time>
   </trkpt>
   <trkpt lat="37.4115400" lon="-113.1955910">
    <ele>1644.9</ele>
    <time>2012-04-21T13:32:13Z</time>
   </trkpt>
   <trkpt lat="37.4114150" lon="-113.1955910">
    <ele>1645.9</ele>
    <time>2012-04-21T13:32:19Z</time>
   </trkpt>
   <trkpt lat="37.4113380" lon="-113.1956730">
    <ele>1645.6</ele>
    <time>2012-04-21T13:32:24Z</time>
   </trkpt>
   <trkpt lat="37.4113240" lon="-113.1956970">
    <ele>1645.4</ele>
    <time>2012-04-21T13:32:25Z</time>
   </trkpt>
   <trkpt lat="37.4112140" lon="-113.1958090">
    <ele>1644.7</ele>
    <time>2012-04-21T13:32:32Z</time>
   </trkpt>
   <trkpt lat="37.4111140" lon="-113.1958500">
    <ele>1644.4</ele>
    <time>2012-04-21T13:32:37Z</time>
   </trkpt>
   <trkpt lat="37.4110090" lon="-113.1958560">
    <ele>1644.6</ele>
    <time>2012-04-21T13:32:42Z</time>
   </trkpt>
   <trkpt lat="37.4109870" lon="-113.1958640">
    <ele>1644.5</ele>
    <time>2012-04-21T13:32:43Z</time>
   </trkpt>
   <trkpt lat="37.4108630" lon="-113.1959330">
    <ele>1643.7</ele>
    <time>2012-04-21T13:32:49Z</time>
   </trkpt>
   <trkpt lat="37.4107810" lon="-113.1959720">
    <ele>1643.0</ele>
    <time>2012-04-21T13:32:53Z</time>
   </trkpt>
   <trkpt lat="37.4106890" lon="-113.1959840">
    <ele>1642.6</ele>
    <time>2012-04-21T13:32:57Z</time>
   </trkpt>
   <trkpt lat="37.4105520" lon="-113.1960190">
    <ele>1641.6</ele>
    <time>2012-04-21T13:33:03Z</time>
   </trkpt>
   <trkpt lat="37.4105040" lon="-113.1960270">
    <ele>1641.3</ele>
    <time>2012-04-21T13:33:05Z</time>
   </trkpt>
   <trkpt lat="37.4103980" lon="-113.1960040">
    <ele>1641.3</ele>
    <time>2012-04-21T13:33:10Z</time>
   </trkpt>
   <trkpt lat="37.4102570" lon="-113.1959550">
    <ele>1641.9</ele>
    <time>2012-04-21T13:33:16Z</time>
   </trkpt>
   <trkpt lat="37.4101110" lon="-113.1959590">
    <ele>1641.0</ele>
    <time>2012-04-21T13:33:22Z</time>
   </trkpt>
   <trkpt lat="37.4099910" lon="-113.1959670">
    <ele>1640.3</ele>
    <time>2012-04-21T13:33:27Z</time>
   </trkpt>
   <trkpt lat="37.4098790" lon="-113.1959260">
    <ele>1641.0</ele>
    <time>2012-04-21T13:33:32Z</time>
   </trkpt>
   <trkpt lat="37.4097600" lon="-113.1959050">
    <ele>1641.3</ele>
    <time>2012-04-21T13:33:37Z</time>
   </trkpt>
   <trkpt lat="37.4096740" lon="-113.1959160">
    <ele>1641.0</ele>
    <time>2012-04-21T13:33:41Z</time>
   </trkpt>
   <trkpt lat="37.4095670" lon="-113.1959440">
    <ele>1640.8</ele>
    <time>2012-04-21T13:33:46Z</time>
   </trkpt>
   <trkpt lat="37.4094720" lon="-113.1959740">
    <ele>1641.2</ele>
    <time>2012-04-21T13:33:50Z</time>
   </trkpt>
   <trkpt lat="37.4093690" lon="-113.1960540">
    <ele>1641.8</ele>
    <time>2012-04-21T13:33:55Z</time>
   </trkpt>
   <trkpt lat="37.4092550" lon="-113.1961320">
    <ele>1643.8</ele>
    <time>2012-04-21T13:34:00Z</time>
   </trkpt>
   <trkpt lat="37.4091380" lon="-113.1961970">
    <ele>1646.3</ele>
    <time>2012-04-21T13:34:06Z</time>
   </trkpt>
   <trkpt lat="37.4090410" lon="-113.1962650">
    <ele>1648.0</ele>
    <time>2012-04-21T13:34:11Z</time>
   </trkpt>
   <trkpt lat="37.4089710" lon="-113.1963390">
    <ele>1648.8</ele>
    <time>2012-04-21T13:34:15Z</time>
   </trkpt>
   <trkpt lat="37.4088650" lon="-113.1964400">
    <ele>1650.2</ele>
    <time>2012-04-21T13:34:21Z</time>
   </trkpt>
   <trkpt lat="37.4087650" lon="-113.1965320">
    <ele>1651.3</ele>
    <time>2012-04-21T13:34:26Z</time>
   </trkpt>
   <trkpt lat="37.4086840" lon="-113.1966090">
    <ele>1651.6</ele>
    <time>2012-04-21T13:34:31Z</time>
   </trkpt>
   <trkpt lat="37.4086710" lon="-113.1966180">
    <ele>1651.6</ele>
    <time>2012-04-21T13:34:32Z</time>
   </trkpt>
   <trkpt lat="37.4086160" lon="-113.1967110">
    <ele>1651.3</ele>
    <time>2012-04-21T13:34:38Z</time>
   </trkpt>
   <trkpt lat="37.4086040" lon="-113.1967280">
    <ele>1651.2</ele>
    <time>2012-04-21T13:34:39Z</time>
   </trkpt>
   <trkpt lat="37.4085170" lon="-113.1968180">
    <ele>1651.1</ele>
    <time>2012-04-21T13:34:45Z</time>
   </trkpt>
   <trkpt lat="37.4084860" lon="-113.1968560">
    <ele>1650.9</ele>
    <time>2012-04-21T13:34:47Z</time>
   </trkpt>
   <trkpt lat="37.4083780" lon="-113.1968880">
    <ele>1651.6</ele>
    <time>2012-04-21T13:34:52Z</time>
   </trkpt>
   <trkpt lat="37.4082760" lon="-113.1969270">
    <ele>1652.0</ele>
    <time>2012-04-21T13:34:57Z</time>
   </trkpt>
   <trkpt lat="37.4082260" lon="-113.1969170">
    <ele>1652.8</ele>
    <time>2012-04-21T13:35:00Z</time>
   </trkpt>
   <trkpt lat="37.4080940" lon="-113.1969310">
    <ele>1654.3</ele>
    <time>2012-04-21T13:35:07Z</time>
   </trkpt>
   <trkpt lat="37.4079920" lon="-113.1969440">
    <ele>1655.8</ele>
    <time>2012-04-21T13:35:12Z</time>
   </trkpt>
   <trkpt lat="37.4078670" lon="-113.1969440">
    <ele>1658.3</ele>
    <time>2012-04-21T13:35:17Z</time>
   </trkpt>
   <trkpt lat="37.4077660" lon="-113.1968960">
    <ele>1660.4</ele>
    <time>2012-04-21T13:35:22Z</time>
   </trkpt>
   <trkpt lat="37.4076820" lon="-113.1968540">
    <ele>1661.5</ele>
    <time>2012-04-21T13:35:26Z</time>
   </trkpt>
   <trkpt lat="37.4076010" lon="-113.1967940">
    <ele>1662.0</ele>
    <time>2012-04-21T13:35:31Z</time>
   </trkpt>
   <trkpt lat="37.4075110" lon="-113.1967630">
    <ele>1661.9</ele>
    <time>2012-04-21T13:35:35Z</time>
   </trkpt>
   <trkpt lat="37.4074490" lon="-113.1967350">
    <ele>1661.7</ele>
    <time>2012-04-21T13:35:38Z</time>
   </trkpt>
   <trkpt lat="37.4073590" lon="-113.1966330">
    <ele>1661.2</ele>
    <time>2012-04-21T13:35:44Z</time>
   </trkpt>
   <trkpt lat="37.4073020" lon="-113.1965040">
    <ele>1660.5</ele>
    <time>2012-04-21T13:35:48Z</time>
   </trkpt>
   <trkpt lat="37.4072750" lon="-113.1964180">
    <ele>1660.0</ele>
    <time>2012-04-21T13:35:51Z</time>
   </trkpt>
   <trkpt lat="37.4072250" lon="-113.1962770">
    <ele>1659.2</ele>
    <time>2012-04-21T13:35:56Z</time>
   </trkpt>
   <trkpt lat="37.4071520" lon="-113.1961810">
    <ele>1658.2</ele>
    <time>2012-04-21T13:36:00Z</time>
   </trkpt>
   <trkpt lat="37.4070970" lon="-113.1960800">
    <ele>1657.2</ele>
    <time>2012-04-21T13:36:04Z</time>
   </trkpt>
   <trkpt lat="37.4070330" lon="-113.1959630">
    <ele>1656.1</ele>
    <time>2012-04-21T13:36:08Z</time>
   </trkpt>
   <trkpt lat="37.4069640" lon="-113.1958170">
    <ele>1654.9</ele>
    <time>2012-04-21T13:36:13Z</time>
   </trkpt>
   <trkpt lat="37.4068900" lon="-113.1956840">
    <ele>1653.6</ele>
    <time>2012-04-21T13:36:18Z</time>
   </trkpt>
   <trkpt lat="37.4068760" lon="-113.1955140">
    <ele>1652.2</ele>
    <time>2012-04-21T13:36:23Z</time>
   </trkpt>
   <trkpt lat="37.4068490" lon="-113.1953550">
    <ele>1650.6</ele>
    <time>2012-04-21T13:36:27Z</time>
   </trkpt>
   <trkpt lat="37.4068260" lon="-113.1952470">
    <ele>1649.4</ele>
    <time>2012-04-21T13:36:30Z</time>
   </trkpt>
   <trkpt lat="37.4068560" lon="-113.1951130">
    <ele>1648.4</ele>
    <time>2012-04-21T13:36:34Z</time>
   </trkpt>
   <trkpt lat="37.4069220" lon="-113.1950280">
    <ele>1648.3</ele>
    <time>2012-04-21T13:36:38Z</time>
   </trkpt>
   <trkpt lat="37.4069000" lon="-113.1949590">
    <ele>1647.4</ele>
    <time>2012-04-21T13:36:40Z</time>
   </trkpt>
   <trkpt lat="37.4068750" lon="-113.1948730">
    <ele>1646.1</ele>
    <time>2012-04-21T13:36:43Z</time>
   </trkpt>
   <trkpt lat="37.4068650" lon="-113.1947660">
    <ele>1644.8</ele>
    <time>2012-04-21T13:36:47Z</time>
   </trkpt>
   <trkpt lat="37.4068450" lon="-113.1946660">
    <ele>1643.5</ele>
    <time>2012-04-21T13:36:50Z</time>
   </trkpt>
   <trkpt lat="37.4068730" lon="-113.1944840">
    <ele>1641.8</ele>
    <time>2012-04-21T13:36:55Z</time>
   </trkpt>
   <trkpt lat="37.4068830" lon="-113.1944550">
    <ele>1641.7</ele>
    <time>2012-04-21T13:36:56Z</time>
   </trkpt>
   <trkpt lat="37.4068590" lon="-113.1942870">
    <ele>1639.6</ele>
    <time>2012-04-21T13:37:01Z</time>
   </trkpt>
   <trkpt lat="37.4068530" lon="-113.1941390">
    <ele>1638.8</ele>
    <time>2012-04-21T13:37:06Z</time>
   </trkpt>
   <trkpt lat="37.4068370" lon="-113.1940110">
    <ele>1638.6</ele>
    <time>2012-04-21T13:37:10Z</time>
   </trkpt>
   <trkpt lat="37.4067710" lon="-113.1938320">
    <ele>1638.6</ele>
    <time>2012-04-21T13:37:16Z</time>
   </trkpt>
   <trkpt lat="37.4067230" lon="-113.1936840">
    <ele>1638.9</ele>
    <time>2012-04-21T13:37:21Z</time>
   </trkpt>
   <trkpt lat="37.4066510" lon="-113.1935390">
    <ele>1638.6</ele>
    <time>2012-04-21T13:37:26Z</time>
   </trkpt>
   <trkpt lat="37.4065490" lon="-113.1933850">
    <ele>1637.3</ele>
    <time>2012-04-21T13:37:32Z</time>
   </trkpt>
   <trkpt lat="37.4065270" lon="-113.1933710">
    <ele>1636.9</ele>
    <time>2012-04-21T13:37:33Z</time>
   </trkpt>
   <trkpt lat="37.4064300" lon="-113.1932000">
    <ele>1635.6</ele>
    <time>2012-04-21T13:37:40Z</time>
   </trkpt>
   <trkpt lat="37.4063340" lon="-113.1930880">
    <ele>1634.5</ele>
    <time>2012-04-21T13:37:45Z</time>
   </trkpt>
   <trkpt lat="37.4062640" lon="-113.1929470">
    <ele>1633.9</ele>
    <time>2012-04-21T13:37:50Z</time>
   </trkpt>
   <trkpt lat="37.4062220" lon="-113.1927890">
    <ele>1633.6</ele>
    <time>2012-04-21T13:37:55Z</time>
   </trkpt>
   <trkpt lat="37.4062020" lon="-113.1926900">
    <ele>1633.5</ele>
    <time>2012-04-21T13:37:58Z</time>
   </trkpt>
   <trkpt lat="37.4061150" lon="-113.1925560">
    <ele>1632.8</ele>
    <time>2012-04-21T13:38:03Z</time>
   </trkpt>
   <trkpt lat="37.4060890" lon="-113.1924990">
    <ele>1632.7</ele>
    <time>2012-04-21T13:38:05Z</time>
   </trkpt>
   <trkpt lat="37.4060290" lon="-113.1923720">
    <ele>1632.3</ele>
    <time>2012-04-21T13:38:10Z</time>
   </trkpt>
   <trkpt lat="37.4059810" lon="-113.1922400">
    <ele>1632.1</ele>
    <time>2012-04-21T13:38:14Z</time>
   </trkpt>
   <trkpt lat="37.4058950" lon="-113.1921110">
    <ele>1631.2</ele>
    <time>2012-04-21T13:38:19Z</time>
   </trkpt>
   <trkpt lat="37.4058820" lon="-113.1920850">
    <ele>1631.1</ele>
    <time>2012-04-21T13:38:20Z</time>
   </trkpt>
   <trkpt lat="37.4058420" lon="-113.1919550">
    <ele>1630.7</ele>
    <time>2012-04-21T13:38:24Z</time>
   </trkpt>
   <trkpt lat="37.4058030" lon="-113.1918070">
    <ele>1630.2</ele>
    <time>2012-04-21T13:38:29Z</time>
   </trkpt>
   <trkpt lat="37.4057360" lon="-113.1916620">
    <ele>1629.2</ele>
    <time>2012-04-21T13:38:35Z</time>
   </trkpt>
   <trkpt lat="37.4056940" lon="-113.1915490">
    <ele>1628.5</ele>
    <time>2012-04-21T13:38:39Z</time>
   </trkpt>
   <trkpt lat="37.4056760" lon="-113.1913900">
    <ele>1627.9</ele>
    <time>2012-04-21T13:38:44Z</time>
   </trkpt>
   <trkpt lat="37.4056610" lon="-113.1912570">
    <ele>1627.3</ele>
    <time>2012-04-21T13:38:48Z</time>
   </trkpt>
   <trkpt lat="37.4057040" lon="-113.1910580">
    <ele>1626.7</ele>
    <time>2012-04-21T13:38:54Z</time>
   </trkpt>
   <trkpt lat="37.4057260" lon="-113.1909210">
    <ele>1626.1</ele>
    <time>2012-04-21T13:38:58Z</time>
   </trkpt>
   <trkpt lat="37.4057640" lon="-113.1907500">
    <ele>1625.2</ele>
    <time>2012-04-21T13:39:03Z</time>
   </trkpt>
   <trkpt lat="37.4058010" lon="-113.1906360">
    <ele>1624.4</ele>
    <time>2012-04-21T13:39:07Z</time>
   </trkpt>
   <trkpt lat="37.4058490" lon="-113.1905240">
    <ele>1623.7</ele>
    <time>2012-04-21T13:39:11Z</time>
   </trkpt>
   <trkpt lat="37.4058940" lon="-113.1904000">
    <ele>1622.7</ele>
    <time>2012-04-21T13:39:15Z</time>
   </trkpt>
   <trkpt lat="37.4059260" lon="-113.1902860">
    <ele>1621.6</ele>
    <time>2012-04-21T13:39:19Z</time>
   </trkpt>
   <trkpt lat="37.4059380" lon="-113.1902640">
    <ele>1621.4</ele>
    <time>2012-04-21T13:39:20Z</time>
   </trkpt>
   <trkpt lat="37.4059570" lon="-113.1901060">
    <ele>1619.4</ele>
    <time>2012-04-21T13:39:25Z</time>
   </trkpt>
   <trkpt lat="37.4059650" lon="-113.1900730">
    <ele>1619.0</ele>
    <time>2012-04-21T13:39:26Z</time>
   </trkpt>
   <trkpt lat="37.4060330" lon="-113.1899550">
    <ele>1617.7</ele>
    <time>2012-04-21T13:39:31Z</time>
   </trkpt>
   <trkpt lat="37.4060690" lon="-113.1898400">
    <ele>1616.2</ele>
    <time>2012-04-21T13:39:35Z</time>
   </trkpt>
   <trkpt lat="37.4060810" lon="-113.1897670">
    <ele>1615.2</ele>
    <time>2012-04-21T13:39:37Z</time>
   </trkpt>
   <trkpt lat="37.4061470" lon="-113.1895930">
    <ele>1612.9</ele>
    <time>2012-04-21T13:39:42Z</time>
   </trkpt>
   <trkpt lat="37.4061760" lon="-113.1894560">
    <ele>1611.5</ele>
    <time>2012-04-21T13:39:46Z</time>
   </trkpt>
   <trkpt lat="37.4061680" lon="-113.1893060">
    <ele>1610.1</ele>
    <time>2012-04-21T13:39:51Z</time>
   </trkpt>
   <trkpt lat="37.4061810" lon="-113.1892170">
    <ele>1609.7</ele>
    <time>2012-04-21T13:39:54Z</time>
   </trkpt>
   <trkpt lat="37.4061690" lon="-113.1891020">
    <ele>1609.3</ele>
    <time>2012-04-21T13:39:57Z</time>
   </trkpt>
   <trkpt lat="37.4060880" lon="-113.1888970">
    <ele>1608.4</ele>
    <time>2012-04-21T13:40:04Z</time>
   </trkpt>
   <trkpt lat="37.4060910" lon="-113.1887020">
    <ele>1608.1</ele>
    <time>2012-04-21T13:40:10Z</time>
   </trkpt>
   <trkpt lat="37.4061090" lon="-113.1886490">
    <ele>1608.3</ele>
    <time>2012-04-21T13:40:12Z</time>
   </trkpt>
   <trkpt lat="37.4061240" lon="-113.1884990">
    <ele>1607.7</ele>
    <time>2012-04-21T13:40:17Z</time>
   </trkpt>
   <trkpt lat="37.4061260" lon="-113.1883740">
    <ele>1606.5</ele>
    <time>2012-04-21T13:40:21Z</time>
   </trkpt>
   <trkpt lat="37.4061450" lon="-113.1883090">
    <ele>1606.0</ele>
    <time>2012-04-21T13:40:23Z</time>
   </trkpt>
   <trkpt lat="37.4061400" lon="-113.1881730">
    <ele>1604.3</ele>
    <time>2012-04-21T13:40:27Z</time>
   </trkpt>
   <trkpt lat="37.4061990" lon="-113.1879950">
    <ele>1602.4</ele>
    <time>2012-04-21T13:40:33Z</time>
   </trkpt>
   <trkpt lat="37.4062350" lon="-113.1878850">
    <ele>1601.2</ele>
    <time>2012-04-21T13:40:37Z</time>
   </trkpt>
   <trkpt lat="37.4062640" lon="-113.1877330">
    <ele>1599.8</ele>
    <time>2012-04-21T13:40:42Z</time>
   </trkpt>
   <trkpt lat="37.4062580" lon="-113.1875620">
    <ele>1598.0</ele>
    <time>2012-04-21T13:40:48Z</time>
   </trkpt>
   <trkpt lat="37.4062440" lon="-113.1875160">
    <ele>1597.5</ele>
    <time>2012-04-21T13:40:50Z</time>
   </trkpt>
   <trkpt lat="37.4062020" lon="-113.1874100">
    <ele>1596.4</ele>
    <time>2012-04-21T13:40:54Z</time>
   </trkpt>
   <trkpt lat="37.4062070" lon="-113.1872810">
    <ele>1595.3</ele>
    <time>2012-04-21T13:40:58Z</time>
   </trkpt>
   <trkpt lat="37.4062150" lon="-113.1870930">
    <ele>1593.7</ele>
    <time>2012-04-21T13:41:04Z</time>
   </trkpt>
   <trkpt lat="37.4062370" lon="-113.1869840">
    <ele>1592.8</ele>
    <time>2012-04-21T13:41:08Z</time>
   </trkpt>
   <trkpt lat="37.4062530" lon="-113.1868930">
    <ele>1592.0</ele>
    <time>2012-04-21T13:41:11Z</time>
   </trkpt>
   <trkpt lat="37.4062860" lon="-113.1867340">
    <ele>1590.8</ele>
    <time>2012-04-21T13:41:16Z</time>
   </trkpt>
   <trkpt lat="37.4063230" lon="-113.1866200">
    <ele>1590.1</ele>
    <time>2012-04-21T13:41:20Z</time>
   </trkpt>
   <trkpt lat="37.4063450" lon="-113.1865310">
    <ele>1589.8</ele>
    <time>2012-04-21T13:41:23Z</time>
   </trkpt>
   <trkpt lat="37.4063810" lon="-113.1863800">
    <ele>1590.1</ele>
    <time>2012-04-21T13:41:28Z</time>
   </trkpt>
   <trkpt lat="37.4063840" lon="-113.1863470">
    <ele>1590.2</ele>
    <time>2012-04-21T13:41:29Z</time>
   </trkpt>
   <trkpt lat="37.4063800" lon="-113.1861390">
    <ele>1590.0</ele>
    <time>2012-04-21T13:41:35Z</time>
   </trkpt>
   <trkpt lat="37.4063930" lon="-113.1859670">
    <ele>1590.3</ele>
    <time>2012-04-21T13:41:40Z</time>
   </trkpt>
   <trkpt lat="37.4064040" lon="-113.1858410">
    <ele>1590.8</ele>
    <time>2012-04-21T13:41:44Z</time>
   </trkpt>
   <trkpt lat="37.4064020" lon="-113.1858050">
    <ele>1590.9</ele>
    <time>2012-04-21T13:41:45Z</time>
   </trkpt>
   <trkpt lat="37.4064130" lon="-113.1856480">
    <ele>1591.9</ele>
    <time>2012-04-21T13:41:50Z</time>
   </trkpt>
   <trkpt lat="37.4064110" lon="-113.1855910">
    <ele>1592.1</ele>
    <time>2012-04-21T13:41:52Z</time>
   </trkpt>
   <trkpt lat="37.4063520" lon="-113.1855080">
    <ele>1592.1</ele>
    <time>2012-04-21T13:41:58Z</time>
   </trkpt>
   <trkpt lat="37.4062840" lon="-113.1854080">
    <ele>1592.3</ele>
    <time>2012-04-21T13:42:03Z</time>
   </trkpt>
   <trkpt lat="37.4062460" lon="-113.1853420">
    <ele>1592.4</ele>
    <time>2012-04-21T13:42:06Z</time>
   </trkpt>
   <trkpt lat="37.4062100" lon="-113.1852290">
    <ele>1592.4</ele>
    <time>2012-04-21T13:42:10Z</time>
   </trkpt>
   <trkpt lat="37.4061670" lon="-113.1850970">
    <ele>1592.2</ele>
    <time>2012-04-21T13:42:15Z</time>
   </trkpt>
   <trkpt lat="37.4061330" lon="-113.1849360">
    <ele>1591.3</ele>
    <time>2012-04-21T13:42:21Z</time>
   </trkpt>
   <trkpt lat="37.4061260" lon="-113.1847860">
    <ele>1590.3</ele>
    <time>2012-04-21T13:42:26Z</time>
   </trkpt>
   <trkpt lat="37.4061290" lon="-113.1847570">
    <ele>1590.1</ele>
    <time>2012-04-21T13:42:27Z</time>
   </trkpt>
   <trkpt lat="37.4061950" lon="-113.1846290">
    <ele>1589.4</ele>
    <time>2012-04-21T13:42:32Z</time>
   </trkpt>
   <trkpt lat="37.4062440" lon="-113.1844770">
    <ele>1588.4</ele>
    <time>2012-04-21T13:42:38Z</time>
   </trkpt>
   <trkpt lat="37.4062610" lon="-113.1844050">
    <ele>1587.9</ele>
    <time>2012-04-21T13:42:41Z</time>
   </trkpt>
   <trkpt lat="37.4063190" lon="-113.1842830">
    <ele>1587.2</ele>
    <time>2012-04-21T13:42:46Z</time>
   </trkpt>
   <trkpt lat="37.4063660" lon="-113.1841780">
    <ele>1586.6</ele>
    <time>2012-04-21T13:42:50Z</time>
   </trkpt>
   <trkpt lat="37.4064250" lon="-113.1840370">
    <ele>1585.2</ele>
    <time>2012-04-21T13:42:55Z</time>
   </trkpt>
   <trkpt lat="37.4064700" lon="-113.1838820">
    <ele>1582.7</ele>
    <time>2012-04-21T13:43:01Z</time>
   </trkpt>
   <trkpt lat="37.4065090" lon="-113.1837530">
    <ele>1580.7</ele>
    <time>2012-04-21T13:43:05Z</time>
   </trkpt>
   <trkpt lat="37.4065180" lon="-113.1835510">
    <ele>1576.8</ele>
    <time>2012-04-21T13:43:10Z</time>
   </trkpt>
   <trkpt lat="37.4065580" lon="-113.1834270">
    <ele>1574.5</ele>
    <time>2012-04-21T13:43:14Z</time>
   </trkpt>
   <trkpt lat="37.4066010" lon="-113.1833230">
    <ele>1572.5</ele>
    <time>2012-04-21T13:43:18Z</time>
   </trkpt>
   <trkpt lat="37.4066370" lon="-113.1831720">
    <ele>1569.8</ele>
    <time>2012-04-21T13:43:23Z</time>
   </trkpt>
   <trkpt lat="37.4066590" lon="-113.1830190">
    <ele>1567.4</ele>
    <time>2012-04-21T13:43:28Z</time>
   </trkpt>
   <trkpt lat="37.4066400" lon="-113.1828870">
    <ele>1565.4</ele>
    <time>2012-04-21T13:43:32Z</time>
   </trkpt>
   <trkpt lat="37.4066300" lon="-113.1828600">
    <ele>1565.1</ele>
    <time>2012-04-21T13:43:33Z</time>
   </trkpt>
   <trkpt lat="37.4065560" lon="-113.1827220">
    <ele>1563.9</ele>
    <time>2012-04-21T13:43:39Z</time>
   </trkpt>
   <trkpt lat="37.4065610" lon="-113.1826040">
    <ele>1563.7</ele>
    <time>2012-04-21T13:43:43Z</time>
   </trkpt>
   <trkpt lat="37.4065830" lon="-113.1824540">
    <ele>1564.1</ele>
    <time>2012-04-21T13:43:48Z</time>
   </trkpt>
   <trkpt lat="37.4065620" lon="-113.1822910">
    <ele>1564.1</ele>
    <time>2012-04-21T13:43:53Z</time>
   </trkpt>
   <trkpt lat="37.4065770" lon="-113.1821710">
    <ele>1564.3</ele>
    <time>2012-04-21T13:43:57Z</time>
   </trkpt>
   <trkpt lat="37.4065580" lon="-113.1820290">
    <ele>1563.6</ele>
    <time>2012-04-21T13:44:02Z</time>
   </trkpt>
   <trkpt lat="37.4065610" lon="-113.1819930">
    <ele>1563.4</ele>
    <time>2012-04-21T13:44:03Z</time>
   </trkpt>
   <trkpt lat="37.4065660" lon="-113.1818210">
    <ele>1562.9</ele>
    <time>2012-04-21T13:44:08Z</time>
   </trkpt>
   <trkpt lat="37.4065700" lon="-113.1816800">
    <ele>1564.3</ele>
    <time>2012-04-21T13:44:12Z</time>
   </trkpt>
   <trkpt lat="37.4065410" lon="-113.1816240">
    <ele>1564.5</ele>
    <time>2012-04-21T13:44:15Z</time>
   </trkpt>
   <trkpt lat="37.4065310" lon="-113.1816190">
    <ele>1564.4</ele>
    <time>2012-04-21T13:44:16Z</time>
   </trkpt>
   <trkpt lat="37.4064470" lon="-113.1816050">
    <ele>1563.6</ele>
    <time>2012-04-21T13:44:24Z</time>
   </trkpt>
   <trkpt lat="37.4064510" lon="-113.1815650">
    <ele>1564.3</ele>
    <time>2012-04-21T13:44:27Z</time>
   </trkpt>
   <trkpt lat="37.4064830" lon="-113.1814960">
    <ele>1565.4</ele>
    <time>2012-04-21T13:44:32Z</time>
   </trkpt>
   <trkpt lat="37.4064960" lon="-113.1814470">
    <ele>1565.9</ele>
    <time>2012-04-21T13:44:34Z</time>
   </trkpt>
   <trkpt lat="37.4065710" lon="-113.1813210">
    <ele>1566.9</ele>
    <time>2012-04-21T13:44:40Z</time>
   </trkpt>
   <trkpt lat="37.4066050" lon="-113.1812160">
    <ele>1567.2</ele>
    <time>2012-04-21T13:44:44Z</time>
   </trkpt>
   <trkpt lat="37.4066170" lon="-113.1810710">
    <ele>1566.8</ele>
    <time>2012-04-21T13:44:49Z</time>
   </trkpt>
   <trkpt lat="37.4066130" lon="-113.1809230">
    <ele>1566.0</ele>
    <time>2012-04-21T13:44:54Z</time>
   </trkpt>
   <trkpt lat="37.4065900" lon="-113.1807640">
    <ele>1564.9</ele>
    <time>2012-04-21T13:44:59Z</time>
   </trkpt>
   <trkpt lat="37.4065490" lon="-113.1806440">
    <ele>1564.5</ele>
    <time>2012-04-21T13:45:03Z</time>
   </trkpt>
   <trkpt lat="37.4066010" lon="-113.1805310">
    <ele>1563.2</ele>
    <time>2012-04-21T13:45:09Z</time>
   </trkpt>
   <trkpt lat="37.4066310" lon="-113.1805160">
    <ele>1562.8</ele>
    <time>2012-04-21T13:45:11Z</time>
   </trkpt>
   <trkpt lat="37.4066550" lon="-113.1805050">
    <ele>1562.5</ele>
    <time>2012-04-21T13:45:20Z</time>
   </trkpt>
   <trkpt lat="37.4066880" lon="-113.1805140">
    <ele>1562.3</ele>
    <time>2012-04-21T13:45:33Z</time>
   </trkpt>
   <trkpt lat="37.4066930" lon="-113.1805220">
    <ele>1562.4</ele>
    <time>2012-04-21T13:45:53Z</time>
   </trkpt>
   <trkpt lat="37.4067020" lon="-113.1805280">
    <ele>1562.4</ele>
    <time>2012-04-21T13:46:02Z</time>
   </trkpt>
   <trkpt lat="37.4066460" lon="-113.1805230">
    <ele>1562.7</ele>
    <time>2012-04-21T13:46:12Z</time>
   </trkpt>
   <trkpt lat="37.4066110" lon="-113.1804860">
    <ele>1562.7</ele>
    <time>2012-04-21T13:46:17Z</time>
   </trkpt>
   <trkpt lat="37.4066040" lon="-113.1804470">
    <ele>1562.4</ele>
    <time>2012-04-21T13:46:19Z</time>
   </trkpt>
   <trkpt lat="37.4066130" lon="-113.1803320">
    <ele>1561.2</ele>
    <time>2012-04-21T13:46:23Z</time>
   </trkpt>
   <trkpt lat="37.4066020" lon="-113.1801770">
    <ele>1558.6</ele>
    <time>2012-04-21T13:46:28Z</time>
   </trkpt>
   <trkpt lat="37.4065890" lon="-113.1800010">
    <ele>1555.3</ele>
    <time>2012-04-21T13:46:33Z</time>
   </trkpt>
   <trkpt lat="37.4066110" lon="-113.1798190">
    <ele>1552.3</ele>
    <time>2012-04-21T13:46:40Z</time>
   </trkpt>
   <trkpt lat="37.4066130" lon="-113.1797690">
    <ele>1551.6</ele>
    <time>2012-04-21T13:46:42Z</time>
   </trkpt>
   <trkpt lat="37.4065780" lon="-113.1796390">
    <ele>1549.0</ele>
    <time>2012-04-21T13:46:48Z</time>
   </trkpt>
   <trkpt lat="37.4065400" lon="-113.1795640">
    <ele>1547.2</ele>
    <time>2012-04-21T13:46:52Z</time>
   </trkpt>
   <trkpt lat="37.4064940" lon="-113.1794460">
    <ele>1544.1</ele>
    <time>2012-04-21T13:46:57Z</time>
   </trkpt>
   <trkpt lat="37.4064840" lon="-113.1794080">
    <ele>1543.2</ele>
    <time>2012-04-21T13:46:59Z</time>
   </trkpt>
   <trkpt lat="37.4064030" lon="-113.1792970">
    <ele>1540.3</ele>
    <time>2012-04-21T13:47:04Z</time>
   </trkpt>
   <trkpt lat="37.4063440" lon="-113.1791730">
    <ele>1538.6</ele>
    <time>2012-04-21T13:47:08Z</time>
   </trkpt>
   <trkpt lat="37.4062420" lon="-113.1790340">
    <ele>1537.9</ele>
    <time>2012-04-21T13:47:13Z</time>
   </trkpt>
   <trkpt lat="37.4062420" lon="-113.1788970">
    <ele>1537.1</ele>
    <time>2012-04-21T13:47:17Z</time>
   </trkpt>
   <trkpt lat="37.4062370" lon="-113.1787520">
    <ele>1537.0</ele>
    <time>2012-04-21T13:47:21Z</time>
   </trkpt>
   <trkpt lat="37.4062340" lon="-113.1786580">
    <ele>1537.0</ele>
    <time>2012-04-21T13:47:24Z</time>
   </trkpt>
   <trkpt lat="37.4063210" lon="-113.1784940">
    <ele>1537.0</ele>
    <time>2012-04-21T13:47:30Z</time>
   </trkpt>
   <trkpt lat="37.4063360" lon="-113.1784690">
    <ele>1537.0</ele>
    <time>2012-04-21T13:47:31Z</time>
   </trkpt>
   <trkpt lat="37.4064190" lon="-113.1783230">
    <ele>1537.0</ele>
    <time>2012-04-21T13:47:37Z</time>
   </trkpt>
   <trkpt lat="37.4064280" lon="-113.1783020">
    <ele>1537.0</ele>
    <time>2012-04-21T13:47:38Z</time>
   </trkpt>
   <trkpt lat="37.4065010" lon="-113.1782000">
    <ele>1537.0</ele>
    <time>2012-04-21T13:47:43Z</time>
   </trkpt>
   <trkpt lat="37.4065690" lon="-113.1781170">
    <ele>1537.0</ele>
    <time>2012-04-21T13:47:47Z</time>
   </trkpt>
   <trkpt lat="37.4066610" lon="-113.1780030">
    <ele>1537.0</ele>
    <time>2012-04-21T13:47:52Z</time>
   </trkpt>
   <trkpt lat="37.4067200" lon="-113.1778540">
    <ele>1537.0</ele>
    <time>2012-04-21T13:47:57Z</time>
   </trkpt>
   <trkpt lat="37.4067410" lon="-113.1777390">
    <ele>1537.0</ele>
    <time>2012-04-21T13:48:01Z</time>
   </trkpt>
   <trkpt lat="37.4067330" lon="-113.1776350">
    <ele>1537.0</ele>
    <time>2012-04-21T13:48:04Z</time>
   </trkpt>
   <trkpt lat="37.4067650" lon="-113.1775050">
    <ele>1537.0</ele>
    <time>2012-04-21T13:48:08Z</time>
   </trkpt>
   <trkpt lat="37.4068200" lon="-113.1773110">
    <ele>1537.9</ele>
    <time>2012-04-21T13:48:14Z</time>
   </trkpt>
   <trkpt lat="37.4068050" lon="-113.1771400">
    <ele>1538.1</ele>
    <time>2012-04-21T13:48:19Z</time>
   </trkpt>
   <trkpt lat="37.4068430" lon="-113.1770060">
    <ele>1540.3</ele>
    <time>2012-04-21T13:48:23Z</time>
   </trkpt>
   <trkpt lat="37.4068870" lon="-113.1768820">
    <ele>1542.3</ele>
    <time>2012-04-21T13:48:27Z</time>
   </trkpt>
   <trkpt lat="37.4069070" lon="-113.1767180">
    <ele>1543.2</ele>
    <time>2012-04-21T13:48:32Z</time>
   </trkpt>
   <trkpt lat="37.4069010" lon="-113.1766850">
    <ele>1543.0</ele>
    <time>2012-04-21T13:48:33Z</time>
   </trkpt>
   <trkpt lat="37.4068880" lon="-113.1765200">
    <ele>1541.9</ele>
    <time>2012-04-21T13:48:38Z</time>
   </trkpt>
   <trkpt lat="37.4069360" lon="-113.1764000">
    <ele>1542.7</ele>
    <time>2012-04-21T13:48:42Z</time>
   </trkpt>
   <trkpt lat="37.4070040" lon="-113.1763070">
    <ele>1544.3</ele>
    <time>2012-04-21T13:48:46Z</time>
   </trkpt>
   <trkpt lat="37.4070350" lon="-113.1761990">
    <ele>1544.6</ele>
    <time>2012-04-21T13:48:50Z</time>
   </trkpt>
   <trkpt lat="37.4070490" lon="-113.1759950">
    <ele>1543.3</ele>
    <time>2012-04-21T13:48:56Z</time>
   </trkpt>
   <trkpt lat="37.4070700" lon="-113.1758700">
    <ele>1542.8</ele>
    <time>2012-04-21T13:49:00Z</time>
   </trkpt>
   <trkpt lat="37.4071130" lon="-113.1756930">
    <ele>1542.7</ele>
    <time>2012-04-21T13:49:06Z</time>
   </trkpt>
   <trkpt lat="37.4071480" lon="-113.1755730">
    <ele>1543.1</ele>
    <time>2012-04-21T13:49:10Z</time>
   </trkpt>
   <trkpt lat="37.4072460" lon="-113.1755010">
    <ele>1544.8</ele>
    <time>2012-04-21T13:49:14Z</time>
   </trkpt>
   <trkpt lat="37.4073540" lon="-113.1754150">
    <ele>1546.2</ele>
    <time>2012-04-21T13:49:19Z</time>
   </trkpt>
   <trkpt lat="37.4074260" lon="-113.1753510">
    <ele>1546.8</ele>
    <time>2012-04-21T13:49:23Z</time>
   </trkpt>
   <trkpt lat="37.4075110" lon="-113.1753050">
    <ele>1547.8</ele>
    <time>2012-04-21T13:49:27Z</time>
   </trkpt>
   <trkpt lat="37.4075310" lon="-113.1752870">
    <ele>1547.9</ele>
    <time>2012-04-21T13:49:28Z</time>
   </trkpt>
   <trkpt lat="37.4075420" lon="-113.1752060">
    <ele>1546.7</ele>
    <time>2012-04-21T13:49:32Z</time>
   </trkpt>
   <trkpt lat="37.4076210" lon="-113.1751300">
    <ele>1547.1</ele>
    <time>2012-04-21T13:49:36Z</time>
   </trkpt>
   <trkpt lat="37.4076700" lon="-113.1749940">
    <ele>1545.7</ele>
    <time>2012-04-21T13:49:42Z</time>
   </trkpt>
   <trkpt lat="37.4076810" lon="-113.1749730">
    <ele>1545.5</ele>
    <time>2012-04-21T13:49:43Z</time>
   </trkpt>
   <trkpt lat="37.4077170" lon="-113.1748490">
    <ele>1543.9</ele>
    <time>2012-04-21T13:49:48Z</time>
   </trkpt>
   <trkpt lat="37.4077980" lon="-113.1747210">
    <ele>1544.3</ele>
    <time>2012-04-21T13:49:53Z</time>
   </trkpt>
   <trkpt lat="37.4078630" lon="-113.1745790">
    <ele>1544.6</ele>
    <time>2012-04-21T13:49:58Z</time>
   </trkpt>
   <trkpt lat="37.4078860" lon="-113.1744640">
    <ele>1544.7</ele>
    <time>2012-04-21T13:50:02Z</time>
   </trkpt>
   <trkpt lat="37.4079100" lon="-113.1744130">
    <ele>1545.4</ele>
    <time>2012-04-21T13:50:04Z</time>
   </trkpt>
   <trkpt lat="37.4079780" lon="-113.1742660">
    <ele>1546.9</ele>
    <time>2012-04-21T13:50:10Z</time>
   </trkpt>
   <trkpt lat="37.4079810" lon="-113.1742360">
    <ele>1546.9</ele>
    <time>2012-04-21T13:50:11Z</time>
   </trkpt>
   <trkpt lat="37.4080070" lon="-113.1740520">
    <ele>1547.1</ele>
    <time>2012-04-21T13:50:17Z</time>
   </trkpt>
   <trkpt lat="37.4080210" lon="-113.1738950">
    <ele>1546.9</ele>
    <time>2012-04-21T13:50:22Z</time>
   </trkpt>
   <trkpt lat="37.4080420" lon="-113.1737400">
    <ele>1546.9</ele>
    <time>2012-04-21T13:50:27Z</time>
   </trkpt>
   <trkpt lat="37.4080730" lon="-113.1735510">
    <ele>1546.8</ele>
    <time>2012-04-21T13:50:33Z</time>
   </trkpt>
   <trkpt lat="37.4081060" lon="-113.1734000">
    <ele>1546.7</ele>
    <time>2012-04-21T13:50:38Z</time>
   </trkpt>
   <trkpt lat="37.4081480" lon="-113.1732900">
    <ele>1546.9</ele>
    <time>2012-04-21T13:50:42Z</time>
   </trkpt>
   <trkpt lat="37.4081980" lon="-113.1731570">
    <ele>1547.1</ele>
    <time>2012-04-21T13:50:47Z</time>
   </trkpt>
   <trkpt lat="37.4082260" lon="-113.1730380">
    <ele>1546.9</ele>
    <time>2012-04-21T13:50:51Z</time>
   </trkpt>
   <trkpt lat="37.4082800" lon="-113.1729450">
    <ele>1547.0</ele>
    <time>2012-04-21T13:50:56Z</time>
   </trkpt>
   <trkpt lat="37.4083510" lon="-113.1727690">
    <ele>1547.0</ele>
    <time>2012-04-21T13:51:02Z</time>
   </trkpt>
   <trkpt lat="37.4083800" lon="-113.1727140">
    <ele>1547.2</ele>
    <time>2012-04-21T13:51:04Z</time>
   </trkpt>
   <trkpt lat="37.4084820" lon="-113.1725740">
    <ele>1548.4</ele>
    <time>2012-04-21T13:51:10Z</time>
   </trkpt>
   <trkpt lat="37.4084910" lon="-113.1725440">
    <ele>1548.4</ele>
    <time>2012-04-21T13:51:11Z</time>
   </trkpt>
   <trkpt lat="37.4085110" lon="-113.1724860">
    <ele>1548.3</ele>
    <time>2012-04-21T13:51:13Z</time>
   </trkpt>
   <trkpt lat="37.4085840" lon="-113.1723580">
    <ele>1549.0</ele>
    <time>2012-04-21T13:51:19Z</time>
   </trkpt>
   <trkpt lat="37.4086760" lon="-113.1722590">
    <ele>1550.1</ele>
    <time>2012-04-21T13:51:24Z</time>
   </trkpt>
   <trkpt lat="37.4087950" lon="-113.1721790">
    <ele>1551.7</ele>
    <time>2012-04-21T13:51:29Z</time>
   </trkpt>
   <trkpt lat="37.4088950" lon="-113.1721540">
    <ele>1552.9</ele>
    <time>2012-04-21T13:51:34Z</time>
   </trkpt>
   <trkpt lat="37.4090040" lon="-113.1721310">
    <ele>1554.1</ele>
    <time>2012-04-21T13:51:39Z</time>
   </trkpt>
   <trkpt lat="37.4090270" lon="-113.1721340">
    <ele>1554.5</ele>
    <time>2012-04-21T13:51:40Z</time>
   </trkpt>
   <trkpt lat="37.4091240" lon="-113.1721310">
    <ele>1555.8</ele>
    <time>2012-04-21T13:51:45Z</time>
   </trkpt>
   <trkpt lat="37.4092040" lon="-113.1720290">
    <ele>1555.0</ele>
    <time>2012-04-21T13:51:50Z</time>
   </trkpt>
   <trkpt lat="37.4092690" lon="-113.1719090">
    <ele>1553.6</ele>
    <time>2012-04-21T13:51:55Z</time>
   </trkpt>
   <trkpt lat="37.4093610" lon="-113.1718230">
    <ele>1552.8</ele>
    <time>2012-04-21T13:52:00Z</time>
   </trkpt>
   <trkpt lat="37.4094590" lon="-113.1717090">
    <ele>1550.9</ele>
    <time>2012-04-21T13:52:06Z</time>
   </trkpt>
   <trkpt lat="37.4095570" lon="-113.1716460">
    <ele>1550.0</ele>
    <time>2012-04-21T13:52:11Z</time>
   </trkpt>
   <trkpt lat="37.4096070" lon="-113.1716040">
    <ele>1549.5</ele>
    <time>2012-04-21T13:52:14Z</time>
   </trkpt>
   <trkpt lat="37.4096980" lon="-113.1715300">
    <ele>1548.8</ele>
    <time>2012-04-21T13:52:18Z</time>
   </trkpt>
   <trkpt lat="37.4097520" lon="-113.1714190">
    <ele>1547.9</ele>
    <time>2012-04-21T13:52:23Z</time>
   </trkpt>
   <trkpt lat="37.4098160" lon="-113.1713460">
    <ele>1548.2</ele>
    <time>2012-04-21T13:52:27Z</time>
   </trkpt>
   <trkpt lat="37.4098760" lon="-113.1711950">
    <ele>1548.5</ele>
    <time>2012-04-21T13:52:33Z</time>
   </trkpt>
   <trkpt lat="37.4099300" lon="-113.1710570">
    <ele>1549.3</ele>
    <time>2012-04-21T13:52:38Z</time>
   </trkpt>
   <trkpt lat="37.4099800" lon="-113.1708830">
    <ele>1550.0</ele>
    <time>2012-04-21T13:52:44Z</time>
   </trkpt>
   <trkpt lat="37.4100260" lon="-113.1707360">
    <ele>1550.5</ele>
    <time>2012-04-21T13:52:49Z</time>
   </trkpt>
   <trkpt lat="37.4100710" lon="-113.1706240">
    <ele>1550.9</ele>
    <time>2012-04-21T13:52:53Z</time>
   </trkpt>
   <trkpt lat="37.4101100" lon="-113.1705270">
    <ele>1551.2</ele>
    <time>2012-04-21T13:52:57Z</time>
   </trkpt>
   <trkpt lat="37.4100980" lon="-113.1703880">
    <ele>1550.4</ele>
    <time>2012-04-21T13:53:01Z</time>
   </trkpt>
   <trkpt lat="37.4101030" lon="-113.1703390">
    <ele>1550.3</ele>
    <time>2012-04-21T13:53:03Z</time>
   </trkpt>
   <trkpt lat="37.4101350" lon="-113.1702600">
    <ele>1550.5</ele>
    <time>2012-04-21T13:53:07Z</time>
   </trkpt>
   <trkpt lat="37.4102020" lon="-113.1701170">
    <ele>1550.8</ele>
    <time>2012-04-21T13:53:13Z</time>
   </trkpt>
   <trkpt lat="37.4102410" lon="-113.1700400">
    <ele>1551.0</ele>
    <time>2012-04-21T13:53:16Z</time>
   </trkpt>
   <trkpt lat="37.4103410" lon="-113.1699040">
    <ele>1551.9</ele>
    <time>2012-04-21T13:53:22Z</time>
   </trkpt>
   <trkpt lat="37.4104000" lon="-113.1698240">
    <ele>1552.4</ele>
    <time>2012-04-21T13:53:26Z</time>
   </trkpt>
   <trkpt lat="37.4104530" lon="-113.1697200">
    <ele>1553.0</ele>
    <time>2012-04-21T13:53:31Z</time>
   </trkpt>
   <trkpt lat="37.4104410" lon="-113.1695840">
    <ele>1552.8</ele>
    <time>2012-04-21T13:53:36Z</time>
   </trkpt>
   <trkpt lat="37.4104120" lon="-113.1694630">
    <ele>1552.2</ele>
    <time>2012-04-21T13:53:40Z</time>
   </trkpt>
   <trkpt lat="37.4104170" lon="-113.1694360">
    <ele>1552.2</ele>
    <time>2012-04-21T13:53:41Z</time>
   </trkpt>
   <trkpt lat="37.4104990" lon="-113.1693120">
    <ele>1553.7</ele>
    <time>2012-04-21T13:53:46Z</time>
   </trkpt>
   <trkpt lat="37.4105290" lon="-113.1692640">
    <ele>1554.1</ele>
    <time>2012-04-21T13:53:48Z</time>
   </trkpt>
   <trkpt lat="37.4105800" lon="-113.1691340">
    <ele>1554.9</ele>
    <time>2012-04-21T13:53:53Z</time>
   </trkpt>
   <trkpt lat="37.4106210" lon="-113.1690010">
    <ele>1555.6</ele>
    <time>2012-04-21T13:53:58Z</time>
   </trkpt>
   <trkpt lat="37.4106680" lon="-113.1689180">
    <ele>1556.3</ele>
    <time>2012-04-21T13:54:02Z</time>
   </trkpt>
   <trkpt lat="37.4107370" lon="-113.1688350">
    <ele>1557.2</ele>
    <time>2012-04-21T13:54:07Z</time>
   </trkpt>
   <trkpt lat="37.4108280" lon="-113.1687080">
    <ele>1558.1</ele>
    <time>2012-04-21T13:54:13Z</time>
   </trkpt>
   <trkpt lat="37.4108050" lon="-113.1686100">
    <ele>1557.7</ele>
    <time>2012-04-21T13:54:17Z</time>
   </trkpt>
   <trkpt lat="37.4107970" lon="-113.1684090">
    <ele>1557.7</ele>
    <time>2012-04-21T13:54:23Z</time>
   </trkpt>
   <trkpt lat="37.4108090" lon="-113.1683650">
    <ele>1557.9</ele>
    <time>2012-04-21T13:54:25Z</time>
   </trkpt>
   <trkpt lat="37.4108500" lon="-113.1682250">
    <ele>1558.6</ele>
    <time>2012-04-21T13:54:30Z</time>
   </trkpt>
   <trkpt lat="37.4108520" lon="-113.1681640">
    <ele>1558.5</ele>
    <time>2012-04-21T13:54:32Z</time>
   </trkpt>
   <trkpt lat="37.4108960" lon="-113.1680470">
    <ele>1559.0</ele>
    <time>2012-04-21T13:54:37Z</time>
   </trkpt>
   <trkpt lat="37.4109240" lon="-113.1679350">
    <ele>1558.9</ele>
    <time>2012-04-21T13:54:41Z</time>
   </trkpt>
   <trkpt lat="37.4109380" lon="-113.1678810">
    <ele>1558.7</ele>
    <time>2012-04-21T13:54:43Z</time>
   </trkpt>
   <trkpt lat="37.4109800" lon="-113.1677490">
    <ele>1557.7</ele>
    <time>2012-04-21T13:54:48Z</time>
   </trkpt>
   <trkpt lat="37.4110310" lon="-113.1675800">
    <ele>1556.7</ele>
    <time>2012-04-21T13:54:54Z</time>
   </trkpt>
   <trkpt lat="37.4110980" lon="-113.1674350">
    <ele>1557.1</ele>
    <time>2012-04-21T13:54:59Z</time>
   </trkpt>
   <trkpt lat="37.4111030" lon="-113.1674020">
    <ele>1557.0</ele>
    <time>2012-04-21T13:55:00Z</time>
   </trkpt>
   <trkpt lat="37.4111670" lon="-113.1672430">
    <ele>1557.5</ele>
    <time>2012-04-21T13:55:06Z</time>
   </trkpt>
   <trkpt lat="37.4111630" lon="-113.1672130">
    <ele>1557.2</ele>
    <time>2012-04-21T13:55:07Z</time>
   </trkpt>
   <trkpt lat="37.4111510" lon="-113.1670520">
    <ele>1556.4</ele>
    <time>2012-04-21T13:55:13Z</time>
   </trkpt>
   <trkpt lat="37.4111220" lon="-113.1668590">
    <ele>1556.4</ele>
    <time>2012-04-21T13:55:19Z</time>
   </trkpt>
   <trkpt lat="37.4111220" lon="-113.1667260">
    <ele>1556.9</ele>
    <time>2012-04-21T13:55:24Z</time>
   </trkpt>
   <trkpt lat="37.4111210" lon="-113.1665900">
    <ele>1557.4</ele>
    <time>2012-04-21T13:55:29Z</time>
   </trkpt>
   <trkpt lat="37.4111000" lon="-113.1665420">
    <ele>1557.4</ele>
    <time>2012-04-21T13:55:31Z</time>
   </trkpt>
   <trkpt lat="37.4110920" lon="-113.1664380">
    <ele>1557.7</ele>
    <time>2012-04-21T13:55:34Z</time>
   </trkpt>
   <trkpt lat="37.4111850" lon="-113.1662950">
    <ele>1558.4</ele>
    <time>2012-04-21T13:55:40Z</time>
   </trkpt>
   <trkpt lat="37.4112520" lon="-113.1661910">
    <ele>1558.9</ele>
    <time>2012-04-21T13:55:45Z</time>
   </trkpt>
   <trkpt lat="37.4113040" lon="-113.1660400">
    <ele>1559.2</ele>
    <time>2012-04-21T13:55:51Z</time>
   </trkpt>
   <trkpt lat="37.4113700" lon="-113.1659510">
    <ele>1559.4</ele>
    <time>2012-04-21T13:55:56Z</time>
   </trkpt>
   <trkpt lat="37.4114190" lon="-113.1658750">
    <ele>1559.5</ele>
    <time>2012-04-21T13:56:00Z</time>
   </trkpt>
   <trkpt lat="37.4114540" lon="-113.1658140">
    <ele>1559.7</ele>
    <time>2012-04-21T13:56:04Z</time>
   </trkpt>
   <trkpt lat="37.4114910" lon="-113.1657540">
    <ele>1559.8</ele>
    <time>2012-04-21T13:56:08Z</time>
   </trkpt>
   <trkpt lat="37.4115520" lon="-113.1656630">
    <ele>1560.0</ele>
    <time>2012-04-21T13:56:14Z</time>
   </trkpt>
   <trkpt lat="37.4115820" lon="-113.1656230">
    <ele>1560.1</ele>
    <time>2012-04-21T13:56:16Z</time>
   </trkpt>
   <trkpt lat="37.4116680" lon="-113.1654820">
    <ele>1560.7</ele>
    <time>2012-04-21T13:56:22Z</time>
   </trkpt>
   <trkpt lat="37.4117170" lon="-113.1653970">
    <ele>1560.9</ele>
    <time>2012-04-21T13:56:26Z</time>
   </trkpt>
   <trkpt lat="37.4117450" lon="-113.1652730">
    <ele>1560.8</ele>
    <time>2012-04-21T13:56:31Z</time>
   </trkpt>
   <trkpt lat="37.4117860" lon="-113.1651860">
    <ele>1560.7</ele>
    <time>2012-04-21T13:56:35Z</time>
   </trkpt>
   <trkpt lat="37.4118470" lon="-113.1650670">
    <ele>1560.6</ele>
    <time>2012-04-21T13:56:40Z</time>
   </trkpt>
   <trkpt lat="37.4118930" lon="-113.1649200">
    <ele>1561.1</ele>
    <time>2012-04-21T13:56:45Z</time>
   </trkpt>
   <trkpt lat="37.4119250" lon="-113.1647710">
    <ele>1562.3</ele>
    <time>2012-04-21T13:56:50Z</time>
   </trkpt>
   <trkpt lat="37.4119290" lon="-113.1646580">
    <ele>1562.5</ele>
    <time>2012-04-21T13:56:54Z</time>
   </trkpt>
   <trkpt lat="37.4119360" lon="-113.1645000">
    <ele>1562.4</ele>
    <time>2012-04-21T13:56:59Z</time>
   </trkpt>
   <trkpt lat="37.4119340" lon="-113.1643360">
    <ele>1562.2</ele>
    <time>2012-04-21T13:57:04Z</time>
   </trkpt>
   <trkpt lat="37.4119380" lon="-113.1643000">
    <ele>1562.4</ele>
    <time>2012-04-21T13:57:05Z</time>
   </trkpt>
   <trkpt lat="37.4118890" lon="-113.1641240">
    <ele>1561.7</ele>
    <time>2012-04-21T13:57:11Z</time>
   </trkpt>
   <trkpt lat="37.4118630" lon="-113.1640690">
    <ele>1561.8</ele>
    <time>2012-04-21T13:57:13Z</time>
   </trkpt>
   <trkpt lat="37.4118290" lon="-113.1639120">
    <ele>1562.3</ele>
    <time>2012-04-21T13:57:18Z</time>
   </trkpt>
   <trkpt lat="37.4118270" lon="-113.1638830">
    <ele>1562.5</ele>
    <time>2012-04-21T13:57:19Z</time>
   </trkpt>
   <trkpt lat="37.4117640" lon="-113.1637130">
    <ele>1562.1</ele>
    <time>2012-04-21T13:57:25Z</time>
   </trkpt>
   <trkpt lat="37.4117300" lon="-113.1635850">
    <ele>1561.9</ele>
    <time>2012-04-21T13:57:30Z</time>
   </trkpt>
   <trkpt lat="37.4117070" lon="-113.1634350">
    <ele>1561.6</ele>
    <time>2012-04-21T13:57:35Z</time>
   </trkpt>
   <trkpt lat="37.4116590" lon="-113.1632760">
    <ele>1562.3</ele>
    <time>2012-04-21T13:57:40Z</time>
   </trkpt>
   <trkpt lat="37.4116420" lon="-113.1631600">
    <ele>1562.6</ele>
    <time>2012-04-21T13:57:44Z</time>
   </trkpt>
   <trkpt lat="37.4116060" lon="-113.1630090">
    <ele>1563.0</ele>
    <time>2012-04-21T13:57:49Z</time>
   </trkpt>
   <trkpt lat="37.4115800" lon="-113.1628950">
    <ele>1563.2</ele>
    <time>2012-04-21T13:57:53Z</time>
   </trkpt>
   <trkpt lat="37.4115360" lon="-113.1627380">
    <ele>1563.6</ele>
    <time>2012-04-21T13:57:59Z</time>
   </trkpt>
   <trkpt lat="37.4115210" lon="-113.1626220">
    <ele>1563.9</ele>
    <time>2012-04-21T13:58:03Z</time>
   </trkpt>
   <trkpt lat="37.4114990" lon="-113.1625760">
    <ele>1564.1</ele>
    <time>2012-04-21T13:58:05Z</time>
   </trkpt>
   <trkpt lat="37.4114990" lon="-113.1625450">
    <ele>1564.2</ele>
    <time>2012-04-21T13:58:07Z</time>
   </trkpt>
   <trkpt lat="37.4115150" lon="-113.1625140">
    <ele>1564.0</ele>
    <time>2012-04-21T13:58:09Z</time>
   </trkpt>
   <trkpt lat="37.4115090" lon="-113.1624670">
    <ele>1564.0</ele>
    <time>2012-04-21T13:58:12Z</time>
   </trkpt>
   <trkpt lat="37.4114980" lon="-113.1623140">
    <ele>1563.9</ele>
    <time>2012-04-21T13:58:18Z</time>
   </trkpt>
   <trkpt lat="37.4115020" lon="-113.1622480">
    <ele>1563.9</ele>
    <time>2012-04-21T13:58:21Z</time>
   </trkpt>
   <trkpt lat="37.4115000" lon="-113.1620930">
    <ele>1564.7</ele>
    <time>2012-04-21T13:58:27Z</time>
   </trkpt>
   <trkpt lat="37.4115010" lon="-113.1620650">
    <ele>1565.0</ele>
    <time>2012-04-21T13:58:28Z</time>
   </trkpt>
   <trkpt lat="37.4115110" lon="-113.1619220">
    <ele>1567.1</ele>
    <time>2012-04-21T13:58:33Z</time>
   </trkpt>
   <trkpt lat="37.4115320" lon="-113.1617840">
    <ele>1569.8</ele>
    <time>2012-04-21T13:58:37Z</time>
   </trkpt>
   <trkpt lat="37.4115410" lon="-113.1616850">
    <ele>1571.0</ele>
    <time>2012-04-21T13:58:40Z</time>
   </trkpt>
   <trkpt lat="37.4116260" lon="-113.1615870">
    <ele>1574.3</ele>
    <time>2012-04-21T13:58:45Z</time>
   </trkpt>
   <trkpt lat="37.4116340" lon="-113.1614770">
    <ele>1574.6</ele>
    <time>2012-04-21T13:58:49Z</time>
   </trkpt>
   <trkpt lat="37.4116280" lon="-113.1614470">
    <ele>1574.4</ele>
    <time>2012-04-21T13:58:50Z</time>
   </trkpt>
   <trkpt lat="37.4115990" lon="-113.1613070">
    <ele>1573.6</ele>
    <time>2012-04-21T13:58:55Z</time>
   </trkpt>
   <trkpt lat="37.4116080" lon="-113.1611170">
    <ele>1573.4</ele>
    <time>2012-04-21T13:59:02Z</time>
   </trkpt>
   <trkpt lat="37.4116380" lon="-113.1609990">
    <ele>1573.5</ele>
    <time>2012-04-21T13:59:07Z</time>
   </trkpt>
   <trkpt lat="37.4117030" lon="-113.1609330">
    <ele>1574.2</ele>
    <time>2012-04-21T13:59:11Z</time>
   </trkpt>
   <trkpt lat="37.4117520" lon="-113.1607710">
    <ele>1574.0</ele>
    <time>2012-04-21T13:59:17Z</time>
   </trkpt>
   <trkpt lat="37.4118010" lon="-113.1606740">
    <ele>1573.9</ele>
    <time>2012-04-21T13:59:21Z</time>
   </trkpt>
   <trkpt lat="37.4118870" lon="-113.1606380">
    <ele>1574.8</ele>
    <time>2012-04-21T13:59:26Z</time>
   </trkpt>
   <trkpt lat="37.4119530" lon="-113.1606020">
    <ele>1575.5</ele>
    <time>2012-04-21T13:59:30Z</time>
   </trkpt>
   <trkpt lat="37.4119950" lon="-113.1605250">
    <ele>1575.4</ele>
    <time>2012-04-21T13:59:34Z</time>
   </trkpt>
   <trkpt lat="37.4120620" lon="-113.1603830">
    <ele>1575.2</ele>
    <time>2012-04-21T13:59:39Z</time>
   </trkpt>
   <trkpt lat="37.4121080" lon="-113.1602820">
    <ele>1575.0</ele>
    <time>2012-04-21T13:59:43Z</time>
   </trkpt>
   <trkpt lat="37.4121620" lon="-113.1602240">
    <ele>1575.4</ele>
    <time>2012-04-21T13:59:46Z</time>
   </trkpt>
   <trkpt lat="37.4122240" lon="-113.1600830">
    <ele>1575.5</ele>
    <time>2012-04-21T13:59:52Z</time>
   </trkpt>
   <trkpt lat="37.4122970" lon="-113.1599690">
    <ele>1576.4</ele>
    <time>2012-04-21T13:59:57Z</time>
   </trkpt>
   <trkpt lat="37.4123380" lon="-113.1598330">
    <ele>1576.4</ele>
    <time>2012-04-21T14:00:02Z</time>
   </trkpt>
   <trkpt lat="37.4123790" lon="-113.1597040">
    <ele>1576.1</ele>
    <time>2012-04-21T14:00:07Z</time>
   </trkpt>
   <trkpt lat="37.4123860" lon="-113.1596540">
    <ele>1575.5</ele>
    <time>2012-04-21T14:00:09Z</time>
   </trkpt>
   <trkpt lat="37.4124550" lon="-113.1595240">
    <ele>1575.6</ele>
    <time>2012-04-21T14:00:14Z</time>
   </trkpt>
   <trkpt lat="37.4125080" lon="-113.1594310">
    <ele>1575.6</ele>
    <time>2012-04-21T14:00:18Z</time>
   </trkpt>
   <trkpt lat="37.4125690" lon="-113.1592610">
    <ele>1573.9</ele>
    <time>2012-04-21T14:00:24Z</time>
   </trkpt>
   <trkpt lat="37.4126010" lon="-113.1591220">
    <ele>1572.4</ele>
    <time>2012-04-21T14:00:29Z</time>
   </trkpt>
   <trkpt lat="37.4126030" lon="-113.1590590">
    <ele>1571.9</ele>
    <time>2012-04-21T14:00:31Z</time>
   </trkpt>
   <trkpt lat="37.4126740" lon="-113.1589570">
    <ele>1572.6</ele>
    <time>2012-04-21T14:00:36Z</time>
   </trkpt>
   <trkpt lat="37.4126980" lon="-113.1589170">
    <ele>1572.8</ele>
    <time>2012-04-21T14:00:38Z</time>
   </trkpt>
   <trkpt lat="37.4127060" lon="-113.1587100">
    <ele>1572.3</ele>
    <time>2012-04-21T14:00:45Z</time>
   </trkpt>
   <trkpt lat="37.4127120" lon="-113.1585930">
    <ele>1572.4</ele>
    <time>2012-04-21T14:00:49Z</time>
   </trkpt>
   <trkpt lat="37.4127620" lon="-113.1584770">
    <ele>1573.4</ele>
    <time>2012-04-21T14:00:54Z</time>
   </trkpt>
   <trkpt lat="37.4127700" lon="-113.1584250">
    <ele>1573.6</ele>
    <time>2012-04-21T14:00:56Z</time>
   </trkpt>
   <trkpt lat="37.4127920" lon="-113.1583720">
    <ele>1573.9</ele>
    <time>2012-04-21T14:00:58Z</time>
   </trkpt>
   <trkpt lat="37.4128170" lon="-113.1582390">
    <ele>1574.1</ele>
    <time>2012-04-21T14:01:03Z</time>
   </trkpt>
   <trkpt lat="37.4128940" lon="-113.1582250">
    <ele>1576.5</ele>
    <time>2012-04-21T14:01:05Z</time>
   </trkpt>
   <trkpt lat="37.4129220" lon="-113.1582020">
    <ele>1577.2</ele>
    <time>2012-04-21T14:01:08Z</time>
   </trkpt>
   <trkpt lat="37.4129360" lon="-113.1581550">
    <ele>1577.3</ele>
    <time>2012-04-21T14:01:13Z</time>
   </trkpt>
   <trkpt lat="37.4129580" lon="-113.1581430">
    <ele>1578.0</ele>
    <time>2012-04-21T14:01:16Z</time>
   </trkpt>
   <trkpt lat="37.4130000" lon="-113.1581250">
    <ele>1579.3</ele>
    <time>2012-04-21T14:01:18Z</time>
   </trkpt>
   <trkpt lat="37.4130860" lon="-113.1580290">
    <ele>1580.8</ele>
    <time>2012-04-21T14:01:23Z</time>
   </trkpt>
   <trkpt lat="37.4131220" lon="-113.1579820">
    <ele>1581.0</ele>
    <time>2012-04-21T14:01:25Z</time>
   </trkpt>
   <trkpt lat="37.4132200" lon="-113.1578900">
    <ele>1581.4</ele>
    <time>2012-04-21T14:01:31Z</time>
   </trkpt>
   <trkpt lat="37.4132320" lon="-113.1578650">
    <ele>1581.1</ele>
    <time>2012-04-21T14:01:33Z</time>
   </trkpt>
   <trkpt lat="37.4132650" lon="-113.1578010">
    <ele>1580.5</ele>
    <time>2012-04-21T14:01:37Z</time>
   </trkpt>
   <trkpt lat="37.4133350" lon="-113.1577100">
    <ele>1580.2</ele>
    <time>2012-04-21T14:01:42Z</time>
   </trkpt>
   <trkpt lat="37.4134060" lon="-113.1576390">
    <ele>1580.6</ele>
    <time>2012-04-21T14:01:46Z</time>
   </trkpt>
   <trkpt lat="37.4134320" lon="-113.1576210">
    <ele>1580.8</ele>
    <time>2012-04-21T14:01:47Z</time>
   </trkpt>
   <trkpt lat="37.4135490" lon="-113.1575340">
    <ele>1581.7</ele>
    <time>2012-04-21T14:01:52Z</time>
   </trkpt>
   <trkpt lat="37.4136310" lon="-113.1574500">
    <ele>1582.0</ele>
    <time>2012-04-21T14:01:56Z</time>
   </trkpt>
   <trkpt lat="37.4137070" lon="-113.1573060">
    <ele>1581.6</ele>
    <time>2012-04-21T14:02:01Z</time>
   </trkpt>
   <trkpt lat="37.4137490" lon="-113.1572170">
    <ele>1581.4</ele>
    <time>2012-04-21T14:02:05Z</time>
   </trkpt>
   <trkpt lat="37.4137610" lon="-113.1572020">
    <ele>1581.5</ele>
    <time>2012-04-21T14:02:06Z</time>
   </trkpt>
   <trkpt lat="37.4138330" lon="-113.1570880">
    <ele>1581.7</ele>
    <time>2012-04-21T14:02:12Z</time>
   </trkpt>
   <trkpt lat="37.4138430" lon="-113.1570740">
    <ele>1581.8</ele>
    <time>2012-04-21T14:02:13Z</time>
   </trkpt>
   <trkpt lat="37.4138680" lon="-113.1570270">
    <ele>1581.8</ele>
    <time>2012-04-21T14:02:15Z</time>
   </trkpt>
   <trkpt lat="37.4139240" lon="-113.1569510">
    <ele>1582.1</ele>
    <time>2012-04-21T14:02:18Z</time>
   </trkpt>
   <trkpt lat="37.4139400" lon="-113.1567940">
    <ele>1581.2</ele>
    <time>2012-04-21T14:02:23Z</time>
   </trkpt>
   <trkpt lat="37.4139630" lon="-113.1566670">
    <ele>1580.7</ele>
    <time>2012-04-21T14:02:27Z</time>
   </trkpt>
   <trkpt lat="37.4139960" lon="-113.1565190">
    <ele>1580.4</ele>
    <time>2012-04-21T14:02:32Z</time>
   </trkpt>
   <trkpt lat="37.4140660" lon="-113.1563960">
    <ele>1580.7</ele>
    <time>2012-04-21T14:02:37Z</time>
   </trkpt>
   <trkpt lat="37.4141060" lon="-113.1563300">
    <ele>1580.9</ele>
    <time>2012-04-21T14:02:40Z</time>
   </trkpt>
   <trkpt lat="37.4141400" lon="-113.1562330">
    <ele>1580.9</ele>
    <time>2012-04-21T14:02:44Z</time>
   </trkpt>
   <trkpt lat="37.4142270" lon="-113.1561190">
    <ele>1581.2</ele>
    <time>2012-04-21T14:02:50Z</time>
   </trkpt>
   <trkpt lat="37.4143040" lon="-113.1560250">
    <ele>1581.5</ele>
    <time>2012-04-21T14:02:55Z</time>
   </trkpt>
   <trkpt lat="37.4143810" lon="-113.1559230">
    <ele>1581.9</ele>
    <time>2012-04-21T14:03:00Z</time>
   </trkpt>
   <trkpt lat="37.4144230" lon="-113.1558450">
    <ele>1582.1</ele>
    <time>2012-04-21T14:03:03Z</time>
   </trkpt>
   <trkpt lat="37.4144230" lon="-113.1557310">
    <ele>1581.6</ele>
    <time>2012-04-21T14:03:07Z</time>
   </trkpt>
   <trkpt lat="37.4145280" lon="-113.1556680">
    <ele>1582.7</ele>
    <time>2012-04-21T14:03:13Z</time>
   </trkpt>
   <trkpt lat="37.4145570" lon="-113.1556610">
    <ele>1583.1</ele>
    <time>2012-04-21T14:03:14Z</time>
   </trkpt>
   <trkpt lat="37.4146450" lon="-113.1555480">
    <ele>1584.2</ele>
    <time>2012-04-21T14:03:19Z</time>
   </trkpt>
   <trkpt lat="37.4147440" lon="-113.1554580">
    <ele>1587.1</ele>
    <time>2012-04-21T14:03:24Z</time>
   </trkpt>
   <trkpt lat="37.4148200" lon="-113.1553400">
    <ele>1590.0</ele>
    <time>2012-04-21T14:03:31Z</time>
   </trkpt>
   <trkpt lat="37.4148250" lon="-113.1553250">
    <ele>1590.2</ele>
    <time>2012-04-21T14:03:32Z</time>
   </trkpt>
   <trkpt lat="37.4148410" lon="-113.1552510">
    <ele>1590.0</ele>
    <time>2012-04-21T14:03:37Z</time>
   </trkpt>
   <trkpt lat="37.4148830" lon="-113.1552100">
    <ele>1590.6</ele>
    <time>2012-04-21T14:03:42Z</time>
   </trkpt>
   <trkpt lat="37.4149460" lon="-113.1551680">
    <ele>1591.7</ele>
    <time>2012-04-21T14:03:49Z</time>
   </trkpt>
   <trkpt lat="37.4150050" lon="-113.1551080">
    <ele>1592.4</ele>
    <time>2012-04-21T14:03:57Z</time>
   </trkpt>
   <trkpt lat="37.4150430" lon="-113.1550650">
    <ele>1592.8</ele>
    <time>2012-04-21T14:04:05Z</time>
   </trkpt>
   <trkpt lat="37.4150850" lon="-113.1550440">
    <ele>1593.6</ele>
    <time>2012-04-21T14:04:09Z</time>
   </trkpt>
   <trkpt lat="37.4151350" lon="-113.1549940">
    <ele>1594.2</ele>
    <time>2012-04-21T14:04:16Z</time>
   </trkpt>
   <trkpt lat="37.4152070" lon="-113.1549700">
    <ele>1595.6</ele>
    <time>2012-04-21T14:04:24Z</time>
   </trkpt>
   <trkpt lat="37.4152940" lon="-113.1549440">
    <ele>1597.2</ele>
    <time>2012-04-21T14:04:31Z</time>
   </trkpt>
   <trkpt lat="37.4153900" lon="-113.1549030">
    <ele>1598.9</ele>
    <time>2012-04-21T14:04:39Z</time>
   </trkpt>
   <trkpt lat="37.4154510" lon="-113.1548440">
    <ele>1599.7</ele>
    <time>2012-04-21T14:04:43Z</time>
   </trkpt>
   <trkpt lat="37.4155020" lon="-113.1546860">
    <ele>1599.4</ele>
    <time>2012-04-21T14:04:49Z</time>
   </trkpt>
   <trkpt lat="37.4155560" lon="-113.1546130">
    <ele>1600.5</ele>
    <time>2012-04-21T14:04:52Z</time>
   </trkpt>
   <trkpt lat="37.4155750" lon="-113.1544460">
    <ele>1599.6</ele>
    <time>2012-04-21T14:04:57Z</time>
   </trkpt>
   <trkpt lat="37.4155690" lon="-113.1543190">
    <ele>1598.3</ele>
    <time>2012-04-21T14:05:01Z</time>
   </trkpt>
   <trkpt lat="37.4155430" lon="-113.1542250">
    <ele>1596.9</ele>
    <time>2012-04-21T14:05:04Z</time>
   </trkpt>
   <trkpt lat="37.4154930" lon="-113.1540990">
    <ele>1595.0</ele>
    <time>2012-04-21T14:05:09Z</time>
   </trkpt>
   <trkpt lat="37.4154400" lon="-113.1540500">
    <ele>1593.6</ele>
    <time>2012-04-21T14:05:12Z</time>
   </trkpt>
   <trkpt lat="37.4153990" lon="-113.1540040">
    <ele>1592.6</ele>
    <time>2012-04-21T14:05:14Z</time>
   </trkpt>
   <trkpt lat="37.4153620" lon="-113.1539640">
    <ele>1591.7</ele>
    <time>2012-04-21T14:05:16Z</time>
   </trkpt>
   <trkpt lat="37.4153270" lon="-113.1538030">
    <ele>1590.1</ele>
    <time>2012-04-21T14:05:21Z</time>
   </trkpt>
   <trkpt lat="37.4153170" lon="-113.1537670">
    <ele>1589.6</ele>
    <time>2012-04-21T14:05:22Z</time>
   </trkpt>
   <trkpt lat="37.4152210" lon="-113.1535680">
    <ele>1587.2</ele>
    <time>2012-04-21T14:05:27Z</time>
   </trkpt>
   <trkpt lat="37.4151590" lon="-113.1533630">
    <ele>1587.9</ele>
    <time>2012-04-21T14:05:32Z</time>
   </trkpt>
   <trkpt lat="37.4151010" lon="-113.1532800">
    <ele>1587.3</ele>
    <time>2012-04-21T14:05:35Z</time>
   </trkpt>
   <trkpt lat="37.4150870" lon="-113.1531510">
    <ele>1587.4</ele>
    <time>2012-04-21T14:05:40Z</time>
   </trkpt>
   <trkpt lat="37.4150650" lon="-113.1530970">
    <ele>1587.0</ele>
    <time>2012-04-21T14:05:42Z</time>
   </trkpt>
   <trkpt lat="37.4150590" lon="-113.1530130">
    <ele>1586.9</ele>
    <time>2012-04-21T14:05:47Z</time>
   </trkpt>
   <trkpt lat="37.4151040" lon="-113.1528420">
    <ele>1587.4</ele>
    <time>2012-04-21T14:05:53Z</time>
   </trkpt>
   <trkpt lat="37.4151130" lon="-113.1528080">
    <ele>1587.4</ele>
    <time>2012-04-21T14:05:54Z</time>
   </trkpt>
   <trkpt lat="37.4151500" lon="-113.1526330">
    <ele>1587.5</ele>
    <time>2012-04-21T14:06:00Z</time>
   </trkpt>
   <trkpt lat="37.4151300" lon="-113.1525180">
    <ele>1586.7</ele>
    <time>2012-04-21T14:06:04Z</time>
   </trkpt>
   <trkpt lat="37.4151850" lon="-113.1523870">
    <ele>1586.9</ele>
    <time>2012-04-21T14:06:10Z</time>
   </trkpt>
   <trkpt lat="37.4152090" lon="-113.1522560">
    <ele>1586.6</ele>
    <time>2012-04-21T14:06:15Z</time>
   </trkpt>
   <trkpt lat="37.4152620" lon="-113.1521260">
    <ele>1586.8</ele>
    <time>2012-04-21T14:06:20Z</time>
   </trkpt>
   <trkpt lat="37.4153710" lon="-113.1520000">
    <ele>1588.1</ele>
    <time>2012-04-21T14:06:26Z</time>
   </trkpt>
   <trkpt lat="37.4154790" lon="-113.1518740">
    <ele>1589.4</ele>
    <time>2012-04-21T14:06:31Z</time>
   </trkpt>
   <trkpt lat="37.4155690" lon="-113.1517860">
    <ele>1590.7</ele>
    <time>2012-04-21T14:06:35Z</time>
   </trkpt>
   <trkpt lat="37.4156340" lon="-113.1517030">
    <ele>1592.3</ele>
    <time>2012-04-21T14:06:39Z</time>
   </trkpt>
   <trkpt lat="37.4156460" lon="-113.1516790">
    <ele>1592.6</ele>
    <time>2012-04-21T14:06:40Z</time>
   </trkpt>
   <trkpt lat="37.4157340" lon="-113.1515440">
    <ele>1595.4</ele>
    <time>2012-04-21T14:06:46Z</time>
   </trkpt>
   <trkpt lat="37.4158270" lon="-113.1514280">
    <ele>1598.2</ele>
    <time>2012-04-21T14:06:52Z</time>
   </trkpt>
   <trkpt lat="37.4158280" lon="-113.1514150">
    <ele>1598.4</ele>
    <time>2012-04-21T14:06:54Z</time>
   </trkpt>
   <trkpt lat="37.4157670" lon="-113.1513680">
    <ele>1597.5</ele>
    <time>2012-04-21T14:07:00Z</time>
   </trkpt>
   <trkpt lat="37.4157620" lon="-113.1513280">
    <ele>1597.7</ele>
    <time>2012-04-21T14:07:04Z</time>
   </trkpt>
   <trkpt lat="37.4158040" lon="-113.1512470">
    <ele>1599.4</ele>
    <time>2012-04-21T14:07:10Z</time>
   </trkpt>
   <trkpt lat="37.4158480" lon="-113.1511980">
    <ele>1600.8</ele>
    <time>2012-04-21T14:07:15Z</time>
   </trkpt>
   <trkpt lat="37.4158550" lon="-113.1511850">
    <ele>1601.2</ele>
    <time>2012-04-21T14:07:16Z</time>
   </trkpt>
   <trkpt lat="37.4158710" lon="-113.1511640">
    <ele>1601.8</ele>
    <time>2012-04-21T14:07:18Z</time>
   </trkpt>
   <trkpt lat="37.4158910" lon="-113.1511080">
    <ele>1602.8</ele>
    <time>2012-04-21T14:07:22Z</time>
   </trkpt>
   <trkpt lat="37.4158940" lon="-113.1510860">
    <ele>1603.0</ele>
    <time>2012-04-21T14:07:27Z</time>
   </trkpt>
   <trkpt lat="37.4159010" lon="-113.1509960">
    <ele>1603.8</ele>
    <time>2012-04-21T14:07:34Z</time>
   </trkpt>
   <trkpt lat="37.4159030" lon="-113.1508520">
    <ele>1604.1</ele>
    <time>2012-04-21T14:07:43Z</time>
   </trkpt>
   <trkpt lat="37.4159100" lon="-113.1508070">
    <ele>1604.2</ele>
    <time>2012-04-21T14:07:46Z</time>
   </trkpt>
   <trkpt lat="37.4159610" lon="-113.1507020">
    <ele>1605.1</ele>
    <time>2012-04-21T14:07:53Z</time>
   </trkpt>
   <trkpt lat="37.4159700" lon="-113.1506890">
    <ele>1605.2</ele>
    <time>2012-04-21T14:07:59Z</time>
   </trkpt>
   <trkpt lat="37.4159840" lon="-113.1506730">
    <ele>1605.3</ele>
    <time>2012-04-21T14:08:01Z</time>
   </trkpt>
   <trkpt lat="37.4159920" lon="-113.1505160">
    <ele>1602.9</ele>
    <time>2012-04-21T14:08:07Z</time>
   </trkpt>
   <trkpt lat="37.4160440" lon="-113.1504050">
    <ele>1602.4</ele>
    <time>2012-04-21T14:08:11Z</time>
   </trkpt>
   <trkpt lat="37.4160590" lon="-113.1503820">
    <ele>1602.4</ele>
    <time>2012-04-21T14:08:12Z</time>
   </trkpt>
   <trkpt lat="37.4161390" lon="-113.1502750">
    <ele>1602.5</ele>
    <time>2012-04-21T14:08:17Z</time>
   </trkpt>
   <trkpt lat="37.4161680" lon="-113.1501490">
    <ele>1601.1</ele>
    <time>2012-04-21T14:08:21Z</time>
   </trkpt>
   <trkpt lat="37.4161930" lon="-113.1500260">
    <ele>1600.4</ele>
    <time>2012-04-21T14:08:25Z</time>
   </trkpt>
   <trkpt lat="37.4162190" lon="-113.1499680">
    <ele>1600.3</ele>
    <time>2012-04-21T14:08:28Z</time>
   </trkpt>
   <trkpt lat="37.4162300" lon="-113.1498860">
    <ele>1599.9</ele>
    <time>2012-04-21T14:08:31Z</time>
   </trkpt>
   <trkpt lat="37.4162820" lon="-113.1497260">
    <ele>1600.0</ele>
    <time>2012-04-21T14:08:37Z</time>
   </trkpt>
   <trkpt lat="37.4163130" lon="-113.1496270">
    <ele>1600.3</ele>
    <time>2012-04-21T14:08:41Z</time>
   </trkpt>
   <trkpt lat="37.4163660" lon="-113.1495290">
    <ele>1600.5</ele>
    <time>2012-04-21T14:08:46Z</time>
   </trkpt>
   <trkpt lat="37.4163930" lon="-113.1494070">
    <ele>1600.8</ele>
    <time>2012-04-21T14:08:51Z</time>
   </trkpt>
   <trkpt lat="37.4164000" lon="-113.1493520">
    <ele>1600.9</ele>
    <time>2012-04-21T14:08:53Z</time>
   </trkpt>
   <trkpt lat="37.4164110" lon="-113.1493000">
    <ele>1601.0</ele>
    <time>2012-04-21T14:08:55Z</time>
   </trkpt>
   <trkpt lat="37.4164560" lon="-113.1491670">
    <ele>1601.8</ele>
    <time>2012-04-21T14:09:00Z</time>
   </trkpt>
   <trkpt lat="37.4164650" lon="-113.1490320">
    <ele>1602.4</ele>
    <time>2012-04-21T14:09:06Z</time>
   </trkpt>
   <trkpt lat="37.4165090" lon="-113.1489300">
    <ele>1602.8</ele>
    <time>2012-04-21T14:09:11Z</time>
   </trkpt>
   <trkpt lat="37.4165190" lon="-113.1489100">
    <ele>1602.8</ele>
    <time>2012-04-21T14:09:12Z</time>
   </trkpt>
   <trkpt lat="37.4165590" lon="-113.1488220">
    <ele>1602.9</ele>
    <time>2012-04-21T14:09:17Z</time>
   </trkpt>
   <trkpt lat="37.4165810" lon="-113.1487920">
    <ele>1602.9</ele>
    <time>2012-04-21T14:09:19Z</time>
   </trkpt>
   <trkpt lat="37.4166730" lon="-113.1487100">
    <ele>1603.4</ele>
    <time>2012-04-21T14:09:25Z</time>
   </trkpt>
   <trkpt lat="37.4166950" lon="-113.1486730">
    <ele>1603.6</ele>
    <time>2012-04-21T14:09:27Z</time>
   </trkpt>
   <trkpt lat="37.4167130" lon="-113.1485080">
    <ele>1603.3</ele>
    <time>2012-04-21T14:09:33Z</time>
   </trkpt>
   <trkpt lat="37.4167370" lon="-113.1484550">
    <ele>1603.5</ele>
    <time>2012-04-21T14:09:35Z</time>
   </trkpt>
   <trkpt lat="37.4167650" lon="-113.1483430">
    <ele>1603.8</ele>
    <time>2012-04-21T14:09:39Z</time>
   </trkpt>
   <trkpt lat="37.4168040" lon="-113.1482440">
    <ele>1604.1</ele>
    <time>2012-04-21T14:09:43Z</time>
   </trkpt>
   <trkpt lat="37.4168260" lon="-113.1481440">
    <ele>1604.2</ele>
    <time>2012-04-21T14:09:48Z</time>
   </trkpt>
   <trkpt lat="37.4168710" lon="-113.1481410">
    <ele>1604.3</ele>
    <time>2012-04-21T14:09:56Z</time>
   </trkpt>
   <trkpt lat="37.4169010" lon="-113.1480890">
    <ele>1604.5</ele>
    <time>2012-04-21T14:10:03Z</time>
   </trkpt>
   <trkpt lat="37.4169190" lon="-113.1480470">
    <ele>1604.7</ele>
    <time>2012-04-21T14:10:08Z</time>
   </trkpt>
   <trkpt lat="37.4169230" lon="-113.1480510">
    <ele>1604.7</ele>
    <time>2012-04-21T14:10:14Z</time>
   </trkpt>
   <trkpt lat="37.4169180" lon="-113.1480780">
    <ele>1604.6</ele>
    <time>2012-04-21T14:10:20Z</time>
   </trkpt>
   <trkpt lat="37.4168880" lon="-113.1480920">
    <ele>1604.4</ele>
    <time>2012-04-21T14:10:25Z</time>
   </trkpt>
   <trkpt lat="37.4168720" lon="-113.1480850">
    <ele>1604.4</ele>
    <time>2012-04-21T14:10:29Z</time>
   </trkpt>
   <trkpt lat="37.4168510" lon="-113.1480750">
    <ele>1604.5</ele>
    <time>2012-04-21T14:10:32Z</time>
   </trkpt>
   <trkpt lat="37.4168450" lon="-113.1480430">
    <ele>1604.7</ele>
    <time>2012-04-21T14:10:36Z</time>
   </trkpt>
   <trkpt lat="37.4168570" lon="-113.1479680">
    <ele>1605.1</ele>
    <time>2012-04-21T14:10:42Z</time>
   </trkpt>
   <trkpt lat="37.4168900" lon="-113.1479090">
    <ele>1604.8</ele>
    <time>2012-04-21T14:10:48Z</time>
   </trkpt>
   <trkpt lat="37.4169100" lon="-113.1478250">
    <ele>1605.1</ele>
    <time>2012-04-21T14:10:53Z</time>
   </trkpt>
   <trkpt lat="37.4169120" lon="-113.1477460">
    <ele>1606.1</ele>
    <time>2012-04-21T14:10:58Z</time>
   </trkpt>
   <trkpt lat="37.4169230" lon="-113.1475990">
    <ele>1607.8</ele>
    <time>2012-04-21T14:11:06Z</time>
   </trkpt>
   <trkpt lat="37.4169040" lon="-113.1474840">
    <ele>1610.0</ele>
    <time>2012-04-21T14:11:14Z</time>
   </trkpt>
   <trkpt lat="37.4168850" lon="-113.1474430">
    <ele>1611.4</ele>
    <time>2012-04-21T14:11:17Z</time>
   </trkpt>
   <trkpt lat="37.4169040" lon="-113.1473680">
    <ele>1611.8</ele>
    <time>2012-04-21T14:11:23Z</time>
   </trkpt>
   <trkpt lat="37.4169160" lon="-113.1473330">
    <ele>1611.8</ele>
    <time>2012-04-21T14:11:25Z</time>
   </trkpt>
   <trkpt lat="37.4168960" lon="-113.1472660">
    <ele>1613.5</ele>
    <time>2012-04-21T14:11:29Z</time>
   </trkpt>
   <trkpt lat="37.4168930" lon="-113.1471590">
    <ele>1614.6</ele>
    <time>2012-04-21T14:11:36Z</time>
   </trkpt>
   <trkpt lat="37.4168800" lon="-113.1471190">
    <ele>1615.4</ele>
    <time>2012-04-21T14:11:39Z</time>
   </trkpt>
   <trkpt lat="37.4168870" lon="-113.1470250">
    <ele>1615.6</ele>
    <time>2012-04-21T14:11:45Z</time>
   </trkpt>
   <trkpt lat="37.4168790" lon="-113.1469980">
    <ele>1616.1</ele>
    <time>2012-04-21T14:11:47Z</time>
   </trkpt>
   <trkpt lat="37.4168720" lon="-113.1468830">
    <ele>1616.8</ele>
    <time>2012-04-21T14:11:53Z</time>
   </trkpt>
   <trkpt lat="37.4168710" lon="-113.1468590">
    <ele>1617.0</ele>
    <time>2012-04-21T14:11:55Z</time>
   </trkpt>
   <trkpt lat="37.4168670" lon="-113.1468120">
    <ele>1617.4</ele>
    <time>2012-04-21T14:11:59Z</time>
   </trkpt>
   <trkpt lat="37.4168550" lon="-113.1467860">
    <ele>1618.1</ele>
    <time>2012-04-21T14:12:01Z</time>
   </trkpt>
   <trkpt lat="37.4168140" lon="-113.1467160">
    <ele>1620.5</ele>
    <time>2012-04-21T14:12:06Z</time>
   </trkpt>
   <trkpt lat="37.4167990" lon="-113.1466710">
    <ele>1621.3</ele>
    <time>2012-04-21T14:12:10Z</time>
   </trkpt>
   <trkpt lat="37.4167730" lon="-113.1465730">
    <ele>1623.0</ele>
    <time>2012-04-21T14:12:17Z</time>
   </trkpt>
   <trkpt lat="37.4167750" lon="-113.1465640">
    <ele>1622.9</ele>
    <time>2012-04-21T14:12:18Z</time>
   </trkpt>
   <trkpt lat="37.4167970" lon="-113.1464890">
    <ele>1621.7</ele>
    <time>2012-04-21T14:12:25Z</time>
   </trkpt>
   <trkpt lat="37.4168060" lon="-113.1464410">
    <ele>1621.2</ele>
    <time>2012-04-21T14:12:31Z</time>
   </trkpt>
   <trkpt lat="37.4168290" lon="-113.1463790">
    <ele>1619.9</ele>
    <time>2012-04-21T14:12:37Z</time>
   </trkpt>
   <trkpt lat="37.4168290" lon="-113.1463310">
    <ele>1619.7</ele>
    <time>2012-04-21T14:12:43Z</time>
   </trkpt>
   <trkpt lat="37.4168560" lon="-113.1462790">
    <ele>1618.0</ele>
    <time>2012-04-21T14:12:48Z</time>
   </trkpt>
   <trkpt lat="37.4168300" lon="-113.1462440">
    <ele>1619.2</ele>
    <time>2012-04-21T14:12:53Z</time>
   </trkpt>
   <trkpt lat="37.4168160" lon="-113.1462320">
    <ele>1619.8</ele>
    <time>2012-04-21T14:13:07Z</time>
   </trkpt>
   <trkpt lat="37.4167980" lon="-113.1462610">
    <ele>1621.1</ele>
    <time>2012-04-21T14:13:10Z</time>
   </trkpt>
   <trkpt lat="37.4167520" lon="-113.1462910">
    <ele>1624.0</ele>
    <time>2012-04-21T14:13:14Z</time>
   </trkpt>
   <trkpt lat="37.4167340" lon="-113.1462990">
    <ele>1625.1</ele>
    <time>2012-04-21T14:13:16Z</time>
   </trkpt>
   <trkpt lat="37.4167090" lon="-113.1463150">
    <ele>1626.7</ele>
    <time>2012-04-21T14:13:22Z</time>
   </trkpt>
   <trkpt lat="37.4166290" lon="-113.1463560">
    <ele>1631.5</ele>
    <time>2012-04-21T14:13:31Z</time>
   </trkpt>
   <trkpt lat="37.4166030" lon="-113.1463160">
    <ele>1633.0</ele>
    <time>2012-04-21T14:13:37Z</time>
   </trkpt>
   <trkpt lat="37.4165650" lon="-113.1462590">
    <ele>1635.2</ele>
    <time>2012-04-21T14:13:44Z</time>
   </trkpt>
   <trkpt lat="37.4165290" lon="-113.1462120">
    <ele>1637.4</ele>
    <time>2012-04-21T14:13:51Z</time>
   </trkpt>
   <trkpt lat="37.4165200" lon="-113.1461410">
    <ele>1637.9</ele>
    <time>2012-04-21T14:13:58Z</time>
   </trkpt>
   <trkpt lat="37.4164820" lon="-113.1460410">
    <ele>1639.4</ele>
    <time>2012-04-21T14:14:07Z</time>
   </trkpt>
   <trkpt lat="37.4164510" lon="-113.1459910">
    <ele>1640.6</ele>
    <time>2012-04-21T14:14:14Z</time>
   </trkpt>
   <trkpt lat="37.4164450" lon="-113.1459500">
    <ele>1640.4</ele>
    <time>2012-04-21T14:14:24Z</time>
   </trkpt>
   <trkpt lat="37.4164460" lon="-113.1459350">
    <ele>1640.1</ele>
    <time>2012-04-21T14:14:25Z</time>
   </trkpt>
   <trkpt lat="37.4164310" lon="-113.1458250">
    <ele>1639.7</ele>
    <time>2012-04-21T14:14:32Z</time>
   </trkpt>
   <trkpt lat="37.4164060" lon="-113.1457720">
    <ele>1640.7</ele>
    <time>2012-04-21T14:14:36Z</time>
   </trkpt>
   <trkpt lat="37.4163660" lon="-113.1456550">
    <ele>1641.7</ele>
    <time>2012-04-21T14:14:44Z</time>
   </trkpt>
   <trkpt lat="37.4163390" lon="-113.1455530">
    <ele>1641.8</ele>
    <time>2012-04-21T14:14:52Z</time>
   </trkpt>
   <trkpt lat="37.4163370" lon="-113.1454980">
    <ele>1641.0</ele>
    <time>2012-04-21T14:14:56Z</time>
   </trkpt>
   <trkpt lat="37.4163020" lon="-113.1454300">
    <ele>1641.4</ele>
    <time>2012-04-21T14:15:02Z</time>
   </trkpt>
   <trkpt lat="37.4162810" lon="-113.1454100">
    <ele>1641.9</ele>
    <time>2012-04-21T14:15:04Z</time>
   </trkpt>
   <trkpt lat="37.4162260" lon="-113.1453670">
    <ele>1643.1</ele>
    <time>2012-04-21T14:15:10Z</time>
   </trkpt>
   <trkpt lat="37.4161310" lon="-113.1453090">
    <ele>1645.4</ele>
    <time>2012-04-21T14:15:16Z</time>
   </trkpt>
   <trkpt lat="37.4160500" lon="-113.1453000">
    <ele>1649.2</ele>
    <time>2012-04-21T14:15:21Z</time>
   </trkpt>
   <trkpt lat="37.4160120" lon="-113.1452940">
    <ele>1650.8</ele>
    <time>2012-04-21T14:15:26Z</time>
   </trkpt>
   <trkpt lat="37.4159720" lon="-113.1452720">
    <ele>1651.9</ele>
    <time>2012-04-21T14:15:31Z</time>
   </trkpt>
   <trkpt lat="37.4159390" lon="-113.1452980">
    <ele>1654.8</ele>
    <time>2012-04-21T14:15:36Z</time>
   </trkpt>
   <trkpt lat="37.4159540" lon="-113.1453460">
    <ele>1656.3</ele>
    <time>2012-04-21T14:15:41Z</time>
   </trkpt>
   <trkpt lat="37.4159800" lon="-113.1454000">
    <ele>1657.3</ele>
    <time>2012-04-21T14:15:47Z</time>
   </trkpt>
   <trkpt lat="37.4160100" lon="-113.1454580">
    <ele>1657.8</ele>
    <time>2012-04-21T14:15:52Z</time>
   </trkpt>
   <trkpt lat="37.4160270" lon="-113.1455220">
    <ele>1658.8</ele>
    <time>2012-04-21T14:15:56Z</time>
   </trkpt>
   <trkpt lat="37.4160360" lon="-113.1455540">
    <ele>1659.0</ele>
    <time>2012-04-21T14:15:58Z</time>
   </trkpt>
   <trkpt lat="37.4160900" lon="-113.1456440">
    <ele>1658.2</ele>
    <time>2012-04-21T14:16:05Z</time>
   </trkpt>
   <trkpt lat="37.4161040" lon="-113.1456850">
    <ele>1658.4</ele>
    <time>2012-04-21T14:16:08Z</time>
   </trkpt>
   <trkpt lat="37.4160660" lon="-113.1457880">
    <ele>1662.9</ele>
    <time>2012-04-21T14:16:16Z</time>
   </trkpt>
   <trkpt lat="37.4160530" lon="-113.1458590">
    <ele>1664.6</ele>
    <time>2012-04-21T14:16:22Z</time>
   </trkpt>
   <trkpt lat="37.4160060" lon="-113.1458540">
    <ele>1667.0</ele>
    <time>2012-04-21T14:16:28Z</time>
   </trkpt>
   <trkpt lat="37.4159500" lon="-113.1457980">
    <ele>1668.8</ele>
    <time>2012-04-21T14:16:35Z</time>
   </trkpt>
   <trkpt lat="37.4159140" lon="-113.1457690">
    <ele>1669.9</ele>
    <time>2012-04-21T14:16:39Z</time>
   </trkpt>
   <trkpt lat="37.4158700" lon="-113.1457170">
    <ele>1670.8</ele>
    <time>2012-04-21T14:16:45Z</time>
   </trkpt>
   <trkpt lat="37.4158500" lon="-113.1457080">
    <ele>1671.5</ele>
    <time>2012-04-21T14:16:47Z</time>
   </trkpt>
   <trkpt lat="37.4158050" lon="-113.1456870">
    <ele>1672.9</ele>
    <time>2012-04-21T14:16:53Z</time>
   </trkpt>
   <trkpt lat="37.4157490" lon="-113.1456700">
    <ele>1674.7</ele>
    <time>2012-04-21T14:16:59Z</time>
   </trkpt>
   <trkpt lat="37.4156730" lon="-113.1456170">
    <ele>1675.7</ele>
    <time>2012-04-21T14:17:07Z</time>
   </trkpt>
   <trkpt lat="37.4156600" lon="-113.1456020">
    <ele>1675.6</ele>
    <time>2012-04-21T14:17:09Z</time>
   </trkpt>
   <trkpt lat="37.4156060" lon="-113.1455820">
    <ele>1676.5</ele>
    <time>2012-04-21T14:17:16Z</time>
   </trkpt>
   <trkpt lat="37.4155130" lon="-113.1455490">
    <ele>1677.8</ele>
    <time>2012-04-21T14:17:25Z</time>
   </trkpt>
   <trkpt lat="37.4154780" lon="-113.1455360">
    <ele>1678.3</ele>
    <time>2012-04-21T14:17:29Z</time>
   </trkpt>
   <trkpt lat="37.4154350" lon="-113.1455170">
    <ele>1678.7</ele>
    <time>2012-04-21T14:17:34Z</time>
   </trkpt>
   <trkpt lat="37.4153800" lon="-113.1454830">
    <ele>1678.9</ele>
    <time>2012-04-21T14:17:39Z</time>
   </trkpt>
   <trkpt lat="37.4153780" lon="-113.1455130">
    <ele>1680.0</ele>
    <time>2012-04-21T14:17:43Z</time>
   </trkpt>
   <trkpt lat="37.4154100" lon="-113.1455980">
    <ele>1682.5</ele>
    <time>2012-04-21T14:17:51Z</time>
   </trkpt>
   <trkpt lat="37.4154380" lon="-113.1456540">
    <ele>1684.0</ele>
    <time>2012-04-21T14:17:56Z</time>
   </trkpt>
   <trkpt lat="37.4154700" lon="-113.1457290">
    <ele>1686.1</ele>
    <time>2012-04-21T14:18:02Z</time>
   </trkpt>
   <trkpt lat="37.4155070" lon="-113.1457870">
    <ele>1687.3</ele>
    <time>2012-04-21T14:18:08Z</time>
   </trkpt>
   <trkpt lat="37.4155130" lon="-113.1457970">
    <ele>1687.5</ele>
    <time>2012-04-21T14:18:09Z</time>
   </trkpt>
   <trkpt lat="37.4155500" lon="-113.1458520">
    <ele>1688.3</ele>
    <time>2012-04-21T14:18:13Z</time>
   </trkpt>
   <trkpt lat="37.4155420" lon="-113.1458830">
    <ele>1689.7</ele>
    <time>2012-04-21T14:18:16Z</time>
   </trkpt>
   <trkpt lat="37.4155110" lon="-113.1459340">
    <ele>1692.5</ele>
    <time>2012-04-21T14:18:22Z</time>
   </trkpt>
   <trkpt lat="37.4154820" lon="-113.1459680">
    <ele>1694.9</ele>
    <time>2012-04-21T14:18:27Z</time>
   </trkpt>
   <trkpt lat="37.4154720" lon="-113.1459650">
    <ele>1695.2</ele>
    <time>2012-04-21T14:18:28Z</time>
   </trkpt>
   <trkpt lat="37.4154140" lon="-113.1459320">
    <ele>1696.3</ele>
    <time>2012-04-21T14:18:34Z</time>
   </trkpt>
   <trkpt lat="37.4154060" lon="-113.1459260">
    <ele>1696.4</ele>
    <time>2012-04-21T14:18:35Z</time>
   </trkpt>
   <trkpt lat="37.4153480" lon="-113.1458540">
    <ele>1695.6</ele>
    <time>2012-04-21T14:18:43Z</time>
   </trkpt>
   <trkpt lat="37.4153010" lon="-113.1458030">
    <ele>1695.0</ele>
    <time>2012-04-21T14:18:49Z</time>
   </trkpt>
   <trkpt lat="37.4152480" lon="-113.1458060">
    <ele>1697.1</ele>
    <time>2012-04-21T14:18:54Z</time>
   </trkpt>
   <trkpt lat="37.4152070" lon="-113.1458010">
    <ele>1698.4</ele>
    <time>2012-04-21T14:18:58Z</time>
   </trkpt>
   <trkpt lat="37.4151790" lon="-113.1458070">
    <ele>1699.7</ele>
    <time>2012-04-21T14:19:03Z</time>
   </trkpt>
   <trkpt lat="37.4151380" lon="-113.1458300">
    <ele>1702.2</ele>
    <time>2012-04-21T14:19:09Z</time>
   </trkpt>
   <trkpt lat="37.4151710" lon="-113.1459150">
    <ele>1704.8</ele>
    <time>2012-04-21T14:19:17Z</time>
   </trkpt>
   <trkpt lat="37.4151790" lon="-113.1459830">
    <ele>1707.1</ele>
    <time>2012-04-21T14:19:23Z</time>
   </trkpt>
   <trkpt lat="37.4151390" lon="-113.1459660">
    <ele>1707.6</ele>
    <time>2012-04-21T14:19:27Z</time>
   </trkpt>
   <trkpt lat="37.4150670" lon="-113.1459070">
    <ele>1707.4</ele>
    <time>2012-04-21T14:19:35Z</time>
   </trkpt>
   <trkpt lat="37.4150050" lon="-113.1458540">
    <ele>1707.4</ele>
    <time>2012-04-21T14:19:41Z</time>
   </trkpt>
   <trkpt lat="37.4149770" lon="-113.1458740">
    <ele>1708.7</ele>
    <time>2012-04-21T14:19:45Z</time>
   </trkpt>
   <trkpt lat="37.4150010" lon="-113.1459350">
    <ele>1709.5</ele>
    <time>2012-04-21T14:19:50Z</time>
   </trkpt>
   <trkpt lat="37.4150150" lon="-113.1459880">
    <ele>1710.3</ele>
    <time>2012-04-21T14:19:54Z</time>
   </trkpt>
   <trkpt lat="37.4150260" lon="-113.1460450">
    <ele>1711.0</ele>
    <time>2012-04-21T14:19:58Z</time>
   </trkpt>
   <trkpt lat="37.4150430" lon="-113.1460990">
    <ele>1711.4</ele>
    <time>2012-04-21T14:20:02Z</time>
   </trkpt>
   <trkpt lat="37.4150560" lon="-113.1462070">
    <ele>1712.8</ele>
    <time>2012-04-21T14:20:10Z</time>
   </trkpt>
   <trkpt lat="37.4150490" lon="-113.1462310">
    <ele>1713.2</ele>
    <time>2012-04-21T14:20:12Z</time>
   </trkpt>
   <trkpt lat="37.4150430" lon="-113.1462740">
    <ele>1713.8</ele>
    <time>2012-04-21T14:20:16Z</time>
   </trkpt>
   <trkpt lat="37.4150250" lon="-113.1463500">
    <ele>1715.0</ele>
    <time>2012-04-21T14:20:23Z</time>
   </trkpt>
   <trkpt lat="37.4149910" lon="-113.1463820">
    <ele>1715.9</ele>
    <time>2012-04-21T14:20:29Z</time>
   </trkpt>
   <trkpt lat="37.4149310" lon="-113.1463600">
    <ele>1717.1</ele>
    <time>2012-04-21T14:20:36Z</time>
   </trkpt>
   <trkpt lat="37.4148880" lon="-113.1463540">
    <ele>1718.1</ele>
    <time>2012-04-21T14:20:40Z</time>
   </trkpt>
   <trkpt lat="37.4148000" lon="-113.1463300">
    <ele>1720.3</ele>
    <time>2012-04-21T14:20:46Z</time>
   </trkpt>
   <trkpt lat="37.4147460" lon="-113.1463180">
    <ele>1721.6</ele>
    <time>2012-04-21T14:20:49Z</time>
   </trkpt>
   <trkpt lat="37.4146080" lon="-113.1463180">
    <ele>1724.4</ele>
    <time>2012-04-21T14:20:56Z</time>
   </trkpt>
   <trkpt lat="37.4145070" lon="-113.1462790">
    <ele>1726.3</ele>
    <time>2012-04-21T14:21:01Z</time>
   </trkpt>
   <trkpt lat="37.4143810" lon="-113.1462760">
    <ele>1727.1</ele>
    <time>2012-04-21T14:21:06Z</time>
   </trkpt>
   <trkpt lat="37.4143070" lon="-113.1463130">
    <ele>1727.1</ele>
    <time>2012-04-21T14:21:09Z</time>
   </trkpt>
   <trkpt lat="37.4141720" lon="-113.1462980">
    <ele>1728.0</ele>
    <time>2012-04-21T14:21:15Z</time>
   </trkpt>
   <trkpt lat="37.4141350" lon="-113.1462820">
    <ele>1728.3</ele>
    <time>2012-04-21T14:21:17Z</time>
   </trkpt>
   <trkpt lat="37.4140700" lon="-113.1462470">
    <ele>1729.1</ele>
    <time>2012-04-21T14:21:21Z</time>
   </trkpt>
   <trkpt lat="37.4140000" lon="-113.1462150">
    <ele>1729.9</ele>
    <time>2012-04-21T14:21:25Z</time>
   </trkpt>
   <trkpt lat="37.4139390" lon="-113.1461620">
    <ele>1730.7</ele>
    <time>2012-04-21T14:21:29Z</time>
   </trkpt>
   <trkpt lat="37.4138550" lon="-113.1460720">
    <ele>1731.5</ele>
    <time>2012-04-21T14:21:35Z</time>
   </trkpt>
   <trkpt lat="37.4138390" lon="-113.1460580">
    <ele>1731.6</ele>
    <time>2012-04-21T14:21:36Z</time>
   </trkpt>
   <trkpt lat="37.4137680" lon="-113.1459920">
    <ele>1732.0</ele>
    <time>2012-04-21T14:21:41Z</time>
   </trkpt>
   <trkpt lat="37.4137310" lon="-113.1459480">
    <ele>1732.3</ele>
    <time>2012-04-21T14:21:44Z</time>
   </trkpt>
   <trkpt lat="37.4136860" lon="-113.1459810">
    <ele>1732.8</ele>
    <time>2012-04-21T14:21:49Z</time>
   </trkpt>
   <trkpt lat="37.4136630" lon="-113.1460080">
    <ele>1733.2</ele>
    <time>2012-04-21T14:21:53Z</time>
   </trkpt>
   <trkpt lat="37.4136500" lon="-113.1459490">
    <ele>1733.1</ele>
    <time>2012-04-21T14:21:59Z</time>
   </trkpt>
   <trkpt lat="37.4136430" lon="-113.1459090">
    <ele>1733.1</ele>
    <time>2012-04-21T14:22:04Z</time>
   </trkpt>
   <trkpt lat="37.4135830" lon="-113.1459030">
    <ele>1734.1</ele>
    <time>2012-04-21T14:22:11Z</time>
   </trkpt>
   <trkpt lat="37.4135760" lon="-113.1459230">
    <ele>1734.3</ele>
    <time>2012-04-21T14:22:14Z</time>
   </trkpt>
   <trkpt lat="37.4135510" lon="-113.1459800">
    <ele>1734.8</ele>
    <time>2012-04-21T14:22:21Z</time>
   </trkpt>
   <trkpt lat="37.4135330" lon="-113.1460420">
    <ele>1735.3</ele>
    <time>2012-04-21T14:22:28Z</time>
   </trkpt>
   <trkpt lat="37.4135280" lon="-113.1461080">
    <ele>1735.5</ele>
    <time>2012-04-21T14:22:34Z</time>
   </trkpt>
   <trkpt lat="37.4135370" lon="-113.1461840">
    <ele>1735.5</ele>
    <time>2012-04-21T14:22:40Z</time>
   </trkpt>
   <trkpt lat="37.4135310" lon="-113.1462530">
    <ele>1735.5</ele>
    <time>2012-04-21T14:22:46Z</time>
   </trkpt>
   <trkpt lat="37.4135230" lon="-113.1462610">
    <ele>1735.5</ele>
    <time>2012-04-21T14:22:47Z</time>
   </trkpt>
   <trkpt lat="37.4134850" lon="-113.1462530">
    <ele>1735.8</ele>
    <time>2012-04-21T14:22:50Z</time>
   </trkpt>
   <trkpt lat="37.4133580" lon="-113.1462540">
    <ele>1737.0</ele>
    <time>2012-04-21T14:22:57Z</time>
   </trkpt>
   <trkpt lat="37.4132380" lon="-113.1463170">
    <ele>1737.8</ele>
    <time>2012-04-21T14:23:01Z</time>
   </trkpt>
   <trkpt lat="37.4131460" lon="-113.1463850">
    <ele>1738.5</ele>
    <time>2012-04-21T14:23:05Z</time>
   </trkpt>
   <trkpt lat="37.4130930" lon="-113.1464060">
    <ele>1739.2</ele>
    <time>2012-04-21T14:23:07Z</time>
   </trkpt>
   <trkpt lat="37.4129330" lon="-113.1464060">
    <ele>1741.5</ele>
    <time>2012-04-21T14:23:13Z</time>
   </trkpt>
   <trkpt lat="37.4128110" lon="-113.1464480">
    <ele>1743.3</ele>
    <time>2012-04-21T14:23:18Z</time>
   </trkpt>
   <trkpt lat="37.4126890" lon="-113.1464590">
    <ele>1744.9</ele>
    <time>2012-04-21T14:23:23Z</time>
   </trkpt>
   <trkpt lat="37.4125820" lon="-113.1465170">
    <ele>1746.2</ele>
    <time>2012-04-21T14:23:28Z</time>
   </trkpt>
   <trkpt lat="37.4124250" lon="-113.1465040">
    <ele>1747.4</ele>
    <time>2012-04-21T14:23:35Z</time>
   </trkpt>
   <trkpt lat="37.4122820" lon="-113.1465020">
    <ele>1748.3</ele>
    <time>2012-04-21T14:23:41Z</time>
   </trkpt>
   <trkpt lat="37.4121650" lon="-113.1465210">
    <ele>1749.1</ele>
    <time>2012-04-21T14:23:46Z</time>
   </trkpt>
   <trkpt lat="37.4120570" lon="-113.1465520">
    <ele>1749.8</ele>
    <time>2012-04-21T14:23:51Z</time>
   </trkpt>
   <trkpt lat="37.4119230" lon="-113.1465890">
    <ele>1750.6</ele>
    <time>2012-04-21T14:23:57Z</time>
   </trkpt>
   <trkpt lat="37.4118460" lon="-113.1466160">
    <ele>1751.0</ele>
    <time>2012-04-21T14:24:01Z</time>
   </trkpt>
   <trkpt lat="37.4117100" lon="-113.1466770">
    <ele>1751.9</ele>
    <time>2012-04-21T14:24:08Z</time>
   </trkpt>
   <trkpt lat="37.4116600" lon="-113.1467000">
    <ele>1752.3</ele>
    <time>2012-04-21T14:24:11Z</time>
   </trkpt>
   <trkpt lat="37.4115860" lon="-113.1466720">
    <ele>1752.4</ele>
    <time>2012-04-21T14:24:17Z</time>
   </trkpt>
   <trkpt lat="37.4114910" lon="-113.1466620">
    <ele>1752.7</ele>
    <time>2012-04-21T14:24:22Z</time>
   </trkpt>
   <trkpt lat="37.4114350" lon="-113.1466870">
    <ele>1753.1</ele>
    <time>2012-04-21T14:24:25Z</time>
   </trkpt>
   <trkpt lat="37.4113990" lon="-113.1467010">
    <ele>1753.3</ele>
    <time>2012-04-21T14:24:27Z</time>
   </trkpt>
   <trkpt lat="37.4113120" lon="-113.1467010">
    <ele>1753.7</ele>
    <time>2012-04-21T14:24:32Z</time>
   </trkpt>
   <trkpt lat="37.4112430" lon="-113.1466670">
    <ele>1753.8</ele>
    <time>2012-04-21T14:24:37Z</time>
   </trkpt>
   <trkpt lat="37.4111760" lon="-113.1466370">
    <ele>1753.9</ele>
    <time>2012-04-21T14:24:42Z</time>
   </trkpt>
   <trkpt lat="37.4110840" lon="-113.1465940">
    <ele>1754.1</ele>
    <time>2012-04-21T14:24:49Z</time>
   </trkpt>
   <trkpt lat="37.4110240" lon="-113.1465100">
    <ele>1754.1</ele>
    <time>2012-04-21T14:24:54Z</time>
   </trkpt>
   <trkpt lat="37.4109770" lon="-113.1464640">
    <ele>1754.1</ele>
    <time>2012-04-21T14:24:58Z</time>
   </trkpt>
   <trkpt lat="37.4109060" lon="-113.1463800">
    <ele>1754.3</ele>
    <time>2012-04-21T14:25:05Z</time>
   </trkpt>
   <trkpt lat="37.4108440" lon="-113.1463270">
    <ele>1754.5</ele>
    <time>2012-04-21T14:25:11Z</time>
   </trkpt>
   <trkpt lat="37.4108350" lon="-113.1463160">
    <ele>1754.5</ele>
    <time>2012-04-21T14:25:12Z</time>
   </trkpt>
   <trkpt lat="37.4107740" lon="-113.1462830">
    <ele>1754.8</ele>
    <time>2012-04-21T14:25:18Z</time>
   </trkpt>
   <trkpt lat="37.4107420" lon="-113.1462840">
    <ele>1754.9</ele>
    <time>2012-04-21T14:25:21Z</time>
   </trkpt>
   <trkpt lat="37.4106820" lon="-113.1462740">
    <ele>1755.2</ele>
    <time>2012-04-21T14:25:26Z</time>
   </trkpt>
   <trkpt lat="37.4106310" lon="-113.1462280">
    <ele>1755.3</ele>
    <time>2012-04-21T14:25:32Z</time>
   </trkpt>
   <trkpt lat="37.4105930" lon="-113.1462100">
    <ele>1755.5</ele>
    <time>2012-04-21T14:25:35Z</time>
   </trkpt>
   <trkpt lat="37.4105540" lon="-113.1462040">
    <ele>1755.7</ele>
    <time>2012-04-21T14:25:40Z</time>
   </trkpt>
   <trkpt lat="37.4104750" lon="-113.1461780">
    <ele>1756.1</ele>
    <time>2012-04-21T14:25:47Z</time>
   </trkpt>
   <trkpt lat="37.4104120" lon="-113.1461710">
    <ele>1756.3</ele>
    <time>2012-04-21T14:25:52Z</time>
   </trkpt>
   <trkpt lat="37.4103420" lon="-113.1461620">
    <ele>1756.4</ele>
    <time>2012-04-21T14:25:58Z</time>
   </trkpt>
   <trkpt lat="37.4102550" lon="-113.1461650">
    <ele>1756.6</ele>
    <time>2012-04-21T14:26:05Z</time>
   </trkpt>
   <trkpt lat="37.4102020" lon="-113.1461570">
    <ele>1757.2</ele>
    <time>2012-04-21T14:26:09Z</time>
   </trkpt>
   <trkpt lat="37.4101260" lon="-113.1461200">
    <ele>1759.5</ele>
    <time>2012-04-21T14:26:16Z</time>
   </trkpt>
   <trkpt lat="37.4100810" lon="-113.1460840">
    <ele>1761.8</ele>
    <time>2012-04-21T14:26:20Z</time>
   </trkpt>
   <trkpt lat="37.4099580" lon="-113.1459770">
    <ele>1765.7</ele>
    <time>2012-04-21T14:26:28Z</time>
   </trkpt>
   <trkpt lat="37.4098650" lon="-113.1459370">
    <ele>1767.0</ele>
    <time>2012-04-21T14:26:33Z</time>
   </trkpt>
   <trkpt lat="37.4098460" lon="-113.1459400">
    <ele>1767.4</ele>
    <time>2012-04-21T14:26:34Z</time>
   </trkpt>
   <trkpt lat="37.4097680" lon="-113.1458990">
    <ele>1767.7</ele>
    <time>2012-04-21T14:26:38Z</time>
   </trkpt>
   <trkpt lat="37.4096230" lon="-113.1457960">
    <ele>1767.0</ele>
    <time>2012-04-21T14:26:45Z</time>
   </trkpt>
   <trkpt lat="37.4094530" lon="-113.1456910">
    <ele>1766.6</ele>
    <time>2012-04-21T14:26:52Z</time>
   </trkpt>
   <trkpt lat="37.4093020" lon="-113.1455980">
    <ele>1766.7</ele>
    <time>2012-04-21T14:26:58Z</time>
   </trkpt>
   <trkpt lat="37.4091760" lon="-113.1455110">
    <ele>1767.1</ele>
    <time>2012-04-21T14:27:04Z</time>
   </trkpt>
   <trkpt lat="37.4090820" lon="-113.1454680">
    <ele>1768.3</ele>
    <time>2012-04-21T14:27:09Z</time>
   </trkpt>
   <trkpt lat="37.4089900" lon="-113.1453970">
    <ele>1769.2</ele>
    <time>2012-04-21T14:27:14Z</time>
   </trkpt>
   <trkpt lat="37.4089280" lon="-113.1453490">
    <ele>1769.9</ele>
    <time>2012-04-21T14:27:18Z</time>
   </trkpt>
   <trkpt lat="37.4088410" lon="-113.1452910">
    <ele>1771.1</ele>
    <time>2012-04-21T14:27:23Z</time>
   </trkpt>
   <trkpt lat="37.4087520" lon="-113.1452190">
    <ele>1772.0</ele>
    <time>2012-04-21T14:27:28Z</time>
   </trkpt>
   <trkpt lat="37.4086640" lon="-113.1451500">
    <ele>1772.7</ele>
    <time>2012-04-21T14:27:33Z</time>
   </trkpt>
   <trkpt lat="37.4086070" lon="-113.1451180">
    <ele>1773.2</ele>
    <time>2012-04-21T14:27:37Z</time>
   </trkpt>
   <trkpt lat="37.4085300" lon="-113.1450500">
    <ele>1773.6</ele>
    <time>2012-04-21T14:27:42Z</time>
   </trkpt>
   <trkpt lat="37.4084370" lon="-113.1449780">
    <ele>1774.0</ele>
    <time>2012-04-21T14:27:47Z</time>
   </trkpt>
   <trkpt lat="37.4083600" lon="-113.1449420">
    <ele>1774.4</ele>
    <time>2012-04-21T14:27:51Z</time>
   </trkpt>
   <trkpt lat="37.4082630" lon="-113.1448930">
    <ele>1774.8</ele>
    <time>2012-04-21T14:27:56Z</time>
   </trkpt>
   <trkpt lat="37.4082050" lon="-113.1448680">
    <ele>1775.1</ele>
    <time>2012-04-21T14:27:59Z</time>
   </trkpt>
   <trkpt lat="37.4081190" lon="-113.1447200">
    <ele>1774.9</ele>
    <time>2012-04-21T14:28:06Z</time>
   </trkpt>
   <trkpt lat="37.4080810" lon="-113.1446680">
    <ele>1774.7</ele>
    <time>2012-04-21T14:28:09Z</time>
   </trkpt>
   <trkpt lat="37.4080320" lon="-113.1445240">
    <ele>1774.0</ele>
    <time>2012-04-21T14:28:16Z</time>
   </trkpt>
   <trkpt lat="37.4080290" lon="-113.1445040">
    <ele>1773.9</ele>
    <time>2012-04-21T14:28:17Z</time>
   </trkpt>
   <trkpt lat="37.4079610" lon="-113.1443730">
    <ele>1773.4</ele>
    <time>2012-04-21T14:28:23Z</time>
   </trkpt>
   <trkpt lat="37.4078450" lon="-113.1442120">
    <ele>1772.9</ele>
    <time>2012-04-21T14:28:29Z</time>
   </trkpt>
   <trkpt lat="37.4077690" lon="-113.1440550">
    <ele>1772.4</ele>
    <time>2012-04-21T14:28:34Z</time>
   </trkpt>
   <trkpt lat="37.4077520" lon="-113.1440340">
    <ele>1772.4</ele>
    <time>2012-04-21T14:28:35Z</time>
   </trkpt>
   <trkpt lat="37.4077230" lon="-113.1439630">
    <ele>1772.2</ele>
    <time>2012-04-21T14:28:38Z</time>
   </trkpt>
   <trkpt lat="37.4076520" lon="-113.1438480">
    <ele>1772.1</ele>
    <time>2012-04-21T14:28:43Z</time>
   </trkpt>
   <trkpt lat="37.4075760" lon="-113.1437650">
    <ele>1772.2</ele>
    <time>2012-04-21T14:28:48Z</time>
   </trkpt>
   <trkpt lat="37.4075090" lon="-113.1436690">
    <ele>1772.2</ele>
    <time>2012-04-21T14:28:53Z</time>
   </trkpt>
   <trkpt lat="37.4074160" lon="-113.1435690">
    <ele>1772.4</ele>
    <time>2012-04-21T14:28:58Z</time>
   </trkpt>
   <trkpt lat="37.4073260" lon="-113.1434710">
    <ele>1772.6</ele>
    <time>2012-04-21T14:29:03Z</time>
   </trkpt>
   <trkpt lat="37.4072600" lon="-113.1434010">
    <ele>1772.7</ele>
    <time>2012-04-21T14:29:07Z</time>
   </trkpt>
   <trkpt lat="37.4071540" lon="-113.1433220">
    <ele>1773.4</ele>
    <time>2012-04-21T14:29:13Z</time>
   </trkpt>
   <trkpt lat="37.4070870" lon="-113.1432820">
    <ele>1774.1</ele>
    <time>2012-04-21T14:29:17Z</time>
   </trkpt>
   <trkpt lat="37.4070670" lon="-113.1432710">
    <ele>1774.3</ele>
    <time>2012-04-21T14:29:18Z</time>
   </trkpt>
   <trkpt lat="37.4069560" lon="-113.1431990">
    <ele>1775.5</ele>
    <time>2012-04-21T14:29:24Z</time>
   </trkpt>
   <trkpt lat="37.4068670" lon="-113.1431110">
    <ele>1776.7</ele>
    <time>2012-04-21T14:29:30Z</time>
   </trkpt>
   <trkpt lat="37.4067980" lon="-113.1430740">
    <ele>1777.5</ele>
    <time>2012-04-21T14:29:35Z</time>
   </trkpt>
   <trkpt lat="37.4067430" lon="-113.1430090">
    <ele>1778.2</ele>
    <time>2012-04-21T14:29:39Z</time>
   </trkpt>
   <trkpt lat="37.4067280" lon="-113.1429900">
    <ele>1778.4</ele>
    <time>2012-04-21T14:29:40Z</time>
   </trkpt>
   <trkpt lat="37.4067060" lon="-113.1429110">
    <ele>1778.9</ele>
    <time>2012-04-21T14:29:46Z</time>
   </trkpt>
   <trkpt lat="37.4066950" lon="-113.1428820">
    <ele>1779.2</ele>
    <time>2012-04-21T14:29:48Z</time>
   </trkpt>
   <trkpt lat="37.4066720" lon="-113.1428450">
    <ele>1779.6</ele>
    <time>2012-04-21T14:29:51Z</time>
   </trkpt>
   <trkpt lat="37.4066020" lon="-113.1428240">
    <ele>1780.3</ele>
    <time>2012-04-21T14:29:57Z</time>
   </trkpt>
   <trkpt lat="37.4065540" lon="-113.1428500">
    <ele>1780.5</ele>
    <time>2012-04-21T14:30:02Z</time>
   </trkpt>
   <trkpt lat="37.4065350" lon="-113.1428630">
    <ele>1780.6</ele>
    <time>2012-04-21T14:30:04Z</time>
   </trkpt>
   <trkpt lat="37.4065110" lon="-113.1428810">
    <ele>1780.8</ele>
    <time>2012-04-21T14:30:07Z</time>
   </trkpt>
   <trkpt lat="37.4064550" lon="-113.1428710">
    <ele>1781.4</ele>
    <time>2012-04-21T14:30:14Z</time>
   </trkpt>
   <trkpt lat="37.4064170" lon="-113.1428580">
    <ele>1782.1</ele>
    <time>2012-04-21T14:30:19Z</time>
   </trkpt>
   <trkpt lat="37.4063760" lon="-113.1428310">
    <ele>1783.3</ele>
    <time>2012-04-21T14:30:24Z</time>
   </trkpt>
   <trkpt lat="37.4063400" lon="-113.1427930">
    <ele>1784.6</ele>
    <time>2012-04-21T14:30:29Z</time>
   </trkpt>
   <trkpt lat="37.4063160" lon="-113.1427320">
    <ele>1786.0</ele>
    <time>2012-04-21T14:30:35Z</time>
   </trkpt>
   <trkpt lat="37.4063170" lon="-113.1426610">
    <ele>1787.0</ele>
    <time>2012-04-21T14:30:41Z</time>
   </trkpt>
   <trkpt lat="37.4062790" lon="-113.1426350">
    <ele>1788.3</ele>
    <time>2012-04-21T14:30:46Z</time>
   </trkpt>
   <trkpt lat="37.4062620" lon="-113.1426470">
    <ele>1788.7</ele>
    <time>2012-04-21T14:30:48Z</time>
   </trkpt>
   <trkpt lat="37.4061850" lon="-113.1426840">
    <ele>1790.5</ele>
    <time>2012-04-21T14:30:55Z</time>
   </trkpt>
   <trkpt lat="37.4061450" lon="-113.1427170">
    <ele>1791.5</ele>
    <time>2012-04-21T14:31:00Z</time>
   </trkpt>
   <trkpt lat="37.4060950" lon="-113.1426980">
    <ele>1792.6</ele>
    <time>2012-04-21T14:31:05Z</time>
   </trkpt>
   <trkpt lat="37.4060030" lon="-113.1426800">
    <ele>1794.0</ele>
    <time>2012-04-21T14:31:12Z</time>
   </trkpt>
   <trkpt lat="37.4059200" lon="-113.1427000">
    <ele>1795.3</ele>
    <time>2012-04-21T14:31:16Z</time>
   </trkpt>
   <trkpt lat="37.4058750" lon="-113.1426960">
    <ele>1795.6</ele>
    <time>2012-04-21T14:31:18Z</time>
   </trkpt>
   <trkpt lat="37.4057880" lon="-113.1426450">
    <ele>1794.9</ele>
    <time>2012-04-21T14:31:23Z</time>
   </trkpt>
   <trkpt lat="37.4056940" lon="-113.1426230">
    <ele>1794.1</ele>
    <time>2012-04-21T14:31:28Z</time>
   </trkpt>
   <trkpt lat="37.4056190" lon="-113.1426240">
    <ele>1793.3</ele>
    <time>2012-04-21T14:31:33Z</time>
   </trkpt>
   <trkpt lat="37.4055640" lon="-113.1426220">
    <ele>1792.4</ele>
    <time>2012-04-21T14:31:36Z</time>
   </trkpt>
   <trkpt lat="37.4054870" lon="-113.1425860">
    <ele>1789.7</ele>
    <time>2012-04-21T14:31:40Z</time>
   </trkpt>
   <trkpt lat="37.4054440" lon="-113.1424580">
    <ele>1783.3</ele>
    <time>2012-04-21T14:31:45Z</time>
   </trkpt>
   <trkpt lat="37.4053880" lon="-113.1423770">
    <ele>1780.6</ele>
    <time>2012-04-21T14:31:49Z</time>
   </trkpt>
   <trkpt lat="37.4053500" lon="-113.1423530">
    <ele>1779.7</ele>
    <time>2012-04-21T14:31:51Z</time>
   </trkpt>
   <trkpt lat="37.4052340" lon="-113.1422470">
    <ele>1778.1</ele>
    <time>2012-04-21T14:31:57Z</time>
   </trkpt>
   <trkpt lat="37.4051630" lon="-113.1421920">
    <ele>1778.3</ele>
    <time>2012-04-21T14:32:02Z</time>
   </trkpt>
   <trkpt lat="37.4051040" lon="-113.1421010">
    <ele>1776.9</ele>
    <time>2012-04-21T14:32:07Z</time>
   </trkpt>
   <trkpt lat="37.4050380" lon="-113.1421000">
    <ele>1777.6</ele>
    <time>2012-04-21T14:32:11Z</time>
   </trkpt>
   <trkpt lat="37.4049820" lon="-113.1420500">
    <ele>1776.4</ele>
    <time>2012-04-21T14:32:16Z</time>
   </trkpt>
   <trkpt lat="37.4049060" lon="-113.1419930">
    <ele>1773.9</ele>
    <time>2012-04-21T14:32:21Z</time>
   </trkpt>
   <trkpt lat="37.4048320" lon="-113.1419860">
    <ele>1773.2</ele>
    <time>2012-04-21T14:32:24Z</time>
   </trkpt>
   <trkpt lat="37.4047700" lon="-113.1419910">
    <ele>1773.2</ele>
    <time>2012-04-21T14:32:28Z</time>
   </trkpt>
   <trkpt lat="37.4047440" lon="-113.1419420">
    <ele>1770.7</ele>
    <time>2012-04-21T14:32:32Z</time>
   </trkpt>
   <trkpt lat="37.4047010" lon="-113.1418520">
    <ele>1765.8</ele>
    <time>2012-04-21T14:32:37Z</time>
   </trkpt>
   <trkpt lat="37.4046520" lon="-113.1417900">
    <ele>1762.8</ele>
    <time>2012-04-21T14:32:42Z</time>
   </trkpt>
   <trkpt lat="37.4046010" lon="-113.1417610">
    <ele>1761.9</ele>
    <time>2012-04-21T14:32:45Z</time>
   </trkpt>
   <trkpt lat="37.4045380" lon="-113.1417180">
    <ele>1760.9</ele>
    <time>2012-04-21T14:32:49Z</time>
   </trkpt>
   <trkpt lat="37.4044820" lon="-113.1416790">
    <ele>1760.4</ele>
    <time>2012-04-21T14:32:54Z</time>
   </trkpt>
   <trkpt lat="37.4043770" lon="-113.1415820">
    <ele>1758.2</ele>
    <time>2012-04-21T14:33:02Z</time>
   </trkpt>
   <trkpt lat="37.4043100" lon="-113.1415450">
    <ele>1757.2</ele>
    <time>2012-04-21T14:33:06Z</time>
   </trkpt>
   <trkpt lat="37.4042490" lon="-113.1414500">
    <ele>1754.5</ele>
    <time>2012-04-21T14:33:11Z</time>
   </trkpt>
   <trkpt lat="37.4042250" lon="-113.1414350">
    <ele>1754.0</ele>
    <time>2012-04-21T14:33:12Z</time>
   </trkpt>
   <trkpt lat="37.4040890" lon="-113.1414530">
    <ele>1756.7</ele>
    <time>2012-04-21T14:33:19Z</time>
   </trkpt>
   <trkpt lat="37.4040530" lon="-113.1414620">
    <ele>1758.5</ele>
    <time>2012-04-21T14:33:21Z</time>
   </trkpt>
   <trkpt lat="37.4039900" lon="-113.1414760">
    <ele>1762.7</ele>
    <time>2012-04-21T14:33:25Z</time>
   </trkpt>
   <trkpt lat="37.4039690" lon="-113.1414680">
    <ele>1763.1</ele>
    <time>2012-04-21T14:33:27Z</time>
   </trkpt>
   <trkpt lat="37.4039440" lon="-113.1414420">
    <ele>1761.8</ele>
    <time>2012-04-21T14:33:30Z</time>
   </trkpt>
   <trkpt lat="37.4038630" lon="-113.1413470">
    <ele>1755.8</ele>
    <time>2012-04-21T14:33:36Z</time>
   </trkpt>
   <trkpt lat="37.4038170" lon="-113.1413160">
    <ele>1754.1</ele>
    <time>2012-04-21T14:33:38Z</time>
   </trkpt>
   <trkpt lat="37.4037030" lon="-113.1412390">
    <ele>1751.1</ele>
    <time>2012-04-21T14:33:44Z</time>
   </trkpt>
   <trkpt lat="37.4036810" lon="-113.1412250">
    <ele>1750.8</ele>
    <time>2012-04-21T14:33:45Z</time>
   </trkpt>
   <trkpt lat="37.4036240" lon="-113.1411020">
    <ele>1748.0</ele>
    <time>2012-04-21T14:33:50Z</time>
   </trkpt>
   <trkpt lat="37.4035270" lon="-113.1410840">
    <ele>1748.1</ele>
    <time>2012-04-21T14:33:54Z</time>
   </trkpt>
   <trkpt lat="37.4034580" lon="-113.1410570">
    <ele>1747.9</ele>
    <time>2012-04-21T14:33:57Z</time>
   </trkpt>
   <trkpt lat="37.4033100" lon="-113.1409740">
    <ele>1747.1</ele>
    <time>2012-04-21T14:34:04Z</time>
   </trkpt>
   <trkpt lat="37.4032000" lon="-113.1408390">
    <ele>1744.9</ele>
    <time>2012-04-21T14:34:10Z</time>
   </trkpt>
   <trkpt lat="37.4031590" lon="-113.1406900">
    <ele>1742.1</ele>
    <time>2012-04-21T14:34:15Z</time>
   </trkpt>
   <trkpt lat="37.4031550" lon="-113.1405460">
    <ele>1739.6</ele>
    <time>2012-04-21T14:34:20Z</time>
   </trkpt>
   <trkpt lat="37.4031290" lon="-113.1404060">
    <ele>1737.7</ele>
    <time>2012-04-21T14:34:25Z</time>
   </trkpt>
   <trkpt lat="37.4031100" lon="-113.1402720">
    <ele>1736.1</ele>
    <time>2012-04-21T14:34:30Z</time>
   </trkpt>
   <trkpt lat="37.4031020" lon="-113.1401630">
    <ele>1734.7</ele>
    <time>2012-04-21T14:34:36Z</time>
   </trkpt>
   <trkpt lat="37.4030980" lon="-113.1401500">
    <ele>1734.5</ele>
    <time>2012-04-21T14:34:37Z</time>
   </trkpt>
   <trkpt lat="37.4031030" lon="-113.1400660">
    <ele>1733.5</ele>
    <time>2012-04-21T14:34:42Z</time>
   </trkpt>
   <trkpt lat="37.4030970" lon="-113.1400240">
    <ele>1733.2</ele>
    <time>2012-04-21T14:34:44Z</time>
   </trkpt>
   <trkpt lat="37.4030940" lon="-113.1399890">
    <ele>1733.1</ele>
    <time>2012-04-21T14:34:50Z</time>
   </trkpt>
   <trkpt lat="37.4030870" lon="-113.1399950">
    <ele>1733.1</ele>
    <time>2012-04-21T14:34:58Z</time>
   </trkpt>
   <trkpt lat="37.4030960" lon="-113.1399690">
    <ele>1733.0</ele>
    <time>2012-04-21T14:35:05Z</time>
   </trkpt>
   <trkpt lat="37.4030550" lon="-113.1398980">
    <ele>1733.0</ele>
    <time>2012-04-21T14:35:10Z</time>
   </trkpt>
   <trkpt lat="37.4030450" lon="-113.1398720">
    <ele>1732.9</ele>
    <time>2012-04-21T14:35:13Z</time>
   </trkpt>
   <trkpt lat="37.4030370" lon="-113.1398510">
    <ele>1733.0</ele>
    <time>2012-04-21T14:35:15Z</time>
   </trkpt>
   <trkpt lat="37.4030260" lon="-113.1398020">
    <ele>1733.1</ele>
    <time>2012-04-21T14:35:19Z</time>
   </trkpt>
   <trkpt lat="37.4029840" lon="-113.1397010">
    <ele>1733.6</ele>
    <time>2012-04-21T14:35:26Z</time>
   </trkpt>
   <trkpt lat="37.4029520" lon="-113.1396010">
    <ele>1734.4</ele>
    <time>2012-04-21T14:35:32Z</time>
   </trkpt>
   <trkpt lat="37.4029100" lon="-113.1394810">
    <ele>1734.9</ele>
    <time>2012-04-21T14:35:40Z</time>
   </trkpt>
   <trkpt lat="37.4028700" lon="-113.1393890">
    <ele>1735.3</ele>
    <time>2012-04-21T14:35:48Z</time>
   </trkpt>
   <trkpt lat="37.4028200" lon="-113.1392960">
    <ele>1735.7</ele>
    <time>2012-04-21T14:35:58Z</time>
   </trkpt>
   <trkpt lat="37.4027600" lon="-113.1392020">
    <ele>1736.0</ele>
    <time>2012-04-21T14:36:06Z</time>
   </trkpt>
   <trkpt lat="37.4026930" lon="-113.1390940">
    <ele>1736.4</ele>
    <time>2012-04-21T14:36:12Z</time>
   </trkpt>
   <trkpt lat="37.4026780" lon="-113.1390800">
    <ele>1736.4</ele>
    <time>2012-04-21T14:36:13Z</time>
   </trkpt>
   <trkpt lat="37.4026040" lon="-113.1389680">
    <ele>1736.6</ele>
    <time>2012-04-21T14:36:20Z</time>
   </trkpt>
   <trkpt lat="37.4025390" lon="-113.1389040">
    <ele>1736.8</ele>
    <time>2012-04-21T14:36:25Z</time>
   </trkpt>
   <trkpt lat="37.4024030" lon="-113.1388120">
    <ele>1737.2</ele>
    <time>2012-04-21T14:36:31Z</time>
   </trkpt>
   <trkpt lat="37.4023510" lon="-113.1387360">
    <ele>1737.5</ele>
    <time>2012-04-21T14:36:34Z</time>
   </trkpt>
   <trkpt lat="37.4022410" lon="-113.1386390">
    <ele>1738.1</ele>
    <time>2012-04-21T14:36:40Z</time>
   </trkpt>
   <trkpt lat="37.4021310" lon="-113.1385850">
    <ele>1738.6</ele>
    <time>2012-04-21T14:36:45Z</time>
   </trkpt>
   <trkpt lat="37.4020820" lon="-113.1385360">
    <ele>1738.9</ele>
    <time>2012-04-21T14:36:47Z</time>
   </trkpt>
   <trkpt lat="37.4019620" lon="-113.1384660">
    <ele>1739.4</ele>
    <time>2012-04-21T14:36:52Z</time>
   </trkpt>
   <trkpt lat="37.4019010" lon="-113.1384270">
    <ele>1739.7</ele>
    <time>2012-04-21T14:36:55Z</time>
   </trkpt>
   <trkpt lat="37.4018160" lon="-113.1383200">
    <ele>1740.6</ele>
    <time>2012-04-21T14:37:01Z</time>
   </trkpt>
   <trkpt lat="37.4016940" lon="-113.1382690">
    <ele>1741.2</ele>
    <time>2012-04-21T14:37:06Z</time>
   </trkpt>
   <trkpt lat="37.4016040" lon="-113.1382180">
    <ele>1741.8</ele>
    <time>2012-04-21T14:37:10Z</time>
   </trkpt>
   <trkpt lat="37.4014850" lon="-113.1381450">
    <ele>1742.7</ele>
    <time>2012-04-21T14:37:15Z</time>
   </trkpt>
   <trkpt lat="37.4013710" lon="-113.1381050">
    <ele>1743.3</ele>
    <time>2012-04-21T14:37:20Z</time>
   </trkpt>
   <trkpt lat="37.4012970" lon="-113.1380890">
    <ele>1743.7</ele>
    <time>2012-04-21T14:37:23Z</time>
   </trkpt>
   <trkpt lat="37.4012320" lon="-113.1380440">
    <ele>1744.3</ele>
    <time>2012-04-21T14:37:26Z</time>
   </trkpt>
   <trkpt lat="37.4011410" lon="-113.1380450">
    <ele>1744.4</ele>
    <time>2012-04-21T14:37:30Z</time>
   </trkpt>
   <trkpt lat="37.4009590" lon="-113.1380560">
    <ele>1744.6</ele>
    <time>2012-04-21T14:37:37Z</time>
   </trkpt>
   <trkpt lat="37.4009350" lon="-113.1380550">
    <ele>1744.6</ele>
    <time>2012-04-21T14:37:38Z</time>
   </trkpt>
   <trkpt lat="37.4008040" lon="-113.1381250">
    <ele>1743.8</ele>
    <time>2012-04-21T14:37:44Z</time>
   </trkpt>
   <trkpt lat="37.4006440" lon="-113.1381410">
    <ele>1743.5</ele>
    <time>2012-04-21T14:37:51Z</time>
   </trkpt>
   <trkpt lat="37.4006190" lon="-113.1381430">
    <ele>1743.4</ele>
    <time>2012-04-21T14:37:52Z</time>
   </trkpt>
   <trkpt lat="37.4005240" lon="-113.1381680">
    <ele>1743.0</ele>
    <time>2012-04-21T14:37:56Z</time>
   </trkpt>
   <trkpt lat="37.4004120" lon="-113.1382050">
    <ele>1742.5</ele>
    <time>2012-04-21T14:38:01Z</time>
   </trkpt>
   <trkpt lat="37.4002970" lon="-113.1381960">
    <ele>1742.3</ele>
    <time>2012-04-21T14:38:06Z</time>
   </trkpt>
   <trkpt lat="37.4001990" lon="-113.1381450">
    <ele>1742.7</ele>
    <time>2012-04-21T14:38:11Z</time>
   </trkpt>
   <trkpt lat="37.4001450" lon="-113.1380910">
    <ele>1743.0</ele>
    <time>2012-04-21T14:38:14Z</time>
   </trkpt>
   <trkpt lat="37.4000300" lon="-113.1380100">
    <ele>1743.3</ele>
    <time>2012-04-21T14:38:20Z</time>
   </trkpt>
   <trkpt lat="37.4000110" lon="-113.1379980">
    <ele>1743.4</ele>
    <time>2012-04-21T14:38:24Z</time>
   </trkpt>
   <trkpt lat="37.4000170" lon="-113.1379880">
    <ele>1743.5</ele>
    <time>2012-04-21T14:38:31Z</time>
   </trkpt>
   <trkpt lat="37.4000130" lon="-113.1379900">
    <ele>1743.5</ele>
    <time>2012-04-21T14:38:37Z</time>
   </trkpt>
   <trkpt lat="37.3999860" lon="-113.1379690">
    <ele>1743.6</ele>
    <time>2012-04-21T14:38:41Z</time>
   </trkpt>
   <trkpt lat="37.3999140" lon="-113.1379330">
    <ele>1743.6</ele>
    <time>2012-04-21T14:38:45Z</time>
   </trkpt>
   <trkpt lat="37.3998050" lon="-113.1378950">
    <ele>1743.5</ele>
    <time>2012-04-21T14:38:50Z</time>
   </trkpt>
   <trkpt lat="37.3996740" lon="-113.1378720">
    <ele>1743.1</ele>
    <time>2012-04-21T14:38:56Z</time>
   </trkpt>
   <trkpt lat="37.3995840" lon="-113.1378410">
    <ele>1742.9</ele>
    <time>2012-04-21T14:39:00Z</time>
   </trkpt>
   <trkpt lat="37.3994980" lon="-113.1377790">
    <ele>1743.0</ele>
    <time>2012-04-21T14:39:04Z</time>
   </trkpt>
   <trkpt lat="37.3993900" lon="-113.1377240">
    <ele>1742.8</ele>
    <time>2012-04-21T14:39:09Z</time>
   </trkpt>
   <trkpt lat="37.3992990" lon="-113.1377450">
    <ele>1742.3</ele>
    <time>2012-04-21T14:39:14Z</time>
   </trkpt>
   <trkpt lat="37.3991460" lon="-113.1377530">
    <ele>1741.8</ele>
    <time>2012-04-21T14:39:20Z</time>
   </trkpt>
   <trkpt lat="37.3990330" lon="-113.1377120">
    <ele>1741.6</ele>
    <time>2012-04-21T14:39:24Z</time>
   </trkpt>
   <trkpt lat="37.3989340" lon="-113.1376670">
    <ele>1741.4</ele>
    <time>2012-04-21T14:39:29Z</time>
   </trkpt>
   <trkpt lat="37.3988130" lon="-113.1376110">
    <ele>1741.1</ele>
    <time>2012-04-21T14:39:34Z</time>
   </trkpt>
   <trkpt lat="37.3987010" lon="-113.1375230">
    <ele>1740.8</ele>
    <time>2012-04-21T14:39:39Z</time>
   </trkpt>
   <trkpt lat="37.3986030" lon="-113.1374360">
    <ele>1740.6</ele>
    <time>2012-04-21T14:39:44Z</time>
   </trkpt>
   <trkpt lat="37.3985030" lon="-113.1373780">
    <ele>1740.1</ele>
    <time>2012-04-21T14:39:49Z</time>
   </trkpt>
   <trkpt lat="37.3983760" lon="-113.1373080">
    <ele>1739.4</ele>
    <time>2012-04-21T14:39:55Z</time>
   </trkpt>
   <trkpt lat="37.3982710" lon="-113.1372420">
    <ele>1739.1</ele>
    <time>2012-04-21T14:40:00Z</time>
   </trkpt>
   <trkpt lat="37.3981940" lon="-113.1371590">
    <ele>1739.0</ele>
    <time>2012-04-21T14:40:04Z</time>
   </trkpt>
   <trkpt lat="37.3980950" lon="-113.1370720">
    <ele>1739.1</ele>
    <time>2012-04-21T14:40:09Z</time>
   </trkpt>
   <trkpt lat="37.3979980" lon="-113.1369880">
    <ele>1739.3</ele>
    <time>2012-04-21T14:40:14Z</time>
   </trkpt>
   <trkpt lat="37.3979800" lon="-113.1369840">
    <ele>1739.4</ele>
    <time>2012-04-21T14:40:15Z</time>
   </trkpt>
   <trkpt lat="37.3979000" lon="-113.1370310">
    <ele>1739.4</ele>
    <time>2012-04-21T14:40:20Z</time>
   </trkpt>
   <trkpt lat="37.3977700" lon="-113.1369540">
    <ele>1739.5</ele>
    <time>2012-04-21T14:40:26Z</time>
   </trkpt>
   <trkpt lat="37.3976490" lon="-113.1368930">
    <ele>1739.6</ele>
    <time>2012-04-21T14:40:31Z</time>
   </trkpt>
   <trkpt lat="37.3975410" lon="-113.1368040">
    <ele>1739.7</ele>
    <time>2012-04-21T14:40:36Z</time>
   </trkpt>
   <trkpt lat="37.3974590" lon="-113.1367400">
    <ele>1740.0</ele>
    <time>2012-04-21T14:40:40Z</time>
   </trkpt>
   <trkpt lat="37.3974060" lon="-113.1366920">
    <ele>1740.3</ele>
    <time>2012-04-21T14:40:43Z</time>
   </trkpt>
   <trkpt lat="37.3973380" lon="-113.1366430">
    <ele>1740.5</ele>
    <time>2012-04-21T14:40:47Z</time>
   </trkpt>
   <trkpt lat="37.3972610" lon="-113.1366160">
    <ele>1740.8</ele>
    <time>2012-04-21T14:40:51Z</time>
   </trkpt>
   <trkpt lat="37.3971720" lon="-113.1365390">
    <ele>1741.3</ele>
    <time>2012-04-21T14:40:56Z</time>
   </trkpt>
   <trkpt lat="37.3970970" lon="-113.1364800">
    <ele>1741.7</ele>
    <time>2012-04-21T14:41:00Z</time>
   </trkpt>
   <trkpt lat="37.3970380" lon="-113.1364380">
    <ele>1741.8</ele>
    <time>2012-04-21T14:41:03Z</time>
   </trkpt>
   <trkpt lat="37.3969400" lon="-113.1363910">
    <ele>1742.3</ele>
    <time>2012-04-21T14:41:08Z</time>
   </trkpt>
   <trkpt lat="37.3968640" lon="-113.1363540">
    <ele>1742.6</ele>
    <time>2012-04-21T14:41:12Z</time>
   </trkpt>
   <trkpt lat="37.3967480" lon="-113.1362640">
    <ele>1742.9</ele>
    <time>2012-04-21T14:41:18Z</time>
   </trkpt>
   <trkpt lat="37.3966760" lon="-113.1362140">
    <ele>1743.0</ele>
    <time>2012-04-21T14:41:22Z</time>
   </trkpt>
   <trkpt lat="37.3965750" lon="-113.1361720">
    <ele>1743.4</ele>
    <time>2012-04-21T14:41:27Z</time>
   </trkpt>
   <trkpt lat="37.3964820" lon="-113.1361240">
    <ele>1743.6</ele>
    <time>2012-04-21T14:41:32Z</time>
   </trkpt>
   <trkpt lat="37.3963870" lon="-113.1360640">
    <ele>1743.8</ele>
    <time>2012-04-21T14:41:37Z</time>
   </trkpt>
   <trkpt lat="37.3962790" lon="-113.1359850">
    <ele>1743.9</ele>
    <time>2012-04-21T14:41:43Z</time>
   </trkpt>
   <trkpt lat="37.3961900" lon="-113.1359210">
    <ele>1743.9</ele>
    <time>2012-04-21T14:41:48Z</time>
   </trkpt>
   <trkpt lat="37.3960990" lon="-113.1358500">
    <ele>1743.9</ele>
    <time>2012-04-21T14:41:53Z</time>
   </trkpt>
   <trkpt lat="37.3959810" lon="-113.1357660">
    <ele>1743.8</ele>
    <time>2012-04-21T14:41:59Z</time>
   </trkpt>
   <trkpt lat="37.3958460" lon="-113.1356870">
    <ele>1743.7</ele>
    <time>2012-04-21T14:42:05Z</time>
   </trkpt>
   <trkpt lat="37.3957520" lon="-113.1356080">
    <ele>1743.4</ele>
    <time>2012-04-21T14:42:09Z</time>
   </trkpt>
   <trkpt lat="37.3956480" lon="-113.1356190">
    <ele>1743.5</ele>
    <time>2012-04-21T14:42:14Z</time>
   </trkpt>
   <trkpt lat="37.3956310" lon="-113.1356250">
    <ele>1743.6</ele>
    <time>2012-04-21T14:42:15Z</time>
   </trkpt>
   <trkpt lat="37.3955410" lon="-113.1355570">
    <ele>1743.3</ele>
    <time>2012-04-21T14:42:20Z</time>
   </trkpt>
   <trkpt lat="37.3954980" lon="-113.1355300">
    <ele>1743.1</ele>
    <time>2012-04-21T14:42:22Z</time>
   </trkpt>
   <trkpt lat="37.3954260" lon="-113.1354890">
    <ele>1743.0</ele>
    <time>2012-04-21T14:42:26Z</time>
   </trkpt>
   <trkpt lat="37.3954140" lon="-113.1354830">
    <ele>1743.0</ele>
    <time>2012-04-21T14:42:27Z</time>
   </trkpt>
   <trkpt lat="37.3953020" lon="-113.1355020">
    <ele>1743.1</ele>
    <time>2012-04-21T14:42:33Z</time>
   </trkpt>
   <trkpt lat="37.3952470" lon="-113.1355290">
    <ele>1743.1</ele>
    <time>2012-04-21T14:42:36Z</time>
   </trkpt>
   <trkpt lat="37.3951700" lon="-113.1355640">
    <ele>1743.2</ele>
    <time>2012-04-21T14:42:41Z</time>
   </trkpt>
   <trkpt lat="37.3951170" lon="-113.1355830">
    <ele>1743.3</ele>
    <time>2012-04-21T14:42:44Z</time>
   </trkpt>
   <trkpt lat="37.3950340" lon="-113.1355810">
    <ele>1743.4</ele>
    <time>2012-04-21T14:42:48Z</time>
   </trkpt>
   <trkpt lat="37.3949490" lon="-113.1355840">
    <ele>1743.6</ele>
    <time>2012-04-21T14:42:52Z</time>
   </trkpt>
   <trkpt lat="37.3947880" lon="-113.1356170">
    <ele>1743.8</ele>
    <time>2012-04-21T14:42:59Z</time>
   </trkpt>
   <trkpt lat="37.3947080" lon="-113.1356370">
    <ele>1743.9</ele>
    <time>2012-04-21T14:43:03Z</time>
   </trkpt>
   <trkpt lat="37.3945540" lon="-113.1356520">
    <ele>1744.4</ele>
    <time>2012-04-21T14:43:10Z</time>
   </trkpt>
   <trkpt lat="37.3944610" lon="-113.1356500">
    <ele>1744.9</ele>
    <time>2012-04-21T14:43:15Z</time>
   </trkpt>
   <trkpt lat="37.3943900" lon="-113.1356690">
    <ele>1745.1</ele>
    <time>2012-04-21T14:43:19Z</time>
   </trkpt>
   <trkpt lat="37.3942700" lon="-113.1356380">
    <ele>1745.6</ele>
    <time>2012-04-21T14:43:25Z</time>
   </trkpt>
   <trkpt lat="37.3941720" lon="-113.1356250">
    <ele>1745.8</ele>
    <time>2012-04-21T14:43:30Z</time>
   </trkpt>
   <trkpt lat="37.3940750" lon="-113.1356310">
    <ele>1746.0</ele>
    <time>2012-04-21T14:43:35Z</time>
   </trkpt>
   <trkpt lat="37.3939760" lon="-113.1356150">
    <ele>1746.1</ele>
    <time>2012-04-21T14:43:40Z</time>
   </trkpt>
   <trkpt lat="37.3939540" lon="-113.1356150">
    <ele>1746.1</ele>
    <time>2012-04-21T14:43:41Z</time>
   </trkpt>
   <trkpt lat="37.3938620" lon="-113.1356000">
    <ele>1746.1</ele>
    <time>2012-04-21T14:43:46Z</time>
   </trkpt>
   <trkpt lat="37.3938420" lon="-113.1355980">
    <ele>1746.1</ele>
    <time>2012-04-21T14:43:47Z</time>
   </trkpt>
   <trkpt lat="37.3937880" lon="-113.1356040">
    <ele>1746.0</ele>
    <time>2012-04-21T14:43:50Z</time>
   </trkpt>
   <trkpt lat="37.3937090" lon="-113.1355820">
    <ele>1746.0</ele>
    <time>2012-04-21T14:43:54Z</time>
   </trkpt>
   <trkpt lat="37.3936090" lon="-113.1355230">
    <ele>1746.0</ele>
    <time>2012-04-21T14:43:59Z</time>
   </trkpt>
   <trkpt lat="37.3935290" lon="-113.1354930">
    <ele>1745.8</ele>
    <time>2012-04-21T14:44:03Z</time>
   </trkpt>
   <trkpt lat="37.3934570" lon="-113.1353400">
    <ele>1746.1</ele>
    <time>2012-04-21T14:44:09Z</time>
   </trkpt>
   <trkpt lat="37.3933980" lon="-113.1352120">
    <ele>1746.2</ele>
    <time>2012-04-21T14:44:14Z</time>
   </trkpt>
   <trkpt lat="37.3933400" lon="-113.1351150">
    <ele>1746.2</ele>
    <time>2012-04-21T14:44:18Z</time>
   </trkpt>
   <trkpt lat="37.3932720" lon="-113.1349910">
    <ele>1746.3</ele>
    <time>2012-04-21T14:44:23Z</time>
   </trkpt>
   <trkpt lat="37.3931980" lon="-113.1348760">
    <ele>1746.2</ele>
    <time>2012-04-21T14:44:28Z</time>
   </trkpt>
   <trkpt lat="37.3931450" lon="-113.1347660">
    <ele>1746.4</ele>
    <time>2012-04-21T14:44:33Z</time>
   </trkpt>
   <trkpt lat="37.3930580" lon="-113.1346420">
    <ele>1746.6</ele>
    <time>2012-04-21T14:44:39Z</time>
   </trkpt>
   <trkpt lat="37.3929840" lon="-113.1345400">
    <ele>1746.7</ele>
    <time>2012-04-21T14:44:44Z</time>
   </trkpt>
   <trkpt lat="37.3928950" lon="-113.1344400">
    <ele>1746.8</ele>
    <time>2012-04-21T14:44:49Z</time>
   </trkpt>
   <trkpt lat="37.3928190" lon="-113.1343780">
    <ele>1747.0</ele>
    <time>2012-04-21T14:44:53Z</time>
   </trkpt>
   <trkpt lat="37.3927330" lon="-113.1343270">
    <ele>1747.1</ele>
    <time>2012-04-21T14:44:57Z</time>
   </trkpt>
   <trkpt lat="37.3926050" lon="-113.1342760">
    <ele>1747.2</ele>
    <time>2012-04-21T14:45:03Z</time>
   </trkpt>
   <trkpt lat="37.3924950" lon="-113.1342420">
    <ele>1747.3</ele>
    <time>2012-04-21T14:45:08Z</time>
   </trkpt>
   <trkpt lat="37.3923720" lon="-113.1341870">
    <ele>1747.4</ele>
    <time>2012-04-21T14:45:14Z</time>
   </trkpt>
   <trkpt lat="37.3922600" lon="-113.1341480">
    <ele>1747.5</ele>
    <time>2012-04-21T14:45:19Z</time>
   </trkpt>
   <trkpt lat="37.3921550" lon="-113.1341000">
    <ele>1747.7</ele>
    <time>2012-04-21T14:45:24Z</time>
   </trkpt>
   <trkpt lat="37.3920380" lon="-113.1340610">
    <ele>1747.8</ele>
    <time>2012-04-21T14:45:29Z</time>
   </trkpt>
   <trkpt lat="37.3919290" lon="-113.1340080">
    <ele>1747.8</ele>
    <time>2012-04-21T14:45:34Z</time>
   </trkpt>
   <trkpt lat="37.3918270" lon="-113.1339440">
    <ele>1747.9</ele>
    <time>2012-04-21T14:45:39Z</time>
   </trkpt>
   <trkpt lat="37.3916990" lon="-113.1338710">
    <ele>1748.0</ele>
    <time>2012-04-21T14:45:45Z</time>
   </trkpt>
   <trkpt lat="37.3916140" lon="-113.1338180">
    <ele>1748.1</ele>
    <time>2012-04-21T14:45:49Z</time>
   </trkpt>
   <trkpt lat="37.3915100" lon="-113.1337500">
    <ele>1748.2</ele>
    <time>2012-04-21T14:45:54Z</time>
   </trkpt>
   <trkpt lat="37.3914220" lon="-113.1336920">
    <ele>1748.2</ele>
    <time>2012-04-21T14:45:58Z</time>
   </trkpt>
   <trkpt lat="37.3913170" lon="-113.1336370">
    <ele>1748.3</ele>
    <time>2012-04-21T14:46:03Z</time>
   </trkpt>
   <trkpt lat="37.3912360" lon="-113.1335700">
    <ele>1748.5</ele>
    <time>2012-04-21T14:46:07Z</time>
   </trkpt>
   <trkpt lat="37.3911690" lon="-113.1334990">
    <ele>1748.7</ele>
    <time>2012-04-21T14:46:11Z</time>
   </trkpt>
   <trkpt lat="37.3910750" lon="-113.1334680">
    <ele>1749.0</ele>
    <time>2012-04-21T14:46:16Z</time>
   </trkpt>
   <trkpt lat="37.3910230" lon="-113.1334380">
    <ele>1749.2</ele>
    <time>2012-04-21T14:46:19Z</time>
   </trkpt>
   <trkpt lat="37.3909560" lon="-113.1334300">
    <ele>1749.7</ele>
    <time>2012-04-21T14:46:25Z</time>
   </trkpt>
   <trkpt lat="37.3909150" lon="-113.1334070">
    <ele>1749.9</ele>
    <time>2012-04-21T14:46:28Z</time>
   </trkpt>
   <trkpt lat="37.3908370" lon="-113.1333370">
    <ele>1750.0</ele>
    <time>2012-04-21T14:46:32Z</time>
   </trkpt>
   <trkpt lat="37.3907610" lon="-113.1332880">
    <ele>1750.3</ele>
    <time>2012-04-21T14:46:36Z</time>
   </trkpt>
   <trkpt lat="37.3906880" lon="-113.1332410">
    <ele>1750.5</ele>
    <time>2012-04-21T14:46:39Z</time>
   </trkpt>
   <trkpt lat="37.3905540" lon="-113.1331310">
    <ele>1750.6</ele>
    <time>2012-04-21T14:46:45Z</time>
   </trkpt>
   <trkpt lat="37.3904510" lon="-113.1330870">
    <ele>1750.9</ele>
    <time>2012-04-21T14:46:50Z</time>
   </trkpt>
   <trkpt lat="37.3903510" lon="-113.1330150">
    <ele>1750.9</ele>
    <time>2012-04-21T14:46:55Z</time>
   </trkpt>
   <trkpt lat="37.3902680" lon="-113.1329690">
    <ele>1750.9</ele>
    <time>2012-04-21T14:47:00Z</time>
   </trkpt>
   <trkpt lat="37.3902300" lon="-113.1329230">
    <ele>1750.8</ele>
    <time>2012-04-21T14:47:04Z</time>
   </trkpt>
   <trkpt lat="37.3901940" lon="-113.1328850">
    <ele>1750.7</ele>
    <time>2012-04-21T14:47:07Z</time>
   </trkpt>
   <trkpt lat="37.3901120" lon="-113.1328750">
    <ele>1750.9</ele>
    <time>2012-04-21T14:47:12Z</time>
   </trkpt>
   <trkpt lat="37.3900560" lon="-113.1328690">
    <ele>1751.0</ele>
    <time>2012-04-21T14:47:16Z</time>
   </trkpt>
   <trkpt lat="37.3900060" lon="-113.1328430">
    <ele>1751.0</ele>
    <time>2012-04-21T14:47:19Z</time>
   </trkpt>
   <trkpt lat="37.3899040" lon="-113.1328670">
    <ele>1751.2</ele>
    <time>2012-04-21T14:47:25Z</time>
   </trkpt>
   <trkpt lat="37.3898340" lon="-113.1328880">
    <ele>1751.3</ele>
    <time>2012-04-21T14:47:29Z</time>
   </trkpt>
   <trkpt lat="37.3897040" lon="-113.1328940">
    <ele>1751.3</ele>
    <time>2012-04-21T14:47:35Z</time>
   </trkpt>
   <trkpt lat="37.3895860" lon="-113.1329250">
    <ele>1751.1</ele>
    <time>2012-04-21T14:47:41Z</time>
   </trkpt>
   <trkpt lat="37.3895040" lon="-113.1329180">
    <ele>1751.1</ele>
    <time>2012-04-21T14:47:45Z</time>
   </trkpt>
   <trkpt lat="37.3894660" lon="-113.1329190">
    <ele>1751.1</ele>
    <time>2012-04-21T14:47:49Z</time>
   </trkpt>
   <trkpt lat="37.3894580" lon="-113.1329130">
    <ele>1751.1</ele>
    <time>2012-04-21T14:47:56Z</time>
   </trkpt>
   <trkpt lat="37.3893740" lon="-113.1328830">
    <ele>1751.3</ele>
    <time>2012-04-21T14:48:01Z</time>
   </trkpt>
   <trkpt lat="37.3892910" lon="-113.1328250">
    <ele>1751.6</ele>
    <time>2012-04-21T14:48:05Z</time>
   </trkpt>
   <trkpt lat="37.3892030" lon="-113.1327220">
    <ele>1751.4</ele>
    <time>2012-04-21T14:48:10Z</time>
   </trkpt>
   <trkpt lat="37.3890840" lon="-113.1326410">
    <ele>1751.4</ele>
    <time>2012-04-21T14:48:15Z</time>
   </trkpt>
   <trkpt lat="37.3889720" lon="-113.1325990">
    <ele>1751.5</ele>
    <time>2012-04-21T14:48:21Z</time>
   </trkpt>
   <trkpt lat="37.3888600" lon="-113.1325410">
    <ele>1751.6</ele>
    <time>2012-04-21T14:48:27Z</time>
   </trkpt>
   <trkpt lat="37.3887570" lon="-113.1324850">
    <ele>1751.5</ele>
    <time>2012-04-21T14:48:33Z</time>
   </trkpt>
   <trkpt lat="37.3886760" lon="-113.1323670">
    <ele>1751.5</ele>
    <time>2012-04-21T14:48:39Z</time>
   </trkpt>
   <trkpt lat="37.3886430" lon="-113.1323410">
    <ele>1751.6</ele>
    <time>2012-04-21T14:48:41Z</time>
   </trkpt>
   <trkpt lat="37.3885930" lon="-113.1322520">
    <ele>1752.2</ele>
    <time>2012-04-21T14:48:46Z</time>
   </trkpt>
   <trkpt lat="37.3885370" lon="-113.1321680">
    <ele>1753.0</ele>
    <time>2012-04-21T14:48:52Z</time>
   </trkpt>
   <trkpt lat="37.3884740" lon="-113.1321120">
    <ele>1753.6</ele>
    <time>2012-04-21T14:48:56Z</time>
   </trkpt>
   <trkpt lat="37.3883730" lon="-113.1320900">
    <ele>1753.7</ele>
    <time>2012-04-21T14:49:01Z</time>
   </trkpt>
   <trkpt lat="37.3882860" lon="-113.1320880">
    <ele>1753.7</ele>
    <time>2012-04-21T14:49:05Z</time>
   </trkpt>
   <trkpt lat="37.3881680" lon="-113.1320860">
    <ele>1753.6</ele>
    <time>2012-04-21T14:49:11Z</time>
   </trkpt>
   <trkpt lat="37.3881200" lon="-113.1320920">
    <ele>1753.5</ele>
    <time>2012-04-21T14:49:13Z</time>
   </trkpt>
   <trkpt lat="37.3880070" lon="-113.1320910">
    <ele>1753.3</ele>
    <time>2012-04-21T14:49:18Z</time>
   </trkpt>
   <trkpt lat="37.3879160" lon="-113.1321150">
    <ele>1753.1</ele>
    <time>2012-04-21T14:49:22Z</time>
   </trkpt>
   <trkpt lat="37.3878810" lon="-113.1321290">
    <ele>1753.0</ele>
    <time>2012-04-21T14:49:24Z</time>
   </trkpt>
   <trkpt lat="37.3878080" lon="-113.1320690">
    <ele>1753.2</ele>
    <time>2012-04-21T14:49:28Z</time>
   </trkpt>
   <trkpt lat="37.3876730" lon="-113.1319630">
    <ele>1753.6</ele>
    <time>2012-04-21T14:49:35Z</time>
   </trkpt>
   <trkpt lat="37.3875750" lon="-113.1318910">
    <ele>1753.9</ele>
    <time>2012-04-21T14:49:40Z</time>
   </trkpt>
   <trkpt lat="37.3874970" lon="-113.1318520">
    <ele>1754.1</ele>
    <time>2012-04-21T14:49:44Z</time>
   </trkpt>
   <trkpt lat="37.3874000" lon="-113.1318050">
    <ele>1754.4</ele>
    <time>2012-04-21T14:49:49Z</time>
   </trkpt>
   <trkpt lat="37.3873420" lon="-113.1317750">
    <ele>1754.7</ele>
    <time>2012-04-21T14:49:52Z</time>
   </trkpt>
   <trkpt lat="37.3872430" lon="-113.1317780">
    <ele>1754.0</ele>
    <time>2012-04-21T14:49:57Z</time>
   </trkpt>
   <trkpt lat="37.3871330" lon="-113.1317230">
    <ele>1753.8</ele>
    <time>2012-04-21T14:50:03Z</time>
   </trkpt>
   <trkpt lat="37.3871030" lon="-113.1316900">
    <ele>1753.9</ele>
    <time>2012-04-21T14:50:05Z</time>
   </trkpt>
   <trkpt lat="37.3870790" lon="-113.1316390">
    <ele>1754.0</ele>
    <time>2012-04-21T14:50:08Z</time>
   </trkpt>
   <trkpt lat="37.3870340" lon="-113.1315440">
    <ele>1755.5</ele>
    <time>2012-04-21T14:50:13Z</time>
   </trkpt>
   <trkpt lat="37.3870030" lon="-113.1314850">
    <ele>1755.6</ele>
    <time>2012-04-21T14:50:16Z</time>
   </trkpt>
   <trkpt lat="37.3869760" lon="-113.1314450">
    <ele>1755.0</ele>
    <time>2012-04-21T14:50:18Z</time>
   </trkpt>
   <trkpt lat="37.3868750" lon="-113.1313510">
    <ele>1754.4</ele>
    <time>2012-04-21T14:50:23Z</time>
   </trkpt>
   <trkpt lat="37.3868120" lon="-113.1312590">
    <ele>1754.7</ele>
    <time>2012-04-21T14:50:27Z</time>
   </trkpt>
   <trkpt lat="37.3867950" lon="-113.1312390">
    <ele>1754.8</ele>
    <time>2012-04-21T14:50:28Z</time>
   </trkpt>
   <trkpt lat="37.3866960" lon="-113.1311380">
    <ele>1754.9</ele>
    <time>2012-04-21T14:50:34Z</time>
   </trkpt>
   <trkpt lat="37.3866460" lon="-113.1310590">
    <ele>1755.0</ele>
    <time>2012-04-21T14:50:38Z</time>
   </trkpt>
   <trkpt lat="37.3865860" lon="-113.1309630">
    <ele>1755.2</ele>
    <time>2012-04-21T14:50:43Z</time>
   </trkpt>
   <trkpt lat="37.3865720" lon="-113.1309430">
    <ele>1755.3</ele>
    <time>2012-04-21T14:50:44Z</time>
   </trkpt>
   <trkpt lat="37.3865230" lon="-113.1308980">
    <ele>1755.2</ele>
    <time>2012-04-21T14:50:47Z</time>
   </trkpt>
   <trkpt lat="37.3864470" lon="-113.1308860">
    <ele>1754.8</ele>
    <time>2012-04-21T14:50:51Z</time>
   </trkpt>
   <trkpt lat="37.3863790" lon="-113.1308180">
    <ele>1754.9</ele>
    <time>2012-04-21T14:50:56Z</time>
   </trkpt>
   <trkpt lat="37.3863540" lon="-113.1307680">
    <ele>1755.0</ele>
    <time>2012-04-21T14:50:58Z</time>
   </trkpt>
   <trkpt lat="37.3862830" lon="-113.1306460">
    <ele>1755.3</ele>
    <time>2012-04-21T14:51:03Z</time>
   </trkpt>
   <trkpt lat="37.3862100" lon="-113.1305740">
    <ele>1755.3</ele>
    <time>2012-04-21T14:51:07Z</time>
   </trkpt>
   <trkpt lat="37.3860580" lon="-113.1304990">
    <ele>1755.6</ele>
    <time>2012-04-21T14:51:14Z</time>
   </trkpt>
   <trkpt lat="37.3860180" lon="-113.1304700">
    <ele>1756.0</ele>
    <time>2012-04-21T14:51:16Z</time>
   </trkpt>
   <trkpt lat="37.3859620" lon="-113.1304590">
    <ele>1756.6</ele>
    <time>2012-04-21T14:51:20Z</time>
   </trkpt>
   <trkpt lat="37.3859450" lon="-113.1305140">
    <ele>1756.9</ele>
    <time>2012-04-21T14:51:24Z</time>
   </trkpt>
   <trkpt lat="37.3859030" lon="-113.1305420">
    <ele>1757.4</ele>
    <time>2012-04-21T14:51:26Z</time>
   </trkpt>
   <trkpt lat="37.3858800" lon="-113.1306320">
    <ele>1757.3</ele>
    <time>2012-04-21T14:51:30Z</time>
   </trkpt>
   <trkpt lat="37.3857930" lon="-113.1306610">
    <ele>1756.8</ele>
    <time>2012-04-21T14:51:36Z</time>
   </trkpt>
   <trkpt lat="37.3857060" lon="-113.1306700">
    <ele>1756.5</ele>
    <time>2012-04-21T14:51:41Z</time>
   </trkpt>
   <trkpt lat="37.3856070" lon="-113.1306870">
    <ele>1756.1</ele>
    <time>2012-04-21T14:51:45Z</time>
   </trkpt>
   <trkpt lat="37.3854920" lon="-113.1306890">
    <ele>1755.9</ele>
    <time>2012-04-21T14:51:50Z</time>
   </trkpt>
   <trkpt lat="37.3853760" lon="-113.1306870">
    <ele>1755.8</ele>
    <time>2012-04-21T14:51:55Z</time>
   </trkpt>
   <trkpt lat="37.3852970" lon="-113.1306800">
    <ele>1755.8</ele>
    <time>2012-04-21T14:51:59Z</time>
   </trkpt>
   <trkpt lat="37.3851730" lon="-113.1306460">
    <ele>1755.8</ele>
    <time>2012-04-21T14:52:04Z</time>
   </trkpt>
   <trkpt lat="37.3850610" lon="-113.1306160">
    <ele>1755.8</ele>
    <time>2012-04-21T14:52:08Z</time>
   </trkpt>
   <trkpt lat="37.3850140" lon="-113.1306000">
    <ele>1755.9</ele>
    <time>2012-04-21T14:52:10Z</time>
   </trkpt>
   <trkpt lat="37.3849080" lon="-113.1305040">
    <ele>1756.1</ele>
    <time>2012-04-21T14:52:15Z</time>
   </trkpt>
   <trkpt lat="37.3847850" lon="-113.1303880">
    <ele>1756.3</ele>
    <time>2012-04-21T14:52:21Z</time>
   </trkpt>
   <trkpt lat="37.3846820" lon="-113.1303210">
    <ele>1756.3</ele>
    <time>2012-04-21T14:52:26Z</time>
   </trkpt>
   <trkpt lat="37.3845870" lon="-113.1302690">
    <ele>1756.6</ele>
    <time>2012-04-21T14:52:31Z</time>
   </trkpt>
   <trkpt lat="37.3845780" lon="-113.1302470">
    <ele>1756.8</ele>
    <time>2012-04-21T14:52:33Z</time>
   </trkpt>
   <trkpt lat="37.3846010" lon="-113.1302250">
    <ele>1756.9</ele>
    <time>2012-04-21T14:52:40Z</time>
   </trkpt>
   <trkpt lat="37.3845640" lon="-113.1302010">
    <ele>1757.3</ele>
    <time>2012-04-21T14:52:45Z</time>
   </trkpt>
   <trkpt lat="37.3844790" lon="-113.1301320">
    <ele>1758.3</ele>
    <time>2012-04-21T14:52:50Z</time>
   </trkpt>
   <trkpt lat="37.3844040" lon="-113.1300830">
    <ele>1759.1</ele>
    <time>2012-04-21T14:52:55Z</time>
   </trkpt>
   <trkpt lat="37.3843220" lon="-113.1300300">
    <ele>1759.7</ele>
    <time>2012-04-21T14:53:00Z</time>
   </trkpt>
   <trkpt lat="37.3842480" lon="-113.1299620">
    <ele>1760.9</ele>
    <time>2012-04-21T14:53:04Z</time>
   </trkpt>
   <trkpt lat="37.3841530" lon="-113.1298930">
    <ele>1762.5</ele>
    <time>2012-04-21T14:53:09Z</time>
   </trkpt>
   <trkpt lat="37.3840380" lon="-113.1298640">
    <ele>1763.8</ele>
    <time>2012-04-21T14:53:14Z</time>
   </trkpt>
   <trkpt lat="37.3839230" lon="-113.1298440">
    <ele>1764.8</ele>
    <time>2012-04-21T14:53:19Z</time>
   </trkpt>
   <trkpt lat="37.3838290" lon="-113.1298520">
    <ele>1765.4</ele>
    <time>2012-04-21T14:53:23Z</time>
   </trkpt>
   <trkpt lat="37.3837860" lon="-113.1298540">
    <ele>1765.2</ele>
    <time>2012-04-21T14:53:25Z</time>
   </trkpt>
   <trkpt lat="37.3836740" lon="-113.1298630">
    <ele>1766.2</ele>
    <time>2012-04-21T14:53:30Z</time>
   </trkpt>
   <trkpt lat="37.3836160" lon="-113.1298160">
    <ele>1767.0</ele>
    <time>2012-04-21T14:53:33Z</time>
   </trkpt>
   <trkpt lat="37.3834930" lon="-113.1297500">
    <ele>1768.6</ele>
    <time>2012-04-21T14:53:39Z</time>
   </trkpt>
   <trkpt lat="37.3834100" lon="-113.1297240">
    <ele>1769.8</ele>
    <time>2012-04-21T14:53:43Z</time>
   </trkpt>
   <trkpt lat="37.3832910" lon="-113.1296940">
    <ele>1770.8</ele>
    <time>2012-04-21T14:53:49Z</time>
   </trkpt>
   <trkpt lat="37.3831760" lon="-113.1296360">
    <ele>1771.1</ele>
    <time>2012-04-21T14:53:54Z</time>
   </trkpt>
   <trkpt lat="37.3831000" lon="-113.1295980">
    <ele>1771.5</ele>
    <time>2012-04-21T14:53:58Z</time>
   </trkpt>
   <trkpt lat="37.3829900" lon="-113.1295520">
    <ele>1771.8</ele>
    <time>2012-04-21T14:54:04Z</time>
   </trkpt>
   <trkpt lat="37.3829560" lon="-113.1295470">
    <ele>1772.1</ele>
    <time>2012-04-21T14:54:06Z</time>
   </trkpt>
   <trkpt lat="37.3828620" lon="-113.1295340">
    <ele>1773.1</ele>
    <time>2012-04-21T14:54:11Z</time>
   </trkpt>
   <trkpt lat="37.3828290" lon="-113.1295160">
    <ele>1773.1</ele>
    <time>2012-04-21T14:54:13Z</time>
   </trkpt>
   <trkpt lat="37.3827560" lon="-113.1294890">
    <ele>1773.4</ele>
    <time>2012-04-21T14:54:18Z</time>
   </trkpt>
   <trkpt lat="37.3827000" lon="-113.1294450">
    <ele>1773.2</ele>
    <time>2012-04-21T14:54:22Z</time>
   </trkpt>
   <trkpt lat="37.3826080" lon="-113.1293580">
    <ele>1772.4</ele>
    <time>2012-04-21T14:54:28Z</time>
   </trkpt>
   <trkpt lat="37.3825580" lon="-113.1292880">
    <ele>1771.3</ele>
    <time>2012-04-21T14:54:31Z</time>
   </trkpt>
   <trkpt lat="37.3824730" lon="-113.1291550">
    <ele>1769.1</ele>
    <time>2012-04-21T14:54:37Z</time>
   </trkpt>
   <trkpt lat="37.3823990" lon="-113.1290490">
    <ele>1768.0</ele>
    <time>2012-04-21T14:54:42Z</time>
   </trkpt>
   <trkpt lat="37.3823610" lon="-113.1289940">
    <ele>1767.6</ele>
    <time>2012-04-21T14:54:45Z</time>
   </trkpt>
   <trkpt lat="37.3823150" lon="-113.1288970">
    <ele>1767.0</ele>
    <time>2012-04-21T14:54:49Z</time>
   </trkpt>
   <trkpt lat="37.3822510" lon="-113.1288500">
    <ele>1766.8</ele>
    <time>2012-04-21T14:54:53Z</time>
   </trkpt>
   <trkpt lat="37.3821980" lon="-113.1288090">
    <ele>1767.1</ele>
    <time>2012-04-21T14:54:56Z</time>
   </trkpt>
   <trkpt lat="37.3820980" lon="-113.1287470">
    <ele>1767.6</ele>
    <time>2012-04-21T14:55:01Z</time>
   </trkpt>
   <trkpt lat="37.3819770" lon="-113.1286650">
    <ele>1767.9</ele>
    <time>2012-04-21T14:55:07Z</time>
   </trkpt>
   <trkpt lat="37.3818920" lon="-113.1285590">
    <ele>1768.3</ele>
    <time>2012-04-21T14:55:12Z</time>
   </trkpt>
   <trkpt lat="37.3818100" lon="-113.1284940">
    <ele>1768.4</ele>
    <time>2012-04-21T14:55:17Z</time>
   </trkpt>
   <trkpt lat="37.3817060" lon="-113.1284510">
    <ele>1768.9</ele>
    <time>2012-04-21T14:55:22Z</time>
   </trkpt>
   <trkpt lat="37.3815990" lon="-113.1284310">
    <ele>1769.4</ele>
    <time>2012-04-21T14:55:27Z</time>
   </trkpt>
   <trkpt lat="37.3814900" lon="-113.1284210">
    <ele>1769.5</ele>
    <time>2012-04-21T14:55:32Z</time>
   </trkpt>
   <trkpt lat="37.3813520" lon="-113.1283530">
    <ele>1768.3</ele>
    <time>2012-04-21T14:55:37Z</time>
   </trkpt>
   <trkpt lat="37.3812200" lon="-113.1282930">
    <ele>1768.0</ele>
    <time>2012-04-21T14:55:42Z</time>
   </trkpt>
   <trkpt lat="37.3810970" lon="-113.1282270">
    <ele>1768.0</ele>
    <time>2012-04-21T14:55:47Z</time>
   </trkpt>
   <trkpt lat="37.3810290" lon="-113.1282000">
    <ele>1768.0</ele>
    <time>2012-04-21T14:55:50Z</time>
   </trkpt>
   <trkpt lat="37.3809520" lon="-113.1281990">
    <ele>1768.0</ele>
    <time>2012-04-21T14:55:54Z</time>
   </trkpt>
   <trkpt lat="37.3808490" lon="-113.1281490">
    <ele>1768.0</ele>
    <time>2012-04-21T14:55:59Z</time>
   </trkpt>
   <trkpt lat="37.3807040" lon="-113.1280880">
    <ele>1768.3</ele>
    <time>2012-04-21T14:56:06Z</time>
   </trkpt>
   <trkpt lat="37.3805950" lon="-113.1280410">
    <ele>1769.0</ele>
    <time>2012-04-21T14:56:11Z</time>
   </trkpt>
   <trkpt lat="37.3805010" lon="-113.1279640">
    <ele>1769.6</ele>
    <time>2012-04-21T14:56:16Z</time>
   </trkpt>
   <trkpt lat="37.3804830" lon="-113.1279500">
    <ele>1769.7</ele>
    <time>2012-04-21T14:56:17Z</time>
   </trkpt>
   <trkpt lat="37.3803780" lon="-113.1279040">
    <ele>1770.0</ele>
    <time>2012-04-21T14:56:22Z</time>
   </trkpt>
   <trkpt lat="37.3803600" lon="-113.1278890">
    <ele>1770.0</ele>
    <time>2012-04-21T14:56:23Z</time>
   </trkpt>
   <trkpt lat="37.3802320" lon="-113.1278280">
    <ele>1770.0</ele>
    <time>2012-04-21T14:56:29Z</time>
   </trkpt>
   <trkpt lat="37.3800910" lon="-113.1277080">
    <ele>1770.2</ele>
    <time>2012-04-21T14:56:36Z</time>
   </trkpt>
   <trkpt lat="37.3799430" lon="-113.1275750">
    <ele>1771.0</ele>
    <time>2012-04-21T14:56:43Z</time>
   </trkpt>
   <trkpt lat="37.3798300" lon="-113.1275160">
    <ele>1771.1</ele>
    <time>2012-04-21T14:56:48Z</time>
   </trkpt>
   <trkpt lat="37.3797780" lon="-113.1274970">
    <ele>1771.0</ele>
    <time>2012-04-21T14:56:51Z</time>
   </trkpt>
   <trkpt lat="37.3797230" lon="-113.1274600">
    <ele>1771.1</ele>
    <time>2012-04-21T14:56:56Z</time>
   </trkpt>
   <trkpt lat="37.3797400" lon="-113.1273970">
    <ele>1771.6</ele>
    <time>2012-04-21T14:57:00Z</time>
   </trkpt>
   <trkpt lat="37.3797130" lon="-113.1273690">
    <ele>1771.8</ele>
    <time>2012-04-21T14:57:02Z</time>
   </trkpt>
   <trkpt lat="37.3795830" lon="-113.1273240">
    <ele>1771.9</ele>
    <time>2012-04-21T14:57:07Z</time>
   </trkpt>
   <trkpt lat="37.3794980" lon="-113.1272430">
    <ele>1772.4</ele>
    <time>2012-04-21T14:57:12Z</time>
   </trkpt>
   <trkpt lat="37.3794080" lon="-113.1271670">
    <ele>1772.8</ele>
    <time>2012-04-21T14:57:18Z</time>
   </trkpt>
   <trkpt lat="37.3794010" lon="-113.1271560">
    <ele>1772.8</ele>
    <time>2012-04-21T14:57:19Z</time>
   </trkpt>
   <trkpt lat="37.3793450" lon="-113.1271180">
    <ele>1773.1</ele>
    <time>2012-04-21T14:57:24Z</time>
   </trkpt>
   <trkpt lat="37.3792700" lon="-113.1270780">
    <ele>1773.7</ele>
    <time>2012-04-21T14:57:29Z</time>
   </trkpt>
   <trkpt lat="37.3791940" lon="-113.1270130">
    <ele>1774.3</ele>
    <time>2012-04-21T14:57:33Z</time>
   </trkpt>
   <trkpt lat="37.3791700" lon="-113.1269970">
    <ele>1774.5</ele>
    <time>2012-04-21T14:57:34Z</time>
   </trkpt>
   <trkpt lat="37.3790160" lon="-113.1269250">
    <ele>1774.9</ele>
    <time>2012-04-21T14:57:40Z</time>
   </trkpt>
   <trkpt lat="37.3789850" lon="-113.1269260">
    <ele>1774.7</ele>
    <time>2012-04-21T14:57:45Z</time>
   </trkpt>
   <trkpt lat="37.3789510" lon="-113.1268870">
    <ele>1775.0</ele>
    <time>2012-04-21T14:57:53Z</time>
   </trkpt>
   <trkpt lat="37.3789320" lon="-113.1268710">
    <ele>1775.0</ele>
    <time>2012-04-21T14:57:55Z</time>
   </trkpt>
   <trkpt lat="37.3788520" lon="-113.1267870">
    <ele>1775.4</ele>
    <time>2012-04-21T14:58:01Z</time>
   </trkpt>
   <trkpt lat="37.3788190" lon="-113.1267670">
    <ele>1775.3</ele>
    <time>2012-04-21T14:58:03Z</time>
   </trkpt>
   <trkpt lat="37.3787050" lon="-113.1266940">
    <ele>1775.6</ele>
    <time>2012-04-21T14:58:09Z</time>
   </trkpt>
   <trkpt lat="37.3785740" lon="-113.1266340">
    <ele>1776.1</ele>
    <time>2012-04-21T14:58:15Z</time>
   </trkpt>
   <trkpt lat="37.3784320" lon="-113.1266050">
    <ele>1775.5</ele>
    <time>2012-04-21T14:58:21Z</time>
   </trkpt>
   <trkpt lat="37.3783030" lon="-113.1265690">
    <ele>1775.1</ele>
    <time>2012-04-21T14:58:26Z</time>
   </trkpt>
   <trkpt lat="37.3781920" lon="-113.1265350">
    <ele>1775.3</ele>
    <time>2012-04-21T14:58:31Z</time>
   </trkpt>
   <trkpt lat="37.3781090" lon="-113.1265330">
    <ele>1775.1</ele>
    <time>2012-04-21T14:58:35Z</time>
   </trkpt>
   <trkpt lat="37.3780020" lon="-113.1265320">
    <ele>1775.2</ele>
    <time>2012-04-21T14:58:40Z</time>
   </trkpt>
   <trkpt lat="37.3778930" lon="-113.1264980">
    <ele>1776.2</ele>
    <time>2012-04-21T14:58:45Z</time>
   </trkpt>
   <trkpt lat="37.3777890" lon="-113.1265030">
    <ele>1776.4</ele>
    <time>2012-04-21T14:58:50Z</time>
   </trkpt>
   <trkpt lat="37.3777090" lon="-113.1265440">
    <ele>1776.2</ele>
    <time>2012-04-21T14:58:54Z</time>
   </trkpt>
   <trkpt lat="37.3776900" lon="-113.1265530">
    <ele>1776.4</ele>
    <time>2012-04-21T14:58:55Z</time>
   </trkpt>
   <trkpt lat="37.3775470" lon="-113.1265490">
    <ele>1776.7</ele>
    <time>2012-04-21T14:59:01Z</time>
   </trkpt>
   <trkpt lat="37.3774370" lon="-113.1265450">
    <ele>1777.0</ele>
    <time>2012-04-21T14:59:06Z</time>
   </trkpt>
   <trkpt lat="37.3773980" lon="-113.1265420">
    <ele>1777.5</ele>
    <time>2012-04-21T14:59:08Z</time>
   </trkpt>
   <trkpt lat="37.3772980" lon="-113.1265180">
    <ele>1779.4</ele>
    <time>2012-04-21T14:59:14Z</time>
   </trkpt>
   <trkpt lat="37.3772820" lon="-113.1265150">
    <ele>1779.7</ele>
    <time>2012-04-21T14:59:15Z</time>
   </trkpt>
   <trkpt lat="37.3771590" lon="-113.1264980">
    <ele>1780.5</ele>
    <time>2012-04-21T14:59:22Z</time>
   </trkpt>
   <trkpt lat="37.3771290" lon="-113.1264980">
    <ele>1780.5</ele>
    <time>2012-04-21T14:59:24Z</time>
   </trkpt>
   <trkpt lat="37.3770660" lon="-113.1264580">
    <ele>1781.5</ele>
    <time>2012-04-21T14:59:28Z</time>
   </trkpt>
   <trkpt lat="37.3769410" lon="-113.1264300">
    <ele>1781.7</ele>
    <time>2012-04-21T14:59:35Z</time>
   </trkpt>
   <trkpt lat="37.3769250" lon="-113.1264190">
    <ele>1781.7</ele>
    <time>2012-04-21T14:59:36Z</time>
   </trkpt>
   <trkpt lat="37.3768590" lon="-113.1263760">
    <ele>1781.8</ele>
    <time>2012-04-21T14:59:40Z</time>
   </trkpt>
   <trkpt lat="37.3767630" lon="-113.1264440">
    <ele>1779.1</ele>
    <time>2012-04-21T14:59:46Z</time>
   </trkpt>
   <trkpt lat="37.3767070" lon="-113.1265270">
    <ele>1776.1</ele>
    <time>2012-04-21T14:59:51Z</time>
   </trkpt>
   <trkpt lat="37.3766820" lon="-113.1265510">
    <ele>1776.6</ele>
    <time>2012-04-21T14:59:55Z</time>
   </trkpt>
   <trkpt lat="37.3765810" lon="-113.1265100">
    <ele>1776.1</ele>
    <time>2012-04-21T15:00:01Z</time>
   </trkpt>
   <trkpt lat="37.3764560" lon="-113.1264730">
    <ele>1776.2</ele>
    <time>2012-04-21T15:00:07Z</time>
   </trkpt>
   <trkpt lat="37.3763590" lon="-113.1264350">
    <ele>1775.4</ele>
    <time>2012-04-21T15:00:12Z</time>
   </trkpt>
   <trkpt lat="37.3762830" lon="-113.1263980">
    <ele>1775.8</ele>
    <time>2012-04-21T15:00:15Z</time>
   </trkpt>
   <trkpt lat="37.3761650" lon="-113.1263470">
    <ele>1775.5</ele>
    <time>2012-04-21T15:00:20Z</time>
   </trkpt>
   <trkpt lat="37.3760960" lon="-113.1263210">
    <ele>1775.5</ele>
    <time>2012-04-21T15:00:23Z</time>
   </trkpt>
   <trkpt lat="37.3759960" lon="-113.1262570">
    <ele>1774.8</ele>
    <time>2012-04-21T15:00:28Z</time>
   </trkpt>
   <trkpt lat="37.3759360" lon="-113.1262010">
    <ele>1775.7</ele>
    <time>2012-04-21T15:00:32Z</time>
   </trkpt>
   <trkpt lat="37.3758520" lon="-113.1261070">
    <ele>1776.8</ele>
    <time>2012-04-21T15:00:38Z</time>
   </trkpt>
   <trkpt lat="37.3757740" lon="-113.1260060">
    <ele>1776.4</ele>
    <time>2012-04-21T15:00:43Z</time>
   </trkpt>
   <trkpt lat="37.3756720" lon="-113.1259010">
    <ele>1776.1</ele>
    <time>2012-04-21T15:00:49Z</time>
   </trkpt>
   <trkpt lat="37.3756090" lon="-113.1258550">
    <ele>1775.5</ele>
    <time>2012-04-21T15:00:52Z</time>
   </trkpt>
   <trkpt lat="37.3755620" lon="-113.1257630">
    <ele>1776.0</ele>
    <time>2012-04-21T15:00:56Z</time>
   </trkpt>
   <trkpt lat="37.3754470" lon="-113.1256660">
    <ele>1776.3</ele>
    <time>2012-04-21T15:01:02Z</time>
   </trkpt>
   <trkpt lat="37.3752930" lon="-113.1256000">
    <ele>1779.9</ele>
    <time>2012-04-21T15:01:09Z</time>
   </trkpt>
   <trkpt lat="37.3751480" lon="-113.1254910">
    <ele>1784.2</ele>
    <time>2012-04-21T15:01:16Z</time>
   </trkpt>
   <trkpt lat="37.3750750" lon="-113.1254190">
    <ele>1784.7</ele>
    <time>2012-04-21T15:01:20Z</time>
   </trkpt>
   <trkpt lat="37.3749800" lon="-113.1253370">
    <ele>1784.9</ele>
    <time>2012-04-21T15:01:25Z</time>
   </trkpt>
   <trkpt lat="37.3748850" lon="-113.1252690">
    <ele>1784.6</ele>
    <time>2012-04-21T15:01:30Z</time>
   </trkpt>
   <trkpt lat="37.3748060" lon="-113.1252140">
    <ele>1783.7</ele>
    <time>2012-04-21T15:01:34Z</time>
   </trkpt>
   <trkpt lat="37.3746820" lon="-113.1251610">
    <ele>1782.7</ele>
    <time>2012-04-21T15:01:40Z</time>
   </trkpt>
   <trkpt lat="37.3745680" lon="-113.1250900">
    <ele>1783.0</ele>
    <time>2012-04-21T15:01:45Z</time>
   </trkpt>
   <trkpt lat="37.3744670" lon="-113.1250010">
    <ele>1783.4</ele>
    <time>2012-04-21T15:01:51Z</time>
   </trkpt>
   <trkpt lat="37.3743900" lon="-113.1249520">
    <ele>1783.6</ele>
    <time>2012-04-21T15:01:56Z</time>
   </trkpt>
   <trkpt lat="37.3742580" lon="-113.1248950">
    <ele>1783.2</ele>
    <time>2012-04-21T15:02:03Z</time>
   </trkpt>
   <trkpt lat="37.3741680" lon="-113.1248390">
    <ele>1783.4</ele>
    <time>2012-04-21T15:02:08Z</time>
   </trkpt>
   <trkpt lat="37.3740800" lon="-113.1247630">
    <ele>1783.9</ele>
    <time>2012-04-21T15:02:14Z</time>
   </trkpt>
   <trkpt lat="37.3740100" lon="-113.1246920">
    <ele>1784.4</ele>
    <time>2012-04-21T15:02:19Z</time>
   </trkpt>
   <trkpt lat="37.3739390" lon="-113.1246290">
    <ele>1784.6</ele>
    <time>2012-04-21T15:02:24Z</time>
   </trkpt>
   <trkpt lat="37.3738630" lon="-113.1245630">
    <ele>1784.5</ele>
    <time>2012-04-21T15:02:29Z</time>
   </trkpt>
   <trkpt lat="37.3737560" lon="-113.1245080">
    <ele>1784.2</ele>
    <time>2012-04-21T15:02:34Z</time>
   </trkpt>
   <trkpt lat="37.3736260" lon="-113.1244570">
    <ele>1783.2</ele>
    <time>2012-04-21T15:02:40Z</time>
   </trkpt>
   <trkpt lat="37.3735170" lon="-113.1244410">
    <ele>1782.5</ele>
    <time>2012-04-21T15:02:45Z</time>
   </trkpt>
   <trkpt lat="37.3734940" lon="-113.1244290">
    <ele>1782.4</ele>
    <time>2012-04-21T15:02:46Z</time>
   </trkpt>
   <trkpt lat="37.3734320" lon="-113.1243220">
    <ele>1782.1</ele>
    <time>2012-04-21T15:02:51Z</time>
   </trkpt>
   <trkpt lat="37.3733260" lon="-113.1242300">
    <ele>1782.0</ele>
    <time>2012-04-21T15:02:58Z</time>
   </trkpt>
   <trkpt lat="37.3732400" lon="-113.1241670">
    <ele>1781.9</ele>
    <time>2012-04-21T15:03:03Z</time>
   </trkpt>
   <trkpt lat="37.3731470" lon="-113.1241050">
    <ele>1781.8</ele>
    <time>2012-04-21T15:03:08Z</time>
   </trkpt>
   <trkpt lat="37.3730470" lon="-113.1240420">
    <ele>1781.7</ele>
    <time>2012-04-21T15:03:14Z</time>
   </trkpt>
   <trkpt lat="37.3729520" lon="-113.1240020">
    <ele>1781.7</ele>
    <time>2012-04-21T15:03:19Z</time>
   </trkpt>
   <trkpt lat="37.3728340" lon="-113.1239100">
    <ele>1781.4</ele>
    <time>2012-04-21T15:03:25Z</time>
   </trkpt>
   <trkpt lat="37.3727620" lon="-113.1238780">
    <ele>1781.2</ele>
    <time>2012-04-21T15:03:29Z</time>
   </trkpt>
   <trkpt lat="37.3726420" lon="-113.1238320">
    <ele>1781.0</ele>
    <time>2012-04-21T15:03:35Z</time>
   </trkpt>
   <trkpt lat="37.3725940" lon="-113.1238120">
    <ele>1781.4</ele>
    <time>2012-04-21T15:03:38Z</time>
   </trkpt>
   <trkpt lat="37.3724820" lon="-113.1237990">
    <ele>1782.9</ele>
    <time>2012-04-21T15:03:45Z</time>
   </trkpt>
   <trkpt lat="37.3723980" lon="-113.1237870">
    <ele>1785.0</ele>
    <time>2012-04-21T15:03:51Z</time>
   </trkpt>
   <trkpt lat="37.3723790" lon="-113.1237860">
    <ele>1785.6</ele>
    <time>2012-04-21T15:03:53Z</time>
   </trkpt>
   <trkpt lat="37.3723180" lon="-113.1237440">
    <ele>1788.3</ele>
    <time>2012-04-21T15:03:58Z</time>
   </trkpt>
   <trkpt lat="37.3722610" lon="-113.1237070">
    <ele>1790.5</ele>
    <time>2012-04-21T15:04:05Z</time>
   </trkpt>
   <trkpt lat="37.3721910" lon="-113.1236560">
    <ele>1792.6</ele>
    <time>2012-04-21T15:04:14Z</time>
   </trkpt>
   <trkpt lat="37.3721310" lon="-113.1236120">
    <ele>1793.9</ele>
    <time>2012-04-21T15:04:22Z</time>
   </trkpt>
   <trkpt lat="37.3720750" lon="-113.1235810">
    <ele>1794.9</ele>
    <time>2012-04-21T15:04:29Z</time>
   </trkpt>
   <trkpt lat="37.3720040" lon="-113.1235840">
    <ele>1798.1</ele>
    <time>2012-04-21T15:04:36Z</time>
   </trkpt>
   <trkpt lat="37.3719940" lon="-113.1235860">
    <ele>1798.6</ele>
    <time>2012-04-21T15:04:37Z</time>
   </trkpt>
   <trkpt lat="37.3719580" lon="-113.1235740">
    <ele>1799.3</ele>
    <time>2012-04-21T15:04:41Z</time>
   </trkpt>
   <trkpt lat="37.3718370" lon="-113.1235180">
    <ele>1800.7</ele>
    <time>2012-04-21T15:04:51Z</time>
   </trkpt>
   <trkpt lat="37.3717710" lon="-113.1235150">
    <ele>1802.4</ele>
    <time>2012-04-21T15:04:58Z</time>
   </trkpt>
   <trkpt lat="37.3717160" lon="-113.1234940">
    <ele>1803.4</ele>
    <time>2012-04-21T15:05:04Z</time>
   </trkpt>
   <trkpt lat="37.3716980" lon="-113.1234810">
    <ele>1803.6</ele>
    <time>2012-04-21T15:05:08Z</time>
   </trkpt>
   <trkpt lat="37.3716390" lon="-113.1234570">
    <ele>1805.1</ele>
    <time>2012-04-21T15:05:14Z</time>
   </trkpt>
   <trkpt lat="37.3716140" lon="-113.1234510">
    <ele>1805.8</ele>
    <time>2012-04-21T15:05:16Z</time>
   </trkpt>
   <trkpt lat="37.3715830" lon="-113.1234630">
    <ele>1806.7</ele>
    <time>2012-04-21T15:05:20Z</time>
   </trkpt>
   <trkpt lat="37.3715300" lon="-113.1234840">
    <ele>1808.1</ele>
    <time>2012-04-21T15:05:27Z</time>
   </trkpt>
   <trkpt lat="37.3715280" lon="-113.1235440">
    <ele>1808.6</ele>
    <time>2012-04-21T15:05:32Z</time>
   </trkpt>
   <trkpt lat="37.3715390" lon="-113.1235630">
    <ele>1808.5</ele>
    <time>2012-04-21T15:05:34Z</time>
   </trkpt>
   <trkpt lat="37.3715780" lon="-113.1236170">
    <ele>1808.1</ele>
    <time>2012-04-21T15:05:39Z</time>
   </trkpt>
   <trkpt lat="37.3716410" lon="-113.1236980">
    <ele>1808.1</ele>
    <time>2012-04-21T15:05:47Z</time>
   </trkpt>
   <trkpt lat="37.3716750" lon="-113.1237280">
    <ele>1808.1</ele>
    <time>2012-04-21T15:05:51Z</time>
   </trkpt>
   <trkpt lat="37.3717120" lon="-113.1238400">
    <ele>1809.2</ele>
    <time>2012-04-21T15:06:00Z</time>
   </trkpt>
   <trkpt lat="37.3716580" lon="-113.1238630">
    <ele>1809.8</ele>
    <time>2012-04-21T15:06:06Z</time>
   </trkpt>
   <trkpt lat="37.3715560" lon="-113.1237950">
    <ele>1810.4</ele>
    <time>2012-04-21T15:06:15Z</time>
   </trkpt>
   <trkpt lat="37.3715030" lon="-113.1237540">
    <ele>1811.0</ele>
    <time>2012-04-21T15:06:20Z</time>
   </trkpt>
   <trkpt lat="37.3714110" lon="-113.1237050">
    <ele>1813.1</ele>
    <time>2012-04-21T15:06:27Z</time>
   </trkpt>
   <trkpt lat="37.3713340" lon="-113.1236720">
    <ele>1815.4</ele>
    <time>2012-04-21T15:06:33Z</time>
   </trkpt>
   <trkpt lat="37.3712600" lon="-113.1236410">
    <ele>1817.8</ele>
    <time>2012-04-21T15:06:39Z</time>
   </trkpt>
   <trkpt lat="37.3712340" lon="-113.1236170">
    <ele>1818.9</ele>
    <time>2012-04-21T15:06:42Z</time>
   </trkpt>
   <trkpt lat="37.3711910" lon="-113.1235760">
    <ele>1820.8</ele>
    <time>2012-04-21T15:06:48Z</time>
   </trkpt>
   <trkpt lat="37.3711660" lon="-113.1235340">
    <ele>1822.3</ele>
    <time>2012-04-21T15:06:52Z</time>
   </trkpt>
   <trkpt lat="37.3711370" lon="-113.1234920">
    <ele>1823.7</ele>
    <time>2012-04-21T15:06:57Z</time>
   </trkpt>
   <trkpt lat="37.3710800" lon="-113.1234350">
    <ele>1826.3</ele>
    <time>2012-04-21T15:07:04Z</time>
   </trkpt>
   <trkpt lat="37.3710240" lon="-113.1233480">
    <ele>1829.1</ele>
    <time>2012-04-21T15:07:13Z</time>
   </trkpt>
   <trkpt lat="37.3709860" lon="-113.1233010">
    <ele>1830.5</ele>
    <time>2012-04-21T15:07:20Z</time>
   </trkpt>
   <trkpt lat="37.3709250" lon="-113.1232490">
    <ele>1832.0</ele>
    <time>2012-04-21T15:07:26Z</time>
   </trkpt>
   <trkpt lat="37.3709160" lon="-113.1232410">
    <ele>1832.3</ele>
    <time>2012-04-21T15:07:27Z</time>
   </trkpt>
   <trkpt lat="37.3708660" lon="-113.1231690">
    <ele>1833.8</ele>
    <time>2012-04-21T15:07:35Z</time>
   </trkpt>
   <trkpt lat="37.3708430" lon="-113.1231270">
    <ele>1834.6</ele>
    <time>2012-04-21T15:07:39Z</time>
   </trkpt>
   <trkpt lat="37.3707930" lon="-113.1230610">
    <ele>1835.7</ele>
    <time>2012-04-21T15:07:47Z</time>
   </trkpt>
   <trkpt lat="37.3707260" lon="-113.1229880">
    <ele>1836.7</ele>
    <time>2012-04-21T15:07:55Z</time>
   </trkpt>
   <trkpt lat="37.3707110" lon="-113.1229720">
    <ele>1836.9</ele>
    <time>2012-04-21T15:07:57Z</time>
   </trkpt>
   <trkpt lat="37.3706390" lon="-113.1229290">
    <ele>1838.3</ele>
    <time>2012-04-21T15:08:06Z</time>
   </trkpt>
   <trkpt lat="37.3705750" lon="-113.1229540">
    <ele>1840.1</ele>
    <time>2012-04-21T15:08:13Z</time>
   </trkpt>
   <trkpt lat="37.3705680" lon="-113.1229690">
    <ele>1840.4</ele>
    <time>2012-04-21T15:08:14Z</time>
   </trkpt>
   <trkpt lat="37.3705280" lon="-113.1230300">
    <ele>1841.8</ele>
    <time>2012-04-21T15:08:19Z</time>
   </trkpt>
   <trkpt lat="37.3704130" lon="-113.1231200">
    <ele>1845.6</ele>
    <time>2012-04-21T15:08:29Z</time>
   </trkpt>
   <trkpt lat="37.3703490" lon="-113.1231460">
    <ele>1847.6</ele>
    <time>2012-04-21T15:08:35Z</time>
   </trkpt>
   <trkpt lat="37.3703280" lon="-113.1231590">
    <ele>1848.3</ele>
    <time>2012-04-21T15:08:37Z</time>
   </trkpt>
   <trkpt lat="37.3702360" lon="-113.1231950">
    <ele>1851.0</ele>
    <time>2012-04-21T15:08:46Z</time>
   </trkpt>
   <trkpt lat="37.3701670" lon="-113.1232590">
    <ele>1853.6</ele>
    <time>2012-04-21T15:08:54Z</time>
   </trkpt>
   <trkpt lat="37.3701340" lon="-113.1233080">
    <ele>1854.7</ele>
    <time>2012-04-21T15:08:58Z</time>
   </trkpt>
   <trkpt lat="37.3700690" lon="-113.1233900">
    <ele>1855.5</ele>
    <time>2012-04-21T15:09:06Z</time>
   </trkpt>
   <trkpt lat="37.3700610" lon="-113.1233970">
    <ele>1855.6</ele>
    <time>2012-04-21T15:09:07Z</time>
   </trkpt>
   <trkpt lat="37.3700330" lon="-113.1234350">
    <ele>1855.8</ele>
    <time>2012-04-21T15:09:11Z</time>
   </trkpt>
   <trkpt lat="37.3699600" lon="-113.1234930">
    <ele>1856.4</ele>
    <time>2012-04-21T15:09:20Z</time>
   </trkpt>
   <trkpt lat="37.3699130" lon="-113.1235340">
    <ele>1856.6</ele>
    <time>2012-04-21T15:09:26Z</time>
   </trkpt>
   <trkpt lat="37.3698620" lon="-113.1235810">
    <ele>1856.8</ele>
    <time>2012-04-21T15:09:32Z</time>
   </trkpt>
   <trkpt lat="37.3698530" lon="-113.1235840">
    <ele>1856.8</ele>
    <time>2012-04-21T15:09:33Z</time>
   </trkpt>
   <trkpt lat="37.3697720" lon="-113.1235590">
    <ele>1857.4</ele>
    <time>2012-04-21T15:09:41Z</time>
   </trkpt>
   <trkpt lat="37.3697630" lon="-113.1235500">
    <ele>1857.5</ele>
    <time>2012-04-21T15:09:42Z</time>
   </trkpt>
   <trkpt lat="37.3697500" lon="-113.1235310">
    <ele>1857.6</ele>
    <time>2012-04-21T15:09:44Z</time>
   </trkpt>
   <trkpt lat="37.3696600" lon="-113.1234330">
    <ele>1858.6</ele>
    <time>2012-04-21T15:09:52Z</time>
   </trkpt>
   <trkpt lat="37.3696490" lon="-113.1234240">
    <ele>1858.7</ele>
    <time>2012-04-21T15:09:53Z</time>
   </trkpt>
   <trkpt lat="37.3695680" lon="-113.1233850">
    <ele>1859.4</ele>
    <time>2012-04-21T15:10:00Z</time>
   </trkpt>
   <trkpt lat="37.3694980" lon="-113.1233690">
    <ele>1859.9</ele>
    <time>2012-04-21T15:10:07Z</time>
   </trkpt>
   <trkpt lat="37.3694280" lon="-113.1233360">
    <ele>1860.5</ele>
    <time>2012-04-21T15:10:15Z</time>
   </trkpt>
   <trkpt lat="37.3693700" lon="-113.1232830">
    <ele>1861.1</ele>
    <time>2012-04-21T15:10:22Z</time>
   </trkpt>
   <trkpt lat="37.3692920" lon="-113.1232330">
    <ele>1861.7</ele>
    <time>2012-04-21T15:10:29Z</time>
   </trkpt>
   <trkpt lat="37.3692000" lon="-113.1231720">
    <ele>1862.5</ele>
    <time>2012-04-21T15:10:37Z</time>
   </trkpt>
   <trkpt lat="37.3691420" lon="-113.1231220">
    <ele>1863.0</ele>
    <time>2012-04-21T15:10:43Z</time>
   </trkpt>
   <trkpt lat="37.3690880" lon="-113.1230130">
    <ele>1864.3</ele>
    <time>2012-04-21T15:10:51Z</time>
   </trkpt>
   <trkpt lat="37.3690510" lon="-113.1229260">
    <ele>1865.5</ele>
    <time>2012-04-21T15:10:57Z</time>
   </trkpt>
   <trkpt lat="37.3690140" lon="-113.1228460">
    <ele>1866.8</ele>
    <time>2012-04-21T15:11:03Z</time>
   </trkpt>
   <trkpt lat="37.3690110" lon="-113.1227880">
    <ele>1867.7</ele>
    <time>2012-04-21T15:11:07Z</time>
   </trkpt>
   <trkpt lat="37.3690060" lon="-113.1226000">
    <ele>1871.3</ele>
    <time>2012-04-21T15:11:15Z</time>
   </trkpt>
   <trkpt lat="37.3689540" lon="-113.1224660">
    <ele>1874.8</ele>
    <time>2012-04-21T15:11:21Z</time>
   </trkpt>
   <trkpt lat="37.3688760" lon="-113.1223240">
    <ele>1877.8</ele>
    <time>2012-04-21T15:11:28Z</time>
   </trkpt>
   <trkpt lat="37.3687970" lon="-113.1221850">
    <ele>1879.8</ele>
    <time>2012-04-21T15:11:35Z</time>
   </trkpt>
   <trkpt lat="37.3687050" lon="-113.1220450">
    <ele>1880.2</ele>
    <time>2012-04-21T15:11:42Z</time>
   </trkpt>
   <trkpt lat="37.3686210" lon="-113.1219150">
    <ele>1879.1</ele>
    <time>2012-04-21T15:11:48Z</time>
   </trkpt>
   <trkpt lat="37.3685510" lon="-113.1218060">
    <ele>1877.1</ele>
    <time>2012-04-21T15:11:53Z</time>
   </trkpt>
   <trkpt lat="37.3685060" lon="-113.1216610">
    <ele>1871.6</ele>
    <time>2012-04-21T15:11:58Z</time>
   </trkpt>
   <trkpt lat="37.3684990" lon="-113.1215360">
    <ele>1867.8</ele>
    <time>2012-04-21T15:12:02Z</time>
   </trkpt>
   <trkpt lat="37.3684940" lon="-113.1214140">
    <ele>1865.8</ele>
    <time>2012-04-21T15:12:06Z</time>
   </trkpt>
   <trkpt lat="37.3684530" lon="-113.1212350">
    <ele>1864.6</ele>
    <time>2012-04-21T15:12:11Z</time>
   </trkpt>
   <trkpt lat="37.3684420" lon="-113.1211720">
    <ele>1864.7</ele>
    <time>2012-04-21T15:12:13Z</time>
   </trkpt>
   <trkpt lat="37.3684060" lon="-113.1210370">
    <ele>1866.1</ele>
    <time>2012-04-21T15:12:18Z</time>
   </trkpt>
   <trkpt lat="37.3683690" lon="-113.1209240">
    <ele>1868.6</ele>
    <time>2012-04-21T15:12:23Z</time>
   </trkpt>
   <trkpt lat="37.3683140" lon="-113.1207720">
    <ele>1873.5</ele>
    <time>2012-04-21T15:12:30Z</time>
   </trkpt>
   <trkpt lat="37.3682770" lon="-113.1206900">
    <ele>1876.4</ele>
    <time>2012-04-21T15:12:34Z</time>
   </trkpt>
   <trkpt lat="37.3682360" lon="-113.1205810">
    <ele>1878.7</ele>
    <time>2012-04-21T15:12:39Z</time>
   </trkpt>
   <trkpt lat="37.3681970" lon="-113.1204680">
    <ele>1880.0</ele>
    <time>2012-04-21T15:12:44Z</time>
   </trkpt>
   <trkpt lat="37.3681500" lon="-113.1203350">
    <ele>1881.2</ele>
    <time>2012-04-21T15:12:50Z</time>
   </trkpt>
   <trkpt lat="37.3680920" lon="-113.1202040">
    <ele>1882.0</ele>
    <time>2012-04-21T15:12:56Z</time>
   </trkpt>
   <trkpt lat="37.3680440" lon="-113.1200960">
    <ele>1882.0</ele>
    <time>2012-04-21T15:13:01Z</time>
   </trkpt>
   <trkpt lat="37.3679820" lon="-113.1200090">
    <ele>1882.2</ele>
    <time>2012-04-21T15:13:06Z</time>
   </trkpt>
   <trkpt lat="37.3679040" lon="-113.1199280">
    <ele>1882.4</ele>
    <time>2012-04-21T15:13:11Z</time>
   </trkpt>
   <trkpt lat="37.3678140" lon="-113.1198330">
    <ele>1882.7</ele>
    <time>2012-04-21T15:13:17Z</time>
   </trkpt>
   <trkpt lat="37.3677340" lon="-113.1197480">
    <ele>1882.7</ele>
    <time>2012-04-21T15:13:22Z</time>
   </trkpt>
   <trkpt lat="37.3676620" lon="-113.1196550">
    <ele>1882.8</ele>
    <time>2012-04-21T15:13:27Z</time>
   </trkpt>
   <trkpt lat="37.3675760" lon="-113.1195730">
    <ele>1883.0</ele>
    <time>2012-04-21T15:13:32Z</time>
   </trkpt>
   <trkpt lat="37.3674810" lon="-113.1194530">
    <ele>1883.0</ele>
    <time>2012-04-21T15:13:38Z</time>
   </trkpt>
   <trkpt lat="37.3674060" lon="-113.1193530">
    <ele>1883.0</ele>
    <time>2012-04-21T15:13:43Z</time>
   </trkpt>
   <trkpt lat="37.3673320" lon="-113.1192580">
    <ele>1883.0</ele>
    <time>2012-04-21T15:13:48Z</time>
   </trkpt>
   <trkpt lat="37.3672470" lon="-113.1191610">
    <ele>1882.9</ele>
    <time>2012-04-21T15:13:53Z</time>
   </trkpt>
   <trkpt lat="37.3671590" lon="-113.1190690">
    <ele>1882.6</ele>
    <time>2012-04-21T15:13:58Z</time>
   </trkpt>
   <trkpt lat="37.3671120" lon="-113.1190220">
    <ele>1882.2</ele>
    <time>2012-04-21T15:14:01Z</time>
   </trkpt>
   <trkpt lat="37.3670430" lon="-113.1189640">
    <ele>1882.0</ele>
    <time>2012-04-21T15:14:05Z</time>
   </trkpt>
   <trkpt lat="37.3669440" lon="-113.1189030">
    <ele>1882.1</ele>
    <time>2012-04-21T15:14:10Z</time>
   </trkpt>
   <trkpt lat="37.3668580" lon="-113.1187810">
    <ele>1882.0</ele>
    <time>2012-04-21T15:14:16Z</time>
   </trkpt>
   <trkpt lat="37.3667770" lon="-113.1186760">
    <ele>1882.1</ele>
    <time>2012-04-21T15:14:21Z</time>
   </trkpt>
   <trkpt lat="37.3667590" lon="-113.1186530">
    <ele>1882.1</ele>
    <time>2012-04-21T15:14:22Z</time>
   </trkpt>
   <trkpt lat="37.3666200" lon="-113.1185300">
    <ele>1882.5</ele>
    <time>2012-04-21T15:14:29Z</time>
   </trkpt>
   <trkpt lat="37.3665430" lon="-113.1184640">
    <ele>1882.9</ele>
    <time>2012-04-21T15:14:33Z</time>
   </trkpt>
   <trkpt lat="37.3665080" lon="-113.1184270">
    <ele>1883.1</ele>
    <time>2012-04-21T15:14:35Z</time>
   </trkpt>
   <trkpt lat="37.3664490" lon="-113.1183680">
    <ele>1883.5</ele>
    <time>2012-04-21T15:14:39Z</time>
   </trkpt>
   <trkpt lat="37.3664130" lon="-113.1183000">
    <ele>1883.8</ele>
    <time>2012-04-21T15:14:43Z</time>
   </trkpt>
   <trkpt lat="37.3663670" lon="-113.1182260">
    <ele>1884.2</ele>
    <time>2012-04-21T15:14:47Z</time>
   </trkpt>
   <trkpt lat="37.3663440" lon="-113.1181900">
    <ele>1884.4</ele>
    <time>2012-04-21T15:14:49Z</time>
   </trkpt>
   <trkpt lat="37.3662760" lon="-113.1180520">
    <ele>1884.9</ele>
    <time>2012-04-21T15:14:56Z</time>
   </trkpt>
   <trkpt lat="37.3662120" lon="-113.1179850">
    <ele>1885.7</ele>
    <time>2012-04-21T15:15:00Z</time>
   </trkpt>
   <trkpt lat="37.3661780" lon="-113.1179540">
    <ele>1886.1</ele>
    <time>2012-04-21T15:15:02Z</time>
   </trkpt>
   <trkpt lat="37.3660790" lon="-113.1179200">
    <ele>1887.7</ele>
    <time>2012-04-21T15:15:07Z</time>
   </trkpt>
   <trkpt lat="37.3659380" lon="-113.1178710">
    <ele>1890.2</ele>
    <time>2012-04-21T15:15:14Z</time>
   </trkpt>
   <trkpt lat="37.3658080" lon="-113.1178130">
    <ele>1892.9</ele>
    <time>2012-04-21T15:15:20Z</time>
   </trkpt>
   <trkpt lat="37.3657540" lon="-113.1177930">
    <ele>1893.9</ele>
    <time>2012-04-21T15:15:23Z</time>
   </trkpt>
   <trkpt lat="37.3656740" lon="-113.1177350">
    <ele>1895.5</ele>
    <time>2012-04-21T15:15:28Z</time>
   </trkpt>
   <trkpt lat="37.3655810" lon="-113.1176680">
    <ele>1897.2</ele>
    <time>2012-04-21T15:15:34Z</time>
   </trkpt>
   <trkpt lat="37.3655270" lon="-113.1176390">
    <ele>1898.2</ele>
    <time>2012-04-21T15:15:38Z</time>
   </trkpt>
   <trkpt lat="37.3654390" lon="-113.1175780">
    <ele>1899.6</ele>
    <time>2012-04-21T15:15:43Z</time>
   </trkpt>
   <trkpt lat="37.3654110" lon="-113.1175470">
    <ele>1900.1</ele>
    <time>2012-04-21T15:15:45Z</time>
   </trkpt>
   <trkpt lat="37.3653560" lon="-113.1174800">
    <ele>1901.1</ele>
    <time>2012-04-21T15:15:49Z</time>
   </trkpt>
   <trkpt lat="37.3653080" lon="-113.1174250">
    <ele>1901.9</ele>
    <time>2012-04-21T15:15:53Z</time>
   </trkpt>
   <trkpt lat="37.3652640" lon="-113.1173650">
    <ele>1902.7</ele>
    <time>2012-04-21T15:15:57Z</time>
   </trkpt>
   <trkpt lat="37.3651690" lon="-113.1172850">
    <ele>1904.4</ele>
    <time>2012-04-21T15:16:04Z</time>
   </trkpt>
   <trkpt lat="37.3650860" lon="-113.1172020">
    <ele>1906.1</ele>
    <time>2012-04-21T15:16:09Z</time>
   </trkpt>
   <trkpt lat="37.3650740" lon="-113.1171900">
    <ele>1906.4</ele>
    <time>2012-04-21T15:16:10Z</time>
   </trkpt>
   <trkpt lat="37.3649890" lon="-113.1171190">
    <ele>1907.8</ele>
    <time>2012-04-21T15:16:16Z</time>
   </trkpt>
   <trkpt lat="37.3649080" lon="-113.1170420">
    <ele>1909.4</ele>
    <time>2012-04-21T15:16:22Z</time>
   </trkpt>
   <trkpt lat="37.3648260" lon="-113.1169620">
    <ele>1911.6</ele>
    <time>2012-04-21T15:16:28Z</time>
   </trkpt>
   <trkpt lat="37.3647750" lon="-113.1169210">
    <ele>1912.8</ele>
    <time>2012-04-21T15:16:32Z</time>
   </trkpt>
   <trkpt lat="37.3647010" lon="-113.1168680">
    <ele>1914.3</ele>
    <time>2012-04-21T15:16:37Z</time>
   </trkpt>
   <trkpt lat="37.3646130" lon="-113.1167970">
    <ele>1916.1</ele>
    <time>2012-04-21T15:16:45Z</time>
   </trkpt>
   <trkpt lat="37.3645200" lon="-113.1167170">
    <ele>1917.4</ele>
    <time>2012-04-21T15:16:52Z</time>
   </trkpt>
   <trkpt lat="37.3644360" lon="-113.1166500">
    <ele>1918.1</ele>
    <time>2012-04-21T15:16:59Z</time>
   </trkpt>
   <trkpt lat="37.3643220" lon="-113.1165980">
    <ele>1917.6</ele>
    <time>2012-04-21T15:17:09Z</time>
   </trkpt>
   <trkpt lat="37.3642400" lon="-113.1165410">
    <ele>1917.2</ele>
    <time>2012-04-21T15:17:16Z</time>
   </trkpt>
   <trkpt lat="37.3641580" lon="-113.1165030">
    <ele>1916.7</ele>
    <time>2012-04-21T15:17:24Z</time>
   </trkpt>
   <trkpt lat="37.3640620" lon="-113.1165230">
    <ele>1915.9</ele>
    <time>2012-04-21T15:17:32Z</time>
   </trkpt>
   <trkpt lat="37.3639850" lon="-113.1165700">
    <ele>1915.8</ele>
    <time>2012-04-21T15:17:39Z</time>
   </trkpt>
   <trkpt lat="37.3639780" lon="-113.1165720">
    <ele>1915.8</ele>
    <time>2012-04-21T15:17:40Z</time>
   </trkpt>
   <trkpt lat="37.3639480" lon="-113.1165920">
    <ele>1915.7</ele>
    <time>2012-04-21T15:17:43Z</time>
   </trkpt>
   <trkpt lat="37.3638340" lon="-113.1166570">
    <ele>1915.9</ele>
    <time>2012-04-21T15:17:48Z</time>
   </trkpt>
   <trkpt lat="37.3636610" lon="-113.1167220">
    <ele>1916.3</ele>
    <time>2012-04-21T15:17:54Z</time>
   </trkpt>
   <trkpt lat="37.3635290" lon="-113.1166750">
    <ele>1915.7</ele>
    <time>2012-04-21T15:17:59Z</time>
   </trkpt>
   <trkpt lat="37.3634340" lon="-113.1165870">
    <ele>1915.6</ele>
    <time>2012-04-21T15:18:04Z</time>
   </trkpt>
   <trkpt lat="37.3632820" lon="-113.1164780">
    <ele>1917.5</ele>
    <time>2012-04-21T15:18:11Z</time>
   </trkpt>
   <trkpt lat="37.3631590" lon="-113.1164710">
    <ele>1918.7</ele>
    <time>2012-04-21T15:18:16Z</time>
   </trkpt>
   <trkpt lat="37.3631420" lon="-113.1164770">
    <ele>1918.9</ele>
    <time>2012-04-21T15:18:17Z</time>
   </trkpt>
   <trkpt lat="37.3630800" lon="-113.1165870">
    <ele>1918.2</ele>
    <time>2012-04-21T15:18:22Z</time>
   </trkpt>
   <trkpt lat="37.3630230" lon="-113.1167620">
    <ele>1916.6</ele>
    <time>2012-04-21T15:18:27Z</time>
   </trkpt>
   <trkpt lat="37.3629910" lon="-113.1168180">
    <ele>1916.2</ele>
    <time>2012-04-21T15:18:29Z</time>
   </trkpt>
   <trkpt lat="37.3629160" lon="-113.1169150">
    <ele>1915.6</ele>
    <time>2012-04-21T15:18:33Z</time>
   </trkpt>
   <trkpt lat="37.3628430" lon="-113.1169630">
    <ele>1915.6</ele>
    <time>2012-04-21T15:18:36Z</time>
   </trkpt>
   <trkpt lat="37.3627580" lon="-113.1169810">
    <ele>1916.1</ele>
    <time>2012-04-21T15:18:39Z</time>
   </trkpt>
   <trkpt lat="37.3626240" lon="-113.1170360">
    <ele>1916.7</ele>
    <time>2012-04-21T15:18:45Z</time>
   </trkpt>
   <trkpt lat="37.3625190" lon="-113.1170290">
    <ele>1917.5</ele>
    <time>2012-04-21T15:18:50Z</time>
   </trkpt>
   <trkpt lat="37.3624300" lon="-113.1170040">
    <ele>1918.5</ele>
    <time>2012-04-21T15:18:54Z</time>
   </trkpt>
   <trkpt lat="37.3622810" lon="-113.1169680">
    <ele>1919.6</ele>
    <time>2012-04-21T15:19:00Z</time>
   </trkpt>
   <trkpt lat="37.3621860" lon="-113.1169440">
    <ele>1920.2</ele>
    <time>2012-04-21T15:19:04Z</time>
   </trkpt>
   <trkpt lat="37.3620690" lon="-113.1169070">
    <ele>1921.3</ele>
    <time>2012-04-21T15:19:08Z</time>
   </trkpt>
   <trkpt lat="37.3620270" lon="-113.1168890">
    <ele>1921.7</ele>
    <time>2012-04-21T15:19:10Z</time>
   </trkpt>
   <trkpt lat="37.3619260" lon="-113.1168180">
    <ele>1922.7</ele>
    <time>2012-04-21T15:19:16Z</time>
   </trkpt>
   <trkpt lat="37.3617940" lon="-113.1167170">
    <ele>1923.7</ele>
    <time>2012-04-21T15:19:24Z</time>
   </trkpt>
   <trkpt lat="37.3617070" lon="-113.1166490">
    <ele>1923.7</ele>
    <time>2012-04-21T15:19:30Z</time>
   </trkpt>
   <trkpt lat="37.3616080" lon="-113.1165920">
    <ele>1924.4</ele>
    <time>2012-04-21T15:19:36Z</time>
   </trkpt>
   <trkpt lat="37.3615190" lon="-113.1165410">
    <ele>1924.9</ele>
    <time>2012-04-21T15:19:41Z</time>
   </trkpt>
   <trkpt lat="37.3614050" lon="-113.1164680">
    <ele>1925.5</ele>
    <time>2012-04-21T15:19:47Z</time>
   </trkpt>
   <trkpt lat="37.3613170" lon="-113.1164090">
    <ele>1925.8</ele>
    <time>2012-04-21T15:19:52Z</time>
   </trkpt>
   <trkpt lat="37.3612450" lon="-113.1163580">
    <ele>1926.0</ele>
    <time>2012-04-21T15:19:56Z</time>
   </trkpt>
   <trkpt lat="37.3611670" lon="-113.1162970">
    <ele>1926.4</ele>
    <time>2012-04-21T15:20:01Z</time>
   </trkpt>
   <trkpt lat="37.3610800" lon="-113.1162450">
    <ele>1926.8</ele>
    <time>2012-04-21T15:20:07Z</time>
   </trkpt>
   <trkpt lat="37.3609950" lon="-113.1161770">
    <ele>1927.3</ele>
    <time>2012-04-21T15:20:12Z</time>
   </trkpt>
   <trkpt lat="37.3608950" lon="-113.1160830">
    <ele>1927.9</ele>
    <time>2012-04-21T15:20:18Z</time>
   </trkpt>
   <trkpt lat="37.3608050" lon="-113.1160110">
    <ele>1928.5</ele>
    <time>2012-04-21T15:20:23Z</time>
   </trkpt>
   <trkpt lat="37.3606970" lon="-113.1159270">
    <ele>1929.4</ele>
    <time>2012-04-21T15:20:29Z</time>
   </trkpt>
   <trkpt lat="37.3606010" lon="-113.1158900">
    <ele>1930.8</ele>
    <time>2012-04-21T15:20:34Z</time>
   </trkpt>
   <trkpt lat="37.3605650" lon="-113.1158840">
    <ele>1931.3</ele>
    <time>2012-04-21T15:20:36Z</time>
   </trkpt>
   <trkpt lat="37.3604390" lon="-113.1159290">
    <ele>1933.2</ele>
    <time>2012-04-21T15:20:43Z</time>
   </trkpt>
   <trkpt lat="37.3603210" lon="-113.1159500">
    <ele>1934.8</ele>
    <time>2012-04-21T15:20:51Z</time>
   </trkpt>
   <trkpt lat="37.3602630" lon="-113.1159770">
    <ele>1935.4</ele>
    <time>2012-04-21T15:20:57Z</time>
   </trkpt>
   <trkpt lat="37.3601760" lon="-113.1159920">
    <ele>1936.2</ele>
    <time>2012-04-21T15:21:04Z</time>
   </trkpt>
   <trkpt lat="37.3600780" lon="-113.1159870">
    <ele>1936.9</ele>
    <time>2012-04-21T15:21:10Z</time>
   </trkpt>
   <trkpt lat="37.3599840" lon="-113.1160400">
    <ele>1937.4</ele>
    <time>2012-04-21T15:21:16Z</time>
   </trkpt>
   <trkpt lat="37.3598960" lon="-113.1160930">
    <ele>1937.7</ele>
    <time>2012-04-21T15:21:20Z</time>
   </trkpt>
   <trkpt lat="37.3598530" lon="-113.1162020">
    <ele>1937.6</ele>
    <time>2012-04-21T15:21:25Z</time>
   </trkpt>
   <trkpt lat="37.3598340" lon="-113.1163410">
    <ele>1937.4</ele>
    <time>2012-04-21T15:21:30Z</time>
   </trkpt>
   <trkpt lat="37.3597690" lon="-113.1164560">
    <ele>1937.1</ele>
    <time>2012-04-21T15:21:34Z</time>
   </trkpt>
   <trkpt lat="37.3596930" lon="-113.1166380">
    <ele>1936.5</ele>
    <time>2012-04-21T15:21:40Z</time>
   </trkpt>
   <trkpt lat="37.3596640" lon="-113.1167660">
    <ele>1936.1</ele>
    <time>2012-04-21T15:21:44Z</time>
   </trkpt>
   <trkpt lat="37.3595980" lon="-113.1169590">
    <ele>1935.4</ele>
    <time>2012-04-21T15:21:50Z</time>
   </trkpt>
   <trkpt lat="37.3595610" lon="-113.1171180">
    <ele>1934.8</ele>
    <time>2012-04-21T15:21:55Z</time>
   </trkpt>
   <trkpt lat="37.3595040" lon="-113.1172280">
    <ele>1934.5</ele>
    <time>2012-04-21T15:21:59Z</time>
   </trkpt>
   <trkpt lat="37.3594820" lon="-113.1173120">
    <ele>1934.3</ele>
    <time>2012-04-21T15:22:03Z</time>
   </trkpt>
   <trkpt lat="37.3594160" lon="-113.1174290">
    <ele>1934.1</ele>
    <time>2012-04-21T15:22:09Z</time>
   </trkpt>
   <trkpt lat="37.3593830" lon="-113.1175030">
    <ele>1934.0</ele>
    <time>2012-04-21T15:22:14Z</time>
   </trkpt>
   <trkpt lat="37.3593860" lon="-113.1174960">
    <ele>1934.0</ele>
    <time>2012-04-21T15:22:20Z</time>
   </trkpt>
   <trkpt lat="37.3593950" lon="-113.1174850">
    <ele>1934.0</ele>
    <time>2012-04-21T15:22:29Z</time>
   </trkpt>
   <trkpt lat="37.3593800" lon="-113.1175270">
    <ele>1933.9</ele>
    <time>2012-04-21T15:22:36Z</time>
   </trkpt>
   <trkpt lat="37.3593440" lon="-113.1176200">
    <ele>1933.8</ele>
    <time>2012-04-21T15:22:43Z</time>
   </trkpt>
   <trkpt lat="37.3593290" lon="-113.1177030">
    <ele>1933.7</ele>
    <time>2012-04-21T15:22:49Z</time>
   </trkpt>
   <trkpt lat="37.3592850" lon="-113.1177940">
    <ele>1933.8</ele>
    <time>2012-04-21T15:22:55Z</time>
   </trkpt>
   <trkpt lat="37.3592270" lon="-113.1178830">
    <ele>1934.1</ele>
    <time>2012-04-21T15:22:59Z</time>
   </trkpt>
   <trkpt lat="37.3591880" lon="-113.1179710">
    <ele>1934.2</ele>
    <time>2012-04-21T15:23:02Z</time>
   </trkpt>
   <trkpt lat="37.3591190" lon="-113.1181670">
    <ele>1934.6</ele>
    <time>2012-04-21T15:23:08Z</time>
   </trkpt>
   <trkpt lat="37.3590670" lon="-113.1182590">
    <ele>1934.7</ele>
    <time>2012-04-21T15:23:11Z</time>
   </trkpt>
   <trkpt lat="37.3589170" lon="-113.1184010">
    <ele>1934.4</ele>
    <time>2012-04-21T15:23:18Z</time>
   </trkpt>
   <trkpt lat="37.3588780" lon="-113.1184080">
    <ele>1934.3</ele>
    <time>2012-04-21T15:23:20Z</time>
   </trkpt>
   <trkpt lat="37.3588210" lon="-113.1183070">
    <ele>1934.2</ele>
    <time>2012-04-21T15:23:25Z</time>
   </trkpt>
   <trkpt lat="37.3588000" lon="-113.1182810">
    <ele>1934.1</ele>
    <time>2012-04-21T15:23:26Z</time>
   </trkpt>
   <trkpt lat="37.3587290" lon="-113.1181920">
    <ele>1934.0</ele>
    <time>2012-04-21T15:23:30Z</time>
   </trkpt>
   <trkpt lat="37.3586410" lon="-113.1180990">
    <ele>1934.1</ele>
    <time>2012-04-21T15:23:35Z</time>
   </trkpt>
   <trkpt lat="37.3585540" lon="-113.1179940">
    <ele>1934.3</ele>
    <time>2012-04-21T15:23:40Z</time>
   </trkpt>
   <trkpt lat="37.3584660" lon="-113.1178950">
    <ele>1934.3</ele>
    <time>2012-04-21T15:23:45Z</time>
   </trkpt>
   <trkpt lat="37.3583890" lon="-113.1177870">
    <ele>1934.5</ele>
    <time>2012-04-21T15:23:50Z</time>
   </trkpt>
   <trkpt lat="37.3583110" lon="-113.1176720">
    <ele>1934.6</ele>
    <time>2012-04-21T15:23:55Z</time>
   </trkpt>
   <trkpt lat="37.3582190" lon="-113.1175520">
    <ele>1934.5</ele>
    <time>2012-04-21T15:24:00Z</time>
   </trkpt>
   <trkpt lat="37.3581450" lon="-113.1174570">
    <ele>1934.5</ele>
    <time>2012-04-21T15:24:04Z</time>
   </trkpt>
   <trkpt lat="37.3580430" lon="-113.1173410">
    <ele>1934.0</ele>
    <time>2012-04-21T15:24:09Z</time>
   </trkpt>
   <trkpt lat="37.3579230" lon="-113.1172770">
    <ele>1933.2</ele>
    <time>2012-04-21T15:24:14Z</time>
   </trkpt>
   <trkpt lat="37.3578050" lon="-113.1172580">
    <ele>1932.4</ele>
    <time>2012-04-21T15:24:19Z</time>
   </trkpt>
   <trkpt lat="37.3577800" lon="-113.1172680">
    <ele>1932.3</ele>
    <time>2012-04-21T15:24:20Z</time>
   </trkpt>
   <trkpt lat="37.3576950" lon="-113.1173140">
    <ele>1932.0</ele>
    <time>2012-04-21T15:24:24Z</time>
   </trkpt>
   <trkpt lat="37.3575530" lon="-113.1173490">
    <ele>1931.2</ele>
    <time>2012-04-21T15:24:30Z</time>
   </trkpt>
   <trkpt lat="37.3574270" lon="-113.1173520">
    <ele>1930.5</ele>
    <time>2012-04-21T15:24:35Z</time>
   </trkpt>
   <trkpt lat="37.3573730" lon="-113.1173580">
    <ele>1930.2</ele>
    <time>2012-04-21T15:24:37Z</time>
   </trkpt>
   <trkpt lat="37.3572010" lon="-113.1174510">
    <ele>1929.1</ele>
    <time>2012-04-21T15:24:44Z</time>
   </trkpt>
   <trkpt lat="37.3570850" lon="-113.1174750">
    <ele>1928.3</ele>
    <time>2012-04-21T15:24:48Z</time>
   </trkpt>
   <trkpt lat="37.3569840" lon="-113.1175160">
    <ele>1927.7</ele>
    <time>2012-04-21T15:24:52Z</time>
   </trkpt>
   <trkpt lat="37.3568190" lon="-113.1174920">
    <ele>1927.3</ele>
    <time>2012-04-21T15:24:58Z</time>
   </trkpt>
   <trkpt lat="37.3567300" lon="-113.1174180">
    <ele>1927.5</ele>
    <time>2012-04-21T15:25:02Z</time>
   </trkpt>
   <trkpt lat="37.3566370" lon="-113.1173240">
    <ele>1927.8</ele>
    <time>2012-04-21T15:25:07Z</time>
   </trkpt>
   <trkpt lat="37.3565180" lon="-113.1172500">
    <ele>1928.3</ele>
    <time>2012-04-21T15:25:12Z</time>
   </trkpt>
   <trkpt lat="37.3564110" lon="-113.1172410">
    <ele>1928.4</ele>
    <time>2012-04-21T15:25:16Z</time>
   </trkpt>
   <trkpt lat="37.3562780" lon="-113.1172500">
    <ele>1928.5</ele>
    <time>2012-04-21T15:25:21Z</time>
   </trkpt>
   <trkpt lat="37.3561330" lon="-113.1172300">
    <ele>1928.8</ele>
    <time>2012-04-21T15:25:27Z</time>
   </trkpt>
   <trkpt lat="37.3560120" lon="-113.1171760">
    <ele>1929.2</ele>
    <time>2012-04-21T15:25:32Z</time>
   </trkpt>
   <trkpt lat="37.3558980" lon="-113.1171190">
    <ele>1929.5</ele>
    <time>2012-04-21T15:25:37Z</time>
   </trkpt>
   <trkpt lat="37.3558020" lon="-113.1170210">
    <ele>1929.8</ele>
    <time>2012-04-21T15:25:42Z</time>
   </trkpt>
   <trkpt lat="37.3557020" lon="-113.1169410">
    <ele>1929.6</ele>
    <time>2012-04-21T15:25:47Z</time>
   </trkpt>
   <trkpt lat="37.3555990" lon="-113.1168470">
    <ele>1929.3</ele>
    <time>2012-04-21T15:25:52Z</time>
   </trkpt>
   <trkpt lat="37.3555600" lon="-113.1168060">
    <ele>1928.9</ele>
    <time>2012-04-21T15:25:54Z</time>
   </trkpt>
   <trkpt lat="37.3554270" lon="-113.1167320">
    <ele>1927.7</ele>
    <time>2012-04-21T15:25:59Z</time>
   </trkpt>
   <trkpt lat="37.3553240" lon="-113.1166660">
    <ele>1927.4</ele>
    <time>2012-04-21T15:26:03Z</time>
   </trkpt>
   <trkpt lat="37.3551730" lon="-113.1166070">
    <ele>1927.1</ele>
    <time>2012-04-21T15:26:09Z</time>
   </trkpt>
   <trkpt lat="37.3551270" lon="-113.1165810">
    <ele>1927.0</ele>
    <time>2012-04-21T15:26:11Z</time>
   </trkpt>
   <trkpt lat="37.3549890" lon="-113.1165120">
    <ele>1926.5</ele>
    <time>2012-04-21T15:26:17Z</time>
   </trkpt>
   <trkpt lat="37.3548580" lon="-113.1164070">
    <ele>1926.4</ele>
    <time>2012-04-21T15:26:23Z</time>
   </trkpt>
   <trkpt lat="37.3547420" lon="-113.1163340">
    <ele>1926.5</ele>
    <time>2012-04-21T15:26:28Z</time>
   </trkpt>
   <trkpt lat="37.3546340" lon="-113.1162640">
    <ele>1926.6</ele>
    <time>2012-04-21T15:26:33Z</time>
   </trkpt>
   <trkpt lat="37.3545490" lon="-113.1161840">
    <ele>1926.7</ele>
    <time>2012-04-21T15:26:38Z</time>
   </trkpt>
   <trkpt lat="37.3544580" lon="-113.1161200">
    <ele>1926.7</ele>
    <time>2012-04-21T15:26:43Z</time>
   </trkpt>
   <trkpt lat="37.3543440" lon="-113.1160370">
    <ele>1926.9</ele>
    <time>2012-04-21T15:26:49Z</time>
   </trkpt>
   <trkpt lat="37.3542910" lon="-113.1159990">
    <ele>1927.1</ele>
    <time>2012-04-21T15:26:53Z</time>
   </trkpt>
   <trkpt lat="37.3542400" lon="-113.1159620">
    <ele>1927.2</ele>
    <time>2012-04-21T15:26:57Z</time>
   </trkpt>
   <trkpt lat="37.3541290" lon="-113.1158790">
    <ele>1927.6</ele>
    <time>2012-04-21T15:27:04Z</time>
   </trkpt>
   <trkpt lat="37.3540860" lon="-113.1158400">
    <ele>1927.9</ele>
    <time>2012-04-21T15:27:07Z</time>
   </trkpt>
   <trkpt lat="37.3540550" lon="-113.1157850">
    <ele>1928.2</ele>
    <time>2012-04-21T15:27:10Z</time>
   </trkpt>
   <trkpt lat="37.3540360" lon="-113.1156460">
    <ele>1928.6</ele>
    <time>2012-04-21T15:27:17Z</time>
   </trkpt>
   <trkpt lat="37.3540040" lon="-113.1155640">
    <ele>1929.1</ele>
    <time>2012-04-21T15:27:21Z</time>
   </trkpt>
   <trkpt lat="37.3539350" lon="-113.1155140">
    <ele>1929.7</ele>
    <time>2012-04-21T15:27:26Z</time>
   </trkpt>
   <trkpt lat="37.3538560" lon="-113.1154940">
    <ele>1930.2</ele>
    <time>2012-04-21T15:27:31Z</time>
   </trkpt>
   <trkpt lat="37.3537480" lon="-113.1154280">
    <ele>1931.0</ele>
    <time>2012-04-21T15:27:38Z</time>
   </trkpt>
   <trkpt lat="37.3536960" lon="-113.1154010">
    <ele>1931.4</ele>
    <time>2012-04-21T15:27:41Z</time>
   </trkpt>
   <trkpt lat="37.3535900" lon="-113.1153360">
    <ele>1932.1</ele>
    <time>2012-04-21T15:27:47Z</time>
   </trkpt>
   <trkpt lat="37.3535000" lon="-113.1153180">
    <ele>1932.5</ele>
    <time>2012-04-21T15:27:51Z</time>
   </trkpt>
   <trkpt lat="37.3533570" lon="-113.1153180">
    <ele>1932.9</ele>
    <time>2012-04-21T15:27:57Z</time>
   </trkpt>
   <trkpt lat="37.3532180" lon="-113.1153020">
    <ele>1933.4</ele>
    <time>2012-04-21T15:28:03Z</time>
   </trkpt>
   <trkpt lat="37.3531050" lon="-113.1153170">
    <ele>1933.6</ele>
    <time>2012-04-21T15:28:08Z</time>
   </trkpt>
   <trkpt lat="37.3530010" lon="-113.1152980">
    <ele>1933.9</ele>
    <time>2012-04-21T15:28:13Z</time>
   </trkpt>
   <trkpt lat="37.3529130" lon="-113.1152920">
    <ele>1934.1</ele>
    <time>2012-04-21T15:28:17Z</time>
   </trkpt>
   <trkpt lat="37.3528000" lon="-113.1152880">
    <ele>1934.3</ele>
    <time>2012-04-21T15:28:22Z</time>
   </trkpt>
   <trkpt lat="37.3526570" lon="-113.1152870">
    <ele>1934.5</ele>
    <time>2012-04-21T15:28:28Z</time>
   </trkpt>
   <trkpt lat="37.3525430" lon="-113.1152840">
    <ele>1934.7</ele>
    <time>2012-04-21T15:28:33Z</time>
   </trkpt>
   <trkpt lat="37.3524250" lon="-113.1152860">
    <ele>1934.9</ele>
    <time>2012-04-21T15:28:38Z</time>
   </trkpt>
   <trkpt lat="37.3523110" lon="-113.1152760">
    <ele>1935.0</ele>
    <time>2012-04-21T15:28:43Z</time>
   </trkpt>
   <trkpt lat="37.3521750" lon="-113.1152550">
    <ele>1935.2</ele>
    <time>2012-04-21T15:28:49Z</time>
   </trkpt>
   <trkpt lat="37.3520810" lon="-113.1152430">
    <ele>1935.2</ele>
    <time>2012-04-21T15:28:53Z</time>
   </trkpt>
   <trkpt lat="37.3519860" lon="-113.1152520">
    <ele>1935.1</ele>
    <time>2012-04-21T15:28:57Z</time>
   </trkpt>
   <trkpt lat="37.3518480" lon="-113.1152500">
    <ele>1935.0</ele>
    <time>2012-04-21T15:29:03Z</time>
   </trkpt>
   <trkpt lat="37.3517070" lon="-113.1152660">
    <ele>1934.9</ele>
    <time>2012-04-21T15:29:09Z</time>
   </trkpt>
   <trkpt lat="37.3515420" lon="-113.1152720">
    <ele>1934.9</ele>
    <time>2012-04-21T15:29:16Z</time>
   </trkpt>
   <trkpt lat="37.3514200" lon="-113.1152750">
    <ele>1934.9</ele>
    <time>2012-04-21T15:29:21Z</time>
   </trkpt>
   <trkpt lat="37.3512790" lon="-113.1152920">
    <ele>1934.9</ele>
    <time>2012-04-21T15:29:27Z</time>
   </trkpt>
   <trkpt lat="37.3511550" lon="-113.1153000">
    <ele>1934.9</ele>
    <time>2012-04-21T15:29:32Z</time>
   </trkpt>
   <trkpt lat="37.3510620" lon="-113.1153460">
    <ele>1934.6</ele>
    <time>2012-04-21T15:29:36Z</time>
   </trkpt>
   <trkpt lat="37.3509490" lon="-113.1153870">
    <ele>1934.5</ele>
    <time>2012-04-21T15:29:41Z</time>
   </trkpt>
   <trkpt lat="37.3508370" lon="-113.1154220">
    <ele>1934.2</ele>
    <time>2012-04-21T15:29:46Z</time>
   </trkpt>
   <trkpt lat="37.3507170" lon="-113.1154640">
    <ele>1933.9</ele>
    <time>2012-04-21T15:29:51Z</time>
   </trkpt>
   <trkpt lat="37.3506380" lon="-113.1155350">
    <ele>1933.4</ele>
    <time>2012-04-21T15:29:55Z</time>
   </trkpt>
   <trkpt lat="37.3505480" lon="-113.1155390">
    <ele>1933.3</ele>
    <time>2012-04-21T15:29:59Z</time>
   </trkpt>
   <trkpt lat="37.3504300" lon="-113.1155130">
    <ele>1933.3</ele>
    <time>2012-04-21T15:30:04Z</time>
   </trkpt>
   <trkpt lat="37.3503400" lon="-113.1154690">
    <ele>1933.4</ele>
    <time>2012-04-21T15:30:08Z</time>
   </trkpt>
   <trkpt lat="37.3502210" lon="-113.1154370">
    <ele>1933.5</ele>
    <time>2012-04-21T15:30:13Z</time>
   </trkpt>
   <trkpt lat="37.3501060" lon="-113.1154110">
    <ele>1933.6</ele>
    <time>2012-04-21T15:30:18Z</time>
   </trkpt>
   <trkpt lat="37.3500090" lon="-113.1153910">
    <ele>1933.7</ele>
    <time>2012-04-21T15:30:22Z</time>
   </trkpt>
   <trkpt lat="37.3499270" lon="-113.1154550">
    <ele>1933.2</ele>
    <time>2012-04-21T15:30:26Z</time>
   </trkpt>
   <trkpt lat="37.3497780" lon="-113.1154490">
    <ele>1933.2</ele>
    <time>2012-04-21T15:30:32Z</time>
   </trkpt>
   <trkpt lat="37.3496450" lon="-113.1153900">
    <ele>1933.4</ele>
    <time>2012-04-21T15:30:38Z</time>
   </trkpt>
   <trkpt lat="37.3495350" lon="-113.1153120">
    <ele>1933.7</ele>
    <time>2012-04-21T15:30:43Z</time>
   </trkpt>
   <trkpt lat="37.3494730" lon="-113.1152730">
    <ele>1933.8</ele>
    <time>2012-04-21T15:30:46Z</time>
   </trkpt>
   <trkpt lat="37.3493590" lon="-113.1152200">
    <ele>1933.9</ele>
    <time>2012-04-21T15:30:51Z</time>
   </trkpt>
   <trkpt lat="37.3492720" lon="-113.1151190">
    <ele>1934.2</ele>
    <time>2012-04-21T15:30:56Z</time>
   </trkpt>
   <trkpt lat="37.3491460" lon="-113.1150460">
    <ele>1934.3</ele>
    <time>2012-04-21T15:31:02Z</time>
   </trkpt>
   <trkpt lat="37.3490500" lon="-113.1150420">
    <ele>1934.1</ele>
    <time>2012-04-21T15:31:06Z</time>
   </trkpt>
   <trkpt lat="37.3489320" lon="-113.1150680">
    <ele>1933.5</ele>
    <time>2012-04-21T15:31:11Z</time>
   </trkpt>
   <trkpt lat="37.3487810" lon="-113.1150980">
    <ele>1932.9</ele>
    <time>2012-04-21T15:31:17Z</time>
   </trkpt>
   <trkpt lat="37.3486210" lon="-113.1150990">
    <ele>1932.2</ele>
    <time>2012-04-21T15:31:23Z</time>
   </trkpt>
   <trkpt lat="37.3485220" lon="-113.1151670">
    <ele>1931.4</ele>
    <time>2012-04-21T15:31:27Z</time>
   </trkpt>
   <trkpt lat="37.3484830" lon="-113.1152020">
    <ele>1931.1</ele>
    <time>2012-04-21T15:31:29Z</time>
   </trkpt>
   <trkpt lat="37.3484060" lon="-113.1151900">
    <ele>1930.7</ele>
    <time>2012-04-21T15:31:33Z</time>
   </trkpt>
   <trkpt lat="37.3483310" lon="-113.1151130">
    <ele>1930.8</ele>
    <time>2012-04-21T15:31:37Z</time>
   </trkpt>
   <trkpt lat="37.3482360" lon="-113.1151160">
    <ele>1930.3</ele>
    <time>2012-04-21T15:31:41Z</time>
   </trkpt>
   <trkpt lat="37.3480790" lon="-113.1150120">
    <ele>1930.4</ele>
    <time>2012-04-21T15:31:48Z</time>
   </trkpt>
   <trkpt lat="37.3480360" lon="-113.1149920">
    <ele>1930.3</ele>
    <time>2012-04-21T15:31:50Z</time>
   </trkpt>
   <trkpt lat="37.3479470" lon="-113.1149620">
    <ele>1930.3</ele>
    <time>2012-04-21T15:31:54Z</time>
   </trkpt>
   <trkpt lat="37.3478790" lon="-113.1150010">
    <ele>1929.8</ele>
    <time>2012-04-21T15:31:57Z</time>
   </trkpt>
   <trkpt lat="37.3477540" lon="-113.1150710">
    <ele>1928.9</ele>
    <time>2012-04-21T15:32:02Z</time>
   </trkpt>
   <trkpt lat="37.3477330" lon="-113.1150790">
    <ele>1928.7</ele>
    <time>2012-04-21T15:32:03Z</time>
   </trkpt>
   <trkpt lat="37.3476860" lon="-113.1150910">
    <ele>1928.5</ele>
    <time>2012-04-21T15:32:05Z</time>
   </trkpt>
   <trkpt lat="37.3475980" lon="-113.1151190">
    <ele>1928.0</ele>
    <time>2012-04-21T15:32:10Z</time>
   </trkpt>
   <trkpt lat="37.3474940" lon="-113.1150340">
    <ele>1928.4</ele>
    <time>2012-04-21T15:32:15Z</time>
   </trkpt>
   <trkpt lat="37.3474710" lon="-113.1150250">
    <ele>1928.4</ele>
    <time>2012-04-21T15:32:16Z</time>
   </trkpt>
   <trkpt lat="37.3473040" lon="-113.1150000">
    <ele>1928.0</ele>
    <time>2012-04-21T15:32:23Z</time>
   </trkpt>
   <trkpt lat="37.3472490" lon="-113.1149360">
    <ele>1928.3</ele>
    <time>2012-04-21T15:32:27Z</time>
   </trkpt>
   <trkpt lat="37.3472130" lon="-113.1148040">
    <ele>1929.3</ele>
    <time>2012-04-21T15:32:33Z</time>
   </trkpt>
   <trkpt lat="37.3471990" lon="-113.1147830">
    <ele>1929.4</ele>
    <time>2012-04-21T15:32:34Z</time>
   </trkpt>
   <trkpt lat="37.3470880" lon="-113.1147510">
    <ele>1929.3</ele>
    <time>2012-04-21T15:32:39Z</time>
   </trkpt>
   <trkpt lat="37.3470180" lon="-113.1147240">
    <ele>1929.1</ele>
    <time>2012-04-21T15:32:42Z</time>
   </trkpt>
   <trkpt lat="37.3468980" lon="-113.1147210">
    <ele>1928.5</ele>
    <time>2012-04-21T15:32:47Z</time>
   </trkpt>
   <trkpt lat="37.3468060" lon="-113.1146370">
    <ele>1928.8</ele>
    <time>2012-04-21T15:32:52Z</time>
   </trkpt>
   <trkpt lat="37.3466770" lon="-113.1145700">
    <ele>1928.7</ele>
    <time>2012-04-21T15:32:58Z</time>
   </trkpt>
   <trkpt lat="37.3465910" lon="-113.1144950">
    <ele>1928.8</ele>
    <time>2012-04-21T15:33:03Z</time>
   </trkpt>
   <trkpt lat="37.3465040" lon="-113.1144380">
    <ele>1928.7</ele>
    <time>2012-04-21T15:33:08Z</time>
   </trkpt>
   <trkpt lat="37.3464040" lon="-113.1143970">
    <ele>1928.3</ele>
    <time>2012-04-21T15:33:13Z</time>
   </trkpt>
   <trkpt lat="37.3462660" lon="-113.1142970">
    <ele>1928.0</ele>
    <time>2012-04-21T15:33:20Z</time>
   </trkpt>
   <trkpt lat="37.3461630" lon="-113.1141970">
    <ele>1928.0</ele>
    <time>2012-04-21T15:33:26Z</time>
   </trkpt>
   <trkpt lat="37.3460880" lon="-113.1141420">
    <ele>1927.8</ele>
    <time>2012-04-21T15:33:30Z</time>
   </trkpt>
   <trkpt lat="37.3459950" lon="-113.1140630">
    <ele>1927.6</ele>
    <time>2012-04-21T15:33:35Z</time>
   </trkpt>
   <trkpt lat="37.3458960" lon="-113.1140000">
    <ele>1927.1</ele>
    <time>2012-04-21T15:33:40Z</time>
   </trkpt>
   <trkpt lat="37.3457630" lon="-113.1139490">
    <ele>1926.5</ele>
    <time>2012-04-21T15:33:46Z</time>
   </trkpt>
   <trkpt lat="37.3457430" lon="-113.1139320">
    <ele>1926.4</ele>
    <time>2012-04-21T15:33:47Z</time>
   </trkpt>
   <trkpt lat="37.3456240" lon="-113.1138660">
    <ele>1926.0</ele>
    <time>2012-04-21T15:33:53Z</time>
   </trkpt>
   <trkpt lat="37.3455180" lon="-113.1138270">
    <ele>1925.7</ele>
    <time>2012-04-21T15:33:58Z</time>
   </trkpt>
   <trkpt lat="37.3454710" lon="-113.1138240">
    <ele>1925.5</ele>
    <time>2012-04-21T15:34:00Z</time>
   </trkpt>
   <trkpt lat="37.3452960" lon="-113.1138540">
    <ele>1924.5</ele>
    <time>2012-04-21T15:34:07Z</time>
   </trkpt>
   <trkpt lat="37.3452730" lon="-113.1138470">
    <ele>1924.4</ele>
    <time>2012-04-21T15:34:08Z</time>
   </trkpt>
   <trkpt lat="37.3451400" lon="-113.1138420">
    <ele>1923.7</ele>
    <time>2012-04-21T15:34:13Z</time>
   </trkpt>
   <trkpt lat="37.3449930" lon="-113.1138180">
    <ele>1923.0</ele>
    <time>2012-04-21T15:34:19Z</time>
   </trkpt>
   <trkpt lat="37.3449270" lon="-113.1137960">
    <ele>1922.8</ele>
    <time>2012-04-21T15:34:22Z</time>
   </trkpt>
   <trkpt lat="37.3447680" lon="-113.1137670">
    <ele>1922.2</ele>
    <time>2012-04-21T15:34:29Z</time>
   </trkpt>
   <trkpt lat="37.3446830" lon="-113.1137370">
    <ele>1921.9</ele>
    <time>2012-04-21T15:34:33Z</time>
   </trkpt>
   <trkpt lat="37.3445250" lon="-113.1137040">
    <ele>1921.5</ele>
    <time>2012-04-21T15:34:40Z</time>
   </trkpt>
   <trkpt lat="37.3444850" lon="-113.1136660">
    <ele>1921.5</ele>
    <time>2012-04-21T15:34:42Z</time>
   </trkpt>
   <trkpt lat="37.3443760" lon="-113.1135430">
    <ele>1921.7</ele>
    <time>2012-04-21T15:34:48Z</time>
   </trkpt>
   <trkpt lat="37.3442600" lon="-113.1133990">
    <ele>1922.1</ele>
    <time>2012-04-21T15:34:55Z</time>
   </trkpt>
   <trkpt lat="37.3442440" lon="-113.1133810">
    <ele>1922.1</ele>
    <time>2012-04-21T15:34:56Z</time>
   </trkpt>
   <trkpt lat="37.3441050" lon="-113.1133570">
    <ele>1921.9</ele>
    <time>2012-04-21T15:35:02Z</time>
   </trkpt>
   <trkpt lat="37.3440780" lon="-113.1133570">
    <ele>1921.9</ele>
    <time>2012-04-21T15:35:03Z</time>
   </trkpt>
   <trkpt lat="37.3439450" lon="-113.1133560">
    <ele>1921.8</ele>
    <time>2012-04-21T15:35:09Z</time>
   </trkpt>
   <trkpt lat="37.3438350" lon="-113.1133550">
    <ele>1921.8</ele>
    <time>2012-04-21T15:35:14Z</time>
   </trkpt>
   <trkpt lat="37.3436960" lon="-113.1133600">
    <ele>1921.9</ele>
    <time>2012-04-21T15:35:20Z</time>
   </trkpt>
   <trkpt lat="37.3435820" lon="-113.1133790">
    <ele>1921.8</ele>
    <time>2012-04-21T15:35:25Z</time>
   </trkpt>
   <trkpt lat="37.3434940" lon="-113.1133610">
    <ele>1921.9</ele>
    <time>2012-04-21T15:35:29Z</time>
   </trkpt>
   <trkpt lat="37.3434710" lon="-113.1133570">
    <ele>1921.9</ele>
    <time>2012-04-21T15:35:30Z</time>
   </trkpt>
   <trkpt lat="37.3434300" lon="-113.1133110">
    <ele>1922.3</ele>
    <time>2012-04-21T15:35:35Z</time>
   </trkpt>
   <trkpt lat="37.3434250" lon="-113.1132180">
    <ele>1923.2</ele>
    <time>2012-04-21T15:35:39Z</time>
   </trkpt>
   <trkpt lat="37.3433310" lon="-113.1132330">
    <ele>1923.0</ele>
    <time>2012-04-21T15:35:43Z</time>
   </trkpt>
   <trkpt lat="37.3432860" lon="-113.1132420">
    <ele>1922.8</ele>
    <time>2012-04-21T15:35:45Z</time>
   </trkpt>
   <trkpt lat="37.3431510" lon="-113.1132500">
    <ele>1922.3</ele>
    <time>2012-04-21T15:35:51Z</time>
   </trkpt>
   <trkpt lat="37.3430860" lon="-113.1132770">
    <ele>1921.9</ele>
    <time>2012-04-21T15:35:54Z</time>
   </trkpt>
   <trkpt lat="37.3430330" lon="-113.1134040">
    <ele>1920.6</ele>
    <time>2012-04-21T15:35:59Z</time>
   </trkpt>
   <trkpt lat="37.3430220" lon="-113.1134300">
    <ele>1920.3</ele>
    <time>2012-04-21T15:36:00Z</time>
   </trkpt>
   <trkpt lat="37.3429630" lon="-113.1135420">
    <ele>1919.2</ele>
    <time>2012-04-21T15:36:04Z</time>
   </trkpt>
   <trkpt lat="37.3429460" lon="-113.1136840">
    <ele>1918.3</ele>
    <time>2012-04-21T15:36:09Z</time>
   </trkpt>
   <trkpt lat="37.3429470" lon="-113.1137120">
    <ele>1918.1</ele>
    <time>2012-04-21T15:36:10Z</time>
   </trkpt>
   <trkpt lat="37.3429420" lon="-113.1137700">
    <ele>1917.8</ele>
    <time>2012-04-21T15:36:12Z</time>
   </trkpt>
   <trkpt lat="37.3428680" lon="-113.1138640">
    <ele>1918.0</ele>
    <time>2012-04-21T15:36:17Z</time>
   </trkpt>
   <trkpt lat="37.3427800" lon="-113.1139390">
    <ele>1918.9</ele>
    <time>2012-04-21T15:36:22Z</time>
   </trkpt>
   <trkpt lat="37.3426860" lon="-113.1140110">
    <ele>1920.3</ele>
    <time>2012-04-21T15:36:28Z</time>
   </trkpt>
   <trkpt lat="37.3426680" lon="-113.1140080">
    <ele>1920.6</ele>
    <time>2012-04-21T15:36:29Z</time>
   </trkpt>
   <trkpt lat="37.3425800" lon="-113.1140010">
    <ele>1922.3</ele>
    <time>2012-04-21T15:36:34Z</time>
   </trkpt>
   <trkpt lat="37.3425650" lon="-113.1139950">
    <ele>1922.7</ele>
    <time>2012-04-21T15:36:35Z</time>
   </trkpt>
   <trkpt lat="37.3424750" lon="-113.1138850">
    <ele>1924.6</ele>
    <time>2012-04-21T15:36:42Z</time>
   </trkpt>
   <trkpt lat="37.3424240" lon="-113.1138210">
    <ele>1925.5</ele>
    <time>2012-04-21T15:36:46Z</time>
   </trkpt>
   <trkpt lat="37.3424070" lon="-113.1138130">
    <ele>1925.8</ele>
    <time>2012-04-21T15:36:47Z</time>
   </trkpt>
   <trkpt lat="37.3423180" lon="-113.1138190">
    <ele>1927.3</ele>
    <time>2012-04-21T15:36:52Z</time>
   </trkpt>
   <trkpt lat="37.3422400" lon="-113.1137980">
    <ele>1928.2</ele>
    <time>2012-04-21T15:36:57Z</time>
   </trkpt>
   <trkpt lat="37.3422250" lon="-113.1137970">
    <ele>1928.3</ele>
    <time>2012-04-21T15:36:58Z</time>
   </trkpt>
   <trkpt lat="37.3421980" lon="-113.1138050">
    <ele>1928.6</ele>
    <time>2012-04-21T15:37:00Z</time>
   </trkpt>
   <trkpt lat="37.3421040" lon="-113.1137670">
    <ele>1929.3</ele>
    <time>2012-04-21T15:37:06Z</time>
   </trkpt>
   <trkpt lat="37.3419810" lon="-113.1137660">
    <ele>1930.2</ele>
    <time>2012-04-21T15:37:13Z</time>
   </trkpt>
   <trkpt lat="37.3419300" lon="-113.1137350">
    <ele>1930.4</ele>
    <time>2012-04-21T15:37:16Z</time>
   </trkpt>
   <trkpt lat="37.3418830" lon="-113.1136360">
    <ele>1930.4</ele>
    <time>2012-04-21T15:37:21Z</time>
   </trkpt>
   <trkpt lat="37.3418820" lon="-113.1135940">
    <ele>1930.4</ele>
    <time>2012-04-21T15:37:23Z</time>
   </trkpt>
   <trkpt lat="37.3418330" lon="-113.1134830">
    <ele>1930.3</ele>
    <time>2012-04-21T15:37:28Z</time>
   </trkpt>
   <trkpt lat="37.3417710" lon="-113.1133970">
    <ele>1930.1</ele>
    <time>2012-04-21T15:37:33Z</time>
   </trkpt>
   <trkpt lat="37.3416750" lon="-113.1133710">
    <ele>1930.5</ele>
    <time>2012-04-21T15:37:38Z</time>
   </trkpt>
   <trkpt lat="37.3416220" lon="-113.1133710">
    <ele>1930.9</ele>
    <time>2012-04-21T15:37:41Z</time>
   </trkpt>
   <trkpt lat="37.3415190" lon="-113.1134370">
    <ele>1932.0</ele>
    <time>2012-04-21T15:37:47Z</time>
   </trkpt>
   <trkpt lat="37.3415070" lon="-113.1134550">
    <ele>1932.1</ele>
    <time>2012-04-21T15:37:48Z</time>
   </trkpt>
   <trkpt lat="37.3414860" lon="-113.1134960">
    <ele>1932.4</ele>
    <time>2012-04-21T15:37:50Z</time>
   </trkpt>
   <trkpt lat="37.3414560" lon="-113.1135860">
    <ele>1933.0</ele>
    <time>2012-04-21T15:37:54Z</time>
   </trkpt>
   <trkpt lat="37.3413700" lon="-113.1136190">
    <ele>1933.7</ele>
    <time>2012-04-21T15:37:59Z</time>
   </trkpt>
   <trkpt lat="37.3412490" lon="-113.1135960">
    <ele>1934.5</ele>
    <time>2012-04-21T15:38:05Z</time>
   </trkpt>
   <trkpt lat="37.3411430" lon="-113.1135470">
    <ele>1935.2</ele>
    <time>2012-04-21T15:38:11Z</time>
   </trkpt>
   <trkpt lat="37.3410460" lon="-113.1134890">
    <ele>1935.8</ele>
    <time>2012-04-21T15:38:17Z</time>
   </trkpt>
   <trkpt lat="37.3409360" lon="-113.1134740">
    <ele>1936.7</ele>
    <time>2012-04-21T15:38:23Z</time>
   </trkpt>
   <trkpt lat="37.3408810" lon="-113.1134620">
    <ele>1937.1</ele>
    <time>2012-04-21T15:38:26Z</time>
   </trkpt>
   <trkpt lat="37.3407860" lon="-113.1133720">
    <ele>1938.0</ele>
    <time>2012-04-21T15:38:33Z</time>
   </trkpt>
   <trkpt lat="37.3406940" lon="-113.1133480">
    <ele>1938.7</ele>
    <time>2012-04-21T15:38:38Z</time>
   </trkpt>
   <trkpt lat="37.3406230" lon="-113.1132970">
    <ele>1939.5</ele>
    <time>2012-04-21T15:38:43Z</time>
   </trkpt>
   <trkpt lat="37.3406040" lon="-113.1132410">
    <ele>1939.9</ele>
    <time>2012-04-21T15:38:47Z</time>
   </trkpt>
   <trkpt lat="37.3406010" lon="-113.1131830">
    <ele>1940.1</ele>
    <time>2012-04-21T15:38:52Z</time>
   </trkpt>
   <trkpt lat="37.3406020" lon="-113.1130580">
    <ele>1940.5</ele>
    <time>2012-04-21T15:39:00Z</time>
   </trkpt>
   <trkpt lat="37.3406020" lon="-113.1130430">
    <ele>1940.6</ele>
    <time>2012-04-21T15:39:01Z</time>
   </trkpt>
   <trkpt lat="37.3405800" lon="-113.1129120">
    <ele>1941.2</ele>
    <time>2012-04-21T15:39:10Z</time>
   </trkpt>
   <trkpt lat="37.3405670" lon="-113.1127860">
    <ele>1941.8</ele>
    <time>2012-04-21T15:39:18Z</time>
   </trkpt>
   <trkpt lat="37.3405550" lon="-113.1126390">
    <ele>1942.6</ele>
    <time>2012-04-21T15:39:27Z</time>
   </trkpt>
   <trkpt lat="37.3405370" lon="-113.1125210">
    <ele>1943.2</ele>
    <time>2012-04-21T15:39:34Z</time>
   </trkpt>
   <trkpt lat="37.3405220" lon="-113.1124130">
    <ele>1943.9</ele>
    <time>2012-04-21T15:39:40Z</time>
   </trkpt>
   <trkpt lat="37.3404980" lon="-113.1122850">
    <ele>1944.7</ele>
    <time>2012-04-21T15:39:47Z</time>
   </trkpt>
   <trkpt lat="37.3404690" lon="-113.1121200">
    <ele>1945.7</ele>
    <time>2012-04-21T15:39:54Z</time>
   </trkpt>
   <trkpt lat="37.3404420" lon="-113.1119920">
    <ele>1946.5</ele>
    <time>2012-04-21T15:39:59Z</time>
   </trkpt>
   <trkpt lat="37.3404010" lon="-113.1118580">
    <ele>1947.8</ele>
    <time>2012-04-21T15:40:05Z</time>
   </trkpt>
   <trkpt lat="37.3403320" lon="-113.1117600">
    <ele>1949.3</ele>
    <time>2012-04-21T15:40:10Z</time>
   </trkpt>
   <trkpt lat="37.3402900" lon="-113.1116450">
    <ele>1950.4</ele>
    <time>2012-04-21T15:40:15Z</time>
   </trkpt>
   <trkpt lat="37.3402440" lon="-113.1115460">
    <ele>1951.4</ele>
    <time>2012-04-21T15:40:20Z</time>
   </trkpt>
   <trkpt lat="37.3401980" lon="-113.1114390">
    <ele>1952.6</ele>
    <time>2012-04-21T15:40:25Z</time>
   </trkpt>
   <trkpt lat="37.3401560" lon="-113.1113300">
    <ele>1953.5</ele>
    <time>2012-04-21T15:40:30Z</time>
   </trkpt>
   <trkpt lat="37.3401050" lon="-113.1111860">
    <ele>1954.4</ele>
    <time>2012-04-21T15:40:36Z</time>
   </trkpt>
   <trkpt lat="37.3400690" lon="-113.1110600">
    <ele>1955.0</ele>
    <time>2012-04-21T15:40:41Z</time>
   </trkpt>
   <trkpt lat="37.3400150" lon="-113.1108910">
    <ele>1955.6</ele>
    <time>2012-04-21T15:40:48Z</time>
   </trkpt>
   <trkpt lat="37.3399860" lon="-113.1108000">
    <ele>1956.0</ele>
    <time>2012-04-21T15:40:51Z</time>
   </trkpt>
   <trkpt lat="37.3399400" lon="-113.1106960">
    <ele>1956.6</ele>
    <time>2012-04-21T15:40:56Z</time>
   </trkpt>
   <trkpt lat="37.3399020" lon="-113.1105780">
    <ele>1957.1</ele>
    <time>2012-04-21T15:41:01Z</time>
   </trkpt>
   <trkpt lat="37.3398810" lon="-113.1104390">
    <ele>1957.4</ele>
    <time>2012-04-21T15:41:07Z</time>
   </trkpt>
   <trkpt lat="37.3398810" lon="-113.1103870">
    <ele>1957.4</ele>
    <time>2012-04-21T15:41:09Z</time>
   </trkpt>
   <trkpt lat="37.3398570" lon="-113.1102860">
    <ele>1958.0</ele>
    <time>2012-04-21T15:41:13Z</time>
   </trkpt>
   <trkpt lat="37.3398200" lon="-113.1101720">
    <ele>1959.5</ele>
    <time>2012-04-21T15:41:18Z</time>
   </trkpt>
   <trkpt lat="37.3398090" lon="-113.1100730">
    <ele>1960.3</ele>
    <time>2012-04-21T15:41:22Z</time>
   </trkpt>
   <trkpt lat="37.3398230" lon="-113.1099750">
    <ele>1960.3</ele>
    <time>2012-04-21T15:41:26Z</time>
   </trkpt>
   <trkpt lat="37.3398470" lon="-113.1098550">
    <ele>1960.1</ele>
    <time>2012-04-21T15:41:31Z</time>
   </trkpt>
   <trkpt lat="37.3398500" lon="-113.1098340">
    <ele>1960.1</ele>
    <time>2012-04-21T15:41:32Z</time>
   </trkpt>
   <trkpt lat="37.3398730" lon="-113.1097210">
    <ele>1960.0</ele>
    <time>2012-04-21T15:41:37Z</time>
   </trkpt>
   <trkpt lat="37.3398840" lon="-113.1096720">
    <ele>1959.9</ele>
    <time>2012-04-21T15:41:40Z</time>
   </trkpt>
   <trkpt lat="37.3399000" lon="-113.1096150">
    <ele>1959.6</ele>
    <time>2012-04-21T15:41:44Z</time>
   </trkpt>
   <trkpt lat="37.3398990" lon="-113.1095880">
    <ele>1959.8</ele>
    <time>2012-04-21T15:41:46Z</time>
   </trkpt>
   <trkpt lat="37.3398630" lon="-113.1095050">
    <ele>1961.5</ele>
    <time>2012-04-21T15:41:53Z</time>
   </trkpt>
   <trkpt lat="37.3398720" lon="-113.1094710">
    <ele>1961.3</ele>
    <time>2012-04-21T15:41:55Z</time>
   </trkpt>
   <trkpt lat="37.3399040" lon="-113.1093700">
    <ele>1960.6</ele>
    <time>2012-04-21T15:42:02Z</time>
   </trkpt>
   <trkpt lat="37.3399300" lon="-113.1092820">
    <ele>1960.0</ele>
    <time>2012-04-21T15:42:08Z</time>
   </trkpt>
   <trkpt lat="37.3399240" lon="-113.1092320">
    <ele>1960.5</ele>
    <time>2012-04-21T15:42:12Z</time>
   </trkpt>
   <trkpt lat="37.3398830" lon="-113.1091900">
    <ele>1962.6</ele>
    <time>2012-04-21T15:42:19Z</time>
   </trkpt>
   <trkpt lat="37.3398770" lon="-113.1091340">
    <ele>1963.3</ele>
    <time>2012-04-21T15:42:24Z</time>
   </trkpt>
   <trkpt lat="37.3398740" lon="-113.1090520">
    <ele>1964.1</ele>
    <time>2012-04-21T15:42:30Z</time>
   </trkpt>
   <trkpt lat="37.3398610" lon="-113.1089790">
    <ele>1965.4</ele>
    <time>2012-04-21T15:42:36Z</time>
   </trkpt>
   <trkpt lat="37.3398760" lon="-113.1089270">
    <ele>1965.4</ele>
    <time>2012-04-21T15:42:39Z</time>
   </trkpt>
   <trkpt lat="37.3398950" lon="-113.1088670">
    <ele>1965.5</ele>
    <time>2012-04-21T15:42:43Z</time>
   </trkpt>
   <trkpt lat="37.3399060" lon="-113.1088110">
    <ele>1965.9</ele>
    <time>2012-04-21T15:42:47Z</time>
   </trkpt>
   <trkpt lat="37.3399240" lon="-113.1087600">
    <ele>1966.0</ele>
    <time>2012-04-21T15:42:51Z</time>
   </trkpt>
   <trkpt lat="37.3399600" lon="-113.1086760">
    <ele>1966.0</ele>
    <time>2012-04-21T15:42:57Z</time>
   </trkpt>
   <trkpt lat="37.3399630" lon="-113.1086620">
    <ele>1966.0</ele>
    <time>2012-04-21T15:42:58Z</time>
   </trkpt>
   <trkpt lat="37.3399770" lon="-113.1086220">
    <ele>1966.1</ele>
    <time>2012-04-21T15:43:04Z</time>
   </trkpt>
   <trkpt lat="37.3400180" lon="-113.1085130">
    <ele>1966.0</ele>
    <time>2012-04-21T15:43:12Z</time>
   </trkpt>
   <trkpt lat="37.3400320" lon="-113.1084640">
    <ele>1965.9</ele>
    <time>2012-04-21T15:43:15Z</time>
   </trkpt>
   <trkpt lat="37.3400610" lon="-113.1083770">
    <ele>1965.8</ele>
    <time>2012-04-21T15:43:22Z</time>
   </trkpt>
   <trkpt lat="37.3400830" lon="-113.1083080">
    <ele>1965.7</ele>
    <time>2012-04-21T15:43:27Z</time>
   </trkpt>
   <trkpt lat="37.3401050" lon="-113.1082910">
    <ele>1965.3</ele>
    <time>2012-04-21T15:43:29Z</time>
   </trkpt>
   <trkpt lat="37.3402040" lon="-113.1082220">
    <ele>1963.5</ele>
    <time>2012-04-21T15:43:38Z</time>
   </trkpt>
   <trkpt lat="37.3402410" lon="-113.1081930">
    <ele>1963.0</ele>
    <time>2012-04-21T15:43:41Z</time>
   </trkpt>
   <trkpt lat="37.3403470" lon="-113.1081210">
    <ele>1961.8</ele>
    <time>2012-04-21T15:43:50Z</time>
   </trkpt>
   <trkpt lat="37.3404540" lon="-113.1080140">
    <ele>1961.6</ele>
    <time>2012-04-21T15:43:57Z</time>
   </trkpt>
   <trkpt lat="37.3405360" lon="-113.1079330">
    <ele>1962.3</ele>
    <time>2012-04-21T15:44:02Z</time>
   </trkpt>
   <trkpt lat="37.3405780" lon="-113.1078490">
    <ele>1963.2</ele>
    <time>2012-04-21T15:44:06Z</time>
   </trkpt>
   <trkpt lat="37.3406400" lon="-113.1077620">
    <ele>1964.3</ele>
    <time>2012-04-21T15:44:11Z</time>
   </trkpt>
   <trkpt lat="37.3406990" lon="-113.1076550">
    <ele>1965.6</ele>
    <time>2012-04-21T15:44:16Z</time>
   </trkpt>
   <trkpt lat="37.3407280" lon="-113.1075150">
    <ele>1966.8</ele>
    <time>2012-04-21T15:44:21Z</time>
   </trkpt>
   <trkpt lat="37.3407410" lon="-113.1073610">
    <ele>1967.7</ele>
    <time>2012-04-21T15:44:26Z</time>
   </trkpt>
   <trkpt lat="37.3407380" lon="-113.1071880">
    <ele>1968.2</ele>
    <time>2012-04-21T15:44:32Z</time>
   </trkpt>
   <trkpt lat="37.3407220" lon="-113.1070710">
    <ele>1968.4</ele>
    <time>2012-04-21T15:44:36Z</time>
   </trkpt>
   <trkpt lat="37.3407220" lon="-113.1069560">
    <ele>1968.6</ele>
    <time>2012-04-21T15:44:40Z</time>
   </trkpt>
   <trkpt lat="37.3407250" lon="-113.1069300">
    <ele>1968.7</ele>
    <time>2012-04-21T15:44:41Z</time>
   </trkpt>
   <trkpt lat="37.3407530" lon="-113.1068250">
    <ele>1969.2</ele>
    <time>2012-04-21T15:44:45Z</time>
   </trkpt>
   <trkpt lat="37.3408160" lon="-113.1066810">
    <ele>1969.8</ele>
    <time>2012-04-21T15:44:51Z</time>
   </trkpt>
   <trkpt lat="37.3408610" lon="-113.1065470">
    <ele>1970.4</ele>
    <time>2012-04-21T15:44:56Z</time>
   </trkpt>
   <trkpt lat="37.3409330" lon="-113.1064050">
    <ele>1971.3</ele>
    <time>2012-04-21T15:45:02Z</time>
   </trkpt>
   <trkpt lat="37.3409210" lon="-113.1062630">
    <ele>1971.5</ele>
    <time>2012-04-21T15:45:07Z</time>
   </trkpt>
   <trkpt lat="37.3408850" lon="-113.1061030">
    <ele>1971.6</ele>
    <time>2012-04-21T15:45:13Z</time>
   </trkpt>
   <trkpt lat="37.3408570" lon="-113.1059330">
    <ele>1971.6</ele>
    <time>2012-04-21T15:45:19Z</time>
   </trkpt>
   <trkpt lat="37.3408640" lon="-113.1058120">
    <ele>1971.8</ele>
    <time>2012-04-21T15:45:23Z</time>
   </trkpt>
   <trkpt lat="37.3408420" lon="-113.1056540">
    <ele>1971.7</ele>
    <time>2012-04-21T15:45:28Z</time>
   </trkpt>
   <trkpt lat="37.3407920" lon="-113.1055130">
    <ele>1971.2</ele>
    <time>2012-04-21T15:45:33Z</time>
   </trkpt>
   <trkpt lat="37.3407340" lon="-113.1053760">
    <ele>1970.8</ele>
    <time>2012-04-21T15:45:38Z</time>
   </trkpt>
   <trkpt lat="37.3407250" lon="-113.1052600">
    <ele>1970.7</ele>
    <time>2012-04-21T15:45:42Z</time>
   </trkpt>
   <trkpt lat="37.3406690" lon="-113.1051250">
    <ele>1970.3</ele>
    <time>2012-04-21T15:45:47Z</time>
   </trkpt>
   <trkpt lat="37.3405700" lon="-113.1049400">
    <ele>1969.6</ele>
    <time>2012-04-21T15:45:54Z</time>
   </trkpt>
   <trkpt lat="37.3404730" lon="-113.1047870">
    <ele>1969.0</ele>
    <time>2012-04-21T15:46:00Z</time>
   </trkpt>
   <trkpt lat="37.3403840" lon="-113.1046290">
    <ele>1968.3</ele>
    <time>2012-04-21T15:46:06Z</time>
   </trkpt>
   <trkpt lat="37.3403470" lon="-113.1045420">
    <ele>1968.1</ele>
    <time>2012-04-21T15:46:09Z</time>
   </trkpt>
   <trkpt lat="37.3403370" lon="-113.1043560">
    <ele>1968.2</ele>
    <time>2012-04-21T15:46:15Z</time>
   </trkpt>
   <trkpt lat="37.3403420" lon="-113.1042390">
    <ele>1968.4</ele>
    <time>2012-04-21T15:46:19Z</time>
   </trkpt>
   <trkpt lat="37.3402820" lon="-113.1040840">
    <ele>1968.2</ele>
    <time>2012-04-21T15:46:25Z</time>
   </trkpt>
   <trkpt lat="37.3402570" lon="-113.1040400">
    <ele>1968.1</ele>
    <time>2012-04-21T15:46:27Z</time>
   </trkpt>
   <trkpt lat="37.3401780" lon="-113.1038700">
    <ele>1967.8</ele>
    <time>2012-04-21T15:46:34Z</time>
   </trkpt>
   <trkpt lat="37.3401100" lon="-113.1037190">
    <ele>1967.6</ele>
    <time>2012-04-21T15:46:40Z</time>
   </trkpt>
   <trkpt lat="37.3400230" lon="-113.1036060">
    <ele>1967.2</ele>
    <time>2012-04-21T15:46:45Z</time>
   </trkpt>
   <trkpt lat="37.3399440" lon="-113.1035310">
    <ele>1966.7</ele>
    <time>2012-04-21T15:46:49Z</time>
   </trkpt>
   <trkpt lat="37.3398400" lon="-113.1034750">
    <ele>1965.8</ele>
    <time>2012-04-21T15:46:53Z</time>
   </trkpt>
   <trkpt lat="37.3396840" lon="-113.1033900">
    <ele>1964.4</ele>
    <time>2012-04-21T15:46:59Z</time>
   </trkpt>
   <trkpt lat="37.3396690" lon="-113.1032320">
    <ele>1964.6</ele>
    <time>2012-04-21T15:47:04Z</time>
   </trkpt>
   <trkpt lat="37.3396770" lon="-113.1030690">
    <ele>1965.0</ele>
    <time>2012-04-21T15:47:09Z</time>
   </trkpt>
   <trkpt lat="37.3396450" lon="-113.1029190">
    <ele>1965.2</ele>
    <time>2012-04-21T15:47:14Z</time>
   </trkpt>
   <trkpt lat="37.3395750" lon="-113.1028090">
    <ele>1964.9</ele>
    <time>2012-04-21T15:47:18Z</time>
   </trkpt>
   <trkpt lat="37.3394820" lon="-113.1028120">
    <ele>1964.0</ele>
    <time>2012-04-21T15:47:22Z</time>
   </trkpt>
   <trkpt lat="37.3394150" lon="-113.1028050">
    <ele>1963.4</ele>
    <time>2012-04-21T15:47:25Z</time>
   </trkpt>
   <trkpt lat="37.3392890" lon="-113.1027330">
    <ele>1962.7</ele>
    <time>2012-04-21T15:47:31Z</time>
   </trkpt>
   <trkpt lat="37.3392060" lon="-113.1026290">
    <ele>1962.5</ele>
    <time>2012-04-21T15:47:36Z</time>
   </trkpt>
   <trkpt lat="37.3391610" lon="-113.1026120">
    <ele>1962.2</ele>
    <time>2012-04-21T15:47:38Z</time>
   </trkpt>
   <trkpt lat="37.3390450" lon="-113.1024660">
    <ele>1961.8</ele>
    <time>2012-04-21T15:47:45Z</time>
   </trkpt>
   <trkpt lat="37.3389600" lon="-113.1023110">
    <ele>1961.8</ele>
    <time>2012-04-21T15:47:51Z</time>
   </trkpt>
   <trkpt lat="37.3389000" lon="-113.1022020">
    <ele>1961.8</ele>
    <time>2012-04-21T15:47:56Z</time>
   </trkpt>
   <trkpt lat="37.3388510" lon="-113.1021040">
    <ele>1961.8</ele>
    <time>2012-04-21T15:48:03Z</time>
   </trkpt>
   <trkpt lat="37.3388130" lon="-113.1020350">
    <ele>1961.7</ele>
    <time>2012-04-21T15:48:07Z</time>
   </trkpt>
   <trkpt lat="37.3387530" lon="-113.1019840">
    <ele>1961.3</ele>
    <time>2012-04-21T15:48:11Z</time>
   </trkpt>
   <trkpt lat="37.3387010" lon="-113.1019020">
    <ele>1961.1</ele>
    <time>2012-04-21T15:48:16Z</time>
   </trkpt>
   <trkpt lat="37.3386570" lon="-113.1018610">
    <ele>1960.7</ele>
    <time>2012-04-21T15:48:22Z</time>
   </trkpt>
   <trkpt lat="37.3385930" lon="-113.1018250">
    <ele>1960.2</ele>
    <time>2012-04-21T15:48:29Z</time>
   </trkpt>
   <trkpt lat="37.3385570" lon="-113.1017760">
    <ele>1960.0</ele>
    <time>2012-04-21T15:48:34Z</time>
   </trkpt>
   <trkpt lat="37.3385270" lon="-113.1016890">
    <ele>1959.9</ele>
    <time>2012-04-21T15:48:39Z</time>
   </trkpt>
   <trkpt lat="37.3385160" lon="-113.1016680">
    <ele>1959.8</ele>
    <time>2012-04-21T15:48:40Z</time>
   </trkpt>
   <trkpt lat="37.3384460" lon="-113.1015230">
    <ele>1959.4</ele>
    <time>2012-04-21T15:48:46Z</time>
   </trkpt>
   <trkpt lat="37.3383770" lon="-113.1013930">
    <ele>1958.9</ele>
    <time>2012-04-21T15:48:51Z</time>
   </trkpt>
   <trkpt lat="37.3383700" lon="-113.1013630">
    <ele>1958.9</ele>
    <time>2012-04-21T15:48:52Z</time>
   </trkpt>
   <trkpt lat="37.3382750" lon="-113.1012050">
    <ele>1958.0</ele>
    <time>2012-04-21T15:48:59Z</time>
   </trkpt>
   <trkpt lat="37.3382200" lon="-113.1011190">
    <ele>1957.4</ele>
    <time>2012-04-21T15:49:03Z</time>
   </trkpt>
   <trkpt lat="37.3381820" lon="-113.1009930">
    <ele>1957.2</ele>
    <time>2012-04-21T15:49:08Z</time>
   </trkpt>
   <trkpt lat="37.3381640" lon="-113.1008720">
    <ele>1957.2</ele>
    <time>2012-04-21T15:49:13Z</time>
   </trkpt>
   <trkpt lat="37.3381670" lon="-113.1007360">
    <ele>1957.6</ele>
    <time>2012-04-21T15:49:18Z</time>
   </trkpt>
   <trkpt lat="37.3381930" lon="-113.1006270">
    <ele>1958.2</ele>
    <time>2012-04-21T15:49:22Z</time>
   </trkpt>
   <trkpt lat="37.3382040" lon="-113.1005660">
    <ele>1958.5</ele>
    <time>2012-04-21T15:49:24Z</time>
   </trkpt>
   <trkpt lat="37.3382790" lon="-113.1004630">
    <ele>1959.9</ele>
    <time>2012-04-21T15:49:30Z</time>
   </trkpt>
   <trkpt lat="37.3383540" lon="-113.1004000">
    <ele>1961.1</ele>
    <time>2012-04-21T15:49:35Z</time>
   </trkpt>
   <trkpt lat="37.3383680" lon="-113.1003850">
    <ele>1961.3</ele>
    <time>2012-04-21T15:49:36Z</time>
   </trkpt>
   <trkpt lat="37.3384220" lon="-113.1003070">
    <ele>1962.2</ele>
    <time>2012-04-21T15:49:41Z</time>
   </trkpt>
   <trkpt lat="37.3384420" lon="-113.1002480">
    <ele>1962.6</ele>
    <time>2012-04-21T15:49:44Z</time>
   </trkpt>
   <trkpt lat="37.3384660" lon="-113.1001420">
    <ele>1963.2</ele>
    <time>2012-04-21T15:49:50Z</time>
   </trkpt>
   <trkpt lat="37.3384840" lon="-113.1000860">
    <ele>1963.6</ele>
    <time>2012-04-21T15:49:53Z</time>
   </trkpt>
   <trkpt lat="37.3384930" lon="-113.1000080">
    <ele>1963.9</ele>
    <time>2012-04-21T15:49:57Z</time>
   </trkpt>
   <trkpt lat="37.3384970" lon="-113.0998510">
    <ele>1964.3</ele>
    <time>2012-04-21T15:50:05Z</time>
   </trkpt>
   <trkpt lat="37.3385160" lon="-113.0997940">
    <ele>1964.7</ele>
    <time>2012-04-21T15:50:08Z</time>
   </trkpt>
   <trkpt lat="37.3385320" lon="-113.0997160">
    <ele>1965.1</ele>
    <time>2012-04-21T15:50:12Z</time>
   </trkpt>
   <trkpt lat="37.3385430" lon="-113.0995610">
    <ele>1965.5</ele>
    <time>2012-04-21T15:50:19Z</time>
   </trkpt>
   <trkpt lat="37.3385450" lon="-113.0994500">
    <ele>1965.8</ele>
    <time>2012-04-21T15:50:24Z</time>
   </trkpt>
   <trkpt lat="37.3385740" lon="-113.0993780">
    <ele>1966.3</ele>
    <time>2012-04-21T15:50:28Z</time>
   </trkpt>
   <trkpt lat="37.3385560" lon="-113.0992480">
    <ele>1966.2</ele>
    <time>2012-04-21T15:50:34Z</time>
   </trkpt>
   <trkpt lat="37.3385650" lon="-113.0992000">
    <ele>1966.4</ele>
    <time>2012-04-21T15:50:36Z</time>
   </trkpt>
   <trkpt lat="37.3386110" lon="-113.0990370">
    <ele>1966.9</ele>
    <time>2012-04-21T15:50:43Z</time>
   </trkpt>
   <trkpt lat="37.3386240" lon="-113.0990160">
    <ele>1967.1</ele>
    <time>2012-04-21T15:50:44Z</time>
   </trkpt>
   <trkpt lat="37.3387030" lon="-113.0989320">
    <ele>1967.9</ele>
    <time>2012-04-21T15:50:49Z</time>
   </trkpt>
   <trkpt lat="37.3387850" lon="-113.0988340">
    <ele>1968.8</ele>
    <time>2012-04-21T15:50:54Z</time>
   </trkpt>
   <trkpt lat="37.3388840" lon="-113.0987070">
    <ele>1969.7</ele>
    <time>2012-04-21T15:51:00Z</time>
   </trkpt>
   <trkpt lat="37.3389410" lon="-113.0986490">
    <ele>1970.2</ele>
    <time>2012-04-21T15:51:03Z</time>
   </trkpt>
   <trkpt lat="37.3389730" lon="-113.0985230">
    <ele>1970.5</ele>
    <time>2012-04-21T15:51:07Z</time>
   </trkpt>
   <trkpt lat="37.3389460" lon="-113.0983900">
    <ele>1970.3</ele>
    <time>2012-04-21T15:51:12Z</time>
   </trkpt>
   <trkpt lat="37.3389330" lon="-113.0983010">
    <ele>1970.3</ele>
    <time>2012-04-21T15:51:15Z</time>
   </trkpt>
   <trkpt lat="37.3389260" lon="-113.0982400">
    <ele>1970.3</ele>
    <time>2012-04-21T15:51:17Z</time>
   </trkpt>
   <trkpt lat="37.3389220" lon="-113.0981150">
    <ele>1970.2</ele>
    <time>2012-04-21T15:51:22Z</time>
   </trkpt>
   <trkpt lat="37.3389040" lon="-113.0979780">
    <ele>1970.0</ele>
    <time>2012-04-21T15:51:27Z</time>
   </trkpt>
   <trkpt lat="37.3388920" lon="-113.0978530">
    <ele>1969.8</ele>
    <time>2012-04-21T15:51:31Z</time>
   </trkpt>
   <trkpt lat="37.3388620" lon="-113.0977220">
    <ele>1969.6</ele>
    <time>2012-04-21T15:51:36Z</time>
   </trkpt>
   <trkpt lat="37.3388620" lon="-113.0976980">
    <ele>1969.6</ele>
    <time>2012-04-21T15:51:37Z</time>
   </trkpt>
   <trkpt lat="37.3389050" lon="-113.0975350">
    <ele>1970.1</ele>
    <time>2012-04-21T15:51:45Z</time>
   </trkpt>
   <trkpt lat="37.3388990" lon="-113.0974800">
    <ele>1970.1</ele>
    <time>2012-04-21T15:51:47Z</time>
   </trkpt>
   <trkpt lat="37.3389170" lon="-113.0973900">
    <ele>1970.5</ele>
    <time>2012-04-21T15:51:51Z</time>
   </trkpt>
   <trkpt lat="37.3389210" lon="-113.0972550">
    <ele>1970.7</ele>
    <time>2012-04-21T15:51:56Z</time>
   </trkpt>
   <trkpt lat="37.3389320" lon="-113.0971900">
    <ele>1970.9</ele>
    <time>2012-04-21T15:51:59Z</time>
   </trkpt>
   <trkpt lat="37.3389520" lon="-113.0970770">
    <ele>1971.4</ele>
    <time>2012-04-21T15:52:04Z</time>
   </trkpt>
   <trkpt lat="37.3389690" lon="-113.0970350">
    <ele>1971.6</ele>
    <time>2012-04-21T15:52:06Z</time>
   </trkpt>
   <trkpt lat="37.3390400" lon="-113.0969680">
    <ele>1972.4</ele>
    <time>2012-04-21T15:52:11Z</time>
   </trkpt>
   <trkpt lat="37.3391000" lon="-113.0969350">
    <ele>1973.0</ele>
    <time>2012-04-21T15:52:15Z</time>
   </trkpt>
   <trkpt lat="37.3392110" lon="-113.0968600">
    <ele>1974.0</ele>
    <time>2012-04-21T15:52:22Z</time>
   </trkpt>
   <trkpt lat="37.3392220" lon="-113.0968470">
    <ele>1974.1</ele>
    <time>2012-04-21T15:52:23Z</time>
   </trkpt>
   <trkpt lat="37.3393130" lon="-113.0967920">
    <ele>1975.0</ele>
    <time>2012-04-21T15:52:29Z</time>
   </trkpt>
   <trkpt lat="37.3393910" lon="-113.0967200">
    <ele>1975.8</ele>
    <time>2012-04-21T15:52:34Z</time>
   </trkpt>
   <trkpt lat="37.3394570" lon="-113.0966550">
    <ele>1976.5</ele>
    <time>2012-04-21T15:52:39Z</time>
   </trkpt>
   <trkpt lat="37.3394730" lon="-113.0965630">
    <ele>1977.0</ele>
    <time>2012-04-21T15:52:44Z</time>
   </trkpt>
   <trkpt lat="37.3394610" lon="-113.0964490">
    <ele>1977.4</ele>
    <time>2012-04-21T15:52:49Z</time>
   </trkpt>
   <trkpt lat="37.3394550" lon="-113.0963090">
    <ele>1977.8</ele>
    <time>2012-04-21T15:52:55Z</time>
   </trkpt>
   <trkpt lat="37.3394520" lon="-113.0961870">
    <ele>1978.0</ele>
    <time>2012-04-21T15:53:00Z</time>
   </trkpt>
   <trkpt lat="37.3394380" lon="-113.0960310">
    <ele>1978.1</ele>
    <time>2012-04-21T15:53:06Z</time>
   </trkpt>
   <trkpt lat="37.3394330" lon="-113.0958970">
    <ele>1978.2</ele>
    <time>2012-04-21T15:53:11Z</time>
   </trkpt>
   <trkpt lat="37.3394450" lon="-113.0958490">
    <ele>1978.2</ele>
    <time>2012-04-21T15:53:13Z</time>
   </trkpt>
   <trkpt lat="37.3395290" lon="-113.0957730">
    <ele>1978.7</ele>
    <time>2012-04-21T15:53:18Z</time>
   </trkpt>
   <trkpt lat="37.3395290" lon="-113.0956770">
    <ele>1978.7</ele>
    <time>2012-04-21T15:53:21Z</time>
   </trkpt>
   <trkpt lat="37.3394960" lon="-113.0955140">
    <ele>1978.5</ele>
    <time>2012-04-21T15:53:27Z</time>
   </trkpt>
   <trkpt lat="37.3394840" lon="-113.0954080">
    <ele>1978.3</ele>
    <time>2012-04-21T15:53:31Z</time>
   </trkpt>
   <trkpt lat="37.3394790" lon="-113.0953810">
    <ele>1978.3</ele>
    <time>2012-04-21T15:53:32Z</time>
   </trkpt>
   <trkpt lat="37.3394530" lon="-113.0952590">
    <ele>1978.0</ele>
    <time>2012-04-21T15:53:37Z</time>
   </trkpt>
   <trkpt lat="37.3394780" lon="-113.0951560">
    <ele>1978.0</ele>
    <time>2012-04-21T15:53:41Z</time>
   </trkpt>
   <trkpt lat="37.3394840" lon="-113.0951240">
    <ele>1978.0</ele>
    <time>2012-04-21T15:53:42Z</time>
   </trkpt>
   <trkpt lat="37.3395330" lon="-113.0949550">
    <ele>1978.3</ele>
    <time>2012-04-21T15:53:48Z</time>
   </trkpt>
   <trkpt lat="37.3395640" lon="-113.0948680">
    <ele>1978.4</ele>
    <time>2012-04-21T15:53:51Z</time>
   </trkpt>
   <trkpt lat="37.3396790" lon="-113.0947620">
    <ele>1979.1</ele>
    <time>2012-04-21T15:53:57Z</time>
   </trkpt>
   <trkpt lat="37.3397650" lon="-113.0946560">
    <ele>1979.4</ele>
    <time>2012-04-21T15:54:02Z</time>
   </trkpt>
   <trkpt lat="37.3398220" lon="-113.0946160">
    <ele>1979.5</ele>
    <time>2012-04-21T15:54:05Z</time>
   </trkpt>
   <trkpt lat="37.3399360" lon="-113.0945210">
    <ele>1979.7</ele>
    <time>2012-04-21T15:54:11Z</time>
   </trkpt>
   <trkpt lat="37.3400920" lon="-113.0943820">
    <ele>1979.3</ele>
    <time>2012-04-21T15:54:19Z</time>
   </trkpt>
   <trkpt lat="37.3401790" lon="-113.0942830">
    <ele>1978.8</ele>
    <time>2012-04-21T15:54:24Z</time>
   </trkpt>
   <trkpt lat="37.3402060" lon="-113.0942410">
    <ele>1978.5</ele>
    <time>2012-04-21T15:54:26Z</time>
   </trkpt>
   <trkpt lat="37.3402420" lon="-113.0941340">
    <ele>1977.9</ele>
    <time>2012-04-21T15:54:30Z</time>
   </trkpt>
   <trkpt lat="37.3403200" lon="-113.0940610">
    <ele>1977.4</ele>
    <time>2012-04-21T15:54:34Z</time>
   </trkpt>
   <trkpt lat="37.3403710" lon="-113.0940410">
    <ele>1977.3</ele>
    <time>2012-04-21T15:54:36Z</time>
   </trkpt>
   <trkpt lat="37.3404950" lon="-113.0939950">
    <ele>1976.6</ele>
    <time>2012-04-21T15:54:41Z</time>
   </trkpt>
   <trkpt lat="37.3406040" lon="-113.0939170">
    <ele>1975.1</ele>
    <time>2012-04-21T15:54:46Z</time>
   </trkpt>
   <trkpt lat="37.3406920" lon="-113.0938820">
    <ele>1974.1</ele>
    <time>2012-04-21T15:54:50Z</time>
   </trkpt>
   <trkpt lat="37.3407980" lon="-113.0938890">
    <ele>1973.8</ele>
    <time>2012-04-21T15:54:55Z</time>
   </trkpt>
   <trkpt lat="37.3409150" lon="-113.0939050">
    <ele>1973.6</ele>
    <time>2012-04-21T15:55:00Z</time>
   </trkpt>
   <trkpt lat="37.3410730" lon="-113.0939250">
    <ele>1973.1</ele>
    <time>2012-04-21T15:55:06Z</time>
   </trkpt>
   <trkpt lat="37.3411200" lon="-113.0939310">
    <ele>1972.8</ele>
    <time>2012-04-21T15:55:08Z</time>
   </trkpt>
   <trkpt lat="37.3412390" lon="-113.0939740">
    <ele>1972.4</ele>
    <time>2012-04-21T15:55:14Z</time>
   </trkpt>
   <trkpt lat="37.3413280" lon="-113.0939540">
    <ele>1971.3</ele>
    <time>2012-04-21T15:55:18Z</time>
   </trkpt>
   <trkpt lat="37.3414820" lon="-113.0939290">
    <ele>1969.6</ele>
    <time>2012-04-21T15:55:25Z</time>
   </trkpt>
   <trkpt lat="37.3415040" lon="-113.0939290">
    <ele>1969.5</ele>
    <time>2012-04-21T15:55:26Z</time>
   </trkpt>
   <trkpt lat="37.3416500" lon="-113.0938770">
    <ele>1967.9</ele>
    <time>2012-04-21T15:55:33Z</time>
   </trkpt>
   <trkpt lat="37.3417470" lon="-113.0938290">
    <ele>1966.8</ele>
    <time>2012-04-21T15:55:38Z</time>
   </trkpt>
   <trkpt lat="37.3418490" lon="-113.0937480">
    <ele>1965.4</ele>
    <time>2012-04-21T15:55:43Z</time>
   </trkpt>
   <trkpt lat="37.3419060" lon="-113.0936640">
    <ele>1964.2</ele>
    <time>2012-04-21T15:55:47Z</time>
   </trkpt>
   <trkpt lat="37.3419340" lon="-113.0935700">
    <ele>1963.2</ele>
    <time>2012-04-21T15:55:51Z</time>
   </trkpt>
   <trkpt lat="37.3420030" lon="-113.0935110">
    <ele>1962.5</ele>
    <time>2012-04-21T15:55:55Z</time>
   </trkpt>
   <trkpt lat="37.3420230" lon="-113.0935110">
    <ele>1962.6</ele>
    <time>2012-04-21T15:55:56Z</time>
   </trkpt>
   <trkpt lat="37.3421180" lon="-113.0935280">
    <ele>1963.0</ele>
    <time>2012-04-21T15:56:00Z</time>
   </trkpt>
   <trkpt lat="37.3421680" lon="-113.0935260">
    <ele>1963.3</ele>
    <time>2012-04-21T15:56:05Z</time>
   </trkpt>
   <trkpt lat="37.3422340" lon="-113.0934910">
    <ele>1963.7</ele>
    <time>2012-04-21T15:56:11Z</time>
   </trkpt>
   <trkpt lat="37.3422970" lon="-113.0934740">
    <ele>1964.1</ele>
    <time>2012-04-21T15:56:16Z</time>
   </trkpt>
   <trkpt lat="37.3423780" lon="-113.0934590">
    <ele>1964.7</ele>
    <time>2012-04-21T15:56:22Z</time>
   </trkpt>
   <trkpt lat="37.3424290" lon="-113.0933800">
    <ele>1964.9</ele>
    <time>2012-04-21T15:56:29Z</time>
   </trkpt>
   <trkpt lat="37.3424410" lon="-113.0932590">
    <ele>1964.5</ele>
    <time>2012-04-21T15:56:36Z</time>
   </trkpt>
   <trkpt lat="37.3424440" lon="-113.0932280">
    <ele>1964.4</ele>
    <time>2012-04-21T15:56:38Z</time>
   </trkpt>
   <trkpt lat="37.3424950" lon="-113.0931580">
    <ele>1964.5</ele>
    <time>2012-04-21T15:56:42Z</time>
   </trkpt>
   <trkpt lat="37.3425250" lon="-113.0930950">
    <ele>1964.5</ele>
    <time>2012-04-21T15:56:45Z</time>
   </trkpt>
   <trkpt lat="37.3425960" lon="-113.0930260">
    <ele>1964.7</ele>
    <time>2012-04-21T15:56:49Z</time>
   </trkpt>
   <trkpt lat="37.3427280" lon="-113.0929290">
    <ele>1965.6</ele>
    <time>2012-04-21T15:56:56Z</time>
   </trkpt>
   <trkpt lat="37.3428210" lon="-113.0928350">
    <ele>1966.2</ele>
    <time>2012-04-21T15:57:03Z</time>
   </trkpt>
   <trkpt lat="37.3429290" lon="-113.0927720">
    <ele>1967.3</ele>
    <time>2012-04-21T15:57:09Z</time>
   </trkpt>
   <trkpt lat="37.3429430" lon="-113.0927610">
    <ele>1967.5</ele>
    <time>2012-04-21T15:57:10Z</time>
   </trkpt>
   <trkpt lat="37.3430560" lon="-113.0926890">
    <ele>1968.7</ele>
    <time>2012-04-21T15:57:17Z</time>
   </trkpt>
   <trkpt lat="37.3431340" lon="-113.0926250">
    <ele>1969.5</ele>
    <time>2012-04-21T15:57:22Z</time>
   </trkpt>
   <trkpt lat="37.3432160" lon="-113.0925820">
    <ele>1970.5</ele>
    <time>2012-04-21T15:57:27Z</time>
   </trkpt>
   <trkpt lat="37.3433150" lon="-113.0925280">
    <ele>1972.0</ele>
    <time>2012-04-21T15:57:33Z</time>
   </trkpt>
   <trkpt lat="37.3433780" lon="-113.0924460">
    <ele>1972.7</ele>
    <time>2012-04-21T15:57:38Z</time>
   </trkpt>
   <trkpt lat="37.3434710" lon="-113.0923730">
    <ele>1973.7</ele>
    <time>2012-04-21T15:57:44Z</time>
   </trkpt>
   <trkpt lat="37.3434900" lon="-113.0923620">
    <ele>1973.9</ele>
    <time>2012-04-21T15:57:45Z</time>
   </trkpt>
   <trkpt lat="37.3435980" lon="-113.0922130">
    <ele>1973.2</ele>
    <time>2012-04-21T15:57:53Z</time>
   </trkpt>
   <trkpt lat="37.3436350" lon="-113.0921680">
    <ele>1972.9</ele>
    <time>2012-04-21T15:57:56Z</time>
   </trkpt>
   <trkpt lat="37.3437370" lon="-113.0921810">
    <ele>1974.0</ele>
    <time>2012-04-21T15:58:01Z</time>
   </trkpt>
   <trkpt lat="37.3437590" lon="-113.0921700">
    <ele>1973.9</ele>
    <time>2012-04-21T15:58:02Z</time>
   </trkpt>
   <trkpt lat="37.3438490" lon="-113.0920670">
    <ele>1972.5</ele>
    <time>2012-04-21T15:58:07Z</time>
   </trkpt>
   <trkpt lat="37.3438720" lon="-113.0920180">
    <ele>1971.6</ele>
    <time>2012-04-21T15:58:09Z</time>
   </trkpt>
   <trkpt lat="37.3438920" lon="-113.0918850">
    <ele>1969.4</ele>
    <time>2012-04-21T15:58:14Z</time>
   </trkpt>
   <trkpt lat="37.3439420" lon="-113.0918100">
    <ele>1968.4</ele>
    <time>2012-04-21T15:58:18Z</time>
   </trkpt>
   <trkpt lat="37.3439790" lon="-113.0917810">
    <ele>1968.1</ele>
    <time>2012-04-21T15:58:20Z</time>
   </trkpt>
   <trkpt lat="37.3440130" lon="-113.0917420">
    <ele>1967.8</ele>
    <time>2012-04-21T15:58:22Z</time>
   </trkpt>
   <trkpt lat="37.3440050" lon="-113.0915560">
    <ele>1965.0</ele>
    <time>2012-04-21T15:58:28Z</time>
   </trkpt>
   <trkpt lat="37.3440130" lon="-113.0913970">
    <ele>1963.1</ele>
    <time>2012-04-21T15:58:33Z</time>
   </trkpt>
   <trkpt lat="37.3440190" lon="-113.0913020">
    <ele>1962.1</ele>
    <time>2012-04-21T15:58:36Z</time>
   </trkpt>
   <trkpt lat="37.3440180" lon="-113.0911950">
    <ele>1961.1</ele>
    <time>2012-04-21T15:58:40Z</time>
   </trkpt>
   <trkpt lat="37.3440490" lon="-113.0911140">
    <ele>1961.3</ele>
    <time>2012-04-21T15:58:43Z</time>
   </trkpt>
   <trkpt lat="37.3441080" lon="-113.0909900">
    <ele>1962.2</ele>
    <time>2012-04-21T15:58:49Z</time>
   </trkpt>
   <trkpt lat="37.3441670" lon="-113.0909170">
    <ele>1963.5</ele>
    <time>2012-04-21T15:58:54Z</time>
   </trkpt>
   <trkpt lat="37.3441860" lon="-113.0908490">
    <ele>1963.6</ele>
    <time>2012-04-21T15:58:58Z</time>
   </trkpt>
   <trkpt lat="37.3441810" lon="-113.0907840">
    <ele>1962.9</ele>
    <time>2012-04-21T15:59:01Z</time>
   </trkpt>
   <trkpt lat="37.3442280" lon="-113.0907160">
    <ele>1963.7</ele>
    <time>2012-04-21T15:59:05Z</time>
   </trkpt>
   <trkpt lat="37.3442520" lon="-113.0906670">
    <ele>1963.9</ele>
    <time>2012-04-21T15:59:08Z</time>
   </trkpt>
   <trkpt lat="37.3442910" lon="-113.0906250">
    <ele>1964.6</ele>
    <time>2012-04-21T15:59:11Z</time>
   </trkpt>
   <trkpt lat="37.3443480" lon="-113.0905050">
    <ele>1964.2</ele>
    <time>2012-04-21T15:59:17Z</time>
   </trkpt>
   <trkpt lat="37.3444050" lon="-113.0904430">
    <ele>1964.5</ele>
    <time>2012-04-21T15:59:21Z</time>
   </trkpt>
   <trkpt lat="37.3444720" lon="-113.0903970">
    <ele>1965.0</ele>
    <time>2012-04-21T15:59:25Z</time>
   </trkpt>
   <trkpt lat="37.3445110" lon="-113.0903570">
    <ele>1964.7</ele>
    <time>2012-04-21T15:59:27Z</time>
   </trkpt>
   <trkpt lat="37.3445450" lon="-113.0903090">
    <ele>1964.0</ele>
    <time>2012-04-21T15:59:29Z</time>
   </trkpt>
   <trkpt lat="37.3445890" lon="-113.0902730">
    <ele>1963.8</ele>
    <time>2012-04-21T15:59:31Z</time>
   </trkpt>
   <trkpt lat="37.3446740" lon="-113.0901640">
    <ele>1962.2</ele>
    <time>2012-04-21T15:59:36Z</time>
   </trkpt>
   <trkpt lat="37.3447360" lon="-113.0900550">
    <ele>1960.6</ele>
    <time>2012-04-21T15:59:41Z</time>
   </trkpt>
   <trkpt lat="37.3448060" lon="-113.0900140">
    <ele>1960.7</ele>
    <time>2012-04-21T15:59:45Z</time>
   </trkpt>
   <trkpt lat="37.3448160" lon="-113.0899980">
    <ele>1960.6</ele>
    <time>2012-04-21T15:59:46Z</time>
   </trkpt>
   <trkpt lat="37.3448280" lon="-113.0899660">
    <ele>1960.2</ele>
    <time>2012-04-21T15:59:48Z</time>
   </trkpt>
   <trkpt lat="37.3448160" lon="-113.0898730">
    <ele>1959.1</ele>
    <time>2012-04-21T15:59:53Z</time>
   </trkpt>
   <trkpt lat="37.3447950" lon="-113.0898100">
    <ele>1958.8</ele>
    <time>2012-04-21T15:59:58Z</time>
   </trkpt>
   <trkpt lat="37.3447660" lon="-113.0897420">
    <ele>1958.9</ele>
    <time>2012-04-21T16:00:02Z</time>
   </trkpt>
   <trkpt lat="37.3447510" lon="-113.0896980">
    <ele>1959.2</ele>
    <time>2012-04-21T16:00:07Z</time>
   </trkpt>
   <trkpt lat="37.3447280" lon="-113.0896430">
    <ele>1959.5</ele>
    <time>2012-04-21T16:00:12Z</time>
   </trkpt>
   <trkpt lat="37.3447030" lon="-113.0895880">
    <ele>1959.9</ele>
    <time>2012-04-21T16:00:16Z</time>
   </trkpt>
   <trkpt lat="37.3446830" lon="-113.0895040">
    <ele>1960.3</ele>
    <time>2012-04-21T16:00:23Z</time>
   </trkpt>
   <trkpt lat="37.3446870" lon="-113.0894870">
    <ele>1960.4</ele>
    <time>2012-04-21T16:00:24Z</time>
   </trkpt>
   <trkpt lat="37.3447070" lon="-113.0893640">
    <ele>1961.2</ele>
    <time>2012-04-21T16:00:30Z</time>
   </trkpt>
   <trkpt lat="37.3447010" lon="-113.0893230">
    <ele>1961.5</ele>
    <time>2012-04-21T16:00:32Z</time>
   </trkpt>
   <trkpt lat="37.3447280" lon="-113.0892080">
    <ele>1962.4</ele>
    <time>2012-04-21T16:00:38Z</time>
   </trkpt>
   <trkpt lat="37.3446990" lon="-113.0891440">
    <ele>1963.1</ele>
    <time>2012-04-21T16:00:43Z</time>
   </trkpt>
   <trkpt lat="37.3446820" lon="-113.0890670">
    <ele>1964.0</ele>
    <time>2012-04-21T16:00:48Z</time>
   </trkpt>
   <trkpt lat="37.3446740" lon="-113.0890450">
    <ele>1964.2</ele>
    <time>2012-04-21T16:00:49Z</time>
   </trkpt>
   <trkpt lat="37.3446560" lon="-113.0890120">
    <ele>1964.6</ele>
    <time>2012-04-21T16:00:51Z</time>
   </trkpt>
   <trkpt lat="37.3446350" lon="-113.0888780">
    <ele>1966.3</ele>
    <time>2012-04-21T16:00:58Z</time>
   </trkpt>
   <trkpt lat="37.3446460" lon="-113.0887830">
    <ele>1967.3</ele>
    <time>2012-04-21T16:01:02Z</time>
   </trkpt>
   <trkpt lat="37.3446410" lon="-113.0886680">
    <ele>1968.8</ele>
    <time>2012-04-21T16:01:07Z</time>
   </trkpt>
   <trkpt lat="37.3446900" lon="-113.0885600">
    <ele>1969.7</ele>
    <time>2012-04-21T16:01:13Z</time>
   </trkpt>
   <trkpt lat="37.3446870" lon="-113.0885410">
    <ele>1969.9</ele>
    <time>2012-04-21T16:01:17Z</time>
   </trkpt>
   <trkpt lat="37.3446880" lon="-113.0885010">
    <ele>1970.4</ele>
    <time>2012-04-21T16:01:21Z</time>
   </trkpt>
   <trkpt lat="37.3446940" lon="-113.0884550">
    <ele>1970.9</ele>
    <time>2012-04-21T16:01:26Z</time>
   </trkpt>
   <trkpt lat="37.3446970" lon="-113.0884600">
    <ele>1970.8</ele>
    <time>2012-04-21T16:01:33Z</time>
   </trkpt>
   <trkpt lat="37.3446960" lon="-113.0884880">
    <ele>1970.5</ele>
    <time>2012-04-21T16:01:39Z</time>
   </trkpt>
   <trkpt lat="37.3446980" lon="-113.0884880">
    <ele>1970.5</ele>
    <time>2012-04-21T16:01:46Z</time>
   </trkpt>
   <trkpt lat="37.3447020" lon="-113.0884870">
    <ele>1970.5</ele>
    <time>2012-04-21T16:01:53Z</time>
   </trkpt>
   <trkpt lat="37.3447040" lon="-113.0884700">
    <ele>1970.7</ele>
    <time>2012-04-21T16:02:04Z</time>
   </trkpt>
   <trkpt lat="37.3446910" lon="-113.0884150">
    <ele>1971.4</ele>
    <time>2012-04-21T16:02:11Z</time>
   </trkpt>
   <trkpt lat="37.3446890" lon="-113.0883170">
    <ele>1972.5</ele>
    <time>2012-04-21T16:02:19Z</time>
   </trkpt>
   <trkpt lat="37.3447080" lon="-113.0882430">
    <ele>1973.1</ele>
    <time>2012-04-21T16:02:25Z</time>
   </trkpt>
   <trkpt lat="37.3447130" lon="-113.0881570">
    <ele>1973.8</ele>
    <time>2012-04-21T16:02:31Z</time>
   </trkpt>
   <trkpt lat="37.3447070" lon="-113.0880460">
    <ele>1974.8</ele>
    <time>2012-04-21T16:02:36Z</time>
   </trkpt>
   <trkpt lat="37.3447530" lon="-113.0879740">
    <ele>1975.3</ele>
    <time>2012-04-21T16:02:40Z</time>
   </trkpt>
   <trkpt lat="37.3447700" lon="-113.0879570">
    <ele>1975.4</ele>
    <time>2012-04-21T16:02:41Z</time>
   </trkpt>
   <trkpt lat="37.3448740" lon="-113.0878630">
    <ele>1975.8</ele>
    <time>2012-04-21T16:02:47Z</time>
   </trkpt>
   <trkpt lat="37.3449460" lon="-113.0878190">
    <ele>1975.8</ele>
    <time>2012-04-21T16:02:51Z</time>
   </trkpt>
   <trkpt lat="37.3450620" lon="-113.0877670">
    <ele>1975.4</ele>
    <time>2012-04-21T16:02:57Z</time>
   </trkpt>
   <trkpt lat="37.3451630" lon="-113.0877120">
    <ele>1975.1</ele>
    <time>2012-04-21T16:03:02Z</time>
   </trkpt>
   <trkpt lat="37.3451960" lon="-113.0877020">
    <ele>1975.0</ele>
    <time>2012-04-21T16:03:04Z</time>
   </trkpt>
   <trkpt lat="37.3452400" lon="-113.0875990">
    <ele>1975.5</ele>
    <time>2012-04-21T16:03:09Z</time>
   </trkpt>
   <trkpt lat="37.3452590" lon="-113.0875060">
    <ele>1976.3</ele>
    <time>2012-04-21T16:03:14Z</time>
   </trkpt>
   <trkpt lat="37.3453190" lon="-113.0874350">
    <ele>1977.0</ele>
    <time>2012-04-21T16:03:18Z</time>
   </trkpt>
   <trkpt lat="37.3453980" lon="-113.0873520">
    <ele>1977.9</ele>
    <time>2012-04-21T16:03:23Z</time>
   </trkpt>
   <trkpt lat="37.3454370" lon="-113.0873150">
    <ele>1978.2</ele>
    <time>2012-04-21T16:03:25Z</time>
   </trkpt>
   <trkpt lat="37.3455020" lon="-113.0872230">
    <ele>1979.0</ele>
    <time>2012-04-21T16:03:31Z</time>
   </trkpt>
   <trkpt lat="37.3455590" lon="-113.0871390">
    <ele>1979.7</ele>
    <time>2012-04-21T16:03:35Z</time>
   </trkpt>
   <trkpt lat="37.3455740" lon="-113.0871230">
    <ele>1979.8</ele>
    <time>2012-04-21T16:03:36Z</time>
   </trkpt>
   <trkpt lat="37.3456640" lon="-113.0869950">
    <ele>1980.8</ele>
    <time>2012-04-21T16:03:42Z</time>
   </trkpt>
   <trkpt lat="37.3457290" lon="-113.0868990">
    <ele>1981.6</ele>
    <time>2012-04-21T16:03:47Z</time>
   </trkpt>
   <trkpt lat="37.3457770" lon="-113.0867710">
    <ele>1982.7</ele>
    <time>2012-04-21T16:03:52Z</time>
   </trkpt>
   <trkpt lat="37.3457730" lon="-113.0866710">
    <ele>1983.7</ele>
    <time>2012-04-21T16:03:56Z</time>
   </trkpt>
   <trkpt lat="37.3457770" lon="-113.0865500">
    <ele>1985.0</ele>
    <time>2012-04-21T16:04:02Z</time>
   </trkpt>
   <trkpt lat="37.3457780" lon="-113.0865030">
    <ele>1985.5</ele>
    <time>2012-04-21T16:04:04Z</time>
   </trkpt>
   <trkpt lat="37.3457640" lon="-113.0863680">
    <ele>1987.2</ele>
    <time>2012-04-21T16:04:10Z</time>
   </trkpt>
   <trkpt lat="37.3457900" lon="-113.0862410">
    <ele>1988.6</ele>
    <time>2012-04-21T16:04:16Z</time>
   </trkpt>
   <trkpt lat="37.3458120" lon="-113.0861800">
    <ele>1989.1</ele>
    <time>2012-04-21T16:04:18Z</time>
   </trkpt>
   <trkpt lat="37.3458330" lon="-113.0860650">
    <ele>1990.4</ele>
    <time>2012-04-21T16:04:23Z</time>
   </trkpt>
   <trkpt lat="37.3458390" lon="-113.0860150">
    <ele>1991.0</ele>
    <time>2012-04-21T16:04:25Z</time>
   </trkpt>
   <trkpt lat="37.3458540" lon="-113.0859830">
    <ele>1991.3</ele>
    <time>2012-04-21T16:04:27Z</time>
   </trkpt>
   <trkpt lat="37.3458760" lon="-113.0858940">
    <ele>1992.1</ele>
    <time>2012-04-21T16:04:31Z</time>
   </trkpt>
   <trkpt lat="37.3458880" lon="-113.0858560">
    <ele>1992.4</ele>
    <time>2012-04-21T16:04:33Z</time>
   </trkpt>
   <trkpt lat="37.3459400" lon="-113.0857820">
    <ele>1992.8</ele>
    <time>2012-04-21T16:04:37Z</time>
   </trkpt>
   <trkpt lat="37.3459720" lon="-113.0857350">
    <ele>1993.2</ele>
    <time>2012-04-21T16:04:40Z</time>
   </trkpt>
   <trkpt lat="37.3461070" lon="-113.0856470">
    <ele>1993.1</ele>
    <time>2012-04-21T16:04:47Z</time>
   </trkpt>
   <trkpt lat="37.3461290" lon="-113.0856350">
    <ele>1993.1</ele>
    <time>2012-04-21T16:04:49Z</time>
   </trkpt>
   <trkpt lat="37.3461640" lon="-113.0856060">
    <ele>1993.2</ele>
    <time>2012-04-21T16:04:55Z</time>
   </trkpt>
   <trkpt lat="37.3461980" lon="-113.0855760">
    <ele>1993.2</ele>
    <time>2012-04-21T16:04:59Z</time>
   </trkpt>
   <trkpt lat="37.3462270" lon="-113.0855660">
    <ele>1993.1</ele>
    <time>2012-04-21T16:05:02Z</time>
   </trkpt>
   <trkpt lat="37.3463050" lon="-113.0855200">
    <ele>1993.0</ele>
    <time>2012-04-21T16:05:08Z</time>
   </trkpt>
   <trkpt lat="37.3463640" lon="-113.0854360">
    <ele>1993.3</ele>
    <time>2012-04-21T16:05:14Z</time>
   </trkpt>
   <trkpt lat="37.3463740" lon="-113.0853810">
    <ele>1993.7</ele>
    <time>2012-04-21T16:05:17Z</time>
   </trkpt>
   <trkpt lat="37.3464350" lon="-113.0853440">
    <ele>1993.5</ele>
    <time>2012-04-21T16:05:20Z</time>
   </trkpt>
   <trkpt lat="37.3464700" lon="-113.0852740">
    <ele>1993.7</ele>
    <time>2012-04-21T16:05:24Z</time>
   </trkpt>
   <trkpt lat="37.3465020" lon="-113.0852080">
    <ele>1993.9</ele>
    <time>2012-04-21T16:05:28Z</time>
   </trkpt>
   <trkpt lat="37.3465120" lon="-113.0851310">
    <ele>1994.3</ele>
    <time>2012-04-21T16:05:32Z</time>
   </trkpt>
   <trkpt lat="37.3465290" lon="-113.0850240">
    <ele>1995.0</ele>
    <time>2012-04-21T16:05:37Z</time>
   </trkpt>
   <trkpt lat="37.3465360" lon="-113.0850050">
    <ele>1995.0</ele>
    <time>2012-04-21T16:05:38Z</time>
   </trkpt>
   <trkpt lat="37.3466060" lon="-113.0848620">
    <ele>1995.3</ele>
    <time>2012-04-21T16:05:44Z</time>
   </trkpt>
   <trkpt lat="37.3466480" lon="-113.0847650">
    <ele>1995.6</ele>
    <time>2012-04-21T16:05:49Z</time>
   </trkpt>
   <trkpt lat="37.3466550" lon="-113.0847450">
    <ele>1995.6</ele>
    <time>2012-04-21T16:05:50Z</time>
   </trkpt>
   <trkpt lat="37.3466870" lon="-113.0846940">
    <ele>1995.6</ele>
    <time>2012-04-21T16:05:53Z</time>
   </trkpt>
   <trkpt lat="37.3467320" lon="-113.0846080">
    <ele>1995.7</ele>
    <time>2012-04-21T16:05:58Z</time>
   </trkpt>
   <trkpt lat="37.3467620" lon="-113.0845140">
    <ele>1996.0</ele>
    <time>2012-04-21T16:06:03Z</time>
   </trkpt>
   <trkpt lat="37.3467580" lon="-113.0844500">
    <ele>1996.4</ele>
    <time>2012-04-21T16:06:06Z</time>
   </trkpt>
   <trkpt lat="37.3467830" lon="-113.0843610">
    <ele>1996.6</ele>
    <time>2012-04-21T16:06:10Z</time>
   </trkpt>
   <trkpt lat="37.3468030" lon="-113.0842600">
    <ele>1997.0</ele>
    <time>2012-04-21T16:06:14Z</time>
   </trkpt>
   <trkpt lat="37.3467880" lon="-113.0841550">
    <ele>1997.7</ele>
    <time>2012-04-21T16:06:18Z</time>
   </trkpt>
   <trkpt lat="37.3467900" lon="-113.0841080">
    <ele>1998.0</ele>
    <time>2012-04-21T16:06:20Z</time>
   </trkpt>
   <trkpt lat="37.3467780" lon="-113.0840460">
    <ele>1998.5</ele>
    <time>2012-04-21T16:06:23Z</time>
   </trkpt>
   <trkpt lat="37.3468000" lon="-113.0839530">
    <ele>1999.2</ele>
    <time>2012-04-21T16:06:27Z</time>
   </trkpt>
   <trkpt lat="37.3467810" lon="-113.0838770">
    <ele>1999.8</ele>
    <time>2012-04-21T16:06:30Z</time>
   </trkpt>
   <trkpt lat="37.3467140" lon="-113.0837950">
    <ele>2001.5</ele>
    <time>2012-04-21T16:06:36Z</time>
   </trkpt>
   <trkpt lat="37.3466580" lon="-113.0837740">
    <ele>2002.2</ele>
    <time>2012-04-21T16:06:40Z</time>
   </trkpt>
   <trkpt lat="37.3465850" lon="-113.0837170">
    <ele>2004.0</ele>
    <time>2012-04-21T16:06:47Z</time>
   </trkpt>
   <trkpt lat="37.3465300" lon="-113.0837060">
    <ele>2004.2</ele>
    <time>2012-04-21T16:06:52Z</time>
   </trkpt>
   <trkpt lat="37.3464490" lon="-113.0836820">
    <ele>2004.5</ele>
    <time>2012-04-21T16:07:00Z</time>
   </trkpt>
   <trkpt lat="37.3464490" lon="-113.0836880">
    <ele>2004.2</ele>
    <time>2012-04-21T16:07:05Z</time>
   </trkpt>
   <trkpt lat="37.3464410" lon="-113.0836900">
    <ele>2004.1</ele>
    <time>2012-04-21T16:07:13Z</time>
   </trkpt>
   <trkpt lat="37.3464020" lon="-113.0837030">
    <ele>2003.3</ele>
    <time>2012-04-21T16:07:17Z</time>
   </trkpt>
   <trkpt lat="37.3463630" lon="-113.0837940">
    <ele>2000.6</ele>
    <time>2012-04-21T16:07:23Z</time>
   </trkpt>
   <trkpt lat="37.3463610" lon="-113.0838080">
    <ele>2000.4</ele>
    <time>2012-04-21T16:07:24Z</time>
   </trkpt>
   <trkpt lat="37.3463420" lon="-113.0839080">
    <ele>1999.6</ele>
    <time>2012-04-21T16:07:31Z</time>
   </trkpt>
   <trkpt lat="37.3463240" lon="-113.0839810">
    <ele>2000.0</ele>
    <time>2012-04-21T16:07:37Z</time>
   </trkpt>
   <trkpt lat="37.3463210" lon="-113.0839920">
    <ele>2000.1</ele>
    <time>2012-04-21T16:07:38Z</time>
   </trkpt>
   <trkpt lat="37.3462810" lon="-113.0840210">
    <ele>2000.9</ele>
    <time>2012-04-21T16:07:46Z</time>
   </trkpt>
   <trkpt lat="37.3462420" lon="-113.0840490">
    <ele>2001.7</ele>
    <time>2012-04-21T16:07:51Z</time>
   </trkpt>
   <trkpt lat="37.3462450" lon="-113.0840560">
    <ele>2001.7</ele>
    <time>2012-04-21T16:07:55Z</time>
   </trkpt>
   <trkpt lat="37.3462380" lon="-113.0840310">
    <ele>2001.8</ele>
    <time>2012-04-21T16:08:00Z</time>
   </trkpt>
   <trkpt lat="37.3462320" lon="-113.0840100">
    <ele>2001.8</ele>
    <time>2012-04-21T16:08:09Z</time>
   </trkpt>
   <trkpt lat="37.3462530" lon="-113.0840380">
    <ele>2001.4</ele>
    <time>2012-04-21T16:08:17Z</time>
   </trkpt>
   <trkpt lat="37.3462990" lon="-113.0840650">
    <ele>2000.8</ele>
    <time>2012-04-21T16:08:24Z</time>
   </trkpt>
   <trkpt lat="37.3463120" lon="-113.0840770">
    <ele>2000.7</ele>
    <time>2012-04-21T16:08:31Z</time>
   </trkpt>
   <trkpt lat="37.3463010" lon="-113.0841060">
    <ele>2001.0</ele>
    <time>2012-04-21T16:08:50Z</time>
   </trkpt>
   <trkpt lat="37.3462860" lon="-113.0840850">
    <ele>2001.1</ele>
    <time>2012-04-21T16:09:26Z</time>
   </trkpt>
   <trkpt lat="37.3462500" lon="-113.0840640">
    <ele>2001.6</ele>
    <time>2012-04-21T16:09:32Z</time>
   </trkpt>
   <trkpt lat="37.3462290" lon="-113.0840490">
    <ele>2002.1</ele>
    <time>2012-04-21T16:09:38Z</time>
   </trkpt>
   <trkpt lat="37.3462320" lon="-113.0840510">
    <ele>2002.0</ele>
    <time>2012-04-21T16:09:44Z</time>
   </trkpt>
   <trkpt lat="37.3462450" lon="-113.0840370">
    <ele>2001.6</ele>
    <time>2012-04-21T16:10:03Z</time>
   </trkpt>
   <trkpt lat="37.3462290" lon="-113.0840400">
    <ele>2002.1</ele>
    <time>2012-04-21T16:10:21Z</time>
   </trkpt>
   <trkpt lat="37.3462240" lon="-113.0840450">
    <ele>2002.2</ele>
    <time>2012-04-21T16:10:36Z</time>
   </trkpt>
   <trkpt lat="37.3462310" lon="-113.0840310">
    <ele>2001.9</ele>
    <time>2012-04-21T16:10:43Z</time>
   </trkpt>
   <trkpt lat="37.3462410" lon="-113.0840070">
    <ele>2001.5</ele>
    <time>2012-04-21T16:10:47Z</time>
   </trkpt>
   <trkpt lat="37.3462400" lon="-113.0839800">
    <ele>2001.4</ele>
    <time>2012-04-21T16:10:51Z</time>
   </trkpt>
   <trkpt lat="37.3462420" lon="-113.0839620">
    <ele>2001.2</ele>
    <time>2012-04-21T16:10:52Z</time>
   </trkpt>
   <trkpt lat="37.3462700" lon="-113.0838920">
    <ele>2000.4</ele>
    <time>2012-04-21T16:10:58Z</time>
   </trkpt>
   <trkpt lat="37.3462760" lon="-113.0838680">
    <ele>2000.3</ele>
    <time>2012-04-21T16:11:00Z</time>
   </trkpt>
   <trkpt lat="37.3462850" lon="-113.0837840">
    <ele>2000.8</ele>
    <time>2012-04-21T16:11:06Z</time>
   </trkpt>
   <trkpt lat="37.3462790" lon="-113.0837310">
    <ele>2001.8</ele>
    <time>2012-04-21T16:11:11Z</time>
   </trkpt>
   <trkpt lat="37.3462790" lon="-113.0837170">
    <ele>2002.3</ele>
    <time>2012-04-21T16:11:12Z</time>
   </trkpt>
   <trkpt lat="37.3462490" lon="-113.0836890">
    <ele>2003.1</ele>
    <time>2012-04-21T16:11:17Z</time>
   </trkpt>
   <trkpt lat="37.3461950" lon="-113.0836740">
    <ele>2004.5</ele>
    <time>2012-04-21T16:11:24Z</time>
   </trkpt>
   <trkpt lat="37.3461490" lon="-113.0836780">
    <ele>2005.3</ele>
    <time>2012-04-21T16:11:31Z</time>
   </trkpt>
   <trkpt lat="37.3461120" lon="-113.0836850">
    <ele>2006.5</ele>
    <time>2012-04-21T16:11:37Z</time>
   </trkpt>
   <trkpt lat="37.3460490" lon="-113.0836780">
    <ele>2008.9</ele>
    <time>2012-04-21T16:11:44Z</time>
   </trkpt>
   <trkpt lat="37.3459840" lon="-113.0836530">
    <ele>2011.2</ele>
    <time>2012-04-21T16:11:51Z</time>
   </trkpt>
   <trkpt lat="37.3459190" lon="-113.0836210">
    <ele>2013.2</ele>
    <time>2012-04-21T16:11:58Z</time>
   </trkpt>
   <trkpt lat="37.3458670" lon="-113.0835950">
    <ele>2014.6</ele>
    <time>2012-04-21T16:12:04Z</time>
   </trkpt>
   <trkpt lat="37.3457880" lon="-113.0835660">
    <ele>2016.0</ele>
    <time>2012-04-21T16:12:12Z</time>
   </trkpt>
   <trkpt lat="37.3457590" lon="-113.0835290">
    <ele>2017.0</ele>
    <time>2012-04-21T16:12:17Z</time>
   </trkpt>
   <trkpt lat="37.3457110" lon="-113.0834640">
    <ele>2018.4</ele>
    <time>2012-04-21T16:12:23Z</time>
   </trkpt>
   <trkpt lat="37.3456480" lon="-113.0834410">
    <ele>2019.2</ele>
    <time>2012-04-21T16:12:29Z</time>
   </trkpt>
   <trkpt lat="37.3455820" lon="-113.0834200">
    <ele>2019.8</ele>
    <time>2012-04-21T16:12:34Z</time>
   </trkpt>
   <trkpt lat="37.3455410" lon="-113.0833880">
    <ele>2020.3</ele>
    <time>2012-04-21T16:12:38Z</time>
   </trkpt>
   <trkpt lat="37.3454650" lon="-113.0833420">
    <ele>2021.2</ele>
    <time>2012-04-21T16:12:45Z</time>
   </trkpt>
   <trkpt lat="37.3454520" lon="-113.0833400">
    <ele>2021.3</ele>
    <time>2012-04-21T16:12:46Z</time>
   </trkpt>
   <trkpt lat="37.3454190" lon="-113.0833120">
    <ele>2021.7</ele>
    <time>2012-04-21T16:12:50Z</time>
   </trkpt>
   <trkpt lat="37.3454090" lon="-113.0832900">
    <ele>2021.9</ele>
    <time>2012-04-21T16:12:57Z</time>
   </trkpt>
   <trkpt lat="37.3454080" lon="-113.0832990">
    <ele>2021.8</ele>
    <time>2012-04-21T16:13:06Z</time>
   </trkpt>
   <trkpt lat="37.3454120" lon="-113.0832860">
    <ele>2021.9</ele>
    <time>2012-04-21T16:13:18Z</time>
   </trkpt>
   <trkpt lat="37.3453870" lon="-113.0832890">
    <ele>2022.0</ele>
    <time>2012-04-21T16:13:22Z</time>
   </trkpt>
   <trkpt lat="37.3453550" lon="-113.0832790">
    <ele>2022.3</ele>
    <time>2012-04-21T16:13:25Z</time>
   </trkpt>
   <trkpt lat="37.3453090" lon="-113.0832350">
    <ele>2022.7</ele>
    <time>2012-04-21T16:13:31Z</time>
   </trkpt>
   <trkpt lat="37.3452910" lon="-113.0832120">
    <ele>2022.9</ele>
    <time>2012-04-21T16:13:33Z</time>
   </trkpt>
   <trkpt lat="37.3452080" lon="-113.0831840">
    <ele>2023.4</ele>
    <time>2012-04-21T16:13:40Z</time>
   </trkpt>
   <trkpt lat="37.3451250" lon="-113.0831400">
    <ele>2023.9</ele>
    <time>2012-04-21T16:13:48Z</time>
   </trkpt>
   <trkpt lat="37.3450670" lon="-113.0831260">
    <ele>2024.4</ele>
    <time>2012-04-21T16:13:54Z</time>
   </trkpt>
   <trkpt lat="37.3450390" lon="-113.0830930">
    <ele>2024.7</ele>
    <time>2012-04-21T16:13:59Z</time>
   </trkpt>
   <trkpt lat="37.3449750" lon="-113.0830500">
    <ele>2026.2</ele>
    <time>2012-04-21T16:14:05Z</time>
   </trkpt>
   <trkpt lat="37.3449110" lon="-113.0830090">
    <ele>2027.9</ele>
    <time>2012-04-21T16:14:12Z</time>
   </trkpt>
   <trkpt lat="37.3449040" lon="-113.0829970">
    <ele>2028.2</ele>
    <time>2012-04-21T16:14:13Z</time>
   </trkpt>
   <trkpt lat="37.3448820" lon="-113.0829760">
    <ele>2029.0</ele>
    <time>2012-04-21T16:14:16Z</time>
   </trkpt>
   <trkpt lat="37.3448240" lon="-113.0829770">
    <ele>2030.6</ele>
    <time>2012-04-21T16:14:21Z</time>
   </trkpt>
   <trkpt lat="37.3447590" lon="-113.0829830">
    <ele>2032.3</ele>
    <time>2012-04-21T16:14:26Z</time>
   </trkpt>
   <trkpt lat="37.3446670" lon="-113.0829600">
    <ele>2034.5</ele>
    <time>2012-04-21T16:14:32Z</time>
   </trkpt>
   <trkpt lat="37.3445600" lon="-113.0828920">
    <ele>2036.7</ele>
    <time>2012-04-21T16:14:38Z</time>
   </trkpt>
   <trkpt lat="37.3444940" lon="-113.0828830">
    <ele>2037.6</ele>
    <time>2012-04-21T16:14:41Z</time>
   </trkpt>
   <trkpt lat="37.3443820" lon="-113.0828350">
    <ele>2039.0</ele>
    <time>2012-04-21T16:14:48Z</time>
   </trkpt>
   <trkpt lat="37.3443550" lon="-113.0828150">
    <ele>2039.3</ele>
    <time>2012-04-21T16:14:50Z</time>
   </trkpt>
   <trkpt lat="37.3442950" lon="-113.0827450">
    <ele>2040.2</ele>
    <time>2012-04-21T16:14:56Z</time>
   </trkpt>
   <trkpt lat="37.3442520" lon="-113.0827230">
    <ele>2040.6</ele>
    <time>2012-04-21T16:14:59Z</time>
   </trkpt>
   <trkpt lat="37.3441490" lon="-113.0826850">
    <ele>2041.4</ele>
    <time>2012-04-21T16:15:07Z</time>
   </trkpt>
   <trkpt lat="37.3441330" lon="-113.0826600">
    <ele>2041.6</ele>
    <time>2012-04-21T16:15:09Z</time>
   </trkpt>
   <trkpt lat="37.3440650" lon="-113.0826640">
    <ele>2041.9</ele>
    <time>2012-04-21T16:15:15Z</time>
   </trkpt>
   <trkpt lat="37.3440250" lon="-113.0825920">
    <ele>2042.7</ele>
    <time>2012-04-21T16:15:21Z</time>
   </trkpt>
   <trkpt lat="37.3440160" lon="-113.0825800">
    <ele>2042.8</ele>
    <time>2012-04-21T16:15:22Z</time>
   </trkpt>
   <trkpt lat="37.3440000" lon="-113.0825580">
    <ele>2043.0</ele>
    <time>2012-04-21T16:15:24Z</time>
   </trkpt>
   <trkpt lat="37.3439210" lon="-113.0825090">
    <ele>2043.8</ele>
    <time>2012-04-21T16:15:31Z</time>
   </trkpt>
   <trkpt lat="37.3439100" lon="-113.0825120">
    <ele>2043.8</ele>
    <time>2012-04-21T16:15:32Z</time>
   </trkpt>
   <trkpt lat="37.3438100" lon="-113.0825320">
    <ele>2044.1</ele>
    <time>2012-04-21T16:15:40Z</time>
   </trkpt>
   <trkpt lat="37.3437860" lon="-113.0825350">
    <ele>2044.2</ele>
    <time>2012-04-21T16:15:42Z</time>
   </trkpt>
   <trkpt lat="37.3436750" lon="-113.0825050">
    <ele>2044.8</ele>
    <time>2012-04-21T16:15:50Z</time>
   </trkpt>
   <trkpt lat="37.3435850" lon="-113.0824600">
    <ele>2045.5</ele>
    <time>2012-04-21T16:15:57Z</time>
   </trkpt>
   <trkpt lat="37.3435080" lon="-113.0824370">
    <ele>2045.9</ele>
    <time>2012-04-21T16:16:03Z</time>
   </trkpt>
   <trkpt lat="37.3434350" lon="-113.0823900">
    <ele>2046.7</ele>
    <time>2012-04-21T16:16:07Z</time>
   </trkpt>
   <trkpt lat="37.3433340" lon="-113.0822850">
    <ele>2048.3</ele>
    <time>2012-04-21T16:16:14Z</time>
   </trkpt>
   <trkpt lat="37.3432740" lon="-113.0822380">
    <ele>2049.0</ele>
    <time>2012-04-21T16:16:18Z</time>
   </trkpt>
   <trkpt lat="37.3431940" lon="-113.0821860">
    <ele>2049.1</ele>
    <time>2012-04-21T16:16:23Z</time>
   </trkpt>
   <trkpt lat="37.3431600" lon="-113.0821430">
    <ele>2049.1</ele>
    <time>2012-04-21T16:16:26Z</time>
   </trkpt>
   <trkpt lat="37.3430990" lon="-113.0820740">
    <ele>2049.0</ele>
    <time>2012-04-21T16:16:30Z</time>
   </trkpt>
   <trkpt lat="37.3430220" lon="-113.0819400">
    <ele>2049.5</ele>
    <time>2012-04-21T16:16:36Z</time>
   </trkpt>
   <trkpt lat="37.3430090" lon="-113.0819110">
    <ele>2049.6</ele>
    <time>2012-04-21T16:16:37Z</time>
   </trkpt>
   <trkpt lat="37.3429740" lon="-113.0818670">
    <ele>2049.8</ele>
    <time>2012-04-21T16:16:39Z</time>
   </trkpt>
   <trkpt lat="37.3429160" lon="-113.0817740">
    <ele>2050.4</ele>
    <time>2012-04-21T16:16:44Z</time>
   </trkpt>
   <trkpt lat="37.3428240" lon="-113.0816660">
    <ele>2050.7</ele>
    <time>2012-04-21T16:16:50Z</time>
   </trkpt>
   <trkpt lat="37.3428060" lon="-113.0816510">
    <ele>2050.7</ele>
    <time>2012-04-21T16:16:51Z</time>
   </trkpt>
   <trkpt lat="37.3427200" lon="-113.0815430">
    <ele>2051.3</ele>
    <time>2012-04-21T16:16:58Z</time>
   </trkpt>
   <trkpt lat="37.3427120" lon="-113.0815320">
    <ele>2051.4</ele>
    <time>2012-04-21T16:16:59Z</time>
   </trkpt>
   <trkpt lat="37.3426880" lon="-113.0814370">
    <ele>2052.9</ele>
    <time>2012-04-21T16:17:05Z</time>
   </trkpt>
   <trkpt lat="37.3426300" lon="-113.0813570">
    <ele>2053.5</ele>
    <time>2012-04-21T16:17:10Z</time>
   </trkpt>
   <trkpt lat="37.3426170" lon="-113.0813090">
    <ele>2054.4</ele>
    <time>2012-04-21T16:17:13Z</time>
   </trkpt>
   <trkpt lat="37.3425510" lon="-113.0812110">
    <ele>2055.4</ele>
    <time>2012-04-21T16:17:19Z</time>
   </trkpt>
   <trkpt lat="37.3425140" lon="-113.0811800">
    <ele>2055.4</ele>
    <time>2012-04-21T16:17:22Z</time>
   </trkpt>
   <trkpt lat="37.3424790" lon="-113.0811410">
    <ele>2055.6</ele>
    <time>2012-04-21T16:17:26Z</time>
   </trkpt>
   <trkpt lat="37.3424100" lon="-113.0810730">
    <ele>2055.9</ele>
    <time>2012-04-21T16:17:32Z</time>
   </trkpt>
   <trkpt lat="37.3423230" lon="-113.0809710">
    <ele>2056.8</ele>
    <time>2012-04-21T16:17:39Z</time>
   </trkpt>
   <trkpt lat="37.3422280" lon="-113.0808780">
    <ele>2057.5</ele>
    <time>2012-04-21T16:17:44Z</time>
   </trkpt>
   <trkpt lat="37.3421210" lon="-113.0807720">
    <ele>2058.4</ele>
    <time>2012-04-21T16:17:51Z</time>
   </trkpt>
   <trkpt lat="37.3420420" lon="-113.0806870">
    <ele>2059.3</ele>
    <time>2012-04-21T16:17:58Z</time>
   </trkpt>
   <trkpt lat="37.3420020" lon="-113.0806450">
    <ele>2059.7</ele>
    <time>2012-04-21T16:18:01Z</time>
   </trkpt>
   <trkpt lat="37.3419400" lon="-113.0805890">
    <ele>2060.2</ele>
    <time>2012-04-21T16:18:05Z</time>
   </trkpt>
   <trkpt lat="37.3418560" lon="-113.0805070">
    <ele>2060.9</ele>
    <time>2012-04-21T16:18:11Z</time>
   </trkpt>
   <trkpt lat="37.3418350" lon="-113.0804920">
    <ele>2060.9</ele>
    <time>2012-04-21T16:18:12Z</time>
   </trkpt>
   <trkpt lat="37.3416750" lon="-113.0803750">
    <ele>2060.8</ele>
    <time>2012-04-21T16:18:20Z</time>
   </trkpt>
   <trkpt lat="37.3415620" lon="-113.0802990">
    <ele>2060.4</ele>
    <time>2012-04-21T16:18:26Z</time>
   </trkpt>
   <trkpt lat="37.3414550" lon="-113.0802170">
    <ele>2060.4</ele>
    <time>2012-04-21T16:18:31Z</time>
   </trkpt>
   <trkpt lat="37.3413350" lon="-113.0800910">
    <ele>2061.2</ele>
    <time>2012-04-21T16:18:37Z</time>
   </trkpt>
   <trkpt lat="37.3412430" lon="-113.0800100">
    <ele>2061.2</ele>
    <time>2012-04-21T16:18:42Z</time>
   </trkpt>
   <trkpt lat="37.3411970" lon="-113.0799320">
    <ele>2062.2</ele>
    <time>2012-04-21T16:18:48Z</time>
   </trkpt>
   <trkpt lat="37.3411950" lon="-113.0799180">
    <ele>2062.5</ele>
    <time>2012-04-21T16:18:49Z</time>
   </trkpt>
   <trkpt lat="37.3411820" lon="-113.0798700">
    <ele>2063.4</ele>
    <time>2012-04-21T16:18:52Z</time>
   </trkpt>
   <trkpt lat="37.3410690" lon="-113.0797960">
    <ele>2062.8</ele>
    <time>2012-04-21T16:18:58Z</time>
   </trkpt>
   <trkpt lat="37.3410280" lon="-113.0797630">
    <ele>2062.7</ele>
    <time>2012-04-21T16:19:00Z</time>
   </trkpt>
   <trkpt lat="37.3408820" lon="-113.0796810">
    <ele>2061.5</ele>
    <time>2012-04-21T16:19:07Z</time>
   </trkpt>
   <trkpt lat="37.3407780" lon="-113.0796050">
    <ele>2060.9</ele>
    <time>2012-04-21T16:19:12Z</time>
   </trkpt>
   <trkpt lat="37.3406540" lon="-113.0795120">
    <ele>2060.2</ele>
    <time>2012-04-21T16:19:17Z</time>
   </trkpt>
   <trkpt lat="37.3405640" lon="-113.0794130">
    <ele>2060.2</ele>
    <time>2012-04-21T16:19:21Z</time>
   </trkpt>
   <trkpt lat="37.3404570" lon="-113.0793110">
    <ele>2059.9</ele>
    <time>2012-04-21T16:19:27Z</time>
   </trkpt>
   <trkpt lat="37.3404050" lon="-113.0792680">
    <ele>2059.6</ele>
    <time>2012-04-21T16:19:31Z</time>
   </trkpt>
   <trkpt lat="37.3403920" lon="-113.0792500">
    <ele>2059.8</ele>
    <time>2012-04-21T16:19:33Z</time>
   </trkpt>
   <trkpt lat="37.3403620" lon="-113.0791980">
    <ele>2060.2</ele>
    <time>2012-04-21T16:19:38Z</time>
   </trkpt>
   <trkpt lat="37.3403440" lon="-113.0791800">
    <ele>2060.2</ele>
    <time>2012-04-21T16:19:40Z</time>
   </trkpt>
   <trkpt lat="37.3402980" lon="-113.0791000">
    <ele>2061.0</ele>
    <time>2012-04-21T16:19:47Z</time>
   </trkpt>
   <trkpt lat="37.3402950" lon="-113.0790880">
    <ele>2061.2</ele>
    <time>2012-04-21T16:19:48Z</time>
   </trkpt>
   <trkpt lat="37.3402760" lon="-113.0790300">
    <ele>2062.0</ele>
    <time>2012-04-21T16:19:53Z</time>
   </trkpt>
   <trkpt lat="37.3402580" lon="-113.0790100">
    <ele>2062.1</ele>
    <time>2012-04-21T16:19:55Z</time>
   </trkpt>
   <trkpt lat="37.3401710" lon="-113.0789090">
    <ele>2062.4</ele>
    <time>2012-04-21T16:20:02Z</time>
   </trkpt>
   <trkpt lat="37.3401340" lon="-113.0788740">
    <ele>2062.4</ele>
    <time>2012-04-21T16:20:05Z</time>
   </trkpt>
   <trkpt lat="37.3400910" lon="-113.0788050">
    <ele>2063.1</ele>
    <time>2012-04-21T16:20:10Z</time>
   </trkpt>
   <trkpt lat="37.3399670" lon="-113.0786730">
    <ele>2063.6</ele>
    <time>2012-04-21T16:20:17Z</time>
   </trkpt>
   <trkpt lat="37.3398960" lon="-113.0785900">
    <ele>2064.2</ele>
    <time>2012-04-21T16:20:21Z</time>
   </trkpt>
   <trkpt lat="37.3398800" lon="-113.0785720">
    <ele>2064.3</ele>
    <time>2012-04-21T16:20:22Z</time>
   </trkpt>
   <trkpt lat="37.3397660" lon="-113.0784390">
    <ele>2065.6</ele>
    <time>2012-04-21T16:20:29Z</time>
   </trkpt>
   <trkpt lat="37.3396770" lon="-113.0783450">
    <ele>2066.6</ele>
    <time>2012-04-21T16:20:34Z</time>
   </trkpt>
   <trkpt lat="37.3395870" lon="-113.0782470">
    <ele>2068.1</ele>
    <time>2012-04-21T16:20:39Z</time>
   </trkpt>
   <trkpt lat="37.3395160" lon="-113.0781770">
    <ele>2069.1</ele>
    <time>2012-04-21T16:20:43Z</time>
   </trkpt>
   <trkpt lat="37.3394570" lon="-113.0781130">
    <ele>2070.1</ele>
    <time>2012-04-21T16:20:47Z</time>
   </trkpt>
   <trkpt lat="37.3393660" lon="-113.0780520">
    <ele>2070.3</ele>
    <time>2012-04-21T16:20:53Z</time>
   </trkpt>
   <trkpt lat="37.3393320" lon="-113.0780240">
    <ele>2070.5</ele>
    <time>2012-04-21T16:20:55Z</time>
   </trkpt>
   <trkpt lat="37.3392390" lon="-113.0779330">
    <ele>2071.2</ele>
    <time>2012-04-21T16:21:00Z</time>
   </trkpt>
   <trkpt lat="37.3392070" lon="-113.0779030">
    <ele>2071.4</ele>
    <time>2012-04-21T16:21:02Z</time>
   </trkpt>
   <trkpt lat="37.3391650" lon="-113.0778370">
    <ele>2072.1</ele>
    <time>2012-04-21T16:21:06Z</time>
   </trkpt>
   <trkpt lat="37.3391060" lon="-113.0777350">
    <ele>2073.3</ele>
    <time>2012-04-21T16:21:12Z</time>
   </trkpt>
   <trkpt lat="37.3390990" lon="-113.0777150">
    <ele>2073.6</ele>
    <time>2012-04-21T16:21:13Z</time>
   </trkpt>
   <trkpt lat="37.3390170" lon="-113.0776040">
    <ele>2074.4</ele>
    <time>2012-04-21T16:21:21Z</time>
   </trkpt>
   <trkpt lat="37.3390080" lon="-113.0775900">
    <ele>2074.5</ele>
    <time>2012-04-21T16:21:22Z</time>
   </trkpt>
   <trkpt lat="37.3389620" lon="-113.0775110">
    <ele>2075.1</ele>
    <time>2012-04-21T16:21:28Z</time>
   </trkpt>
   <trkpt lat="37.3389320" lon="-113.0774370">
    <ele>2075.9</ele>
    <time>2012-04-21T16:21:34Z</time>
   </trkpt>
   <trkpt lat="37.3389250" lon="-113.0774250">
    <ele>2076.0</ele>
    <time>2012-04-21T16:21:35Z</time>
   </trkpt>
   <trkpt lat="37.3388950" lon="-113.0773680">
    <ele>2076.5</ele>
    <time>2012-04-21T16:21:39Z</time>
   </trkpt>
   <trkpt lat="37.3388220" lon="-113.0772890">
    <ele>2077.0</ele>
    <time>2012-04-21T16:21:46Z</time>
   </trkpt>
   <trkpt lat="37.3387520" lon="-113.0772000">
    <ele>2077.9</ele>
    <time>2012-04-21T16:21:52Z</time>
   </trkpt>
   <trkpt lat="37.3386900" lon="-113.0771340">
    <ele>2078.6</ele>
    <time>2012-04-21T16:21:57Z</time>
   </trkpt>
   <trkpt lat="37.3386180" lon="-113.0770820">
    <ele>2078.9</ele>
    <time>2012-04-21T16:22:02Z</time>
   </trkpt>
   <trkpt lat="37.3385170" lon="-113.0770010">
    <ele>2079.6</ele>
    <time>2012-04-21T16:22:08Z</time>
   </trkpt>
   <trkpt lat="37.3384260" lon="-113.0769160">
    <ele>2080.5</ele>
    <time>2012-04-21T16:22:14Z</time>
   </trkpt>
   <trkpt lat="37.3383330" lon="-113.0768430">
    <ele>2080.8</ele>
    <time>2012-04-21T16:22:19Z</time>
   </trkpt>
   <trkpt lat="37.3382080" lon="-113.0767510">
    <ele>2080.8</ele>
    <time>2012-04-21T16:22:25Z</time>
   </trkpt>
   <trkpt lat="37.3381090" lon="-113.0766440">
    <ele>2080.4</ele>
    <time>2012-04-21T16:22:31Z</time>
   </trkpt>
   <trkpt lat="37.3380190" lon="-113.0765030">
    <ele>2079.7</ele>
    <time>2012-04-21T16:22:37Z</time>
   </trkpt>
   <trkpt lat="37.3379570" lon="-113.0763790">
    <ele>2078.9</ele>
    <time>2012-04-21T16:22:42Z</time>
   </trkpt>
   <trkpt lat="37.3378910" lon="-113.0762540">
    <ele>2078.4</ele>
    <time>2012-04-21T16:22:47Z</time>
   </trkpt>
   <trkpt lat="37.3378780" lon="-113.0762330">
    <ele>2078.4</ele>
    <time>2012-04-21T16:22:48Z</time>
   </trkpt>
   <trkpt lat="37.3378380" lon="-113.0760930">
    <ele>2078.5</ele>
    <time>2012-04-21T16:22:53Z</time>
   </trkpt>
   <trkpt lat="37.3378360" lon="-113.0760660">
    <ele>2078.6</ele>
    <time>2012-04-21T16:22:54Z</time>
   </trkpt>
   <trkpt lat="37.3377490" lon="-113.0759660">
    <ele>2077.5</ele>
    <time>2012-04-21T16:22:59Z</time>
   </trkpt>
   <trkpt lat="37.3376610" lon="-113.0758590">
    <ele>2076.6</ele>
    <time>2012-04-21T16:23:04Z</time>
   </trkpt>
   <trkpt lat="37.3375620" lon="-113.0757790">
    <ele>2075.2</ele>
    <time>2012-04-21T16:23:09Z</time>
   </trkpt>
   <trkpt lat="37.3374510" lon="-113.0756670">
    <ele>2074.3</ele>
    <time>2012-04-21T16:23:15Z</time>
   </trkpt>
   <trkpt lat="37.3374160" lon="-113.0756430">
    <ele>2074.0</ele>
    <time>2012-04-21T16:23:17Z</time>
   </trkpt>
   <trkpt lat="37.3373510" lon="-113.0755410">
    <ele>2074.0</ele>
    <time>2012-04-21T16:23:22Z</time>
   </trkpt>
   <trkpt lat="37.3373410" lon="-113.0755140">
    <ele>2074.1</ele>
    <time>2012-04-21T16:23:23Z</time>
   </trkpt>
   <trkpt lat="37.3372310" lon="-113.0754130">
    <ele>2073.0</ele>
    <time>2012-04-21T16:23:29Z</time>
   </trkpt>
   <trkpt lat="37.3371150" lon="-113.0753310">
    <ele>2071.7</ele>
    <time>2012-04-21T16:23:34Z</time>
   </trkpt>
   <trkpt lat="37.3370450" lon="-113.0752550">
    <ele>2071.1</ele>
    <time>2012-04-21T16:23:38Z</time>
   </trkpt>
   <trkpt lat="37.3370090" lon="-113.0752000">
    <ele>2071.0</ele>
    <time>2012-04-21T16:23:41Z</time>
   </trkpt>
   <trkpt lat="37.3368850" lon="-113.0751320">
    <ele>2069.3</ele>
    <time>2012-04-21T16:23:47Z</time>
   </trkpt>
   <trkpt lat="37.3367500" lon="-113.0751350">
    <ele>2067.0</ele>
    <time>2012-04-21T16:23:53Z</time>
   </trkpt>
   <trkpt lat="37.3366290" lon="-113.0752060">
    <ele>2065.1</ele>
    <time>2012-04-21T16:23:59Z</time>
   </trkpt>
   <trkpt lat="37.3365730" lon="-113.0751350">
    <ele>2064.7</ele>
    <time>2012-04-21T16:24:02Z</time>
   </trkpt>
   <trkpt lat="37.3364770" lon="-113.0749980">
    <ele>2064.4</ele>
    <time>2012-04-21T16:24:07Z</time>
   </trkpt>
   <trkpt lat="37.3364050" lon="-113.0748270">
    <ele>2065.0</ele>
    <time>2012-04-21T16:24:13Z</time>
   </trkpt>
   <trkpt lat="37.3363380" lon="-113.0747230">
    <ele>2065.6</ele>
    <time>2012-04-21T16:24:18Z</time>
   </trkpt>
   <trkpt lat="37.3362560" lon="-113.0746720">
    <ele>2065.5</ele>
    <time>2012-04-21T16:24:22Z</time>
   </trkpt>
   <trkpt lat="37.3361710" lon="-113.0745920">
    <ele>2065.6</ele>
    <time>2012-04-21T16:24:27Z</time>
   </trkpt>
   <trkpt lat="37.3361020" lon="-113.0745690">
    <ele>2065.3</ele>
    <time>2012-04-21T16:24:30Z</time>
   </trkpt>
   <trkpt lat="37.3359850" lon="-113.0745400">
    <ele>2064.6</ele>
    <time>2012-04-21T16:24:35Z</time>
   </trkpt>
   <trkpt lat="37.3359030" lon="-113.0745370">
    <ele>2064.0</ele>
    <time>2012-04-21T16:24:39Z</time>
   </trkpt>
   <trkpt lat="37.3357970" lon="-113.0744090">
    <ele>2063.6</ele>
    <time>2012-04-21T16:24:44Z</time>
   </trkpt>
   <trkpt lat="37.3357230" lon="-113.0743240">
    <ele>2063.0</ele>
    <time>2012-04-21T16:24:48Z</time>
   </trkpt>
   <trkpt lat="37.3356550" lon="-113.0742290">
    <ele>2062.4</ele>
    <time>2012-04-21T16:24:52Z</time>
   </trkpt>
   <trkpt lat="37.3356180" lon="-113.0741490">
    <ele>2062.0</ele>
    <time>2012-04-21T16:24:55Z</time>
   </trkpt>
   <trkpt lat="37.3355090" lon="-113.0740090">
    <ele>2060.6</ele>
    <time>2012-04-21T16:25:01Z</time>
   </trkpt>
   <trkpt lat="37.3354170" lon="-113.0739010">
    <ele>2059.3</ele>
    <time>2012-04-21T16:25:06Z</time>
   </trkpt>
   <trkpt lat="37.3353930" lon="-113.0738490">
    <ele>2059.0</ele>
    <time>2012-04-21T16:25:08Z</time>
   </trkpt>
   <trkpt lat="37.3353710" lon="-113.0736680">
    <ele>2059.0</ele>
    <time>2012-04-21T16:25:14Z</time>
   </trkpt>
   <trkpt lat="37.3353640" lon="-113.0736090">
    <ele>2059.0</ele>
    <time>2012-04-21T16:25:16Z</time>
   </trkpt>
   <trkpt lat="37.3353380" lon="-113.0734950">
    <ele>2058.9</ele>
    <time>2012-04-21T16:25:20Z</time>
   </trkpt>
   <trkpt lat="37.3353180" lon="-113.0733710">
    <ele>2058.7</ele>
    <time>2012-04-21T16:25:24Z</time>
   </trkpt>
   <trkpt lat="37.3352310" lon="-113.0731920">
    <ele>2057.2</ele>
    <time>2012-04-21T16:25:31Z</time>
   </trkpt>
   <trkpt lat="37.3351960" lon="-113.0730400">
    <ele>2056.6</ele>
    <time>2012-04-21T16:25:36Z</time>
   </trkpt>
   <trkpt lat="37.3351920" lon="-113.0729290">
    <ele>2056.6</ele>
    <time>2012-04-21T16:25:41Z</time>
   </trkpt>
   <trkpt lat="37.3351820" lon="-113.0728390">
    <ele>2056.5</ele>
    <time>2012-04-21T16:25:46Z</time>
   </trkpt>
   <trkpt lat="37.3351660" lon="-113.0727860">
    <ele>2056.2</ele>
    <time>2012-04-21T16:25:49Z</time>
   </trkpt>
   <trkpt lat="37.3351280" lon="-113.0726950">
    <ele>2055.5</ele>
    <time>2012-04-21T16:25:55Z</time>
   </trkpt>
   <trkpt lat="37.3351450" lon="-113.0726070">
    <ele>2056.3</ele>
    <time>2012-04-21T16:25:59Z</time>
   </trkpt>
   <trkpt lat="37.3351760" lon="-113.0725180">
    <ele>2057.4</ele>
    <time>2012-04-21T16:26:03Z</time>
   </trkpt>
   <trkpt lat="37.3352330" lon="-113.0723560">
    <ele>2058.8</ele>
    <time>2012-04-21T16:26:09Z</time>
   </trkpt>
   <trkpt lat="37.3352570" lon="-113.0722510">
    <ele>2059.8</ele>
    <time>2012-04-21T16:26:13Z</time>
   </trkpt>
   <trkpt lat="37.3353040" lon="-113.0721030">
    <ele>2061.1</ele>
    <time>2012-04-21T16:26:18Z</time>
   </trkpt>
   <trkpt lat="37.3353170" lon="-113.0720390">
    <ele>2061.5</ele>
    <time>2012-04-21T16:26:21Z</time>
   </trkpt>
   <trkpt lat="37.3353640" lon="-113.0719140">
    <ele>2062.3</ele>
    <time>2012-04-21T16:26:27Z</time>
   </trkpt>
   <trkpt lat="37.3353750" lon="-113.0718130">
    <ele>2062.7</ele>
    <time>2012-04-21T16:26:31Z</time>
   </trkpt>
   <trkpt lat="37.3354280" lon="-113.0716590">
    <ele>2063.1</ele>
    <time>2012-04-21T16:26:38Z</time>
   </trkpt>
   <trkpt lat="37.3354630" lon="-113.0715820">
    <ele>2063.2</ele>
    <time>2012-04-21T16:26:43Z</time>
   </trkpt>
   <trkpt lat="37.3354920" lon="-113.0715190">
    <ele>2063.1</ele>
    <time>2012-04-21T16:26:47Z</time>
   </trkpt>
   <trkpt lat="37.3355010" lon="-113.0714740">
    <ele>2063.2</ele>
    <time>2012-04-21T16:26:49Z</time>
   </trkpt>
   <trkpt lat="37.3355140" lon="-113.0713480">
    <ele>2063.4</ele>
    <time>2012-04-21T16:26:55Z</time>
   </trkpt>
   <trkpt lat="37.3354820" lon="-113.0712140">
    <ele>2064.4</ele>
    <time>2012-04-21T16:27:02Z</time>
   </trkpt>
   <trkpt lat="37.3354850" lon="-113.0711440">
    <ele>2064.7</ele>
    <time>2012-04-21T16:27:06Z</time>
   </trkpt>
   <trkpt lat="37.3354670" lon="-113.0710250">
    <ele>2065.4</ele>
    <time>2012-04-21T16:27:12Z</time>
   </trkpt>
   <trkpt lat="37.3354680" lon="-113.0709200">
    <ele>2065.9</ele>
    <time>2012-04-21T16:27:17Z</time>
   </trkpt>
   <trkpt lat="37.3354740" lon="-113.0708200">
    <ele>2066.3</ele>
    <time>2012-04-21T16:27:22Z</time>
   </trkpt>
   <trkpt lat="37.3354710" lon="-113.0707670">
    <ele>2066.6</ele>
    <time>2012-04-21T16:27:24Z</time>
   </trkpt>
   <trkpt lat="37.3354330" lon="-113.0706380">
    <ele>2067.6</ele>
    <time>2012-04-21T16:27:30Z</time>
   </trkpt>
   <trkpt lat="37.3354050" lon="-113.0705170">
    <ele>2068.4</ele>
    <time>2012-04-21T16:27:37Z</time>
   </trkpt>
   <trkpt lat="37.3354230" lon="-113.0703750">
    <ele>2068.8</ele>
    <time>2012-04-21T16:27:41Z</time>
   </trkpt>
   <trkpt lat="37.3354250" lon="-113.0703440">
    <ele>2068.9</ele>
    <time>2012-04-21T16:27:42Z</time>
   </trkpt>
   <trkpt lat="37.3354660" lon="-113.0701360">
    <ele>2069.3</ele>
    <time>2012-04-21T16:27:49Z</time>
   </trkpt>
   <trkpt lat="37.3354840" lon="-113.0700190">
    <ele>2069.6</ele>
    <time>2012-04-21T16:27:55Z</time>
   </trkpt>
   <trkpt lat="37.3355120" lon="-113.0698570">
    <ele>2070.1</ele>
    <time>2012-04-21T16:28:01Z</time>
   </trkpt>
   <trkpt lat="37.3355320" lon="-113.0697550">
    <ele>2070.5</ele>
    <time>2012-04-21T16:28:05Z</time>
   </trkpt>
   <trkpt lat="37.3355470" lon="-113.0696950">
    <ele>2070.7</ele>
    <time>2012-04-21T16:28:07Z</time>
   </trkpt>
   <trkpt lat="37.3355620" lon="-113.0695960">
    <ele>2071.1</ele>
    <time>2012-04-21T16:28:13Z</time>
   </trkpt>
   <trkpt lat="37.3355660" lon="-113.0695740">
    <ele>2071.2</ele>
    <time>2012-04-21T16:28:14Z</time>
   </trkpt>
   <trkpt lat="37.3355970" lon="-113.0694290">
    <ele>2071.8</ele>
    <time>2012-04-21T16:28:20Z</time>
   </trkpt>
   <trkpt lat="37.3355860" lon="-113.0693620">
    <ele>2072.0</ele>
    <time>2012-04-21T16:28:23Z</time>
   </trkpt>
   <trkpt lat="37.3355940" lon="-113.0693010">
    <ele>2072.3</ele>
    <time>2012-04-21T16:28:25Z</time>
   </trkpt>
   <trkpt lat="37.3356120" lon="-113.0691290">
    <ele>2072.9</ele>
    <time>2012-04-21T16:28:31Z</time>
   </trkpt>
   <trkpt lat="37.3356590" lon="-113.0690100">
    <ele>2073.4</ele>
    <time>2012-04-21T16:28:35Z</time>
   </trkpt>
   <trkpt lat="37.3356440" lon="-113.0689500">
    <ele>2073.6</ele>
    <time>2012-04-21T16:28:38Z</time>
   </trkpt>
   <trkpt lat="37.3356190" lon="-113.0688240">
    <ele>2074.1</ele>
    <time>2012-04-21T16:28:43Z</time>
   </trkpt>
   <trkpt lat="37.3355880" lon="-113.0687280">
    <ele>2074.6</ele>
    <time>2012-04-21T16:28:47Z</time>
   </trkpt>
   <trkpt lat="37.3355550" lon="-113.0685880">
    <ele>2075.5</ele>
    <time>2012-04-21T16:28:53Z</time>
   </trkpt>
   <trkpt lat="37.3354990" lon="-113.0685060">
    <ele>2075.9</ele>
    <time>2012-04-21T16:28:58Z</time>
   </trkpt>
   <trkpt lat="37.3354420" lon="-113.0683930">
    <ele>2076.7</ele>
    <time>2012-04-21T16:29:03Z</time>
   </trkpt>
   <trkpt lat="37.3354480" lon="-113.0683160">
    <ele>2077.6</ele>
    <time>2012-04-21T16:29:06Z</time>
   </trkpt>
   <trkpt lat="37.3354300" lon="-113.0681820">
    <ele>2078.9</ele>
    <time>2012-04-21T16:29:12Z</time>
   </trkpt>
   <trkpt lat="37.3354440" lon="-113.0681310">
    <ele>2079.5</ele>
    <time>2012-04-21T16:29:15Z</time>
   </trkpt>
   <trkpt lat="37.3354990" lon="-113.0680060">
    <ele>2080.9</ele>
    <time>2012-04-21T16:29:22Z</time>
   </trkpt>
   <trkpt lat="37.3355090" lon="-113.0679610">
    <ele>2081.5</ele>
    <time>2012-04-21T16:29:24Z</time>
   </trkpt>
   <trkpt lat="37.3355400" lon="-113.0678990">
    <ele>2082.2</ele>
    <time>2012-04-21T16:29:27Z</time>
   </trkpt>
   <trkpt lat="37.3355930" lon="-113.0678270">
    <ele>2083.3</ele>
    <time>2012-04-21T16:29:33Z</time>
   </trkpt>
   <trkpt lat="37.3356000" lon="-113.0678190">
    <ele>2083.4</ele>
    <time>2012-04-21T16:29:34Z</time>
   </trkpt>
   <trkpt lat="37.3356360" lon="-113.0677660">
    <ele>2084.1</ele>
    <time>2012-04-21T16:29:37Z</time>
   </trkpt>
   <trkpt lat="37.3356900" lon="-113.0677340">
    <ele>2084.7</ele>
    <time>2012-04-21T16:29:41Z</time>
   </trkpt>
   <trkpt lat="37.3357630" lon="-113.0676710">
    <ele>2085.8</ele>
    <time>2012-04-21T16:29:46Z</time>
   </trkpt>
   <trkpt lat="37.3358270" lon="-113.0675770">
    <ele>2087.1</ele>
    <time>2012-04-21T16:29:52Z</time>
   </trkpt>
   <trkpt lat="37.3358760" lon="-113.0674910">
    <ele>2088.1</ele>
    <time>2012-04-21T16:29:58Z</time>
   </trkpt>
   <trkpt lat="37.3358910" lon="-113.0674660">
    <ele>2088.4</ele>
    <time>2012-04-21T16:30:00Z</time>
   </trkpt>
   <trkpt lat="37.3359190" lon="-113.0674190">
    <ele>2088.9</ele>
    <time>2012-04-21T16:30:03Z</time>
   </trkpt>
   <trkpt lat="37.3359570" lon="-113.0673020">
    <ele>2090.0</ele>
    <time>2012-04-21T16:30:08Z</time>
   </trkpt>
   <trkpt lat="37.3359820" lon="-113.0671850">
    <ele>2090.8</ele>
    <time>2012-04-21T16:30:13Z</time>
   </trkpt>
   <trkpt lat="37.3360000" lon="-113.0670970">
    <ele>2091.3</ele>
    <time>2012-04-21T16:30:17Z</time>
   </trkpt>
   <trkpt lat="37.3360400" lon="-113.0669970">
    <ele>2092.0</ele>
    <time>2012-04-21T16:30:22Z</time>
   </trkpt>
   <trkpt lat="37.3360940" lon="-113.0668820">
    <ele>2092.8</ele>
    <time>2012-04-21T16:30:28Z</time>
   </trkpt>
   <trkpt lat="37.3361410" lon="-113.0668010">
    <ele>2093.4</ele>
    <time>2012-04-21T16:30:32Z</time>
   </trkpt>
   <trkpt lat="37.3361500" lon="-113.0667180">
    <ele>2093.8</ele>
    <time>2012-04-21T16:30:37Z</time>
   </trkpt>
   <trkpt lat="37.3362020" lon="-113.0666110">
    <ele>2094.5</ele>
    <time>2012-04-21T16:30:42Z</time>
   </trkpt>
   <trkpt lat="37.3362600" lon="-113.0664900">
    <ele>2095.3</ele>
    <time>2012-04-21T16:30:47Z</time>
   </trkpt>
   <trkpt lat="37.3362820" lon="-113.0663810">
    <ele>2095.8</ele>
    <time>2012-04-21T16:30:52Z</time>
   </trkpt>
   <trkpt lat="37.3363360" lon="-113.0662830">
    <ele>2096.5</ele>
    <time>2012-04-21T16:30:58Z</time>
   </trkpt>
   <trkpt lat="37.3363980" lon="-113.0662370">
    <ele>2097.0</ele>
    <time>2012-04-21T16:31:03Z</time>
   </trkpt>
   <trkpt lat="37.3364290" lon="-113.0662130">
    <ele>2097.2</ele>
    <time>2012-04-21T16:31:06Z</time>
   </trkpt>
   <trkpt lat="37.3364440" lon="-113.0661740">
    <ele>2097.5</ele>
    <time>2012-04-21T16:31:08Z</time>
   </trkpt>
   <trkpt lat="37.3364310" lon="-113.0660540">
    <ele>2097.9</ele>
    <time>2012-04-21T16:31:15Z</time>
   </trkpt>
   <trkpt lat="37.3364220" lon="-113.0659400">
    <ele>2098.2</ele>
    <time>2012-04-21T16:31:21Z</time>
   </trkpt>
   <trkpt lat="37.3364200" lon="-113.0658410">
    <ele>2098.4</ele>
    <time>2012-04-21T16:31:26Z</time>
   </trkpt>
   <trkpt lat="37.3364180" lon="-113.0658220">
    <ele>2098.4</ele>
    <time>2012-04-21T16:31:27Z</time>
   </trkpt>
   <trkpt lat="37.3363730" lon="-113.0656970">
    <ele>2098.6</ele>
    <time>2012-04-21T16:31:35Z</time>
   </trkpt>
   <trkpt lat="37.3363580" lon="-113.0656740">
    <ele>2098.7</ele>
    <time>2012-04-21T16:31:37Z</time>
   </trkpt>
   <trkpt lat="37.3363130" lon="-113.0655860">
    <ele>2099.0</ele>
    <time>2012-04-21T16:31:43Z</time>
   </trkpt>
   <trkpt lat="37.3363030" lon="-113.0655730">
    <ele>2099.0</ele>
    <time>2012-04-21T16:31:44Z</time>
   </trkpt>
   <trkpt lat="37.3362550" lon="-113.0654520">
    <ele>2099.3</ele>
    <time>2012-04-21T16:31:52Z</time>
   </trkpt>
   <trkpt lat="37.3362650" lon="-113.0653680">
    <ele>2099.4</ele>
    <time>2012-04-21T16:31:58Z</time>
   </trkpt>
   <trkpt lat="37.3363300" lon="-113.0653100">
    <ele>2099.5</ele>
    <time>2012-04-21T16:32:05Z</time>
   </trkpt>
   <trkpt lat="37.3364060" lon="-113.0653000">
    <ele>2099.6</ele>
    <time>2012-04-21T16:32:11Z</time>
   </trkpt>
   <trkpt lat="37.3364850" lon="-113.0652780">
    <ele>2099.6</ele>
    <time>2012-04-21T16:32:16Z</time>
   </trkpt>
   <trkpt lat="37.3365580" lon="-113.0652470">
    <ele>2099.5</ele>
    <time>2012-04-21T16:32:20Z</time>
   </trkpt>
   <trkpt lat="37.3366710" lon="-113.0651810">
    <ele>2099.6</ele>
    <time>2012-04-21T16:32:26Z</time>
   </trkpt>
   <trkpt lat="37.3367780" lon="-113.0651440">
    <ele>2099.6</ele>
    <time>2012-04-21T16:32:32Z</time>
   </trkpt>
   <trkpt lat="37.3369050" lon="-113.0651130">
    <ele>2099.5</ele>
    <time>2012-04-21T16:32:37Z</time>
   </trkpt>
   <trkpt lat="37.3369980" lon="-113.0650950">
    <ele>2099.5</ele>
    <time>2012-04-21T16:32:41Z</time>
   </trkpt>
   <trkpt lat="37.3371530" lon="-113.0650550">
    <ele>2099.5</ele>
    <time>2012-04-21T16:32:47Z</time>
   </trkpt>
   <trkpt lat="37.3372400" lon="-113.0650370">
    <ele>2099.4</ele>
    <time>2012-04-21T16:32:51Z</time>
   </trkpt>
   <trkpt lat="37.3372610" lon="-113.0650390">
    <ele>2099.4</ele>
    <time>2012-04-21T16:32:52Z</time>
   </trkpt>
   <trkpt lat="37.3373410" lon="-113.0650110">
    <ele>2099.5</ele>
    <time>2012-04-21T16:32:57Z</time>
   </trkpt>
   <trkpt lat="37.3374200" lon="-113.0649720">
    <ele>2099.5</ele>
    <time>2012-04-21T16:33:01Z</time>
   </trkpt>
   <trkpt lat="37.3374600" lon="-113.0649460">
    <ele>2099.6</ele>
    <time>2012-04-21T16:33:03Z</time>
   </trkpt>
   <trkpt lat="37.3375140" lon="-113.0648480">
    <ele>2099.5</ele>
    <time>2012-04-21T16:33:07Z</time>
   </trkpt>
   <trkpt lat="37.3375310" lon="-113.0647390">
    <ele>2099.4</ele>
    <time>2012-04-21T16:33:11Z</time>
   </trkpt>
   <trkpt lat="37.3375870" lon="-113.0646470">
    <ele>2099.4</ele>
    <time>2012-04-21T16:33:16Z</time>
   </trkpt>
   <trkpt lat="37.3376250" lon="-113.0646060">
    <ele>2099.4</ele>
    <time>2012-04-21T16:33:20Z</time>
   </trkpt>
   <trkpt lat="37.3376390" lon="-113.0645720">
    <ele>2099.4</ele>
    <time>2012-04-21T16:33:23Z</time>
   </trkpt>
   <trkpt lat="37.3376780" lon="-113.0645110">
    <ele>2099.4</ele>
    <time>2012-04-21T16:33:29Z</time>
   </trkpt>
   <trkpt lat="37.3376830" lon="-113.0644860">
    <ele>2099.4</ele>
    <time>2012-04-21T16:33:31Z</time>
   </trkpt>
   <trkpt lat="37.3377310" lon="-113.0644380">
    <ele>2099.6</ele>
    <time>2012-04-21T16:33:37Z</time>
   </trkpt>
   <trkpt lat="37.3377890" lon="-113.0643640">
    <ele>2099.8</ele>
    <time>2012-04-21T16:33:42Z</time>
   </trkpt>
   <trkpt lat="37.3378660" lon="-113.0642850">
    <ele>2100.0</ele>
    <time>2012-04-21T16:33:47Z</time>
   </trkpt>
   <trkpt lat="37.3379500" lon="-113.0642240">
    <ele>2100.3</ele>
    <time>2012-04-21T16:33:51Z</time>
   </trkpt>
   <trkpt lat="37.3380030" lon="-113.0641560">
    <ele>2100.4</ele>
    <time>2012-04-21T16:33:55Z</time>
   </trkpt>
   <trkpt lat="37.3380130" lon="-113.0640840">
    <ele>2100.5</ele>
    <time>2012-04-21T16:34:00Z</time>
   </trkpt>
   <trkpt lat="37.3380040" lon="-113.0640540">
    <ele>2100.5</ele>
    <time>2012-04-21T16:34:02Z</time>
   </trkpt>
   <trkpt lat="37.3380110" lon="-113.0639730">
    <ele>2100.6</ele>
    <time>2012-04-21T16:34:06Z</time>
   </trkpt>
   <trkpt lat="37.3380440" lon="-113.0639250">
    <ele>2100.6</ele>
    <time>2012-04-21T16:34:09Z</time>
   </trkpt>
   <trkpt lat="37.3381540" lon="-113.0638310">
    <ele>2100.9</ele>
    <time>2012-04-21T16:34:14Z</time>
   </trkpt>
   <trkpt lat="37.3382490" lon="-113.0636990">
    <ele>2101.1</ele>
    <time>2012-04-21T16:34:21Z</time>
   </trkpt>
   <trkpt lat="37.3382730" lon="-113.0636200">
    <ele>2101.2</ele>
    <time>2012-04-21T16:34:27Z</time>
   </trkpt>
   <trkpt lat="37.3383050" lon="-113.0635680">
    <ele>2101.2</ele>
    <time>2012-04-21T16:34:30Z</time>
   </trkpt>
   <trkpt lat="37.3384080" lon="-113.0634940">
    <ele>2101.6</ele>
    <time>2012-04-21T16:34:35Z</time>
   </trkpt>
   <trkpt lat="37.3385230" lon="-113.0634110">
    <ele>2102.0</ele>
    <time>2012-04-21T16:34:39Z</time>
   </trkpt>
   <trkpt lat="37.3385900" lon="-113.0633340">
    <ele>2102.3</ele>
    <time>2012-04-21T16:34:43Z</time>
   </trkpt>
   <trkpt lat="37.3386710" lon="-113.0632220">
    <ele>2102.6</ele>
    <time>2012-04-21T16:34:48Z</time>
   </trkpt>
   <trkpt lat="37.3387100" lon="-113.0631480">
    <ele>2102.8</ele>
    <time>2012-04-21T16:34:51Z</time>
   </trkpt>
   <trkpt lat="37.3387250" lon="-113.0630620">
    <ele>2102.9</ele>
    <time>2012-04-21T16:34:55Z</time>
   </trkpt>
   <trkpt lat="37.3387800" lon="-113.0629170">
    <ele>2103.3</ele>
    <time>2012-04-21T16:35:01Z</time>
   </trkpt>
   <trkpt lat="37.3389000" lon="-113.0627690">
    <ele>2104.0</ele>
    <time>2012-04-21T16:35:07Z</time>
   </trkpt>
   <trkpt lat="37.3389400" lon="-113.0627210">
    <ele>2104.3</ele>
    <time>2012-04-21T16:35:09Z</time>
   </trkpt>
   <trkpt lat="37.3390040" lon="-113.0626460">
    <ele>2104.6</ele>
    <time>2012-04-21T16:35:13Z</time>
   </trkpt>
   <trkpt lat="37.3391060" lon="-113.0625900">
    <ele>2105.2</ele>
    <time>2012-04-21T16:35:17Z</time>
   </trkpt>
   <trkpt lat="37.3391200" lon="-113.0625740">
    <ele>2105.3</ele>
    <time>2012-04-21T16:35:18Z</time>
   </trkpt>
   <trkpt lat="37.3392070" lon="-113.0624680">
    <ele>2105.9</ele>
    <time>2012-04-21T16:35:24Z</time>
   </trkpt>
   <trkpt lat="37.3392280" lon="-113.0624300">
    <ele>2106.1</ele>
    <time>2012-04-21T16:35:26Z</time>
   </trkpt>
   <trkpt lat="37.3393640" lon="-113.0623590">
    <ele>2106.7</ele>
    <time>2012-04-21T16:35:31Z</time>
   </trkpt>
   <trkpt lat="37.3394440" lon="-113.0622200">
    <ele>2106.9</ele>
    <time>2012-04-21T16:35:36Z</time>
   </trkpt>
   <trkpt lat="37.3394770" lon="-113.0621040">
    <ele>2107.1</ele>
    <time>2012-04-21T16:35:40Z</time>
   </trkpt>
   <trkpt lat="37.3395270" lon="-113.0619430">
    <ele>2107.3</ele>
    <time>2012-04-21T16:35:46Z</time>
   </trkpt>
   <trkpt lat="37.3395380" lon="-113.0619110">
    <ele>2107.3</ele>
    <time>2012-04-21T16:35:48Z</time>
   </trkpt>
   <trkpt lat="37.3395600" lon="-113.0618600">
    <ele>2107.4</ele>
    <time>2012-04-21T16:35:54Z</time>
   </trkpt>
   <trkpt lat="37.3395590" lon="-113.0618540">
    <ele>2107.4</ele>
    <time>2012-04-21T16:35:55Z</time>
   </trkpt>
   <trkpt lat="37.3395590" lon="-113.0618050">
    <ele>2107.4</ele>
    <time>2012-04-21T16:36:00Z</time>
   </trkpt>
   <trkpt lat="37.3395740" lon="-113.0617070">
    <ele>2107.5</ele>
    <time>2012-04-21T16:36:09Z</time>
   </trkpt>
   <trkpt lat="37.3396010" lon="-113.0616560">
    <ele>2107.6</ele>
    <time>2012-04-21T16:36:15Z</time>
   </trkpt>
   <trkpt lat="37.3396130" lon="-113.0615800">
    <ele>2107.6</ele>
    <time>2012-04-21T16:36:22Z</time>
   </trkpt>
   <trkpt lat="37.3396230" lon="-113.0615030">
    <ele>2107.7</ele>
    <time>2012-04-21T16:36:29Z</time>
   </trkpt>
   <trkpt lat="37.3396270" lon="-113.0614300">
    <ele>2107.8</ele>
    <time>2012-04-21T16:36:34Z</time>
   </trkpt>
   <trkpt lat="37.3395960" lon="-113.0613490">
    <ele>2107.8</ele>
    <time>2012-04-21T16:36:40Z</time>
   </trkpt>
   <trkpt lat="37.3395850" lon="-113.0612390">
    <ele>2107.7</ele>
    <time>2012-04-21T16:36:45Z</time>
   </trkpt>
   <trkpt lat="37.3395870" lon="-113.0612110">
    <ele>2107.7</ele>
    <time>2012-04-21T16:36:46Z</time>
   </trkpt>
   <trkpt lat="37.3396370" lon="-113.0610290">
    <ele>2108.0</ele>
    <time>2012-04-21T16:36:53Z</time>
   </trkpt>
   <trkpt lat="37.3396890" lon="-113.0608620">
    <ele>2108.1</ele>
    <time>2012-04-21T16:36:59Z</time>
   </trkpt>
   <trkpt lat="37.3397090" lon="-113.0608100">
    <ele>2108.2</ele>
    <time>2012-04-21T16:37:01Z</time>
   </trkpt>
   <trkpt lat="37.3397780" lon="-113.0607070">
    <ele>2108.6</ele>
    <time>2012-04-21T16:37:07Z</time>
   </trkpt>
   <trkpt lat="37.3398020" lon="-113.0606480">
    <ele>2108.7</ele>
    <time>2012-04-21T16:37:09Z</time>
   </trkpt>
   <trkpt lat="37.3398160" lon="-113.0605000">
    <ele>2108.7</ele>
    <time>2012-04-21T16:37:14Z</time>
   </trkpt>
   <trkpt lat="37.3397890" lon="-113.0603850">
    <ele>2108.5</ele>
    <time>2012-04-21T16:37:18Z</time>
   </trkpt>
   <trkpt lat="37.3398670" lon="-113.0602330">
    <ele>2109.1</ele>
    <time>2012-04-21T16:37:23Z</time>
   </trkpt>
   <trkpt lat="37.3398740" lon="-113.0601790">
    <ele>2109.1</ele>
    <time>2012-04-21T16:37:25Z</time>
   </trkpt>
   <trkpt lat="37.3398840" lon="-113.0601030">
    <ele>2109.3</ele>
    <time>2012-04-21T16:37:28Z</time>
   </trkpt>
   <trkpt lat="37.3398770" lon="-113.0599740">
    <ele>2109.5</ele>
    <time>2012-04-21T16:37:33Z</time>
   </trkpt>
   <trkpt lat="37.3398720" lon="-113.0599300">
    <ele>2109.6</ele>
    <time>2012-04-21T16:37:35Z</time>
   </trkpt>
   <trkpt lat="37.3399160" lon="-113.0598070">
    <ele>2110.2</ele>
    <time>2012-04-21T16:37:40Z</time>
   </trkpt>
   <trkpt lat="37.3399740" lon="-113.0597400">
    <ele>2110.8</ele>
    <time>2012-04-21T16:37:43Z</time>
   </trkpt>
   <trkpt lat="37.3400310" lon="-113.0596020">
    <ele>2111.5</ele>
    <time>2012-04-21T16:37:50Z</time>
   </trkpt>
   <trkpt lat="37.3400730" lon="-113.0595190">
    <ele>2112.0</ele>
    <time>2012-04-21T16:37:54Z</time>
   </trkpt>
   <trkpt lat="37.3401200" lon="-113.0594350">
    <ele>2112.4</ele>
    <time>2012-04-21T16:37:59Z</time>
   </trkpt>
   <trkpt lat="37.3401390" lon="-113.0593950">
    <ele>2112.6</ele>
    <time>2012-04-21T16:38:01Z</time>
   </trkpt>
   <trkpt lat="37.3401910" lon="-113.0592920">
    <ele>2113.3</ele>
    <time>2012-04-21T16:38:07Z</time>
   </trkpt>
   <trkpt lat="37.3402250" lon="-113.0592450">
    <ele>2113.8</ele>
    <time>2012-04-21T16:38:11Z</time>
   </trkpt>
   <trkpt lat="37.3402650" lon="-113.0591750">
    <ele>2114.1</ele>
    <time>2012-04-21T16:38:16Z</time>
   </trkpt>
   <trkpt lat="37.3403050" lon="-113.0590940">
    <ele>2114.4</ele>
    <time>2012-04-21T16:38:23Z</time>
   </trkpt>
   <trkpt lat="37.3403710" lon="-113.0590120">
    <ele>2115.0</ele>
    <time>2012-04-21T16:38:28Z</time>
   </trkpt>
   <trkpt lat="37.3403510" lon="-113.0589390">
    <ele>2114.8</ele>
    <time>2012-04-21T16:38:34Z</time>
   </trkpt>
   <trkpt lat="37.3403760" lon="-113.0588840">
    <ele>2114.9</ele>
    <time>2012-04-21T16:38:38Z</time>
   </trkpt>
   <trkpt lat="37.3404710" lon="-113.0588520">
    <ele>2115.5</ele>
    <time>2012-04-21T16:38:43Z</time>
   </trkpt>
   <trkpt lat="37.3405570" lon="-113.0587960">
    <ele>2116.1</ele>
    <time>2012-04-21T16:38:47Z</time>
   </trkpt>
   <trkpt lat="37.3406480" lon="-113.0587640">
    <ele>2116.6</ele>
    <time>2012-04-21T16:38:51Z</time>
   </trkpt>
   <trkpt lat="37.3407150" lon="-113.0587110">
    <ele>2116.7</ele>
    <time>2012-04-21T16:38:56Z</time>
   </trkpt>
   <trkpt lat="37.3408100" lon="-113.0586860">
    <ele>2117.2</ele>
    <time>2012-04-21T16:39:01Z</time>
   </trkpt>
   <trkpt lat="37.3408530" lon="-113.0586670">
    <ele>2117.4</ele>
    <time>2012-04-21T16:39:03Z</time>
   </trkpt>
   <trkpt lat="37.3409820" lon="-113.0586210">
    <ele>2118.2</ele>
    <time>2012-04-21T16:39:10Z</time>
   </trkpt>
   <trkpt lat="37.3410810" lon="-113.0585640">
    <ele>2118.6</ele>
    <time>2012-04-21T16:39:15Z</time>
   </trkpt>
   <trkpt lat="37.3411810" lon="-113.0585070">
    <ele>2119.2</ele>
    <time>2012-04-21T16:39:21Z</time>
   </trkpt>
   <trkpt lat="37.3412520" lon="-113.0584350">
    <ele>2119.4</ele>
    <time>2012-04-21T16:39:26Z</time>
   </trkpt>
   <trkpt lat="37.3413160" lon="-113.0583450">
    <ele>2119.6</ele>
    <time>2012-04-21T16:39:32Z</time>
   </trkpt>
   <trkpt lat="37.3413890" lon="-113.0582660">
    <ele>2120.2</ele>
    <time>2012-04-21T16:39:38Z</time>
   </trkpt>
   <trkpt lat="37.3414220" lon="-113.0581890">
    <ele>2120.4</ele>
    <time>2012-04-21T16:39:43Z</time>
   </trkpt>
   <trkpt lat="37.3414090" lon="-113.0581430">
    <ele>2120.1</ele>
    <time>2012-04-21T16:39:45Z</time>
   </trkpt>
   <trkpt lat="37.3414540" lon="-113.0580220">
    <ele>2120.4</ele>
    <time>2012-04-21T16:39:50Z</time>
   </trkpt>
   <trkpt lat="37.3414940" lon="-113.0579650">
    <ele>2120.7</ele>
    <time>2012-04-21T16:39:53Z</time>
   </trkpt>
   <trkpt lat="37.3415030" lon="-113.0578640">
    <ele>2120.7</ele>
    <time>2012-04-21T16:39:58Z</time>
   </trkpt>
   <trkpt lat="37.3415280" lon="-113.0577590">
    <ele>2120.7</ele>
    <time>2012-04-21T16:40:03Z</time>
   </trkpt>
   <trkpt lat="37.3416180" lon="-113.0576550">
    <ele>2121.5</ele>
    <time>2012-04-21T16:40:08Z</time>
   </trkpt>
   <trkpt lat="37.3417090" lon="-113.0575730">
    <ele>2122.1</ele>
    <time>2012-04-21T16:40:14Z</time>
   </trkpt>
   <trkpt lat="37.3417430" lon="-113.0575580">
    <ele>2122.2</ele>
    <time>2012-04-21T16:40:16Z</time>
   </trkpt>
   <trkpt lat="37.3418750" lon="-113.0575190">
    <ele>2122.7</ele>
    <time>2012-04-21T16:40:23Z</time>
   </trkpt>
   <trkpt lat="37.3419620" lon="-113.0574930">
    <ele>2123.0</ele>
    <time>2012-04-21T16:40:28Z</time>
   </trkpt>
   <trkpt lat="37.3419750" lon="-113.0574860">
    <ele>2123.0</ele>
    <time>2012-04-21T16:40:29Z</time>
   </trkpt>
   <trkpt lat="37.3420380" lon="-113.0574180">
    <ele>2123.2</ele>
    <time>2012-04-21T16:40:34Z</time>
   </trkpt>
   <trkpt lat="37.3420680" lon="-113.0573940">
    <ele>2123.4</ele>
    <time>2012-04-21T16:40:36Z</time>
   </trkpt>
   <trkpt lat="37.3421630" lon="-113.0573240">
    <ele>2123.8</ele>
    <time>2012-04-21T16:40:41Z</time>
   </trkpt>
   <trkpt lat="37.3422290" lon="-113.0572900">
    <ele>2124.1</ele>
    <time>2012-04-21T16:40:44Z</time>
   </trkpt>
   <trkpt lat="37.3423340" lon="-113.0572380">
    <ele>2124.6</ele>
    <time>2012-04-21T16:40:49Z</time>
   </trkpt>
   <trkpt lat="37.3423750" lon="-113.0572130">
    <ele>2124.8</ele>
    <time>2012-04-21T16:40:51Z</time>
   </trkpt>
   <trkpt lat="37.3424580" lon="-113.0571700">
    <ele>2125.1</ele>
    <time>2012-04-21T16:40:55Z</time>
   </trkpt>
   <trkpt lat="37.3425210" lon="-113.0571360">
    <ele>2125.4</ele>
    <time>2012-04-21T16:40:59Z</time>
   </trkpt>
   <trkpt lat="37.3425810" lon="-113.0570850">
    <ele>2125.7</ele>
    <time>2012-04-21T16:41:03Z</time>
   </trkpt>
   <trkpt lat="37.3426330" lon="-113.0570170">
    <ele>2126.0</ele>
    <time>2012-04-21T16:41:10Z</time>
   </trkpt>
   <trkpt lat="37.3426870" lon="-113.0569500">
    <ele>2126.4</ele>
    <time>2012-04-21T16:41:13Z</time>
   </trkpt>
   <trkpt lat="37.3427660" lon="-113.0568560">
    <ele>2126.9</ele>
    <time>2012-04-21T16:41:18Z</time>
   </trkpt>
   <trkpt lat="37.3427960" lon="-113.0567640">
    <ele>2127.3</ele>
    <time>2012-04-21T16:41:23Z</time>
   </trkpt>
   <trkpt lat="37.3428770" lon="-113.0566890">
    <ele>2127.8</ele>
    <time>2012-04-21T16:41:27Z</time>
   </trkpt>
   <trkpt lat="37.3429110" lon="-113.0566130">
    <ele>2128.1</ele>
    <time>2012-04-21T16:41:31Z</time>
   </trkpt>
   <trkpt lat="37.3429640" lon="-113.0565160">
    <ele>2128.5</ele>
    <time>2012-04-21T16:41:36Z</time>
   </trkpt>
   <trkpt lat="37.3430110" lon="-113.0564230">
    <ele>2128.8</ele>
    <time>2012-04-21T16:41:41Z</time>
   </trkpt>
   <trkpt lat="37.3430830" lon="-113.0563410">
    <ele>2129.3</ele>
    <time>2012-04-21T16:41:47Z</time>
   </trkpt>
   <trkpt lat="37.3430990" lon="-113.0563240">
    <ele>2129.4</ele>
    <time>2012-04-21T16:41:48Z</time>
   </trkpt>
   <trkpt lat="37.3432230" lon="-113.0562590">
    <ele>2130.0</ele>
    <time>2012-04-21T16:41:55Z</time>
   </trkpt>
   <trkpt lat="37.3432700" lon="-113.0562290">
    <ele>2130.2</ele>
    <time>2012-04-21T16:41:58Z</time>
   </trkpt>
   <trkpt lat="37.3433940" lon="-113.0561800">
    <ele>2130.9</ele>
    <time>2012-04-21T16:42:04Z</time>
   </trkpt>
   <trkpt lat="37.3434910" lon="-113.0561360">
    <ele>2131.4</ele>
    <time>2012-04-21T16:42:10Z</time>
   </trkpt>
   <trkpt lat="37.3435130" lon="-113.0561330">
    <ele>2131.5</ele>
    <time>2012-04-21T16:42:11Z</time>
   </trkpt>
   <trkpt lat="37.3436500" lon="-113.0560680">
    <ele>2132.3</ele>
    <time>2012-04-21T16:42:19Z</time>
   </trkpt>
   <trkpt lat="37.3436930" lon="-113.0560480">
    <ele>2132.6</ele>
    <time>2012-04-21T16:42:22Z</time>
   </trkpt>
   <trkpt lat="37.3438170" lon="-113.0560090">
    <ele>2133.2</ele>
    <time>2012-04-21T16:42:27Z</time>
   </trkpt>
   <trkpt lat="37.3438880" lon="-113.0559730">
    <ele>2133.7</ele>
    <time>2012-04-21T16:42:32Z</time>
   </trkpt>
   <trkpt lat="37.3439770" lon="-113.0559460">
    <ele>2134.4</ele>
    <time>2012-04-21T16:42:37Z</time>
   </trkpt>
   <trkpt lat="37.3440500" lon="-113.0559380">
    <ele>2134.7</ele>
    <time>2012-04-21T16:42:41Z</time>
   </trkpt>
   <trkpt lat="37.3440930" lon="-113.0559370">
    <ele>2134.9</ele>
    <time>2012-04-21T16:42:44Z</time>
   </trkpt>
   <trkpt lat="37.3442210" lon="-113.0559150">
    <ele>2135.6</ele>
    <time>2012-04-21T16:42:51Z</time>
   </trkpt>
   <trkpt lat="37.3443120" lon="-113.0558920">
    <ele>2136.2</ele>
    <time>2012-04-21T16:42:56Z</time>
   </trkpt>
   <trkpt lat="37.3444180" lon="-113.0558580">
    <ele>2137.0</ele>
    <time>2012-04-21T16:43:02Z</time>
   </trkpt>
   <trkpt lat="37.3445000" lon="-113.0558410">
    <ele>2137.5</ele>
    <time>2012-04-21T16:43:07Z</time>
   </trkpt>
   <trkpt lat="37.3445270" lon="-113.0558380">
    <ele>2137.6</ele>
    <time>2012-04-21T16:43:09Z</time>
   </trkpt>
   <trkpt lat="37.3445560" lon="-113.0558330">
    <ele>2137.8</ele>
    <time>2012-04-21T16:43:11Z</time>
   </trkpt>
   <trkpt lat="37.3446890" lon="-113.0558300">
    <ele>2138.3</ele>
    <time>2012-04-21T16:43:17Z</time>
   </trkpt>
   <trkpt lat="37.3447940" lon="-113.0558060">
    <ele>2138.8</ele>
    <time>2012-04-21T16:43:22Z</time>
   </trkpt>
   <trkpt lat="37.3448720" lon="-113.0557740">
    <ele>2139.2</ele>
    <time>2012-04-21T16:43:26Z</time>
   </trkpt>
   <trkpt lat="37.3449540" lon="-113.0557580">
    <ele>2139.2</ele>
    <time>2012-04-21T16:43:30Z</time>
   </trkpt>
   <trkpt lat="37.3450920" lon="-113.0557220">
    <ele>2139.6</ele>
    <time>2012-04-21T16:43:36Z</time>
   </trkpt>
   <trkpt lat="37.3451720" lon="-113.0556640">
    <ele>2140.0</ele>
    <time>2012-04-21T16:43:41Z</time>
   </trkpt>
   <trkpt lat="37.3452910" lon="-113.0555880">
    <ele>2140.5</ele>
    <time>2012-04-21T16:43:47Z</time>
   </trkpt>
   <trkpt lat="37.3452950" lon="-113.0555750">
    <ele>2140.6</ele>
    <time>2012-04-21T16:43:48Z</time>
   </trkpt>
   <trkpt lat="37.3454190" lon="-113.0555100">
    <ele>2141.2</ele>
    <time>2012-04-21T16:43:55Z</time>
   </trkpt>
   <trkpt lat="37.3454360" lon="-113.0554990">
    <ele>2141.5</ele>
    <time>2012-04-21T16:43:56Z</time>
   </trkpt>
   <trkpt lat="37.3455300" lon="-113.0554160">
    <ele>2142.5</ele>
    <time>2012-04-21T16:44:02Z</time>
   </trkpt>
   <trkpt lat="37.3456290" lon="-113.0552860">
    <ele>2143.4</ele>
    <time>2012-04-21T16:44:09Z</time>
   </trkpt>
   <trkpt lat="37.3456540" lon="-113.0552450">
    <ele>2143.5</ele>
    <time>2012-04-21T16:44:11Z</time>
   </trkpt>
   <trkpt lat="37.3456270" lon="-113.0551360">
    <ele>2142.9</ele>
    <time>2012-04-21T16:44:16Z</time>
   </trkpt>
   <trkpt lat="37.3456170" lon="-113.0551130">
    <ele>2142.8</ele>
    <time>2012-04-21T16:44:17Z</time>
   </trkpt>
   <trkpt lat="37.3455980" lon="-113.0550130">
    <ele>2142.9</ele>
    <time>2012-04-21T16:44:21Z</time>
   </trkpt>
   <trkpt lat="37.3455670" lon="-113.0548940">
    <ele>2143.7</ele>
    <time>2012-04-21T16:44:26Z</time>
   </trkpt>
   <trkpt lat="37.3455700" lon="-113.0547880">
    <ele>2144.3</ele>
    <time>2012-04-21T16:44:31Z</time>
   </trkpt>
   <trkpt lat="37.3455760" lon="-113.0547570">
    <ele>2144.4</ele>
    <time>2012-04-21T16:44:32Z</time>
   </trkpt>
   <trkpt lat="37.3455870" lon="-113.0546950">
    <ele>2144.6</ele>
    <time>2012-04-21T16:44:34Z</time>
   </trkpt>
   <trkpt lat="37.3455990" lon="-113.0546030">
    <ele>2144.8</ele>
    <time>2012-04-21T16:44:37Z</time>
   </trkpt>
   <trkpt lat="37.3455650" lon="-113.0544770">
    <ele>2145.6</ele>
    <time>2012-04-21T16:44:42Z</time>
   </trkpt>
   <trkpt lat="37.3455110" lon="-113.0542990">
    <ele>2146.5</ele>
    <time>2012-04-21T16:44:49Z</time>
   </trkpt>
   <trkpt lat="37.3455020" lon="-113.0541760">
    <ele>2146.8</ele>
    <time>2012-04-21T16:44:54Z</time>
   </trkpt>
   <trkpt lat="37.3455070" lon="-113.0540990">
    <ele>2146.9</ele>
    <time>2012-04-21T16:44:57Z</time>
   </trkpt>
   <trkpt lat="37.3454930" lon="-113.0539640">
    <ele>2147.1</ele>
    <time>2012-04-21T16:45:03Z</time>
   </trkpt>
   <trkpt lat="37.3454830" lon="-113.0538700">
    <ele>2147.2</ele>
    <time>2012-04-21T16:45:07Z</time>
   </trkpt>
   <trkpt lat="37.3455260" lon="-113.0537570">
    <ele>2147.7</ele>
    <time>2012-04-21T16:45:12Z</time>
   </trkpt>
   <trkpt lat="37.3455320" lon="-113.0537360">
    <ele>2147.8</ele>
    <time>2012-04-21T16:45:13Z</time>
   </trkpt>
   <trkpt lat="37.3455530" lon="-113.0537110">
    <ele>2148.0</ele>
    <time>2012-04-21T16:45:16Z</time>
   </trkpt>
   <trkpt lat="37.3456640" lon="-113.0536280">
    <ele>2148.4</ele>
    <time>2012-04-21T16:45:22Z</time>
   </trkpt>
   <trkpt lat="37.3457880" lon="-113.0535300">
    <ele>2148.6</ele>
    <time>2012-04-21T16:45:27Z</time>
   </trkpt>
   <trkpt lat="37.3459290" lon="-113.0534410">
    <ele>2148.6</ele>
    <time>2012-04-21T16:45:34Z</time>
   </trkpt>
   <trkpt lat="37.3459490" lon="-113.0534000">
    <ele>2148.7</ele>
    <time>2012-04-21T16:45:36Z</time>
   </trkpt>
   <trkpt lat="37.3460100" lon="-113.0533250">
    <ele>2148.8</ele>
    <time>2012-04-21T16:45:42Z</time>
   </trkpt>
   <trkpt lat="37.3460850" lon="-113.0532690">
    <ele>2148.9</ele>
    <time>2012-04-21T16:45:46Z</time>
   </trkpt>
   <trkpt lat="37.3461330" lon="-113.0532120">
    <ele>2149.2</ele>
    <time>2012-04-21T16:45:50Z</time>
   </trkpt>
   <trkpt lat="37.3462270" lon="-113.0531350">
    <ele>2149.6</ele>
    <time>2012-04-21T16:45:56Z</time>
   </trkpt>
   <trkpt lat="37.3463870" lon="-113.0530700">
    <ele>2150.3</ele>
    <time>2012-04-21T16:46:02Z</time>
   </trkpt>
   <trkpt lat="37.3464540" lon="-113.0530080">
    <ele>2150.7</ele>
    <time>2012-04-21T16:46:06Z</time>
   </trkpt>
   <trkpt lat="37.3465070" lon="-113.0529510">
    <ele>2151.1</ele>
    <time>2012-04-21T16:46:10Z</time>
   </trkpt>
   <trkpt lat="37.3465230" lon="-113.0529340">
    <ele>2151.3</ele>
    <time>2012-04-21T16:46:11Z</time>
   </trkpt>
   <trkpt lat="37.3466130" lon="-113.0528490">
    <ele>2152.2</ele>
    <time>2012-04-21T16:46:16Z</time>
   </trkpt>
   <trkpt lat="37.3467030" lon="-113.0527600">
    <ele>2153.0</ele>
    <time>2012-04-21T16:46:22Z</time>
   </trkpt>
   <trkpt lat="37.3467560" lon="-113.0526820">
    <ele>2153.6</ele>
    <time>2012-04-21T16:46:27Z</time>
   </trkpt>
   <trkpt lat="37.3468020" lon="-113.0526050">
    <ele>2154.2</ele>
    <time>2012-04-21T16:46:31Z</time>
   </trkpt>
   <trkpt lat="37.3468560" lon="-113.0524820">
    <ele>2154.7</ele>
    <time>2012-04-21T16:46:37Z</time>
   </trkpt>
   <trkpt lat="37.3469110" lon="-113.0523590">
    <ele>2155.1</ele>
    <time>2012-04-21T16:46:42Z</time>
   </trkpt>
   <trkpt lat="37.3469220" lon="-113.0523360">
    <ele>2155.2</ele>
    <time>2012-04-21T16:46:43Z</time>
   </trkpt>
   <trkpt lat="37.3469280" lon="-113.0521790">
    <ele>2154.8</ele>
    <time>2012-04-21T16:46:50Z</time>
   </trkpt>
   <trkpt lat="37.3470100" lon="-113.0520420">
    <ele>2155.7</ele>
    <time>2012-04-21T16:46:55Z</time>
   </trkpt>
   <trkpt lat="37.3470720" lon="-113.0519490">
    <ele>2156.5</ele>
    <time>2012-04-21T16:46:59Z</time>
   </trkpt>
   <trkpt lat="37.3470920" lon="-113.0519130">
    <ele>2156.8</ele>
    <time>2012-04-21T16:47:01Z</time>
   </trkpt>
   <trkpt lat="37.3471300" lon="-113.0518070">
    <ele>2157.1</ele>
    <time>2012-04-21T16:47:06Z</time>
   </trkpt>
   <trkpt lat="37.3471570" lon="-113.0517520">
    <ele>2157.4</ele>
    <time>2012-04-21T16:47:09Z</time>
   </trkpt>
   <trkpt lat="37.3471880" lon="-113.0517250">
    <ele>2157.9</ele>
    <time>2012-04-21T16:47:11Z</time>
   </trkpt>
   <trkpt lat="37.3472410" lon="-113.0516290">
    <ele>2158.6</ele>
    <time>2012-04-21T16:47:17Z</time>
   </trkpt>
   <trkpt lat="37.3472900" lon="-113.0515230">
    <ele>2158.8</ele>
    <time>2012-04-21T16:47:22Z</time>
   </trkpt>
   <trkpt lat="37.3473020" lon="-113.0515010">
    <ele>2158.9</ele>
    <time>2012-04-21T16:47:23Z</time>
   </trkpt>
   <trkpt lat="37.3473470" lon="-113.0513850">
    <ele>2158.8</ele>
    <time>2012-04-21T16:47:29Z</time>
   </trkpt>
   <trkpt lat="37.3474080" lon="-113.0512570">
    <ele>2158.6</ele>
    <time>2012-04-21T16:47:35Z</time>
   </trkpt>
   <trkpt lat="37.3474120" lon="-113.0512400">
    <ele>2158.5</ele>
    <time>2012-04-21T16:47:36Z</time>
   </trkpt>
   <trkpt lat="37.3474880" lon="-113.0511440">
    <ele>2158.9</ele>
    <time>2012-04-21T16:47:42Z</time>
   </trkpt>
   <trkpt lat="37.3475720" lon="-113.0510720">
    <ele>2159.5</ele>
    <time>2012-04-21T16:47:47Z</time>
   </trkpt>
   <trkpt lat="37.3476830" lon="-113.0510000">
    <ele>2160.4</ele>
    <time>2012-04-21T16:47:54Z</time>
   </trkpt>
   <trkpt lat="37.3477690" lon="-113.0509680">
    <ele>2161.5</ele>
    <time>2012-04-21T16:48:00Z</time>
   </trkpt>
   <trkpt lat="37.3477960" lon="-113.0509570">
    <ele>2161.8</ele>
    <time>2012-04-21T16:48:02Z</time>
   </trkpt>
   <trkpt lat="37.3479140" lon="-113.0509330">
    <ele>2163.2</ele>
    <time>2012-04-21T16:48:10Z</time>
   </trkpt>
   <trkpt lat="37.3479250" lon="-113.0509250">
    <ele>2163.2</ele>
    <time>2012-04-21T16:48:11Z</time>
   </trkpt>
   <trkpt lat="37.3480140" lon="-113.0509200">
    <ele>2164.4</ele>
    <time>2012-04-21T16:48:17Z</time>
   </trkpt>
   <trkpt lat="37.3480900" lon="-113.0509000">
    <ele>2165.3</ele>
    <time>2012-04-21T16:48:23Z</time>
   </trkpt>
   <trkpt lat="37.3481940" lon="-113.0508870">
    <ele>2166.8</ele>
    <time>2012-04-21T16:48:30Z</time>
   </trkpt>
   <trkpt lat="37.3482380" lon="-113.0508750">
    <ele>2167.4</ele>
    <time>2012-04-21T16:48:33Z</time>
   </trkpt>
   <trkpt lat="37.3483540" lon="-113.0508320">
    <ele>2169.4</ele>
    <time>2012-04-21T16:48:40Z</time>
   </trkpt>
   <trkpt lat="37.3484360" lon="-113.0508070">
    <ele>2171.2</ele>
    <time>2012-04-21T16:48:46Z</time>
   </trkpt>
   <trkpt lat="37.3484490" lon="-113.0508050">
    <ele>2171.5</ele>
    <time>2012-04-21T16:48:47Z</time>
   </trkpt>
   <trkpt lat="37.3485190" lon="-113.0507700">
    <ele>2172.7</ele>
    <time>2012-04-21T16:48:51Z</time>
   </trkpt>
   <trkpt lat="37.3486410" lon="-113.0506970">
    <ele>2174.3</ele>
    <time>2012-04-21T16:48:57Z</time>
   </trkpt>
   <trkpt lat="37.3487030" lon="-113.0506600">
    <ele>2175.1</ele>
    <time>2012-04-21T16:49:00Z</time>
   </trkpt>
   <trkpt lat="37.3487690" lon="-113.0505720">
    <ele>2175.0</ele>
    <time>2012-04-21T16:49:05Z</time>
   </trkpt>
   <trkpt lat="37.3488120" lon="-113.0505030">
    <ele>2174.8</ele>
    <time>2012-04-21T16:49:09Z</time>
   </trkpt>
   <trkpt lat="37.3488740" lon="-113.0504100">
    <ele>2174.4</ele>
    <time>2012-04-21T16:49:16Z</time>
   </trkpt>
   <trkpt lat="37.3489640" lon="-113.0503310">
    <ele>2174.9</ele>
    <time>2012-04-21T16:49:22Z</time>
   </trkpt>
   <trkpt lat="37.3489740" lon="-113.0503200">
    <ele>2174.9</ele>
    <time>2012-04-21T16:49:23Z</time>
   </trkpt>
   <trkpt lat="37.3490210" lon="-113.0502290">
    <ele>2174.3</ele>
    <time>2012-04-21T16:49:29Z</time>
   </trkpt>
   <trkpt lat="37.3490700" lon="-113.0501470">
    <ele>2173.8</ele>
    <time>2012-04-21T16:49:33Z</time>
   </trkpt>
   <trkpt lat="37.3491090" lon="-113.0501180">
    <ele>2174.1</ele>
    <time>2012-04-21T16:49:35Z</time>
   </trkpt>
   <trkpt lat="37.3492880" lon="-113.0499750">
    <ele>2175.1</ele>
    <time>2012-04-21T16:49:43Z</time>
   </trkpt>
   <trkpt lat="37.3494050" lon="-113.0499140">
    <ele>2176.4</ele>
    <time>2012-04-21T16:49:48Z</time>
   </trkpt>
   <trkpt lat="37.3494830" lon="-113.0498420">
    <ele>2176.6</ele>
    <time>2012-04-21T16:49:53Z</time>
   </trkpt>
   <trkpt lat="37.3495530" lon="-113.0497890">
    <ele>2177.0</ele>
    <time>2012-04-21T16:49:58Z</time>
   </trkpt>
   <trkpt lat="37.3496010" lon="-113.0497460">
    <ele>2177.0</ele>
    <time>2012-04-21T16:50:02Z</time>
   </trkpt>
   <trkpt lat="37.3496870" lon="-113.0496740">
    <ele>2177.3</ele>
    <time>2012-04-21T16:50:08Z</time>
   </trkpt>
   <trkpt lat="37.3497700" lon="-113.0496170">
    <ele>2177.7</ele>
    <time>2012-04-21T16:50:13Z</time>
   </trkpt>
   <trkpt lat="37.3498170" lon="-113.0495750">
    <ele>2177.7</ele>
    <time>2012-04-21T16:50:17Z</time>
   </trkpt>
   <trkpt lat="37.3499110" lon="-113.0495290">
    <ele>2178.6</ele>
    <time>2012-04-21T16:50:23Z</time>
   </trkpt>
   <trkpt lat="37.3500180" lon="-113.0494660">
    <ele>2179.2</ele>
    <time>2012-04-21T16:50:29Z</time>
   </trkpt>
   <trkpt lat="37.3501050" lon="-113.0493940">
    <ele>2179.1</ele>
    <time>2012-04-21T16:50:34Z</time>
   </trkpt>
   <trkpt lat="37.3501330" lon="-113.0493770">
    <ele>2179.3</ele>
    <time>2012-04-21T16:50:36Z</time>
   </trkpt>
   <trkpt lat="37.3502240" lon="-113.0493010">
    <ele>2179.3</ele>
    <time>2012-04-21T16:50:42Z</time>
   </trkpt>
   <trkpt lat="37.3502940" lon="-113.0492400">
    <ele>2179.4</ele>
    <time>2012-04-21T16:50:47Z</time>
   </trkpt>
   <trkpt lat="37.3503720" lon="-113.0491830">
    <ele>2179.8</ele>
    <time>2012-04-21T16:50:52Z</time>
   </trkpt>
   <trkpt lat="37.3504040" lon="-113.0491610">
    <ele>2180.1</ele>
    <time>2012-04-21T16:50:54Z</time>
   </trkpt>
   <trkpt lat="37.3504550" lon="-113.0490890">
    <ele>2179.6</ele>
    <time>2012-04-21T16:50:59Z</time>
   </trkpt>
   <trkpt lat="37.3505180" lon="-113.0490470">
    <ele>2180.1</ele>
    <time>2012-04-21T16:51:02Z</time>
   </trkpt>
   <trkpt lat="37.3505680" lon="-113.0490210">
    <ele>2180.6</ele>
    <time>2012-04-21T16:51:05Z</time>
   </trkpt>
   <trkpt lat="37.3506530" lon="-113.0489390">
    <ele>2180.7</ele>
    <time>2012-04-21T16:51:11Z</time>
   </trkpt>
   <trkpt lat="37.3507250" lon="-113.0488600">
    <ele>2180.7</ele>
    <time>2012-04-21T16:51:16Z</time>
   </trkpt>
   <trkpt lat="37.3508450" lon="-113.0487990">
    <ele>2181.6</ele>
    <time>2012-04-21T16:51:21Z</time>
   </trkpt>
   <trkpt lat="37.3509620" lon="-113.0487450">
    <ele>2182.5</ele>
    <time>2012-04-21T16:51:27Z</time>
   </trkpt>
   <trkpt lat="37.3510510" lon="-113.0486910">
    <ele>2182.7</ele>
    <time>2012-04-21T16:51:32Z</time>
   </trkpt>
   <trkpt lat="37.3511230" lon="-113.0486620">
    <ele>2183.1</ele>
    <time>2012-04-21T16:51:37Z</time>
   </trkpt>
   <trkpt lat="37.3512130" lon="-113.0486020">
    <ele>2182.9</ele>
    <time>2012-04-21T16:51:42Z</time>
   </trkpt>
   <trkpt lat="37.3513190" lon="-113.0485460">
    <ele>2182.9</ele>
    <time>2012-04-21T16:51:47Z</time>
   </trkpt>
   <trkpt lat="37.3514260" lon="-113.0484900">
    <ele>2182.7</ele>
    <time>2012-04-21T16:51:52Z</time>
   </trkpt>
   <trkpt lat="37.3515160" lon="-113.0484370">
    <ele>2182.3</ele>
    <time>2012-04-21T16:51:58Z</time>
   </trkpt>
   <trkpt lat="37.3516290" lon="-113.0483990">
    <ele>2182.5</ele>
    <time>2012-04-21T16:52:04Z</time>
   </trkpt>
   <trkpt lat="37.3516950" lon="-113.0483670">
    <ele>2182.5</ele>
    <time>2012-04-21T16:52:09Z</time>
   </trkpt>
   <trkpt lat="37.3517310" lon="-113.0483560">
    <ele>2182.6</ele>
    <time>2012-04-21T16:52:13Z</time>
   </trkpt>
   <trkpt lat="37.3518670" lon="-113.0483100">
    <ele>2183.5</ele>
    <time>2012-04-21T16:52:20Z</time>
   </trkpt>
   <trkpt lat="37.3518780" lon="-113.0483060">
    <ele>2183.6</ele>
    <time>2012-04-21T16:52:21Z</time>
   </trkpt>
   <trkpt lat="37.3519530" lon="-113.0483110">
    <ele>2185.3</ele>
    <time>2012-04-21T16:52:27Z</time>
   </trkpt>
   <trkpt lat="37.3520060" lon="-113.0482930">
    <ele>2186.0</ele>
    <time>2012-04-21T16:52:33Z</time>
   </trkpt>
   <trkpt lat="37.3520990" lon="-113.0482590">
    <ele>2187.5</ele>
    <time>2012-04-21T16:52:39Z</time>
   </trkpt>
   <trkpt lat="37.3521850" lon="-113.0482150">
    <ele>2188.6</ele>
    <time>2012-04-21T16:52:44Z</time>
   </trkpt>
   <trkpt lat="37.3522650" lon="-113.0481720">
    <ele>2189.8</ele>
    <time>2012-04-21T16:52:49Z</time>
   </trkpt>
   <trkpt lat="37.3523470" lon="-113.0481070">
    <ele>2190.4</ele>
    <time>2012-04-21T16:52:54Z</time>
   </trkpt>
   <trkpt lat="37.3524730" lon="-113.0480140">
    <ele>2191.5</ele>
    <time>2012-04-21T16:53:00Z</time>
   </trkpt>
   <trkpt lat="37.3525500" lon="-113.0479590">
    <ele>2192.2</ele>
    <time>2012-04-21T16:53:04Z</time>
   </trkpt>
   <trkpt lat="37.3525970" lon="-113.0479230">
    <ele>2192.6</ele>
    <time>2012-04-21T16:53:07Z</time>
   </trkpt>
   <trkpt lat="37.3526610" lon="-113.0478450">
    <ele>2193.0</ele>
    <time>2012-04-21T16:53:13Z</time>
   </trkpt>
   <trkpt lat="37.3527090" lon="-113.0477990">
    <ele>2193.6</ele>
    <time>2012-04-21T16:53:16Z</time>
   </trkpt>
   <trkpt lat="37.3528010" lon="-113.0477110">
    <ele>2195.3</ele>
    <time>2012-04-21T16:53:21Z</time>
   </trkpt>
   <trkpt lat="37.3529210" lon="-113.0476200">
    <ele>2198.0</ele>
    <time>2012-04-21T16:53:26Z</time>
   </trkpt>
   <trkpt lat="37.3529910" lon="-113.0475590">
    <ele>2199.2</ele>
    <time>2012-04-21T16:53:30Z</time>
   </trkpt>
   <trkpt lat="37.3530680" lon="-113.0474900">
    <ele>2200.3</ele>
    <time>2012-04-21T16:53:35Z</time>
   </trkpt>
   <trkpt lat="37.3531580" lon="-113.0473960">
    <ele>2201.5</ele>
    <time>2012-04-21T16:53:41Z</time>
   </trkpt>
   <trkpt lat="37.3532140" lon="-113.0473010">
    <ele>2201.9</ele>
    <time>2012-04-21T16:53:46Z</time>
   </trkpt>
   <trkpt lat="37.3532480" lon="-113.0472400">
    <ele>2202.3</ele>
    <time>2012-04-21T16:53:50Z</time>
   </trkpt>
   <trkpt lat="37.3532870" lon="-113.0471340">
    <ele>2202.3</ele>
    <time>2012-04-21T16:53:57Z</time>
   </trkpt>
   <trkpt lat="37.3532960" lon="-113.0470770">
    <ele>2202.0</ele>
    <time>2012-04-21T16:54:00Z</time>
   </trkpt>
   <trkpt lat="37.3533130" lon="-113.0470180">
    <ele>2202.0</ele>
    <time>2012-04-21T16:54:03Z</time>
   </trkpt>
   <trkpt lat="37.3533410" lon="-113.0469570">
    <ele>2202.7</ele>
    <time>2012-04-21T16:54:07Z</time>
   </trkpt>
   <trkpt lat="37.3533600" lon="-113.0468410">
    <ele>2202.9</ele>
    <time>2012-04-21T16:54:13Z</time>
   </trkpt>
   <trkpt lat="37.3533750" lon="-113.0467570">
    <ele>2203.4</ele>
    <time>2012-04-21T16:54:17Z</time>
   </trkpt>
   <trkpt lat="37.3533620" lon="-113.0466650">
    <ele>2202.4</ele>
    <time>2012-04-21T16:54:21Z</time>
   </trkpt>
   <trkpt lat="37.3533880" lon="-113.0465200">
    <ele>2203.8</ele>
    <time>2012-04-21T16:54:28Z</time>
   </trkpt>
   <trkpt lat="37.3533940" lon="-113.0464170">
    <ele>2204.2</ele>
    <time>2012-04-21T16:54:32Z</time>
   </trkpt>
   <trkpt lat="37.3533920" lon="-113.0463940">
    <ele>2204.1</ele>
    <time>2012-04-21T16:54:33Z</time>
   </trkpt>
   <trkpt lat="37.3534060" lon="-113.0462570">
    <ele>2205.7</ele>
    <time>2012-04-21T16:54:38Z</time>
   </trkpt>
   <trkpt lat="37.3533990" lon="-113.0461220">
    <ele>2207.3</ele>
    <time>2012-04-21T16:54:44Z</time>
   </trkpt>
   <trkpt lat="37.3534060" lon="-113.0459950">
    <ele>2209.0</ele>
    <time>2012-04-21T16:54:49Z</time>
   </trkpt>
   <trkpt lat="37.3533920" lon="-113.0458960">
    <ele>2209.5</ele>
    <time>2012-04-21T16:54:54Z</time>
   </trkpt>
   <trkpt lat="37.3533800" lon="-113.0457950">
    <ele>2210.0</ele>
    <time>2012-04-21T16:54:58Z</time>
   </trkpt>
   <trkpt lat="37.3533720" lon="-113.0457430">
    <ele>2210.3</ele>
    <time>2012-04-21T16:55:00Z</time>
   </trkpt>
   <trkpt lat="37.3533380" lon="-113.0455950">
    <ele>2211.0</ele>
    <time>2012-04-21T16:55:06Z</time>
   </trkpt>
   <trkpt lat="37.3533040" lon="-113.0454690">
    <ele>2211.4</ele>
    <time>2012-04-21T16:55:11Z</time>
   </trkpt>
   <trkpt lat="37.3532930" lon="-113.0453440">
    <ele>2212.0</ele>
    <time>2012-04-21T16:55:16Z</time>
   </trkpt>
   <trkpt lat="37.3533290" lon="-113.0452170">
    <ele>2213.0</ele>
    <time>2012-04-21T16:55:21Z</time>
   </trkpt>
   <trkpt lat="37.3533090" lon="-113.0451500">
    <ele>2213.0</ele>
    <time>2012-04-21T16:55:24Z</time>
   </trkpt>
   <trkpt lat="37.3532590" lon="-113.0450720">
    <ele>2212.8</ele>
    <time>2012-04-21T16:55:28Z</time>
   </trkpt>
   <trkpt lat="37.3532370" lon="-113.0449300">
    <ele>2212.9</ele>
    <time>2012-04-21T16:55:34Z</time>
   </trkpt>
   <trkpt lat="37.3532470" lon="-113.0448150">
    <ele>2213.3</ele>
    <time>2012-04-21T16:55:40Z</time>
   </trkpt>
   <trkpt lat="37.3532350" lon="-113.0447130">
    <ele>2213.5</ele>
    <time>2012-04-21T16:55:44Z</time>
   </trkpt>
   <trkpt lat="37.3532530" lon="-113.0445470">
    <ele>2214.0</ele>
    <time>2012-04-21T16:55:52Z</time>
   </trkpt>
   <trkpt lat="37.3532550" lon="-113.0445030">
    <ele>2214.1</ele>
    <time>2012-04-21T16:55:54Z</time>
   </trkpt>
   <trkpt lat="37.3532920" lon="-113.0443620">
    <ele>2214.6</ele>
    <time>2012-04-21T16:56:00Z</time>
   </trkpt>
   <trkpt lat="37.3533000" lon="-113.0442590">
    <ele>2214.9</ele>
    <time>2012-04-21T16:56:05Z</time>
   </trkpt>
   <trkpt lat="37.3533210" lon="-113.0441970">
    <ele>2215.0</ele>
    <time>2012-04-21T16:56:08Z</time>
   </trkpt>
   <trkpt lat="37.3533380" lon="-113.0440840">
    <ele>2215.2</ele>
    <time>2012-04-21T16:56:13Z</time>
   </trkpt>
   <trkpt lat="37.3533430" lon="-113.0440060">
    <ele>2215.4</ele>
    <time>2012-04-21T16:56:16Z</time>
   </trkpt>
   <trkpt lat="37.3533510" lon="-113.0438860">
    <ele>2215.6</ele>
    <time>2012-04-21T16:56:21Z</time>
   </trkpt>
   <trkpt lat="37.3533550" lon="-113.0438610">
    <ele>2215.7</ele>
    <time>2012-04-21T16:56:22Z</time>
   </trkpt>
   <trkpt lat="37.3533840" lon="-113.0437240">
    <ele>2215.8</ele>
    <time>2012-04-21T16:56:28Z</time>
   </trkpt>
   <trkpt lat="37.3534100" lon="-113.0436330">
    <ele>2215.9</ele>
    <time>2012-04-21T16:56:32Z</time>
   </trkpt>
   <trkpt lat="37.3534370" lon="-113.0434920">
    <ele>2216.0</ele>
    <time>2012-04-21T16:56:38Z</time>
   </trkpt>
   <trkpt lat="37.3534720" lon="-113.0433520">
    <ele>2216.1</ele>
    <time>2012-04-21T16:56:44Z</time>
   </trkpt>
   <trkpt lat="37.3534930" lon="-113.0432620">
    <ele>2216.2</ele>
    <time>2012-04-21T16:56:48Z</time>
   </trkpt>
   <trkpt lat="37.3535490" lon="-113.0431110">
    <ele>2216.2</ele>
    <time>2012-04-21T16:56:54Z</time>
   </trkpt>
   <trkpt lat="37.3536000" lon="-113.0429760">
    <ele>2216.6</ele>
    <time>2012-04-21T16:56:59Z</time>
   </trkpt>
   <trkpt lat="37.3536460" lon="-113.0428480">
    <ele>2217.0</ele>
    <time>2012-04-21T16:57:04Z</time>
   </trkpt>
   <trkpt lat="37.3536870" lon="-113.0427000">
    <ele>2217.6</ele>
    <time>2012-04-21T16:57:10Z</time>
   </trkpt>
   <trkpt lat="37.3537210" lon="-113.0425620">
    <ele>2218.4</ele>
    <time>2012-04-21T16:57:16Z</time>
   </trkpt>
   <trkpt lat="37.3537420" lon="-113.0424940">
    <ele>2218.8</ele>
    <time>2012-04-21T16:57:19Z</time>
   </trkpt>
   <trkpt lat="37.3537700" lon="-113.0423860">
    <ele>2219.6</ele>
    <time>2012-04-21T16:57:24Z</time>
   </trkpt>
   <trkpt lat="37.3537890" lon="-113.0422490">
    <ele>2220.9</ele>
    <time>2012-04-21T16:57:30Z</time>
   </trkpt>
   <trkpt lat="37.3538310" lon="-113.0421180">
    <ele>2222.0</ele>
    <time>2012-04-21T16:57:35Z</time>
   </trkpt>
   <trkpt lat="37.3538440" lon="-113.0420670">
    <ele>2222.5</ele>
    <time>2012-04-21T16:57:37Z</time>
   </trkpt>
   <trkpt lat="37.3538780" lon="-113.0419710">
    <ele>2223.2</ele>
    <time>2012-04-21T16:57:41Z</time>
   </trkpt>
   <trkpt lat="37.3539120" lon="-113.0418330">
    <ele>2224.3</ele>
    <time>2012-04-21T16:57:47Z</time>
   </trkpt>
   <trkpt lat="37.3539250" lon="-113.0417900">
    <ele>2224.6</ele>
    <time>2012-04-21T16:57:49Z</time>
   </trkpt>
   <trkpt lat="37.3539720" lon="-113.0416690">
    <ele>2225.3</ele>
    <time>2012-04-21T16:57:54Z</time>
   </trkpt>
   <trkpt lat="37.3539790" lon="-113.0415680">
    <ele>2226.2</ele>
    <time>2012-04-21T16:57:58Z</time>
   </trkpt>
   <trkpt lat="37.3540010" lon="-113.0415330">
    <ele>2226.3</ele>
    <time>2012-04-21T16:58:04Z</time>
   </trkpt>
   <trkpt lat="37.3540090" lon="-113.0415150">
    <ele>2226.3</ele>
    <time>2012-04-21T16:58:06Z</time>
   </trkpt>
   <trkpt lat="37.3540210" lon="-113.0413700">
    <ele>2227.5</ele>
    <time>2012-04-21T16:58:13Z</time>
   </trkpt>
   <trkpt lat="37.3540220" lon="-113.0413480">
    <ele>2227.7</ele>
    <time>2012-04-21T16:58:14Z</time>
   </trkpt>
   <trkpt lat="37.3540360" lon="-113.0411940">
    <ele>2229.0</ele>
    <time>2012-04-21T16:58:21Z</time>
   </trkpt>
   <trkpt lat="37.3540400" lon="-113.0411480">
    <ele>2229.3</ele>
    <time>2012-04-21T16:58:23Z</time>
   </trkpt>
   <trkpt lat="37.3540880" lon="-113.0410190">
    <ele>2229.7</ele>
    <time>2012-04-21T16:58:30Z</time>
   </trkpt>
   <trkpt lat="37.3541130" lon="-113.0409860">
    <ele>2229.7</ele>
    <time>2012-04-21T16:58:32Z</time>
   </trkpt>
   <trkpt lat="37.3542250" lon="-113.0409700">
    <ele>2228.4</ele>
    <time>2012-04-21T16:58:38Z</time>
   </trkpt>
   <trkpt lat="37.3542620" lon="-113.0409510">
    <ele>2228.2</ele>
    <time>2012-04-21T16:58:40Z</time>
   </trkpt>
   <trkpt lat="37.3543580" lon="-113.0408390">
    <ele>2228.4</ele>
    <time>2012-04-21T16:58:46Z</time>
   </trkpt>
   <trkpt lat="37.3544050" lon="-113.0407840">
    <ele>2228.8</ele>
    <time>2012-04-21T16:58:49Z</time>
   </trkpt>
   <trkpt lat="37.3544540" lon="-113.0407150">
    <ele>2229.5</ele>
    <time>2012-04-21T16:58:54Z</time>
   </trkpt>
   <trkpt lat="37.3545160" lon="-113.0407460">
    <ele>2228.2</ele>
    <time>2012-04-21T16:58:57Z</time>
   </trkpt>
   <trkpt lat="37.3546820" lon="-113.0407610">
    <ele>2226.0</ele>
    <time>2012-04-21T16:59:04Z</time>
   </trkpt>
   <trkpt lat="37.3548180" lon="-113.0407200">
    <ele>2226.5</ele>
    <time>2012-04-21T16:59:10Z</time>
   </trkpt>
   <trkpt lat="37.3549270" lon="-113.0406760">
    <ele>2226.9</ele>
    <time>2012-04-21T16:59:15Z</time>
   </trkpt>
   <trkpt lat="37.3550230" lon="-113.0406280">
    <ele>2227.6</ele>
    <time>2012-04-21T16:59:20Z</time>
   </trkpt>
   <trkpt lat="37.3551170" lon="-113.0405690">
    <ele>2228.3</ele>
    <time>2012-04-21T16:59:24Z</time>
   </trkpt>
   <trkpt lat="37.3552370" lon="-113.0404970">
    <ele>2229.1</ele>
    <time>2012-04-21T16:59:30Z</time>
   </trkpt>
   <trkpt lat="37.3553220" lon="-113.0404510">
    <ele>2230.2</ele>
    <time>2012-04-21T16:59:34Z</time>
   </trkpt>
   <trkpt lat="37.3554150" lon="-113.0403930">
    <ele>2232.1</ele>
    <time>2012-04-21T16:59:39Z</time>
   </trkpt>
   <trkpt lat="37.3555000" lon="-113.0403390">
    <ele>2233.2</ele>
    <time>2012-04-21T16:59:44Z</time>
   </trkpt>
   <trkpt lat="37.3556150" lon="-113.0402820">
    <ele>2234.6</ele>
    <time>2012-04-21T16:59:49Z</time>
   </trkpt>
   <trkpt lat="37.3557220" lon="-113.0402140">
    <ele>2235.9</ele>
    <time>2012-04-21T16:59:55Z</time>
   </trkpt>
   <trkpt lat="37.3558110" lon="-113.0401730">
    <ele>2236.4</ele>
    <time>2012-04-21T17:00:00Z</time>
   </trkpt>
   <trkpt lat="37.3559120" lon="-113.0401320">
    <ele>2236.9</ele>
    <time>2012-04-21T17:00:05Z</time>
   </trkpt>
   <trkpt lat="37.3560140" lon="-113.0400690">
    <ele>2237.2</ele>
    <time>2012-04-21T17:00:11Z</time>
   </trkpt>
   <trkpt lat="37.3560920" lon="-113.0400190">
    <ele>2237.3</ele>
    <time>2012-04-21T17:00:15Z</time>
   </trkpt>
   <trkpt lat="37.3561870" lon="-113.0399640">
    <ele>2237.3</ele>
    <time>2012-04-21T17:00:20Z</time>
   </trkpt>
   <trkpt lat="37.3563150" lon="-113.0398690">
    <ele>2237.4</ele>
    <time>2012-04-21T17:00:27Z</time>
   </trkpt>
   <trkpt lat="37.3564080" lon="-113.0398080">
    <ele>2237.5</ele>
    <time>2012-04-21T17:00:32Z</time>
   </trkpt>
   <trkpt lat="37.3564970" lon="-113.0397620">
    <ele>2237.5</ele>
    <time>2012-04-21T17:00:37Z</time>
   </trkpt>
   <trkpt lat="37.3566230" lon="-113.0397210">
    <ele>2237.5</ele>
    <time>2012-04-21T17:00:43Z</time>
   </trkpt>
   <trkpt lat="37.3567190" lon="-113.0396770">
    <ele>2237.5</ele>
    <time>2012-04-21T17:00:48Z</time>
   </trkpt>
   <trkpt lat="37.3567830" lon="-113.0396460">
    <ele>2237.5</ele>
    <time>2012-04-21T17:00:52Z</time>
   </trkpt>
   <trkpt lat="37.3569020" lon="-113.0395840">
    <ele>2237.5</ele>
    <time>2012-04-21T17:00:58Z</time>
   </trkpt>
   <trkpt lat="37.3569940" lon="-113.0395600">
    <ele>2237.5</ele>
    <time>2012-04-21T17:01:03Z</time>
   </trkpt>
   <trkpt lat="37.3571200" lon="-113.0395340">
    <ele>2237.5</ele>
    <time>2012-04-21T17:01:09Z</time>
   </trkpt>
   <trkpt lat="37.3572140" lon="-113.0395380">
    <ele>2237.5</ele>
    <time>2012-04-21T17:01:13Z</time>
   </trkpt>
   <trkpt lat="37.3573060" lon="-113.0395560">
    <ele>2237.5</ele>
    <time>2012-04-21T17:01:18Z</time>
   </trkpt>
   <trkpt lat="37.3573930" lon="-113.0395740">
    <ele>2237.5</ele>
    <time>2012-04-21T17:01:22Z</time>
   </trkpt>
   <trkpt lat="37.3574060" lon="-113.0395790">
    <ele>2237.5</ele>
    <time>2012-04-21T17:01:23Z</time>
   </trkpt>
   <trkpt lat="37.3575050" lon="-113.0396250">
    <ele>2237.5</ele>
    <time>2012-04-21T17:01:29Z</time>
   </trkpt>
   <trkpt lat="37.3575840" lon="-113.0396730">
    <ele>2237.5</ele>
    <time>2012-04-21T17:01:33Z</time>
   </trkpt>
   <trkpt lat="37.3576190" lon="-113.0396850">
    <ele>2237.5</ele>
    <time>2012-04-21T17:01:35Z</time>
   </trkpt>
   <trkpt lat="37.3577350" lon="-113.0397570">
    <ele>2237.6</ele>
    <time>2012-04-21T17:01:42Z</time>
   </trkpt>
   <trkpt lat="37.3578720" lon="-113.0398230">
    <ele>2238.3</ele>
    <time>2012-04-21T17:01:49Z</time>
   </trkpt>
   <trkpt lat="37.3579550" lon="-113.0398620">
    <ele>2238.6</ele>
    <time>2012-04-21T17:01:54Z</time>
   </trkpt>
   <trkpt lat="37.3580430" lon="-113.0399170">
    <ele>2239.1</ele>
    <time>2012-04-21T17:01:59Z</time>
   </trkpt>
   <trkpt lat="37.3581170" lon="-113.0399170">
    <ele>2239.4</ele>
    <time>2012-04-21T17:02:03Z</time>
   </trkpt>
   <trkpt lat="37.3581380" lon="-113.0399100">
    <ele>2239.4</ele>
    <time>2012-04-21T17:02:05Z</time>
   </trkpt>
   <trkpt lat="37.3582110" lon="-113.0398250">
    <ele>2239.3</ele>
    <time>2012-04-21T17:02:10Z</time>
   </trkpt>
   <trkpt lat="37.3582720" lon="-113.0397810">
    <ele>2239.3</ele>
    <time>2012-04-21T17:02:15Z</time>
   </trkpt>
   <trkpt lat="37.3582850" lon="-113.0397730">
    <ele>2239.3</ele>
    <time>2012-04-21T17:02:16Z</time>
   </trkpt>
   <trkpt lat="37.3583090" lon="-113.0397670">
    <ele>2239.4</ele>
    <time>2012-04-21T17:02:18Z</time>
   </trkpt>
   <trkpt lat="37.3583750" lon="-113.0397180">
    <ele>2239.5</ele>
    <time>2012-04-21T17:02:22Z</time>
   </trkpt>
   <trkpt lat="37.3584800" lon="-113.0396340">
    <ele>2239.7</ele>
    <time>2012-04-21T17:02:27Z</time>
   </trkpt>
   <trkpt lat="37.3585300" lon="-113.0395860">
    <ele>2239.8</ele>
    <time>2012-04-21T17:02:32Z</time>
   </trkpt>
   <trkpt lat="37.3585910" lon="-113.0395500">
    <ele>2239.9</ele>
    <time>2012-04-21T17:02:36Z</time>
   </trkpt>
   <trkpt lat="37.3586470" lon="-113.0395040">
    <ele>2240.0</ele>
    <time>2012-04-21T17:02:39Z</time>
   </trkpt>
   <trkpt lat="37.3587060" lon="-113.0394720">
    <ele>2240.1</ele>
    <time>2012-04-21T17:02:42Z</time>
   </trkpt>
   <trkpt lat="37.3587980" lon="-113.0393780">
    <ele>2240.2</ele>
    <time>2012-04-21T17:02:48Z</time>
   </trkpt>
   <trkpt lat="37.3588490" lon="-113.0393170">
    <ele>2240.2</ele>
    <time>2012-04-21T17:02:52Z</time>
   </trkpt>
   <trkpt lat="37.3588970" lon="-113.0392830">
    <ele>2240.3</ele>
    <time>2012-04-21T17:02:55Z</time>
   </trkpt>
   <trkpt lat="37.3589960" lon="-113.0392380">
    <ele>2240.6</ele>
    <time>2012-04-21T17:03:00Z</time>
   </trkpt>
   <trkpt lat="37.3590160" lon="-113.0392250">
    <ele>2240.7</ele>
    <time>2012-04-21T17:03:01Z</time>
   </trkpt>
   <trkpt lat="37.3590390" lon="-113.0392070">
    <ele>2240.7</ele>
    <time>2012-04-21T17:03:03Z</time>
   </trkpt>
   <trkpt lat="37.3591240" lon="-113.0391430">
    <ele>2240.8</ele>
    <time>2012-04-21T17:03:08Z</time>
   </trkpt>
   <trkpt lat="37.3592250" lon="-113.0390850">
    <ele>2240.9</ele>
    <time>2012-04-21T17:03:13Z</time>
   </trkpt>
   <trkpt lat="37.3592880" lon="-113.0390200">
    <ele>2240.7</ele>
    <time>2012-04-21T17:03:17Z</time>
   </trkpt>
   <trkpt lat="37.3593410" lon="-113.0389550">
    <ele>2240.3</ele>
    <time>2012-04-21T17:03:21Z</time>
   </trkpt>
   <trkpt lat="37.3594170" lon="-113.0388660">
    <ele>2239.7</ele>
    <time>2012-04-21T17:03:26Z</time>
   </trkpt>
   <trkpt lat="37.3594380" lon="-113.0388230">
    <ele>2239.3</ele>
    <time>2012-04-21T17:03:28Z</time>
   </trkpt>
   <trkpt lat="37.3594560" lon="-113.0387370">
    <ele>2238.6</ele>
    <time>2012-04-21T17:03:33Z</time>
   </trkpt>
   <trkpt lat="37.3594590" lon="-113.0387050">
    <ele>2238.3</ele>
    <time>2012-04-21T17:03:36Z</time>
   </trkpt>
   <trkpt lat="37.3595010" lon="-113.0386550">
    <ele>2237.9</ele>
    <time>2012-04-21T17:03:40Z</time>
   </trkpt>
   <trkpt lat="37.3595560" lon="-113.0385950">
    <ele>2237.4</ele>
    <time>2012-04-21T17:03:45Z</time>
   </trkpt>
   <trkpt lat="37.3596320" lon="-113.0385650">
    <ele>2237.2</ele>
    <time>2012-04-21T17:03:49Z</time>
   </trkpt>
   <trkpt lat="37.3596870" lon="-113.0385260">
    <ele>2236.8</ele>
    <time>2012-04-21T17:03:52Z</time>
   </trkpt>
   <trkpt lat="37.3598080" lon="-113.0384570">
    <ele>2235.9</ele>
    <time>2012-04-21T17:03:58Z</time>
   </trkpt>
   <trkpt lat="37.3598710" lon="-113.0384180">
    <ele>2235.4</ele>
    <time>2012-04-21T17:04:02Z</time>
   </trkpt>
   <trkpt lat="37.3599450" lon="-113.0383890">
    <ele>2234.9</ele>
    <time>2012-04-21T17:04:07Z</time>
   </trkpt>
   <trkpt lat="37.3600350" lon="-113.0383350">
    <ele>2233.9</ele>
    <time>2012-04-21T17:04:12Z</time>
   </trkpt>
   <trkpt lat="37.3600650" lon="-113.0382850">
    <ele>2233.1</ele>
    <time>2012-04-21T17:04:15Z</time>
   </trkpt>
   <trkpt lat="37.3601020" lon="-113.0382550">
    <ele>2232.5</ele>
    <time>2012-04-21T17:04:17Z</time>
   </trkpt>
   <trkpt lat="37.3601540" lon="-113.0382390">
    <ele>2232.0</ele>
    <time>2012-04-21T17:04:21Z</time>
   </trkpt>
   <trkpt lat="37.3602310" lon="-113.0381920">
    <ele>2231.0</ele>
    <time>2012-04-21T17:04:26Z</time>
   </trkpt>
   <trkpt lat="37.3603000" lon="-113.0381470">
    <ele>2229.9</ele>
    <time>2012-04-21T17:04:30Z</time>
   </trkpt>
   <trkpt lat="37.3603310" lon="-113.0381250">
    <ele>2229.4</ele>
    <time>2012-04-21T17:04:32Z</time>
   </trkpt>
   <trkpt lat="37.3604150" lon="-113.0381350">
    <ele>2228.6</ele>
    <time>2012-04-21T17:04:36Z</time>
   </trkpt>
   <trkpt lat="37.3605290" lon="-113.0381740">
    <ele>2227.6</ele>
    <time>2012-04-21T17:04:41Z</time>
   </trkpt>
   <trkpt lat="37.3606420" lon="-113.0381870">
    <ele>2226.3</ele>
    <time>2012-04-21T17:04:46Z</time>
   </trkpt>
   <trkpt lat="37.3607130" lon="-113.0382180">
    <ele>2226.1</ele>
    <time>2012-04-21T17:04:50Z</time>
   </trkpt>
   <trkpt lat="37.3607290" lon="-113.0382270">
    <ele>2226.1</ele>
    <time>2012-04-21T17:04:51Z</time>
   </trkpt>
   <trkpt lat="37.3607930" lon="-113.0382570">
    <ele>2226.2</ele>
    <time>2012-04-21T17:04:56Z</time>
   </trkpt>
   <trkpt lat="37.3608690" lon="-113.0382550">
    <ele>2225.6</ele>
    <time>2012-04-21T17:05:00Z</time>
   </trkpt>
   <trkpt lat="37.3609090" lon="-113.0382610">
    <ele>2225.6</ele>
    <time>2012-04-21T17:05:02Z</time>
   </trkpt>
   <trkpt lat="37.3610380" lon="-113.0382470">
    <ele>2225.0</ele>
    <time>2012-04-21T17:05:08Z</time>
   </trkpt>
   <trkpt lat="37.3610600" lon="-113.0382460">
    <ele>2224.9</ele>
    <time>2012-04-21T17:05:09Z</time>
   </trkpt>
   <trkpt lat="37.3610980" lon="-113.0382490">
    <ele>2224.9</ele>
    <time>2012-04-21T17:05:11Z</time>
   </trkpt>
   <trkpt lat="37.3612020" lon="-113.0382770">
    <ele>2224.9</ele>
    <time>2012-04-21T17:05:16Z</time>
   </trkpt>
   <trkpt lat="37.3612950" lon="-113.0382720">
    <ele>2224.2</ele>
    <time>2012-04-21T17:05:22Z</time>
   </trkpt>
   <trkpt lat="37.3613870" lon="-113.0383030">
    <ele>2223.9</ele>
    <time>2012-04-21T17:05:27Z</time>
   </trkpt>
   <trkpt lat="37.3614730" lon="-113.0382970">
    <ele>2222.7</ele>
    <time>2012-04-21T17:05:31Z</time>
   </trkpt>
   <trkpt lat="37.3615790" lon="-113.0382760">
    <ele>2220.7</ele>
    <time>2012-04-21T17:05:36Z</time>
   </trkpt>
   <trkpt lat="37.3616600" lon="-113.0382380">
    <ele>2218.2</ele>
    <time>2012-04-21T17:05:40Z</time>
   </trkpt>
   <trkpt lat="37.3617010" lon="-113.0382110">
    <ele>2216.8</ele>
    <time>2012-04-21T17:05:42Z</time>
   </trkpt>
   <trkpt lat="37.3617380" lon="-113.0382120">
    <ele>2216.5</ele>
    <time>2012-04-21T17:05:44Z</time>
   </trkpt>
   <trkpt lat="37.3618350" lon="-113.0381820">
    <ele>2215.2</ele>
    <time>2012-04-21T17:05:49Z</time>
   </trkpt>
   <trkpt lat="37.3619230" lon="-113.0381930">
    <ele>2215.4</ele>
    <time>2012-04-21T17:05:53Z</time>
   </trkpt>
   <trkpt lat="37.3620310" lon="-113.0382490">
    <ele>2217.3</ele>
    <time>2012-04-21T17:05:58Z</time>
   </trkpt>
   <trkpt lat="37.3620700" lon="-113.0382830">
    <ele>2218.6</ele>
    <time>2012-04-21T17:06:00Z</time>
   </trkpt>
   <trkpt lat="37.3621400" lon="-113.0383190">
    <ele>2219.2</ele>
    <time>2012-04-21T17:06:04Z</time>
   </trkpt>
   <trkpt lat="37.3622540" lon="-113.0383740">
    <ele>2220.3</ele>
    <time>2012-04-21T17:06:10Z</time>
   </trkpt>
   <trkpt lat="37.3623460" lon="-113.0384240">
    <ele>2220.8</ele>
    <time>2012-04-21T17:06:15Z</time>
   </trkpt>
   <trkpt lat="37.3624250" lon="-113.0384560">
    <ele>2220.6</ele>
    <time>2012-04-21T17:06:20Z</time>
   </trkpt>
   <trkpt lat="37.3625390" lon="-113.0384750">
    <ele>2219.7</ele>
    <time>2012-04-21T17:06:25Z</time>
   </trkpt>
   <trkpt lat="37.3626130" lon="-113.0384710">
    <ele>2218.4</ele>
    <time>2012-04-21T17:06:29Z</time>
   </trkpt>
   <trkpt lat="37.3627140" lon="-113.0384720">
    <ele>2217.2</ele>
    <time>2012-04-21T17:06:34Z</time>
   </trkpt>
   <trkpt lat="37.3628200" lon="-113.0384670">
    <ele>2215.8</ele>
    <time>2012-04-21T17:06:39Z</time>
   </trkpt>
   <trkpt lat="37.3629230" lon="-113.0384830">
    <ele>2215.5</ele>
    <time>2012-04-21T17:06:44Z</time>
   </trkpt>
   <trkpt lat="37.3630380" lon="-113.0384890">
    <ele>2214.7</ele>
    <time>2012-04-21T17:06:49Z</time>
   </trkpt>
   <trkpt lat="37.3631440" lon="-113.0384620">
    <ele>2212.3</ele>
    <time>2012-04-21T17:06:54Z</time>
   </trkpt>
   <trkpt lat="37.3631660" lon="-113.0384600">
    <ele>2212.0</ele>
    <time>2012-04-21T17:06:55Z</time>
   </trkpt>
   <trkpt lat="37.3632620" lon="-113.0384330">
    <ele>2209.5</ele>
    <time>2012-04-21T17:07:00Z</time>
   </trkpt>
   <trkpt lat="37.3632790" lon="-113.0384310">
    <ele>2209.3</ele>
    <time>2012-04-21T17:07:01Z</time>
   </trkpt>
   <trkpt lat="37.3633480" lon="-113.0384320">
    <ele>2208.6</ele>
    <time>2012-04-21T17:07:05Z</time>
   </trkpt>
   <trkpt lat="37.3634230" lon="-113.0384320">
    <ele>2207.9</ele>
    <time>2012-04-21T17:07:09Z</time>
   </trkpt>
   <trkpt lat="37.3635680" lon="-113.0384480">
    <ele>2207.6</ele>
    <time>2012-04-21T17:07:16Z</time>
   </trkpt>
   <trkpt lat="37.3637050" lon="-113.0384610">
    <ele>2207.8</ele>
    <time>2012-04-21T17:07:22Z</time>
   </trkpt>
   <trkpt lat="37.3638350" lon="-113.0384740">
    <ele>2208.5</ele>
    <time>2012-04-21T17:07:27Z</time>
   </trkpt>
   <trkpt lat="37.3639400" lon="-113.0384840">
    <ele>2209.1</ele>
    <time>2012-04-21T17:07:32Z</time>
   </trkpt>
   <trkpt lat="37.3640610" lon="-113.0384430">
    <ele>2207.8</ele>
    <time>2012-04-21T17:07:38Z</time>
   </trkpt>
   <trkpt lat="37.3641290" lon="-113.0383920">
    <ele>2206.0</ele>
    <time>2012-04-21T17:07:42Z</time>
   </trkpt>
   <trkpt lat="37.3641970" lon="-113.0383440">
    <ele>2204.3</ele>
    <time>2012-04-21T17:07:46Z</time>
   </trkpt>
   <trkpt lat="37.3642200" lon="-113.0383280">
    <ele>2203.8</ele>
    <time>2012-04-21T17:07:47Z</time>
   </trkpt>
   <trkpt lat="37.3643270" lon="-113.0382900">
    <ele>2202.9</ele>
    <time>2012-04-21T17:07:52Z</time>
   </trkpt>
   <trkpt lat="37.3644460" lon="-113.0382470">
    <ele>2201.8</ele>
    <time>2012-04-21T17:07:58Z</time>
   </trkpt>
   <trkpt lat="37.3644840" lon="-113.0382280">
    <ele>2201.1</ele>
    <time>2012-04-21T17:08:00Z</time>
   </trkpt>
   <trkpt lat="37.3645950" lon="-113.0382090">
    <ele>2200.7</ele>
    <time>2012-04-21T17:08:06Z</time>
   </trkpt>
   <trkpt lat="37.3646970" lon="-113.0381750">
    <ele>2199.8</ele>
    <time>2012-04-21T17:08:11Z</time>
   </trkpt>
   <trkpt lat="37.3647700" lon="-113.0381450">
    <ele>2198.9</ele>
    <time>2012-04-21T17:08:15Z</time>
   </trkpt>
   <trkpt lat="37.3648810" lon="-113.0381150">
    <ele>2198.3</ele>
    <time>2012-04-21T17:08:20Z</time>
   </trkpt>
   <trkpt lat="37.3649980" lon="-113.0380870">
    <ele>2197.7</ele>
    <time>2012-04-21T17:08:25Z</time>
   </trkpt>
   <trkpt lat="37.3650560" lon="-113.0380950">
    <ele>2198.4</ele>
    <time>2012-04-21T17:08:28Z</time>
   </trkpt>
   <trkpt lat="37.3651720" lon="-113.0380970">
    <ele>2198.9</ele>
    <time>2012-04-21T17:08:34Z</time>
   </trkpt>
   <trkpt lat="37.3652710" lon="-113.0381000">
    <ele>2199.7</ele>
    <time>2012-04-21T17:08:39Z</time>
   </trkpt>
   <trkpt lat="37.3653340" lon="-113.0380950">
    <ele>2199.9</ele>
    <time>2012-04-21T17:08:42Z</time>
   </trkpt>
   <trkpt lat="37.3654470" lon="-113.0380850">
    <ele>2200.0</ele>
    <time>2012-04-21T17:08:48Z</time>
   </trkpt>
   <trkpt lat="37.3655300" lon="-113.0381070">
    <ele>2201.3</ele>
    <time>2012-04-21T17:08:52Z</time>
   </trkpt>
   <trkpt lat="37.3655520" lon="-113.0381120">
    <ele>2201.6</ele>
    <time>2012-04-21T17:08:53Z</time>
   </trkpt>
   <trkpt lat="37.3656420" lon="-113.0381230">
    <ele>2202.3</ele>
    <time>2012-04-21T17:08:58Z</time>
   </trkpt>
   <trkpt lat="37.3657620" lon="-113.0380960">
    <ele>2201.3</ele>
    <time>2012-04-21T17:09:04Z</time>
   </trkpt>
   <trkpt lat="37.3658550" lon="-113.0380780">
    <ele>2200.5</ele>
    <time>2012-04-21T17:09:08Z</time>
   </trkpt>
   <trkpt lat="37.3659650" lon="-113.0380550">
    <ele>2199.5</ele>
    <time>2012-04-21T17:09:13Z</time>
   </trkpt>
   <trkpt lat="37.3659790" lon="-113.0380590">
    <ele>2199.6</ele>
    <time>2012-04-21T17:09:14Z</time>
   </trkpt>
   <trkpt lat="37.3661190" lon="-113.0380780">
    <ele>2199.6</ele>
    <time>2012-04-21T17:09:21Z</time>
   </trkpt>
   <trkpt lat="37.3662150" lon="-113.0381130">
    <ele>2200.0</ele>
    <time>2012-04-21T17:09:26Z</time>
   </trkpt>
   <trkpt lat="37.3662990" lon="-113.0381600">
    <ele>2200.7</ele>
    <time>2012-04-21T17:09:30Z</time>
   </trkpt>
   <trkpt lat="37.3663740" lon="-113.0382240">
    <ele>2202.1</ele>
    <time>2012-04-21T17:09:34Z</time>
   </trkpt>
   <trkpt lat="37.3664640" lon="-113.0382710">
    <ele>2202.4</ele>
    <time>2012-04-21T17:09:38Z</time>
   </trkpt>
   <trkpt lat="37.3665130" lon="-113.0383000">
    <ele>2202.5</ele>
    <time>2012-04-21T17:09:40Z</time>
   </trkpt>
   <trkpt lat="37.3666100" lon="-113.0383900">
    <ele>2203.8</ele>
    <time>2012-04-21T17:09:45Z</time>
   </trkpt>
   <trkpt lat="37.3667850" lon="-113.0384400">
    <ele>2201.9</ele>
    <time>2012-04-21T17:09:52Z</time>
   </trkpt>
   <trkpt lat="37.3668080" lon="-113.0384450">
    <ele>2201.5</ele>
    <time>2012-04-21T17:09:53Z</time>
   </trkpt>
   <trkpt lat="37.3669500" lon="-113.0385070">
    <ele>2202.1</ele>
    <time>2012-04-21T17:09:59Z</time>
   </trkpt>
   <trkpt lat="37.3669820" lon="-113.0385370">
    <ele>2203.1</ele>
    <time>2012-04-21T17:10:01Z</time>
   </trkpt>
   <trkpt lat="37.3671180" lon="-113.0385800">
    <ele>2204.1</ele>
    <time>2012-04-21T17:10:07Z</time>
   </trkpt>
   <trkpt lat="37.3671600" lon="-113.0385830">
    <ele>2204.0</ele>
    <time>2012-04-21T17:10:09Z</time>
   </trkpt>
   <trkpt lat="37.3672750" lon="-113.0385570">
    <ele>2202.4</ele>
    <time>2012-04-21T17:10:14Z</time>
   </trkpt>
   <trkpt lat="37.3673930" lon="-113.0385400">
    <ele>2201.5</ele>
    <time>2012-04-21T17:10:19Z</time>
   </trkpt>
   <trkpt lat="37.3675270" lon="-113.0385680">
    <ele>2202.1</ele>
    <time>2012-04-21T17:10:25Z</time>
   </trkpt>
   <trkpt lat="37.3676360" lon="-113.0386030">
    <ele>2202.4</ele>
    <time>2012-04-21T17:10:30Z</time>
   </trkpt>
   <trkpt lat="37.3677070" lon="-113.0386410">
    <ele>2203.0</ele>
    <time>2012-04-21T17:10:34Z</time>
   </trkpt>
   <trkpt lat="37.3678150" lon="-113.0387270">
    <ele>2204.9</ele>
    <time>2012-04-21T17:10:40Z</time>
   </trkpt>
   <trkpt lat="37.3679040" lon="-113.0388200">
    <ele>2207.7</ele>
    <time>2012-04-21T17:10:45Z</time>
   </trkpt>
   <trkpt lat="37.3680510" lon="-113.0388360">
    <ele>2207.4</ele>
    <time>2012-04-21T17:10:51Z</time>
   </trkpt>
   <trkpt lat="37.3681630" lon="-113.0388470">
    <ele>2207.5</ele>
    <time>2012-04-21T17:10:56Z</time>
   </trkpt>
   <trkpt lat="37.3682220" lon="-113.0388630">
    <ele>2208.0</ele>
    <time>2012-04-21T17:10:59Z</time>
   </trkpt>
   <trkpt lat="37.3683270" lon="-113.0388380">
    <ele>2206.4</ele>
    <time>2012-04-21T17:11:04Z</time>
   </trkpt>
   <trkpt lat="37.3683980" lon="-113.0387720">
    <ele>2202.9</ele>
    <time>2012-04-21T17:11:08Z</time>
   </trkpt>
   <trkpt lat="37.3684640" lon="-113.0387050">
    <ele>2199.2</ele>
    <time>2012-04-21T17:11:12Z</time>
   </trkpt>
   <trkpt lat="37.3685890" lon="-113.0386400">
    <ele>2194.2</ele>
    <time>2012-04-21T17:11:18Z</time>
   </trkpt>
   <trkpt lat="37.3686740" lon="-113.0386260">
    <ele>2192.5</ele>
    <time>2012-04-21T17:11:22Z</time>
   </trkpt>
   <trkpt lat="37.3687940" lon="-113.0386450">
    <ele>2192.5</ele>
    <time>2012-04-21T17:11:27Z</time>
   </trkpt>
   <trkpt lat="37.3688880" lon="-113.0386950">
    <ele>2194.1</ele>
    <time>2012-04-21T17:11:31Z</time>
   </trkpt>
   <trkpt lat="37.3689940" lon="-113.0387510">
    <ele>2195.6</ele>
    <time>2012-04-21T17:11:36Z</time>
   </trkpt>
   <trkpt lat="37.3691040" lon="-113.0386960">
    <ele>2192.7</ele>
    <time>2012-04-21T17:11:41Z</time>
   </trkpt>
   <trkpt lat="37.3692510" lon="-113.0386650">
    <ele>2191.9</ele>
    <time>2012-04-21T17:11:47Z</time>
   </trkpt>
   <trkpt lat="37.3693800" lon="-113.0386830">
    <ele>2193.9</ele>
    <time>2012-04-21T17:11:52Z</time>
   </trkpt>
   <trkpt lat="37.3695160" lon="-113.0386920">
    <ele>2196.0</ele>
    <time>2012-04-21T17:11:57Z</time>
   </trkpt>
   <trkpt lat="37.3696220" lon="-113.0386260">
    <ele>2193.5</ele>
    <time>2012-04-21T17:12:02Z</time>
   </trkpt>
   <trkpt lat="37.3696570" lon="-113.0385870">
    <ele>2191.9</ele>
    <time>2012-04-21T17:12:04Z</time>
   </trkpt>
   <trkpt lat="37.3697510" lon="-113.0384820">
    <ele>2187.9</ele>
    <time>2012-04-21T17:12:10Z</time>
   </trkpt>
   <trkpt lat="37.3698510" lon="-113.0384370">
    <ele>2187.4</ele>
    <time>2012-04-21T17:12:15Z</time>
   </trkpt>
   <trkpt lat="37.3699290" lon="-113.0384280">
    <ele>2188.4</ele>
    <time>2012-04-21T17:12:18Z</time>
   </trkpt>
   <trkpt lat="37.3699630" lon="-113.0384130">
    <ele>2188.6</ele>
    <time>2012-04-21T17:12:20Z</time>
   </trkpt>
   <trkpt lat="37.3700620" lon="-113.0383470">
    <ele>2188.8</ele>
    <time>2012-04-21T17:12:26Z</time>
   </trkpt>
   <trkpt lat="37.3700970" lon="-113.0382800">
    <ele>2187.6</ele>
    <time>2012-04-21T17:12:31Z</time>
   </trkpt>
   <trkpt lat="37.3701370" lon="-113.0383060">
    <ele>2189.3</ele>
    <time>2012-04-21T17:12:43Z</time>
   </trkpt>
   <trkpt lat="37.3701350" lon="-113.0383260">
    <ele>2189.9</ele>
    <time>2012-04-21T17:12:54Z</time>
   </trkpt>
   <trkpt lat="37.3701390" lon="-113.0383250">
    <ele>2189.9</ele>
    <time>2012-04-21T17:12:58Z</time>
   </trkpt>
   <trkpt lat="37.3701330" lon="-113.0383260">
    <ele>2189.8</ele>
    <time>2012-04-21T17:13:10Z</time>
   </trkpt>
   <trkpt lat="37.3701290" lon="-113.0383210">
    <ele>2189.6</ele>
    <time>2012-04-21T17:13:23Z</time>
   </trkpt>
   <trkpt lat="37.3701340" lon="-113.0383260">
    <ele>2189.9</ele>
    <time>2012-04-21T17:13:32Z</time>
   </trkpt>
   <trkpt lat="37.3701490" lon="-113.0383170">
    <ele>2189.9</ele>
    <time>2012-04-21T17:13:56Z</time>
   </trkpt>
   <trkpt lat="37.3701450" lon="-113.0382770">
    <ele>2188.6</ele>
    <time>2012-04-21T17:14:02Z</time>
   </trkpt>
   <trkpt lat="37.3701090" lon="-113.0383040">
    <ele>2188.6</ele>
    <time>2012-04-21T17:14:07Z</time>
   </trkpt>
   <trkpt lat="37.3701060" lon="-113.0383030">
    <ele>2188.5</ele>
    <time>2012-04-21T17:14:15Z</time>
   </trkpt>
   <trkpt lat="37.3701180" lon="-113.0383030">
    <ele>2188.8</ele>
    <time>2012-04-21T17:14:21Z</time>
   </trkpt>
   <trkpt lat="37.3701640" lon="-113.0382800">
    <ele>2189.1</ele>
    <time>2012-04-21T17:14:27Z</time>
   </trkpt>
   <trkpt lat="37.3701530" lon="-113.0382910">
    <ele>2189.2</ele>
    <time>2012-04-21T17:14:36Z</time>
   </trkpt>
   <trkpt lat="37.3701450" lon="-113.0382850">
    <ele>2188.9</ele>
    <time>2012-04-21T17:14:46Z</time>
   </trkpt>
   <trkpt lat="37.3701360" lon="-113.0382750">
    <ele>2188.3</ele>
    <time>2012-04-21T17:14:56Z</time>
   </trkpt>
   <trkpt lat="37.3701370" lon="-113.0382800">
    <ele>2188.5</ele>
    <time>2012-04-21T17:15:05Z</time>
   </trkpt>
   <trkpt lat="37.3701340" lon="-113.0382780">
    <ele>2188.4</ele>
    <time>2012-04-21T17:15:18Z</time>
   </trkpt>
   <trkpt lat="37.3701370" lon="-113.0382760">
    <ele>2188.4</ele>
    <time>2012-04-21T17:15:30Z</time>
   </trkpt>
   <trkpt lat="37.3701440" lon="-113.0382750">
    <ele>2188.5</ele>
    <time>2012-04-21T17:15:41Z</time>
   </trkpt>
   <trkpt lat="37.3701410" lon="-113.0382920">
    <ele>2189.0</ele>
    <time>2012-04-21T17:15:46Z</time>
   </trkpt>
   <trkpt lat="37.3701430" lon="-113.0383130">
    <ele>2189.7</ele>
    <time>2012-04-21T17:15:53Z</time>
   </trkpt>
   <trkpt lat="37.3701460" lon="-113.0383110">
    <ele>2189.7</ele>
    <time>2012-04-21T17:16:03Z</time>
   </trkpt>
   <trkpt lat="37.3701580" lon="-113.0382890">
    <ele>2189.3</ele>
    <time>2012-04-21T17:16:09Z</time>
   </trkpt>
   <trkpt lat="37.3701550" lon="-113.0382780">
    <ele>2188.9</ele>
    <time>2012-04-21T17:16:19Z</time>
   </trkpt>
   <trkpt lat="37.3701510" lon="-113.0382640">
    <ele>2188.3</ele>
    <time>2012-04-21T17:16:33Z</time>
   </trkpt>
   <trkpt lat="37.3701470" lon="-113.0382520">
    <ele>2187.9</ele>
    <time>2012-04-21T17:17:21Z</time>
   </trkpt>
   <trkpt lat="37.3701470" lon="-113.0382400">
    <ele>2187.5</ele>
    <time>2012-04-21T17:17:27Z</time>
   </trkpt>
   <trkpt lat="37.3701290" lon="-113.0382340">
    <ele>2186.9</ele>
    <time>2012-04-21T17:17:31Z</time>
   </trkpt>
   <trkpt lat="37.3701280" lon="-113.0382340">
    <ele>2186.9</ele>
    <time>2012-04-21T17:17:37Z</time>
   </trkpt>
   <trkpt lat="37.3701280" lon="-113.0382310">
    <ele>2186.8</ele>
    <time>2012-04-21T17:17:48Z</time>
   </trkpt>
   <trkpt lat="37.3701550" lon="-113.0381820">
    <ele>2185.9</ele>
    <time>2012-04-21T17:18:03Z</time>
   </trkpt>
   <trkpt lat="37.3701850" lon="-113.0380940">
    <ele>2183.7</ele>
    <time>2012-04-21T17:18:11Z</time>
   </trkpt>
   <trkpt lat="37.3702190" lon="-113.0380360">
    <ele>2182.5</ele>
    <time>2012-04-21T17:18:16Z</time>
   </trkpt>
   <trkpt lat="37.3702740" lon="-113.0379840">
    <ele>2181.7</ele>
    <time>2012-04-21T17:18:22Z</time>
   </trkpt>
   <trkpt lat="37.3703310" lon="-113.0379480">
    <ele>2181.3</ele>
    <time>2012-04-21T17:18:29Z</time>
   </trkpt>
   <trkpt lat="37.3703870" lon="-113.0379330">
    <ele>2181.4</ele>
    <time>2012-04-21T17:18:34Z</time>
   </trkpt>
   <trkpt lat="37.3704290" lon="-113.0379280">
    <ele>2181.5</ele>
    <time>2012-04-21T17:18:38Z</time>
   </trkpt>
   <trkpt lat="37.3705130" lon="-113.0379150">
    <ele>2181.7</ele>
    <time>2012-04-21T17:18:44Z</time>
   </trkpt>
   <trkpt lat="37.3705890" lon="-113.0378900">
    <ele>2181.4</ele>
    <time>2012-04-21T17:18:49Z</time>
   </trkpt>
   <trkpt lat="37.3706060" lon="-113.0378820">
    <ele>2181.2</ele>
    <time>2012-04-21T17:18:50Z</time>
   </trkpt>
   <trkpt lat="37.3707210" lon="-113.0378510">
    <ele>2181.1</ele>
    <time>2012-04-21T17:18:56Z</time>
   </trkpt>
   <trkpt lat="37.3707620" lon="-113.0378390">
    <ele>2181.1</ele>
    <time>2012-04-21T17:18:58Z</time>
   </trkpt>
   <trkpt lat="37.3708830" lon="-113.0377770">
    <ele>2180.2</ele>
    <time>2012-04-21T17:19:04Z</time>
   </trkpt>
   <trkpt lat="37.3709870" lon="-113.0377190">
    <ele>2179.6</ele>
    <time>2012-04-21T17:19:09Z</time>
   </trkpt>
   <trkpt lat="37.3710520" lon="-113.0376040">
    <ele>2176.3</ele>
    <time>2012-04-21T17:19:14Z</time>
   </trkpt>
   <trkpt lat="37.3710620" lon="-113.0375790">
    <ele>2175.5</ele>
    <time>2012-04-21T17:19:15Z</time>
   </trkpt>
   <trkpt lat="37.3710780" lon="-113.0374200">
    <ele>2169.9</ele>
    <time>2012-04-21T17:19:21Z</time>
   </trkpt>
   <trkpt lat="37.3710820" lon="-113.0373990">
    <ele>2169.3</ele>
    <time>2012-04-21T17:19:22Z</time>
   </trkpt>
   <trkpt lat="37.3710950" lon="-113.0373450">
    <ele>2167.7</ele>
    <time>2012-04-21T17:19:26Z</time>
   </trkpt>
   <trkpt lat="37.3711540" lon="-113.0373030">
    <ele>2167.8</ele>
    <time>2012-04-21T17:19:31Z</time>
   </trkpt>
   <trkpt lat="37.3711990" lon="-113.0372830">
    <ele>2168.6</ele>
    <time>2012-04-21T17:19:33Z</time>
   </trkpt>
   <trkpt lat="37.3712760" lon="-113.0371910">
    <ele>2168.3</ele>
    <time>2012-04-21T17:19:39Z</time>
   </trkpt>
   <trkpt lat="37.3713160" lon="-113.0371610">
    <ele>2168.7</ele>
    <time>2012-04-21T17:19:41Z</time>
   </trkpt>
   <trkpt lat="37.3714170" lon="-113.0370550">
    <ele>2169.0</ele>
    <time>2012-04-21T17:19:47Z</time>
   </trkpt>
   <trkpt lat="37.3714850" lon="-113.0369640">
    <ele>2168.4</ele>
    <time>2012-04-21T17:19:52Z</time>
   </trkpt>
   <trkpt lat="37.3715750" lon="-113.0368840">
    <ele>2168.5</ele>
    <time>2012-04-21T17:19:57Z</time>
   </trkpt>
   <trkpt lat="37.3716700" lon="-113.0367910">
    <ele>2168.5</ele>
    <time>2012-04-21T17:20:02Z</time>
   </trkpt>
   <trkpt lat="37.3716870" lon="-113.0367310">
    <ele>2167.3</ele>
    <time>2012-04-21T17:20:04Z</time>
   </trkpt>
   <trkpt lat="37.3716880" lon="-113.0366240">
    <ele>2164.8</ele>
    <time>2012-04-21T17:20:08Z</time>
   </trkpt>
   <trkpt lat="37.3717120" lon="-113.0365280">
    <ele>2163.6</ele>
    <time>2012-04-21T17:20:12Z</time>
   </trkpt>
   <trkpt lat="37.3717170" lon="-113.0364750">
    <ele>2163.0</ele>
    <time>2012-04-21T17:20:14Z</time>
   </trkpt>
   <trkpt lat="37.3717300" lon="-113.0364290">
    <ele>2162.8</ele>
    <time>2012-04-21T17:20:16Z</time>
   </trkpt>
   <trkpt lat="37.3717000" lon="-113.0363050">
    <ele>2159.6</ele>
    <time>2012-04-21T17:20:22Z</time>
   </trkpt>
   <trkpt lat="37.3717180" lon="-113.0362570">
    <ele>2159.5</ele>
    <time>2012-04-21T17:20:25Z</time>
   </trkpt>
   <trkpt lat="37.3717520" lon="-113.0362040">
    <ele>2160.2</ele>
    <time>2012-04-21T17:20:28Z</time>
   </trkpt>
   <trkpt lat="37.3717810" lon="-113.0360890">
    <ele>2159.7</ele>
    <time>2012-04-21T17:20:34Z</time>
   </trkpt>
   <trkpt lat="37.3717870" lon="-113.0360640">
    <ele>2159.6</ele>
    <time>2012-04-21T17:20:35Z</time>
   </trkpt>
   <trkpt lat="37.3718120" lon="-113.0359250">
    <ele>2158.3</ele>
    <time>2012-04-21T17:20:40Z</time>
   </trkpt>
   <trkpt lat="37.3718550" lon="-113.0358310">
    <ele>2158.6</ele>
    <time>2012-04-21T17:20:44Z</time>
   </trkpt>
   <trkpt lat="37.3718860" lon="-113.0357100">
    <ele>2157.3</ele>
    <time>2012-04-21T17:20:48Z</time>
   </trkpt>
   <trkpt lat="37.3719320" lon="-113.0355720">
    <ele>2155.6</ele>
    <time>2012-04-21T17:20:53Z</time>
   </trkpt>
   <trkpt lat="37.3719350" lon="-113.0355480">
    <ele>2155.0</ele>
    <time>2012-04-21T17:20:54Z</time>
   </trkpt>
   <trkpt lat="37.3719890" lon="-113.0354350">
    <ele>2153.7</ele>
    <time>2012-04-21T17:21:00Z</time>
   </trkpt>
   <trkpt lat="37.3720820" lon="-113.0352560">
    <ele>2151.3</ele>
    <time>2012-04-21T17:21:07Z</time>
   </trkpt>
   <trkpt lat="37.3721620" lon="-113.0351510">
    <ele>2150.1</ele>
    <time>2012-04-21T17:21:12Z</time>
   </trkpt>
   <trkpt lat="37.3722660" lon="-113.0351080">
    <ele>2151.3</ele>
    <time>2012-04-21T17:21:16Z</time>
   </trkpt>
   <trkpt lat="37.3723850" lon="-113.0350620">
    <ele>2152.3</ele>
    <time>2012-04-21T17:21:21Z</time>
   </trkpt>
   <trkpt lat="37.3724260" lon="-113.0350340">
    <ele>2152.3</ele>
    <time>2012-04-21T17:21:23Z</time>
   </trkpt>
   <trkpt lat="37.3724980" lon="-113.0349220">
    <ele>2150.7</ele>
    <time>2012-04-21T17:21:28Z</time>
   </trkpt>
   <trkpt lat="37.3725750" lon="-113.0348240">
    <ele>2150.1</ele>
    <time>2012-04-21T17:21:32Z</time>
   </trkpt>
   <trkpt lat="37.3726160" lon="-113.0347840">
    <ele>2150.1</ele>
    <time>2012-04-21T17:21:35Z</time>
   </trkpt>
   <trkpt lat="37.3726790" lon="-113.0347010">
    <ele>2149.5</ele>
    <time>2012-04-21T17:21:39Z</time>
   </trkpt>
   <trkpt lat="37.3727710" lon="-113.0345980">
    <ele>2149.1</ele>
    <time>2012-04-21T17:21:45Z</time>
   </trkpt>
   <trkpt lat="37.3728700" lon="-113.0345790">
    <ele>2150.1</ele>
    <time>2012-04-21T17:21:50Z</time>
   </trkpt>
   <trkpt lat="37.3729700" lon="-113.0345640">
    <ele>2150.9</ele>
    <time>2012-04-21T17:21:55Z</time>
   </trkpt>
   <trkpt lat="37.3730960" lon="-113.0345700">
    <ele>2152.3</ele>
    <time>2012-04-21T17:22:02Z</time>
   </trkpt>
   <trkpt lat="37.3732190" lon="-113.0345320">
    <ele>2152.8</ele>
    <time>2012-04-21T17:22:08Z</time>
   </trkpt>
   <trkpt lat="37.3733170" lon="-113.0344500">
    <ele>2152.0</ele>
    <time>2012-04-21T17:22:13Z</time>
   </trkpt>
   <trkpt lat="37.3734100" lon="-113.0343630">
    <ele>2150.9</ele>
    <time>2012-04-21T17:22:18Z</time>
   </trkpt>
   <trkpt lat="37.3734640" lon="-113.0342950">
    <ele>2149.8</ele>
    <time>2012-04-21T17:22:21Z</time>
   </trkpt>
   <trkpt lat="37.3734840" lon="-113.0342230">
    <ele>2148.6</ele>
    <time>2012-04-21T17:22:26Z</time>
   </trkpt>
   <trkpt lat="37.3735020" lon="-113.0341910">
    <ele>2148.5</ele>
    <time>2012-04-21T17:22:34Z</time>
   </trkpt>
   <trkpt lat="37.3734920" lon="-113.0341590">
    <ele>2148.0</ele>
    <time>2012-04-21T17:22:38Z</time>
   </trkpt>
   <trkpt lat="37.3734660" lon="-113.0341350">
    <ele>2147.4</ele>
    <time>2012-04-21T17:22:44Z</time>
   </trkpt>
   <trkpt lat="37.3734330" lon="-113.0340710">
    <ele>2147.3</ele>
    <time>2012-04-21T17:22:56Z</time>
   </trkpt>
   <trkpt lat="37.3734070" lon="-113.0340140">
    <ele>2147.6</ele>
    <time>2012-04-21T17:23:00Z</time>
   </trkpt>
   <trkpt lat="37.3733300" lon="-113.0339480">
    <ele>2147.9</ele>
    <time>2012-04-21T17:23:05Z</time>
   </trkpt>
   <trkpt lat="37.3732710" lon="-113.0338910">
    <ele>2148.8</ele>
    <time>2012-04-21T17:23:09Z</time>
   </trkpt>
   <trkpt lat="37.3731830" lon="-113.0338020">
    <ele>2150.3</ele>
    <time>2012-04-21T17:23:14Z</time>
   </trkpt>
   <trkpt lat="37.3730940" lon="-113.0337650">
    <ele>2150.4</ele>
    <time>2012-04-21T17:23:18Z</time>
   </trkpt>
   <trkpt lat="37.3729700" lon="-113.0337410">
    <ele>2149.8</ele>
    <time>2012-04-21T17:23:24Z</time>
   </trkpt>
   <trkpt lat="37.3728460" lon="-113.0337200">
    <ele>2150.0</ele>
    <time>2012-04-21T17:23:30Z</time>
   </trkpt>
   <trkpt lat="37.3727320" lon="-113.0337040">
    <ele>2150.5</ele>
    <time>2012-04-21T17:23:36Z</time>
   </trkpt>
   <trkpt lat="37.3726080" lon="-113.0337260">
    <ele>2150.3</ele>
    <time>2012-04-21T17:23:42Z</time>
   </trkpt>
   <trkpt lat="37.3725040" lon="-113.0337430">
    <ele>2150.5</ele>
    <time>2012-04-21T17:23:47Z</time>
   </trkpt>
   <trkpt lat="37.3724430" lon="-113.0337530">
    <ele>2150.9</ele>
    <time>2012-04-21T17:23:50Z</time>
   </trkpt>
   <trkpt lat="37.3723530" lon="-113.0338030">
    <ele>2150.3</ele>
    <time>2012-04-21T17:23:55Z</time>
   </trkpt>
   <trkpt lat="37.3722550" lon="-113.0338220">
    <ele>2150.9</ele>
    <time>2012-04-21T17:24:01Z</time>
   </trkpt>
   <trkpt lat="37.3722280" lon="-113.0338130">
    <ele>2151.7</ele>
    <time>2012-04-21T17:24:03Z</time>
   </trkpt>
   <trkpt lat="37.3721210" lon="-113.0337950">
    <ele>2154.4</ele>
    <time>2012-04-21T17:24:09Z</time>
   </trkpt>
   <trkpt lat="37.3720240" lon="-113.0338350">
    <ele>2155.0</ele>
    <time>2012-04-21T17:24:14Z</time>
   </trkpt>
   <trkpt lat="37.3719750" lon="-113.0338650">
    <ele>2155.0</ele>
    <time>2012-04-21T17:24:17Z</time>
   </trkpt>
   <trkpt lat="37.3718430" lon="-113.0338860">
    <ele>2157.8</ele>
    <time>2012-04-21T17:24:24Z</time>
   </trkpt>
   <trkpt lat="37.3717550" lon="-113.0339040">
    <ele>2159.7</ele>
    <time>2012-04-21T17:24:29Z</time>
   </trkpt>
   <trkpt lat="37.3716390" lon="-113.0339390">
    <ele>2161.9</ele>
    <time>2012-04-21T17:24:35Z</time>
   </trkpt>
   <trkpt lat="37.3715250" lon="-113.0339860">
    <ele>2163.9</ele>
    <time>2012-04-21T17:24:41Z</time>
   </trkpt>
   <trkpt lat="37.3714230" lon="-113.0340560">
    <ele>2164.8</ele>
    <time>2012-04-21T17:24:47Z</time>
   </trkpt>
   <trkpt lat="37.3713800" lon="-113.0340970">
    <ele>2164.7</ele>
    <time>2012-04-21T17:24:49Z</time>
   </trkpt>
   <trkpt lat="37.3713270" lon="-113.0341470">
    <ele>2164.8</ele>
    <time>2012-04-21T17:24:52Z</time>
   </trkpt>
   <trkpt lat="37.3712300" lon="-113.0342610">
    <ele>2164.1</ele>
    <time>2012-04-21T17:24:58Z</time>
   </trkpt>
   <trkpt lat="37.3711710" lon="-113.0343480">
    <ele>2163.1</ele>
    <time>2012-04-21T17:25:02Z</time>
   </trkpt>
   <trkpt lat="37.3710600" lon="-113.0344470">
    <ele>2163.1</ele>
    <time>2012-04-21T17:25:08Z</time>
   </trkpt>
   <trkpt lat="37.3709530" lon="-113.0345270">
    <ele>2163.2</ele>
    <time>2012-04-21T17:25:14Z</time>
   </trkpt>
   <trkpt lat="37.3709220" lon="-113.0345600">
    <ele>2162.9</ele>
    <time>2012-04-21T17:25:16Z</time>
   </trkpt>
   <trkpt lat="37.3708450" lon="-113.0346520">
    <ele>2161.6</ele>
    <time>2012-04-21T17:25:22Z</time>
   </trkpt>
   <trkpt lat="37.3708220" lon="-113.0346880">
    <ele>2161.0</ele>
    <time>2012-04-21T17:25:24Z</time>
   </trkpt>
   <trkpt lat="37.3707240" lon="-113.0348380">
    <ele>2158.2</ele>
    <time>2012-04-21T17:25:32Z</time>
   </trkpt>
   <trkpt lat="37.3706160" lon="-113.0349200">
    <ele>2157.9</ele>
    <time>2012-04-21T17:25:38Z</time>
   </trkpt>
   <trkpt lat="37.3705050" lon="-113.0349740">
    <ele>2158.2</ele>
    <time>2012-04-21T17:25:44Z</time>
   </trkpt>
   <trkpt lat="37.3704290" lon="-113.0349830">
    <ele>2158.9</ele>
    <time>2012-04-21T17:25:49Z</time>
   </trkpt>
   <trkpt lat="37.3703560" lon="-113.0349750">
    <ele>2159.8</ele>
    <time>2012-04-21T17:25:53Z</time>
   </trkpt>
   <trkpt lat="37.3702570" lon="-113.0349400">
    <ele>2161.3</ele>
    <time>2012-04-21T17:25:59Z</time>
   </trkpt>
   <trkpt lat="37.3702240" lon="-113.0349410">
    <ele>2161.4</ele>
    <time>2012-04-21T17:26:01Z</time>
   </trkpt>
   <trkpt lat="37.3701190" lon="-113.0349170">
    <ele>2162.2</ele>
    <time>2012-04-21T17:26:07Z</time>
   </trkpt>
   <trkpt lat="37.3700410" lon="-113.0348720">
    <ele>2163.6</ele>
    <time>2012-04-21T17:26:12Z</time>
   </trkpt>
   <trkpt lat="37.3699490" lon="-113.0348050">
    <ele>2165.3</ele>
    <time>2012-04-21T17:26:18Z</time>
   </trkpt>
   <trkpt lat="37.3699060" lon="-113.0347700">
    <ele>2166.2</ele>
    <time>2012-04-21T17:26:21Z</time>
   </trkpt>
   <trkpt lat="37.3698430" lon="-113.0347310">
    <ele>2166.9</ele>
    <time>2012-04-21T17:26:26Z</time>
   </trkpt>
   <trkpt lat="37.3697820" lon="-113.0346770">
    <ele>2167.8</ele>
    <time>2012-04-21T17:26:31Z</time>
   </trkpt>
   <trkpt lat="37.3697120" lon="-113.0345900">
    <ele>2169.0</ele>
    <time>2012-04-21T17:26:37Z</time>
   </trkpt>
   <trkpt lat="37.3696810" lon="-113.0345500">
    <ele>2169.4</ele>
    <time>2012-04-21T17:26:40Z</time>
   </trkpt>
   <trkpt lat="37.3696380" lon="-113.0344910">
    <ele>2170.2</ele>
    <time>2012-04-21T17:26:44Z</time>
   </trkpt>
   <trkpt lat="37.3695880" lon="-113.0344170">
    <ele>2170.8</ele>
    <time>2012-04-21T17:26:49Z</time>
   </trkpt>
   <trkpt lat="37.3695470" lon="-113.0343030">
    <ele>2172.3</ele>
    <time>2012-04-21T17:26:54Z</time>
   </trkpt>
   <trkpt lat="37.3695300" lon="-113.0341980">
    <ele>2173.8</ele>
    <time>2012-04-21T17:26:59Z</time>
   </trkpt>
   <trkpt lat="37.3695030" lon="-113.0340250">
    <ele>2175.5</ele>
    <time>2012-04-21T17:27:07Z</time>
   </trkpt>
   <trkpt lat="37.3694970" lon="-113.0339050">
    <ele>2176.0</ele>
    <time>2012-04-21T17:27:12Z</time>
   </trkpt>
   <trkpt lat="37.3694980" lon="-113.0338850">
    <ele>2176.1</ele>
    <time>2012-04-21T17:27:13Z</time>
   </trkpt>
   <trkpt lat="37.3694970" lon="-113.0337850">
    <ele>2176.1</ele>
    <time>2012-04-21T17:27:18Z</time>
   </trkpt>
   <trkpt lat="37.3695270" lon="-113.0337320">
    <ele>2177.2</ele>
    <time>2012-04-21T17:27:21Z</time>
   </trkpt>
   <trkpt lat="37.3695780" lon="-113.0336180">
    <ele>2178.7</ele>
    <time>2012-04-21T17:27:27Z</time>
   </trkpt>
   <trkpt lat="37.3696200" lon="-113.0335190">
    <ele>2180.1</ele>
    <time>2012-04-21T17:27:32Z</time>
   </trkpt>
   <trkpt lat="37.3696650" lon="-113.0334180">
    <ele>2182.1</ele>
    <time>2012-04-21T17:27:37Z</time>
   </trkpt>
   <trkpt lat="37.3697080" lon="-113.0333370">
    <ele>2184.2</ele>
    <time>2012-04-21T17:27:41Z</time>
   </trkpt>
   <trkpt lat="37.3697520" lon="-113.0332660">
    <ele>2186.3</ele>
    <time>2012-04-21T17:27:45Z</time>
   </trkpt>
   <trkpt lat="37.3697700" lon="-113.0332380">
    <ele>2187.1</ele>
    <time>2012-04-21T17:27:47Z</time>
   </trkpt>
   <trkpt lat="37.3697930" lon="-113.0331120">
    <ele>2187.3</ele>
    <time>2012-04-21T17:27:53Z</time>
   </trkpt>
   <trkpt lat="37.3697850" lon="-113.0329690">
    <ele>2185.8</ele>
    <time>2012-04-21T17:27:59Z</time>
   </trkpt>
   <trkpt lat="37.3697740" lon="-113.0328260">
    <ele>2184.0</ele>
    <time>2012-04-21T17:28:04Z</time>
   </trkpt>
   <trkpt lat="37.3697640" lon="-113.0327130">
    <ele>2182.1</ele>
    <time>2012-04-21T17:28:08Z</time>
   </trkpt>
   <trkpt lat="37.3698320" lon="-113.0326020">
    <ele>2183.3</ele>
    <time>2012-04-21T17:28:12Z</time>
   </trkpt>
   <trkpt lat="37.3698960" lon="-113.0325370">
    <ele>2185.0</ele>
    <time>2012-04-21T17:28:15Z</time>
   </trkpt>
   <trkpt lat="37.3700000" lon="-113.0324360">
    <ele>2187.5</ele>
    <time>2012-04-21T17:28:20Z</time>
   </trkpt>
   <trkpt lat="37.3700630" lon="-113.0323600">
    <ele>2188.6</ele>
    <time>2012-04-21T17:28:24Z</time>
   </trkpt>
   <trkpt lat="37.3701320" lon="-113.0323050">
    <ele>2190.3</ele>
    <time>2012-04-21T17:28:27Z</time>
   </trkpt>
   <trkpt lat="37.3701570" lon="-113.0322600">
    <ele>2190.5</ele>
    <time>2012-04-21T17:28:29Z</time>
   </trkpt>
   <trkpt lat="37.3700940" lon="-113.0321040">
    <ele>2187.2</ele>
    <time>2012-04-21T17:28:34Z</time>
   </trkpt>
   <trkpt lat="37.3699830" lon="-113.0319780">
    <ele>2180.4</ele>
    <time>2012-04-21T17:28:39Z</time>
   </trkpt>
   <trkpt lat="37.3699060" lon="-113.0318330">
    <ele>2176.3</ele>
    <time>2012-04-21T17:28:44Z</time>
   </trkpt>
   <trkpt lat="37.3698730" lon="-113.0316890">
    <ele>2175.2</ele>
    <time>2012-04-21T17:28:49Z</time>
   </trkpt>
   <trkpt lat="37.3698610" lon="-113.0315350">
    <ele>2175.0</ele>
    <time>2012-04-21T17:28:54Z</time>
   </trkpt>
   <trkpt lat="37.3698510" lon="-113.0313850">
    <ele>2174.0</ele>
    <time>2012-04-21T17:28:59Z</time>
   </trkpt>
   <trkpt lat="37.3698800" lon="-113.0312470">
    <ele>2174.5</ele>
    <time>2012-04-21T17:29:04Z</time>
   </trkpt>
   <trkpt lat="37.3699170" lon="-113.0311250">
    <ele>2174.4</ele>
    <time>2012-04-21T17:29:08Z</time>
   </trkpt>
   <trkpt lat="37.3699670" lon="-113.0310110">
    <ele>2174.5</ele>
    <time>2012-04-21T17:29:12Z</time>
   </trkpt>
   <trkpt lat="37.3700540" lon="-113.0308980">
    <ele>2175.4</ele>
    <time>2012-04-21T17:29:17Z</time>
   </trkpt>
   <trkpt lat="37.3701270" lon="-113.0308330">
    <ele>2176.3</ele>
    <time>2012-04-21T17:29:21Z</time>
   </trkpt>
   <trkpt lat="37.3702160" lon="-113.0307760">
    <ele>2177.5</ele>
    <time>2012-04-21T17:29:26Z</time>
   </trkpt>
   <trkpt lat="37.3702330" lon="-113.0307670">
    <ele>2177.6</ele>
    <time>2012-04-21T17:29:27Z</time>
   </trkpt>
   <trkpt lat="37.3703150" lon="-113.0307570">
    <ele>2179.9</ele>
    <time>2012-04-21T17:29:32Z</time>
   </trkpt>
   <trkpt lat="37.3704200" lon="-113.0307820">
    <ele>2184.0</ele>
    <time>2012-04-21T17:29:38Z</time>
   </trkpt>
   <trkpt lat="37.3704840" lon="-113.0307110">
    <ele>2182.1</ele>
    <time>2012-04-21T17:29:43Z</time>
   </trkpt>
   <trkpt lat="37.3705080" lon="-113.0306710">
    <ele>2180.9</ele>
    <time>2012-04-21T17:29:45Z</time>
   </trkpt>
   <trkpt lat="37.3705650" lon="-113.0305510">
    <ele>2176.9</ele>
    <time>2012-04-21T17:29:51Z</time>
   </trkpt>
   <trkpt lat="37.3706490" lon="-113.0304590">
    <ele>2175.0</ele>
    <time>2012-04-21T17:29:57Z</time>
   </trkpt>
   <trkpt lat="37.3707580" lon="-113.0304150">
    <ele>2176.6</ele>
    <time>2012-04-21T17:30:03Z</time>
   </trkpt>
   <trkpt lat="37.3708280" lon="-113.0303880">
    <ele>2177.8</ele>
    <time>2012-04-21T17:30:07Z</time>
   </trkpt>
   <trkpt lat="37.3709020" lon="-113.0303670">
    <ele>2179.7</ele>
    <time>2012-04-21T17:30:11Z</time>
   </trkpt>
   <trkpt lat="37.3709180" lon="-113.0303580">
    <ele>2179.8</ele>
    <time>2012-04-21T17:30:12Z</time>
   </trkpt>
   <trkpt lat="37.3709910" lon="-113.0302890">
    <ele>2178.8</ele>
    <time>2012-04-21T17:30:17Z</time>
   </trkpt>
   <trkpt lat="37.3710980" lon="-113.0302580">
    <ele>2181.1</ele>
    <time>2012-04-21T17:30:23Z</time>
   </trkpt>
   <trkpt lat="37.3712100" lon="-113.0302880">
    <ele>2186.3</ele>
    <time>2012-04-21T17:30:29Z</time>
   </trkpt>
   <trkpt lat="37.3712600" lon="-113.0302930">
    <ele>2188.0</ele>
    <time>2012-04-21T17:30:31Z</time>
   </trkpt>
   <trkpt lat="37.3713620" lon="-113.0302430">
    <ele>2188.3</ele>
    <time>2012-04-21T17:30:37Z</time>
   </trkpt>
   <trkpt lat="37.3714420" lon="-113.0301940">
    <ele>2188.0</ele>
    <time>2012-04-21T17:30:42Z</time>
   </trkpt>
   <trkpt lat="37.3715180" lon="-113.0301670">
    <ele>2188.5</ele>
    <time>2012-04-21T17:30:47Z</time>
   </trkpt>
   <trkpt lat="37.3715960" lon="-113.0301450">
    <ele>2189.2</ele>
    <time>2012-04-21T17:30:52Z</time>
   </trkpt>
   <trkpt lat="37.3716470" lon="-113.0301220">
    <ele>2189.3</ele>
    <time>2012-04-21T17:30:55Z</time>
   </trkpt>
   <trkpt lat="37.3717080" lon="-113.0300760">
    <ele>2188.8</ele>
    <time>2012-04-21T17:30:59Z</time>
   </trkpt>
   <trkpt lat="37.3718020" lon="-113.0300320">
    <ele>2189.3</ele>
    <time>2012-04-21T17:31:05Z</time>
   </trkpt>
   <trkpt lat="37.3718900" lon="-113.0299980">
    <ele>2190.6</ele>
    <time>2012-04-21T17:31:10Z</time>
   </trkpt>
   <trkpt lat="37.3719500" lon="-113.0299730">
    <ele>2191.5</ele>
    <time>2012-04-21T17:31:14Z</time>
   </trkpt>
   <trkpt lat="37.3720590" lon="-113.0299690">
    <ele>2195.2</ele>
    <time>2012-04-21T17:31:20Z</time>
   </trkpt>
   <trkpt lat="37.3721480" lon="-113.0299470">
    <ele>2198.0</ele>
    <time>2012-04-21T17:31:25Z</time>
   </trkpt>
   <trkpt lat="37.3722550" lon="-113.0298950">
    <ele>2199.9</ele>
    <time>2012-04-21T17:31:31Z</time>
   </trkpt>
   <trkpt lat="37.3723560" lon="-113.0298570">
    <ele>2201.2</ele>
    <time>2012-04-21T17:31:36Z</time>
   </trkpt>
   <trkpt lat="37.3724610" lon="-113.0298150">
    <ele>2201.8</ele>
    <time>2012-04-21T17:31:41Z</time>
   </trkpt>
   <trkpt lat="37.3725060" lon="-113.0298090">
    <ele>2202.3</ele>
    <time>2012-04-21T17:31:44Z</time>
   </trkpt>
   <trkpt lat="37.3725870" lon="-113.0297920">
    <ele>2202.7</ele>
    <time>2012-04-21T17:31:48Z</time>
   </trkpt>
   <trkpt lat="37.3726880" lon="-113.0297620">
    <ele>2202.5</ele>
    <time>2012-04-21T17:31:53Z</time>
   </trkpt>
   <trkpt lat="37.3727480" lon="-113.0297450">
    <ele>2202.2</ele>
    <time>2012-04-21T17:31:56Z</time>
   </trkpt>
   <trkpt lat="37.3728960" lon="-113.0296970">
    <ele>2200.4</ele>
    <time>2012-04-21T17:32:03Z</time>
   </trkpt>
   <trkpt lat="37.3729690" lon="-113.0296720">
    <ele>2199.2</ele>
    <time>2012-04-21T17:32:07Z</time>
   </trkpt>
   <trkpt lat="37.3730680" lon="-113.0296510">
    <ele>2198.5</ele>
    <time>2012-04-21T17:32:12Z</time>
   </trkpt>
   <trkpt lat="37.3731630" lon="-113.0296440">
    <ele>2198.7</ele>
    <time>2012-04-21T17:32:16Z</time>
   </trkpt>
   <trkpt lat="37.3732770" lon="-113.0296540">
    <ele>2199.5</ele>
    <time>2012-04-21T17:32:21Z</time>
   </trkpt>
   <trkpt lat="37.3733830" lon="-113.0297090">
    <ele>2202.2</ele>
    <time>2012-04-21T17:32:26Z</time>
   </trkpt>
   <trkpt lat="37.3734580" lon="-113.0297470">
    <ele>2204.3</ele>
    <time>2012-04-21T17:32:30Z</time>
   </trkpt>
   <trkpt lat="37.3734990" lon="-113.0297770">
    <ele>2205.9</ele>
    <time>2012-04-21T17:32:33Z</time>
   </trkpt>
   <trkpt lat="37.3735530" lon="-113.0298540">
    <ele>2209.5</ele>
    <time>2012-04-21T17:32:38Z</time>
   </trkpt>
   <trkpt lat="37.3735650" lon="-113.0298670">
    <ele>2210.0</ele>
    <time>2012-04-21T17:32:39Z</time>
   </trkpt>
   <trkpt lat="37.3736200" lon="-113.0299180">
    <ele>2212.3</ele>
    <time>2012-04-21T17:32:43Z</time>
   </trkpt>
   <trkpt lat="37.3736460" lon="-113.0299460">
    <ele>2213.4</ele>
    <time>2012-04-21T17:32:45Z</time>
   </trkpt>
   <trkpt lat="37.3737110" lon="-113.0300000">
    <ele>2215.4</ele>
    <time>2012-04-21T17:32:50Z</time>
   </trkpt>
   <trkpt lat="37.3737790" lon="-113.0299640">
    <ele>2214.8</ele>
    <time>2012-04-21T17:32:54Z</time>
   </trkpt>
   <trkpt lat="37.3738490" lon="-113.0298990">
    <ele>2213.9</ele>
    <time>2012-04-21T17:32:58Z</time>
   </trkpt>
   <trkpt lat="37.3738920" lon="-113.0298750">
    <ele>2214.0</ele>
    <time>2012-04-21T17:33:00Z</time>
   </trkpt>
   <trkpt lat="37.3739650" lon="-113.0297700">
    <ele>2213.2</ele>
    <time>2012-04-21T17:33:06Z</time>
   </trkpt>
   <trkpt lat="37.3740040" lon="-113.0297210">
    <ele>2213.1</ele>
    <time>2012-04-21T17:33:09Z</time>
   </trkpt>
   <trkpt lat="37.3740960" lon="-113.0296410">
    <ele>2213.8</ele>
    <time>2012-04-21T17:33:15Z</time>
   </trkpt>
   <trkpt lat="37.3741320" lon="-113.0295830">
    <ele>2213.5</ele>
    <time>2012-04-21T17:33:18Z</time>
   </trkpt>
   <trkpt lat="37.3741730" lon="-113.0295330">
    <ele>2213.6</ele>
    <time>2012-04-21T17:33:21Z</time>
   </trkpt>
   <trkpt lat="37.3742380" lon="-113.0294360">
    <ele>2213.5</ele>
    <time>2012-04-21T17:33:27Z</time>
   </trkpt>
   <trkpt lat="37.3742530" lon="-113.0294030">
    <ele>2213.3</ele>
    <time>2012-04-21T17:33:29Z</time>
   </trkpt>
   <trkpt lat="37.3743480" lon="-113.0293170">
    <ele>2214.2</ele>
    <time>2012-04-21T17:33:36Z</time>
   </trkpt>
   <trkpt lat="37.3744300" lon="-113.0292730">
    <ele>2215.6</ele>
    <time>2012-04-21T17:33:41Z</time>
   </trkpt>
   <trkpt lat="37.3745220" lon="-113.0292420">
    <ele>2217.5</ele>
    <time>2012-04-21T17:33:46Z</time>
   </trkpt>
   <trkpt lat="37.3746150" lon="-113.0291990">
    <ele>2219.4</ele>
    <time>2012-04-21T17:33:51Z</time>
   </trkpt>
   <trkpt lat="37.3746940" lon="-113.0291130">
    <ele>2220.2</ele>
    <time>2012-04-21T17:33:56Z</time>
   </trkpt>
   <trkpt lat="37.3747120" lon="-113.0289750">
    <ele>2218.7</ele>
    <time>2012-04-21T17:34:01Z</time>
   </trkpt>
   <trkpt lat="37.3747120" lon="-113.0289480">
    <ele>2218.4</ele>
    <time>2012-04-21T17:34:02Z</time>
   </trkpt>
   <trkpt lat="37.3747200" lon="-113.0288100">
    <ele>2217.8</ele>
    <time>2012-04-21T17:34:07Z</time>
   </trkpt>
   <trkpt lat="37.3747270" lon="-113.0286720">
    <ele>2217.1</ele>
    <time>2012-04-21T17:34:12Z</time>
   </trkpt>
   <trkpt lat="37.3747300" lon="-113.0285280">
    <ele>2216.0</ele>
    <time>2012-04-21T17:34:17Z</time>
   </trkpt>
   <trkpt lat="37.3747580" lon="-113.0284040">
    <ele>2215.7</ele>
    <time>2012-04-21T17:34:22Z</time>
   </trkpt>
   <trkpt lat="37.3747830" lon="-113.0282980">
    <ele>2215.1</ele>
    <time>2012-04-21T17:34:27Z</time>
   </trkpt>
   <trkpt lat="37.3747980" lon="-113.0282070">
    <ele>2214.0</ele>
    <time>2012-04-21T17:34:32Z</time>
   </trkpt>
   <trkpt lat="37.3748300" lon="-113.0281240">
    <ele>2213.7</ele>
    <time>2012-04-21T17:34:36Z</time>
   </trkpt>
   <trkpt lat="37.3748440" lon="-113.0281060">
    <ele>2213.9</ele>
    <time>2012-04-21T17:34:37Z</time>
   </trkpt>
   <trkpt lat="37.3749760" lon="-113.0280100">
    <ele>2214.7</ele>
    <time>2012-04-21T17:34:44Z</time>
   </trkpt>
   <trkpt lat="37.3750610" lon="-113.0279820">
    <ele>2216.3</ele>
    <time>2012-04-21T17:34:49Z</time>
   </trkpt>
   <trkpt lat="37.3751540" lon="-113.0279800">
    <ele>2219.0</ele>
    <time>2012-04-21T17:34:55Z</time>
   </trkpt>
   <trkpt lat="37.3752080" lon="-113.0279980">
    <ele>2220.7</ele>
    <time>2012-04-21T17:34:58Z</time>
   </trkpt>
   <trkpt lat="37.3753270" lon="-113.0280170">
    <ele>2223.8</ele>
    <time>2012-04-21T17:35:04Z</time>
   </trkpt>
   <trkpt lat="37.3754140" lon="-113.0279490">
    <ele>2224.3</ele>
    <time>2012-04-21T17:35:10Z</time>
   </trkpt>
   <trkpt lat="37.3755100" lon="-113.0278750">
    <ele>2225.8</ele>
    <time>2012-04-21T17:35:16Z</time>
   </trkpt>
   <trkpt lat="37.3755640" lon="-113.0278130">
    <ele>2226.6</ele>
    <time>2012-04-21T17:35:20Z</time>
   </trkpt>
   <trkpt lat="37.3755850" lon="-113.0276830">
    <ele>2226.0</ele>
    <time>2012-04-21T17:35:25Z</time>
   </trkpt>
   <trkpt lat="37.3756050" lon="-113.0275450">
    <ele>2225.3</ele>
    <time>2012-04-21T17:35:30Z</time>
   </trkpt>
   <trkpt lat="37.3756050" lon="-113.0274680">
    <ele>2224.5</ele>
    <time>2012-04-21T17:35:33Z</time>
   </trkpt>
   <trkpt lat="37.3756280" lon="-113.0273090">
    <ele>2223.5</ele>
    <time>2012-04-21T17:35:39Z</time>
   </trkpt>
   <trkpt lat="37.3756440" lon="-113.0272070">
    <ele>2222.6</ele>
    <time>2012-04-21T17:35:43Z</time>
   </trkpt>
   <trkpt lat="37.3756670" lon="-113.0271110">
    <ele>2222.0</ele>
    <time>2012-04-21T17:35:47Z</time>
   </trkpt>
   <trkpt lat="37.3757120" lon="-113.0269990">
    <ele>2221.6</ele>
    <time>2012-04-21T17:35:52Z</time>
   </trkpt>
   <trkpt lat="37.3757730" lon="-113.0269270">
    <ele>2221.8</ele>
    <time>2012-04-21T17:35:56Z</time>
   </trkpt>
   <trkpt lat="37.3758700" lon="-113.0268680">
    <ele>2222.5</ele>
    <time>2012-04-21T17:36:01Z</time>
   </trkpt>
   <trkpt lat="37.3760090" lon="-113.0269050">
    <ele>2225.1</ele>
    <time>2012-04-21T17:36:08Z</time>
   </trkpt>
   <trkpt lat="37.3761130" lon="-113.0269610">
    <ele>2227.8</ele>
    <time>2012-04-21T17:36:13Z</time>
   </trkpt>
   <trkpt lat="37.3762250" lon="-113.0269660">
    <ele>2230.0</ele>
    <time>2012-04-21T17:36:19Z</time>
   </trkpt>
   <trkpt lat="37.3762610" lon="-113.0269110">
    <ele>2230.1</ele>
    <time>2012-04-21T17:36:23Z</time>
   </trkpt>
   <trkpt lat="37.3763100" lon="-113.0268040">
    <ele>2229.4</ele>
    <time>2012-04-21T17:36:29Z</time>
   </trkpt>
   <trkpt lat="37.3763390" lon="-113.0267720">
    <ele>2229.5</ele>
    <time>2012-04-21T17:36:31Z</time>
   </trkpt>
   <trkpt lat="37.3763960" lon="-113.0267450">
    <ele>2230.5</ele>
    <time>2012-04-21T17:36:35Z</time>
   </trkpt>
   <trkpt lat="37.3765050" lon="-113.0267280">
    <ele>2233.0</ele>
    <time>2012-04-21T17:36:41Z</time>
   </trkpt>
   <trkpt lat="37.3766080" lon="-113.0267020">
    <ele>2235.0</ele>
    <time>2012-04-21T17:36:47Z</time>
   </trkpt>
   <trkpt lat="37.3767030" lon="-113.0266720">
    <ele>2236.5</ele>
    <time>2012-04-21T17:36:53Z</time>
   </trkpt>
   <trkpt lat="37.3767490" lon="-113.0266590">
    <ele>2237.2</ele>
    <time>2012-04-21T17:36:56Z</time>
   </trkpt>
   <trkpt lat="37.3768540" lon="-113.0266150">
    <ele>2238.5</ele>
    <time>2012-04-21T17:37:02Z</time>
   </trkpt>
   <trkpt lat="37.3769300" lon="-113.0265650">
    <ele>2238.7</ele>
    <time>2012-04-21T17:37:06Z</time>
   </trkpt>
   <trkpt lat="37.3770060" lon="-113.0265070">
    <ele>2238.6</ele>
    <time>2012-04-21T17:37:11Z</time>
   </trkpt>
   <trkpt lat="37.3770640" lon="-113.0264630">
    <ele>2238.4</ele>
    <time>2012-04-21T17:37:15Z</time>
   </trkpt>
   <trkpt lat="37.3771650" lon="-113.0264300">
    <ele>2239.4</ele>
    <time>2012-04-21T17:37:21Z</time>
   </trkpt>
   <trkpt lat="37.3771910" lon="-113.0264220">
    <ele>2239.6</ele>
    <time>2012-04-21T17:37:23Z</time>
   </trkpt>
   <trkpt lat="37.3772270" lon="-113.0264170">
    <ele>2240.1</ele>
    <time>2012-04-21T17:37:26Z</time>
   </trkpt>
   <trkpt lat="37.3772650" lon="-113.0264230">
    <ele>2240.9</ele>
    <time>2012-04-21T17:37:28Z</time>
   </trkpt>
   <trkpt lat="37.3773210" lon="-113.0264110">
    <ele>2241.5</ele>
    <time>2012-04-21T17:37:32Z</time>
   </trkpt>
   <trkpt lat="37.3774450" lon="-113.0263970">
    <ele>2243.2</ele>
    <time>2012-04-21T17:37:39Z</time>
   </trkpt>
   <trkpt lat="37.3775400" lon="-113.0263770">
    <ele>2244.0</ele>
    <time>2012-04-21T17:37:44Z</time>
   </trkpt>
   <trkpt lat="37.3775580" lon="-113.0263680">
    <ele>2244.1</ele>
    <time>2012-04-21T17:37:45Z</time>
   </trkpt>
   <trkpt lat="37.3776980" lon="-113.0263360">
    <ele>2245.1</ele>
    <time>2012-04-21T17:37:52Z</time>
   </trkpt>
   <trkpt lat="37.3777120" lon="-113.0263330">
    <ele>2245.1</ele>
    <time>2012-04-21T17:37:53Z</time>
   </trkpt>
   <trkpt lat="37.3778090" lon="-113.0263210">
    <ele>2245.6</ele>
    <time>2012-04-21T17:37:58Z</time>
   </trkpt>
   <trkpt lat="37.3778750" lon="-113.0263050">
    <ele>2245.4</ele>
    <time>2012-04-21T17:38:02Z</time>
   </trkpt>
   <trkpt lat="37.3779920" lon="-113.0262760">
    <ele>2244.9</ele>
    <time>2012-04-21T17:38:08Z</time>
   </trkpt>
   <trkpt lat="37.3780860" lon="-113.0262490">
    <ele>2244.4</ele>
    <time>2012-04-21T17:38:13Z</time>
   </trkpt>
   <trkpt lat="37.3781810" lon="-113.0262480">
    <ele>2244.8</ele>
    <time>2012-04-21T17:38:18Z</time>
   </trkpt>
   <trkpt lat="37.3782720" lon="-113.0262810">
    <ele>2246.1</ele>
    <time>2012-04-21T17:38:23Z</time>
   </trkpt>
   <trkpt lat="37.3783840" lon="-113.0263150">
    <ele>2247.4</ele>
    <time>2012-04-21T17:38:29Z</time>
   </trkpt>
   <trkpt lat="37.3784810" lon="-113.0263340">
    <ele>2248.6</ele>
    <time>2012-04-21T17:38:34Z</time>
   </trkpt>
   <trkpt lat="37.3786100" lon="-113.0263400">
    <ele>2249.9</ele>
    <time>2012-04-21T17:38:40Z</time>
   </trkpt>
   <trkpt lat="37.3786830" lon="-113.0263370">
    <ele>2250.5</ele>
    <time>2012-04-21T17:38:44Z</time>
   </trkpt>
   <trkpt lat="37.3787910" lon="-113.0263350">
    <ele>2251.8</ele>
    <time>2012-04-21T17:38:50Z</time>
   </trkpt>
   <trkpt lat="37.3789140" lon="-113.0263530">
    <ele>2254.3</ele>
    <time>2012-04-21T17:38:56Z</time>
   </trkpt>
   <trkpt lat="37.3789940" lon="-113.0263620">
    <ele>2256.1</ele>
    <time>2012-04-21T17:39:01Z</time>
   </trkpt>
   <trkpt lat="37.3790700" lon="-113.0262850">
    <ele>2255.1</ele>
    <time>2012-04-21T17:39:06Z</time>
   </trkpt>
   <trkpt lat="37.3790960" lon="-113.0262460">
    <ele>2254.5</ele>
    <time>2012-04-21T17:39:08Z</time>
   </trkpt>
   <trkpt lat="37.3792110" lon="-113.0261040">
    <ele>2253.6</ele>
    <time>2012-04-21T17:39:15Z</time>
   </trkpt>
   <trkpt lat="37.3792750" lon="-113.0260200">
    <ele>2253.8</ele>
    <time>2012-04-21T17:39:21Z</time>
   </trkpt>
   <trkpt lat="37.3793200" lon="-113.0259260">
    <ele>2253.6</ele>
    <time>2012-04-21T17:39:26Z</time>
   </trkpt>
   <trkpt lat="37.3793360" lon="-113.0258780">
    <ele>2253.5</ele>
    <time>2012-04-21T17:39:28Z</time>
   </trkpt>
   <trkpt lat="37.3793640" lon="-113.0258020">
    <ele>2253.6</ele>
    <time>2012-04-21T17:39:32Z</time>
   </trkpt>
   <trkpt lat="37.3793940" lon="-113.0257310">
    <ele>2253.9</ele>
    <time>2012-04-21T17:39:35Z</time>
   </trkpt>
   <trkpt lat="37.3794450" lon="-113.0256390">
    <ele>2255.4</ele>
    <time>2012-04-21T17:39:40Z</time>
   </trkpt>
   <trkpt lat="37.3794960" lon="-113.0255710">
    <ele>2257.1</ele>
    <time>2012-04-21T17:39:44Z</time>
   </trkpt>
   <trkpt lat="37.3795420" lon="-113.0254650">
    <ele>2257.8</ele>
    <time>2012-04-21T17:39:50Z</time>
   </trkpt>
   <trkpt lat="37.3795500" lon="-113.0253900">
    <ele>2257.0</ele>
    <time>2012-04-21T17:39:54Z</time>
   </trkpt>
   <trkpt lat="37.3795530" lon="-113.0253710">
    <ele>2257.1</ele>
    <time>2012-04-21T17:39:55Z</time>
   </trkpt>
   <trkpt lat="37.3795540" lon="-113.0252930">
    <ele>2257.4</ele>
    <time>2012-04-21T17:39:59Z</time>
   </trkpt>
   <trkpt lat="37.3795470" lon="-113.0251500">
    <ele>2260.7</ele>
    <time>2012-04-21T17:40:05Z</time>
   </trkpt>
   <trkpt lat="37.3795500" lon="-113.0251100">
    <ele>2261.9</ele>
    <time>2012-04-21T17:40:07Z</time>
   </trkpt>
   <trkpt lat="37.3796230" lon="-113.0249710">
    <ele>2265.0</ele>
    <time>2012-04-21T17:40:14Z</time>
   </trkpt>
   <trkpt lat="37.3796720" lon="-113.0248770">
    <ele>2266.4</ele>
    <time>2012-04-21T17:40:19Z</time>
   </trkpt>
   <trkpt lat="37.3796970" lon="-113.0248180">
    <ele>2267.3</ele>
    <time>2012-04-21T17:40:22Z</time>
   </trkpt>
   <trkpt lat="37.3797400" lon="-113.0246920">
    <ele>2268.9</ele>
    <time>2012-04-21T17:40:28Z</time>
   </trkpt>
   <trkpt lat="37.3797470" lon="-113.0246720">
    <ele>2269.1</ele>
    <time>2012-04-21T17:40:29Z</time>
   </trkpt>
   <trkpt lat="37.3797920" lon="-113.0245790">
    <ele>2269.5</ele>
    <time>2012-04-21T17:40:34Z</time>
   </trkpt>
   <trkpt lat="37.3798230" lon="-113.0245020">
    <ele>2269.6</ele>
    <time>2012-04-21T17:40:38Z</time>
   </trkpt>
   <trkpt lat="37.3798270" lon="-113.0243920">
    <ele>2270.0</ele>
    <time>2012-04-21T17:40:43Z</time>
   </trkpt>
   <trkpt lat="37.3797810" lon="-113.0241940">
    <ele>2270.6</ele>
    <time>2012-04-21T17:40:51Z</time>
   </trkpt>
   <trkpt lat="37.3797110" lon="-113.0240430">
    <ele>2270.4</ele>
    <time>2012-04-21T17:40:57Z</time>
   </trkpt>
   <trkpt lat="37.3796820" lon="-113.0239690">
    <ele>2270.1</ele>
    <time>2012-04-21T17:41:00Z</time>
   </trkpt>
   <trkpt lat="37.3796340" lon="-113.0238340">
    <ele>2269.7</ele>
    <time>2012-04-21T17:41:05Z</time>
   </trkpt>
   <trkpt lat="37.3795780" lon="-113.0236550">
    <ele>2269.3</ele>
    <time>2012-04-21T17:41:11Z</time>
   </trkpt>
   <trkpt lat="37.3795390" lon="-113.0235000">
    <ele>2268.9</ele>
    <time>2012-04-21T17:41:16Z</time>
   </trkpt>
   <trkpt lat="37.3795480" lon="-113.0233470">
    <ele>2268.4</ele>
    <time>2012-04-21T17:41:21Z</time>
   </trkpt>
   <trkpt lat="37.3795810" lon="-113.0232380">
    <ele>2268.2</ele>
    <time>2012-04-21T17:41:24Z</time>
   </trkpt>
   <trkpt lat="37.3796400" lon="-113.0231520">
    <ele>2268.4</ele>
    <time>2012-04-21T17:41:28Z</time>
   </trkpt>
   <trkpt lat="37.3797300" lon="-113.0230730">
    <ele>2268.5</ele>
    <time>2012-04-21T17:41:33Z</time>
   </trkpt>
   <trkpt lat="37.3798430" lon="-113.0230050">
    <ele>2268.5</ele>
    <time>2012-04-21T17:41:39Z</time>
   </trkpt>
   <trkpt lat="37.3799420" lon="-113.0229190">
    <ele>2268.2</ele>
    <time>2012-04-21T17:41:45Z</time>
   </trkpt>
   <trkpt lat="37.3799590" lon="-113.0229060">
    <ele>2268.2</ele>
    <time>2012-04-21T17:41:46Z</time>
   </trkpt>
   <trkpt lat="37.3800340" lon="-113.0228240">
    <ele>2268.2</ele>
    <time>2012-04-21T17:41:51Z</time>
   </trkpt>
   <trkpt lat="37.3800670" lon="-113.0227910">
    <ele>2268.1</ele>
    <time>2012-04-21T17:41:53Z</time>
   </trkpt>
   <trkpt lat="37.3801200" lon="-113.0227400">
    <ele>2268.1</ele>
    <time>2012-04-21T17:41:56Z</time>
   </trkpt>
   <trkpt lat="37.3801940" lon="-113.0226820">
    <ele>2268.3</ele>
    <time>2012-04-21T17:42:00Z</time>
   </trkpt>
   <trkpt lat="37.3802860" lon="-113.0226270">
    <ele>2268.6</ele>
    <time>2012-04-21T17:42:04Z</time>
   </trkpt>
   <trkpt lat="37.3803930" lon="-113.0225320">
    <ele>2269.1</ele>
    <time>2012-04-21T17:42:09Z</time>
   </trkpt>
   <trkpt lat="37.3804680" lon="-113.0224470">
    <ele>2269.3</ele>
    <time>2012-04-21T17:42:15Z</time>
   </trkpt>
   <trkpt lat="37.3804770" lon="-113.0224410">
    <ele>2269.4</ele>
    <time>2012-04-21T17:42:16Z</time>
   </trkpt>
   <trkpt lat="37.3805140" lon="-113.0224040">
    <ele>2269.5</ele>
    <time>2012-04-21T17:42:22Z</time>
   </trkpt>
   <trkpt lat="37.3805060" lon="-113.0223720">
    <ele>2269.4</ele>
    <time>2012-04-21T17:42:28Z</time>
   </trkpt>
   <trkpt lat="37.3805110" lon="-113.0223550">
    <ele>2269.3</ele>
    <time>2012-04-21T17:42:38Z</time>
   </trkpt>
   <trkpt lat="37.3804730" lon="-113.0222540">
    <ele>2268.7</ele>
    <time>2012-04-21T17:42:45Z</time>
   </trkpt>
   <trkpt lat="37.3804020" lon="-113.0221340">
    <ele>2267.8</ele>
    <time>2012-04-21T17:42:50Z</time>
   </trkpt>
   <trkpt lat="37.3803100" lon="-113.0220730">
    <ele>2267.0</ele>
    <time>2012-04-21T17:42:54Z</time>
   </trkpt>
   <trkpt lat="37.3802250" lon="-113.0220140">
    <ele>2266.3</ele>
    <time>2012-04-21T17:42:58Z</time>
   </trkpt>
   <trkpt lat="37.3801450" lon="-113.0219470">
    <ele>2265.9</ele>
    <time>2012-04-21T17:43:02Z</time>
   </trkpt>
   <trkpt lat="37.3800120" lon="-113.0218510">
    <ele>2265.8</ele>
    <time>2012-04-21T17:43:08Z</time>
   </trkpt>
   <trkpt lat="37.3798870" lon="-113.0217480">
    <ele>2266.1</ele>
    <time>2012-04-21T17:43:14Z</time>
   </trkpt>
   <trkpt lat="37.3797890" lon="-113.0216600">
    <ele>2266.3</ele>
    <time>2012-04-21T17:43:19Z</time>
   </trkpt>
   <trkpt lat="37.3796780" lon="-113.0215690">
    <ele>2266.3</ele>
    <time>2012-04-21T17:43:24Z</time>
   </trkpt>
   <trkpt lat="37.3795820" lon="-113.0214730">
    <ele>2266.3</ele>
    <time>2012-04-21T17:43:28Z</time>
   </trkpt>
   <trkpt lat="37.3794720" lon="-113.0213710">
    <ele>2265.9</ele>
    <time>2012-04-21T17:43:33Z</time>
   </trkpt>
   <trkpt lat="37.3793760" lon="-113.0212590">
    <ele>2265.2</ele>
    <time>2012-04-21T17:43:38Z</time>
   </trkpt>
   <trkpt lat="37.3793060" lon="-113.0211810">
    <ele>2264.7</ele>
    <time>2012-04-21T17:43:42Z</time>
   </trkpt>
   <trkpt lat="37.3791960" lon="-113.0210390">
    <ele>2263.4</ele>
    <time>2012-04-21T17:43:48Z</time>
   </trkpt>
   <trkpt lat="37.3791080" lon="-113.0209130">
    <ele>2262.1</ele>
    <time>2012-04-21T17:43:53Z</time>
   </trkpt>
   <trkpt lat="37.3790420" lon="-113.0207460">
    <ele>2260.8</ele>
    <time>2012-04-21T17:43:59Z</time>
   </trkpt>
   <trkpt lat="37.3790600" lon="-113.0205780">
    <ele>2259.3</ele>
    <time>2012-04-21T17:44:04Z</time>
   </trkpt>
   <trkpt lat="37.3790790" lon="-113.0204070">
    <ele>2257.8</ele>
    <time>2012-04-21T17:44:09Z</time>
   </trkpt>
   <trkpt lat="37.3790640" lon="-113.0202360">
    <ele>2256.6</ele>
    <time>2012-04-21T17:44:14Z</time>
   </trkpt>
   <trkpt lat="37.3790020" lon="-113.0200290">
    <ele>2255.4</ele>
    <time>2012-04-21T17:44:20Z</time>
   </trkpt>
   <trkpt lat="37.3789260" lon="-113.0198420">
    <ele>2254.8</ele>
    <time>2012-04-21T17:44:26Z</time>
   </trkpt>
   <trkpt lat="37.3788730" lon="-113.0197100">
    <ele>2254.5</ele>
    <time>2012-04-21T17:44:31Z</time>
   </trkpt>
   <trkpt lat="37.3788050" lon="-113.0195490">
    <ele>2254.1</ele>
    <time>2012-04-21T17:44:36Z</time>
   </trkpt>
   <trkpt lat="37.3787450" lon="-113.0193960">
    <ele>2253.8</ele>
    <time>2012-04-21T17:44:41Z</time>
   </trkpt>
   <trkpt lat="37.3787050" lon="-113.0192600">
    <ele>2253.4</ele>
    <time>2012-04-21T17:44:45Z</time>
   </trkpt>
   <trkpt lat="37.3786680" lon="-113.0191090">
    <ele>2252.7</ele>
    <time>2012-04-21T17:44:50Z</time>
   </trkpt>
   <trkpt lat="37.3786300" lon="-113.0189350">
    <ele>2251.7</ele>
    <time>2012-04-21T17:44:55Z</time>
   </trkpt>
   <trkpt lat="37.3785970" lon="-113.0187790">
    <ele>2250.7</ele>
    <time>2012-04-21T17:45:00Z</time>
   </trkpt>
   <trkpt lat="37.3785500" lon="-113.0186880">
    <ele>2250.1</ele>
    <time>2012-04-21T17:45:03Z</time>
   </trkpt>
   <trkpt lat="37.3784960" lon="-113.0185840">
    <ele>2249.4</ele>
    <time>2012-04-21T17:45:07Z</time>
   </trkpt>
   <trkpt lat="37.3784380" lon="-113.0184280">
    <ele>2248.4</ele>
    <time>2012-04-21T17:45:12Z</time>
   </trkpt>
   <trkpt lat="37.3783710" lon="-113.0182610">
    <ele>2247.5</ele>
    <time>2012-04-21T17:45:18Z</time>
   </trkpt>
   <trkpt lat="37.3783360" lon="-113.0181690">
    <ele>2247.1</ele>
    <time>2012-04-21T17:45:21Z</time>
   </trkpt>
   <trkpt lat="37.3783220" lon="-113.0180400">
    <ele>2246.9</ele>
    <time>2012-04-21T17:45:25Z</time>
   </trkpt>
   <trkpt lat="37.3782820" lon="-113.0179050">
    <ele>2246.7</ele>
    <time>2012-04-21T17:45:29Z</time>
   </trkpt>
   <trkpt lat="37.3781940" lon="-113.0177590">
    <ele>2246.5</ele>
    <time>2012-04-21T17:45:35Z</time>
   </trkpt>
   <trkpt lat="37.3781290" lon="-113.0176730">
    <ele>2246.4</ele>
    <time>2012-04-21T17:45:39Z</time>
   </trkpt>
   <trkpt lat="37.3780380" lon="-113.0175780">
    <ele>2246.5</ele>
    <time>2012-04-21T17:45:45Z</time>
   </trkpt>
   <trkpt lat="37.3779500" lon="-113.0175050">
    <ele>2246.7</ele>
    <time>2012-04-21T17:45:50Z</time>
   </trkpt>
   <trkpt lat="37.3778560" lon="-113.0174240">
    <ele>2247.2</ele>
    <time>2012-04-21T17:45:55Z</time>
   </trkpt>
   <trkpt lat="37.3777120" lon="-113.0173340">
    <ele>2247.4</ele>
    <time>2012-04-21T17:46:02Z</time>
   </trkpt>
   <trkpt lat="37.3775820" lon="-113.0172740">
    <ele>2247.3</ele>
    <time>2012-04-21T17:46:08Z</time>
   </trkpt>
   <trkpt lat="37.3774950" lon="-113.0172160">
    <ele>2247.3</ele>
    <time>2012-04-21T17:46:12Z</time>
   </trkpt>
   <trkpt lat="37.3773960" lon="-113.0171030">
    <ele>2246.6</ele>
    <time>2012-04-21T17:46:17Z</time>
   </trkpt>
   <trkpt lat="37.3772630" lon="-113.0169600">
    <ele>2244.9</ele>
    <time>2012-04-21T17:46:23Z</time>
   </trkpt>
   <trkpt lat="37.3771430" lon="-113.0168780">
    <ele>2244.3</ele>
    <time>2012-04-21T17:46:28Z</time>
   </trkpt>
   <trkpt lat="37.3769890" lon="-113.0167450">
    <ele>2243.3</ele>
    <time>2012-04-21T17:46:35Z</time>
   </trkpt>
   <trkpt lat="37.3769040" lon="-113.0166670">
    <ele>2242.7</ele>
    <time>2012-04-21T17:46:39Z</time>
   </trkpt>
   <trkpt lat="37.3768000" lon="-113.0165900">
    <ele>2241.8</ele>
    <time>2012-04-21T17:46:44Z</time>
   </trkpt>
   <trkpt lat="37.3766950" lon="-113.0165020">
    <ele>2240.8</ele>
    <time>2012-04-21T17:46:49Z</time>
   </trkpt>
   <trkpt lat="37.3766290" lon="-113.0164570">
    <ele>2240.1</ele>
    <time>2012-04-21T17:46:52Z</time>
   </trkpt>
   <trkpt lat="37.3765050" lon="-113.0163470">
    <ele>2239.0</ele>
    <time>2012-04-21T17:46:58Z</time>
   </trkpt>
   <trkpt lat="37.3764840" lon="-113.0163340">
    <ele>2238.8</ele>
    <time>2012-04-21T17:46:59Z</time>
   </trkpt>
   <trkpt lat="37.3764000" lon="-113.0162820">
    <ele>2238.3</ele>
    <time>2012-04-21T17:47:03Z</time>
   </trkpt>
   <trkpt lat="37.3762590" lon="-113.0162090">
    <ele>2237.7</ele>
    <time>2012-04-21T17:47:09Z</time>
   </trkpt>
   <trkpt lat="37.3760900" lon="-113.0161500">
    <ele>2237.2</ele>
    <time>2012-04-21T17:47:16Z</time>
   </trkpt>
   <trkpt lat="37.3760000" lon="-113.0161340">
    <ele>2236.9</ele>
    <time>2012-04-21T17:47:20Z</time>
   </trkpt>
   <trkpt lat="37.3758980" lon="-113.0160670">
    <ele>2236.4</ele>
    <time>2012-04-21T17:47:25Z</time>
   </trkpt>
   <trkpt lat="37.3758200" lon="-113.0159950">
    <ele>2236.4</ele>
    <time>2012-04-21T17:47:29Z</time>
   </trkpt>
   <trkpt lat="37.3757990" lon="-113.0159810">
    <ele>2236.4</ele>
    <time>2012-04-21T17:47:30Z</time>
   </trkpt>
   <trkpt lat="37.3757170" lon="-113.0159060">
    <ele>2236.3</ele>
    <time>2012-04-21T17:47:34Z</time>
   </trkpt>
   <trkpt lat="37.3755890" lon="-113.0158400">
    <ele>2235.9</ele>
    <time>2012-04-21T17:47:40Z</time>
   </trkpt>
   <trkpt lat="37.3754870" lon="-113.0157690">
    <ele>2235.4</ele>
    <time>2012-04-21T17:47:45Z</time>
   </trkpt>
   <trkpt lat="37.3753780" lon="-113.0157120">
    <ele>2234.9</ele>
    <time>2012-04-21T17:47:50Z</time>
   </trkpt>
   <trkpt lat="37.3752520" lon="-113.0156390">
    <ele>2234.4</ele>
    <time>2012-04-21T17:47:56Z</time>
   </trkpt>
   <trkpt lat="37.3751380" lon="-113.0155820">
    <ele>2233.8</ele>
    <time>2012-04-21T17:48:01Z</time>
   </trkpt>
   <trkpt lat="37.3749930" lon="-113.0155200">
    <ele>2232.8</ele>
    <time>2012-04-21T17:48:07Z</time>
   </trkpt>
   <trkpt lat="37.3749080" lon="-113.0154410">
    <ele>2232.3</ele>
    <time>2012-04-21T17:48:11Z</time>
   </trkpt>
   <trkpt lat="37.3748510" lon="-113.0153360">
    <ele>2232.2</ele>
    <time>2012-04-21T17:48:15Z</time>
   </trkpt>
   <trkpt lat="37.3747940" lon="-113.0152050">
    <ele>2232.0</ele>
    <time>2012-04-21T17:48:20Z</time>
   </trkpt>
   <trkpt lat="37.3747250" lon="-113.0151030">
    <ele>2231.8</ele>
    <time>2012-04-21T17:48:24Z</time>
   </trkpt>
   <trkpt lat="37.3746300" lon="-113.0150010">
    <ele>2231.8</ele>
    <time>2012-04-21T17:48:29Z</time>
   </trkpt>
   <trkpt lat="37.3745490" lon="-113.0149360">
    <ele>2232.1</ele>
    <time>2012-04-21T17:48:33Z</time>
   </trkpt>
   <trkpt lat="37.3744560" lon="-113.0148490">
    <ele>2232.4</ele>
    <time>2012-04-21T17:48:38Z</time>
   </trkpt>
   <trkpt lat="37.3743750" lon="-113.0147280">
    <ele>2232.4</ele>
    <time>2012-04-21T17:48:43Z</time>
   </trkpt>
   <trkpt lat="37.3742980" lon="-113.0146260">
    <ele>2232.4</ele>
    <time>2012-04-21T17:48:47Z</time>
   </trkpt>
   <trkpt lat="37.3742800" lon="-113.0146090">
    <ele>2232.4</ele>
    <time>2012-04-21T17:48:48Z</time>
   </trkpt>
   <trkpt lat="37.3741440" lon="-113.0145250">
    <ele>2232.1</ele>
    <time>2012-04-21T17:48:54Z</time>
   </trkpt>
   <trkpt lat="37.3740230" lon="-113.0144800">
    <ele>2231.6</ele>
    <time>2012-04-21T17:48:59Z</time>
   </trkpt>
   <trkpt lat="37.3739250" lon="-113.0144550">
    <ele>2230.7</ele>
    <time>2012-04-21T17:49:03Z</time>
   </trkpt>
   <trkpt lat="37.3737850" lon="-113.0144180">
    <ele>2229.2</ele>
    <time>2012-04-21T17:49:09Z</time>
   </trkpt>
   <trkpt lat="37.3736950" lon="-113.0144250">
    <ele>2228.2</ele>
    <time>2012-04-21T17:49:13Z</time>
   </trkpt>
   <trkpt lat="37.3735860" lon="-113.0143900">
    <ele>2226.9</ele>
    <time>2012-04-21T17:49:18Z</time>
   </trkpt>
   <trkpt lat="37.3734560" lon="-113.0143350">
    <ele>2225.2</ele>
    <time>2012-04-21T17:49:24Z</time>
   </trkpt>
   <trkpt lat="37.3733380" lon="-113.0143130">
    <ele>2224.1</ele>
    <time>2012-04-21T17:49:29Z</time>
   </trkpt>
   <trkpt lat="37.3731750" lon="-113.0144160">
    <ele>2222.3</ele>
    <time>2012-04-21T17:49:36Z</time>
   </trkpt>
   <trkpt lat="37.3730980" lon="-113.0145440">
    <ele>2221.2</ele>
    <time>2012-04-21T17:49:41Z</time>
   </trkpt>
   <trkpt lat="37.3730280" lon="-113.0146620">
    <ele>2220.9</ele>
    <time>2012-04-21T17:49:46Z</time>
   </trkpt>
   <trkpt lat="37.3729680" lon="-113.0147590">
    <ele>2220.8</ele>
    <time>2012-04-21T17:49:50Z</time>
   </trkpt>
   <trkpt lat="37.3728820" lon="-113.0148600">
    <ele>2220.9</ele>
    <time>2012-04-21T17:49:55Z</time>
   </trkpt>
   <trkpt lat="37.3727700" lon="-113.0149470">
    <ele>2221.4</ele>
    <time>2012-04-21T17:50:00Z</time>
   </trkpt>
   <trkpt lat="37.3726840" lon="-113.0149840">
    <ele>2221.8</ele>
    <time>2012-04-21T17:50:04Z</time>
   </trkpt>
   <trkpt lat="37.3726460" lon="-113.0149950">
    <ele>2222.0</ele>
    <time>2012-04-21T17:50:06Z</time>
   </trkpt>
   <trkpt lat="37.3725470" lon="-113.0150200">
    <ele>2222.5</ele>
    <time>2012-04-21T17:50:11Z</time>
   </trkpt>
   <trkpt lat="37.3724370" lon="-113.0150530">
    <ele>2222.8</ele>
    <time>2012-04-21T17:50:16Z</time>
   </trkpt>
   <trkpt lat="37.3723200" lon="-113.0150720">
    <ele>2222.6</ele>
    <time>2012-04-21T17:50:21Z</time>
   </trkpt>
   <trkpt lat="37.3722180" lon="-113.0150430">
    <ele>2222.8</ele>
    <time>2012-04-21T17:50:26Z</time>
   </trkpt>
   <trkpt lat="37.3720690" lon="-113.0150120">
    <ele>2222.6</ele>
    <time>2012-04-21T17:50:32Z</time>
   </trkpt>
   <trkpt lat="37.3719680" lon="-113.0149900">
    <ele>2222.1</ele>
    <time>2012-04-21T17:50:36Z</time>
   </trkpt>
   <trkpt lat="37.3718480" lon="-113.0149860">
    <ele>2221.3</ele>
    <time>2012-04-21T17:50:41Z</time>
   </trkpt>
   <trkpt lat="37.3717630" lon="-113.0149670">
    <ele>2220.9</ele>
    <time>2012-04-21T17:50:45Z</time>
   </trkpt>
   <trkpt lat="37.3716870" lon="-113.0149530">
    <ele>2220.7</ele>
    <time>2012-04-21T17:50:49Z</time>
   </trkpt>
   <trkpt lat="37.3715830" lon="-113.0149340">
    <ele>2220.7</ele>
    <time>2012-04-21T17:50:54Z</time>
   </trkpt>
   <trkpt lat="37.3714960" lon="-113.0149260">
    <ele>2220.8</ele>
    <time>2012-04-21T17:50:58Z</time>
   </trkpt>
   <trkpt lat="37.3713280" lon="-113.0149560">
    <ele>2221.6</ele>
    <time>2012-04-21T17:51:06Z</time>
   </trkpt>
   <trkpt lat="37.3711590" lon="-113.0149800">
    <ele>2222.0</ele>
    <time>2012-04-21T17:51:13Z</time>
   </trkpt>
   <trkpt lat="37.3710350" lon="-113.0149980">
    <ele>2222.1</ele>
    <time>2012-04-21T17:51:18Z</time>
   </trkpt>
   <trkpt lat="37.3708920" lon="-113.0149740">
    <ele>2222.1</ele>
    <time>2012-04-21T17:51:24Z</time>
   </trkpt>
   <trkpt lat="37.3707670" lon="-113.0149470">
    <ele>2222.3</ele>
    <time>2012-04-21T17:51:29Z</time>
   </trkpt>
   <trkpt lat="37.3706840" lon="-113.0148930">
    <ele>2222.5</ele>
    <time>2012-04-21T17:51:33Z</time>
   </trkpt>
   <trkpt lat="37.3705770" lon="-113.0148230">
    <ele>2223.3</ele>
    <time>2012-04-21T17:51:38Z</time>
   </trkpt>
   <trkpt lat="37.3704550" lon="-113.0147740">
    <ele>2224.5</ele>
    <time>2012-04-21T17:51:43Z</time>
   </trkpt>
   <trkpt lat="37.3703080" lon="-113.0147430">
    <ele>2225.7</ele>
    <time>2012-04-21T17:51:49Z</time>
   </trkpt>
   <trkpt lat="37.3701840" lon="-113.0147440">
    <ele>2226.5</ele>
    <time>2012-04-21T17:51:54Z</time>
   </trkpt>
   <trkpt lat="37.3700730" lon="-113.0147640">
    <ele>2227.2</ele>
    <time>2012-04-21T17:51:59Z</time>
   </trkpt>
   <trkpt lat="37.3699630" lon="-113.0148000">
    <ele>2227.9</ele>
    <time>2012-04-21T17:52:04Z</time>
   </trkpt>
   <trkpt lat="37.3698620" lon="-113.0148290">
    <ele>2228.4</ele>
    <time>2012-04-21T17:52:08Z</time>
   </trkpt>
   <trkpt lat="37.3697390" lon="-113.0148710">
    <ele>2229.1</ele>
    <time>2012-04-21T17:52:13Z</time>
   </trkpt>
   <trkpt lat="37.3696110" lon="-113.0148880">
    <ele>2229.8</ele>
    <time>2012-04-21T17:52:18Z</time>
   </trkpt>
   <trkpt lat="37.3695270" lon="-113.0149150">
    <ele>2230.3</ele>
    <time>2012-04-21T17:52:22Z</time>
   </trkpt>
   <trkpt lat="37.3694290" lon="-113.0149550">
    <ele>2231.1</ele>
    <time>2012-04-21T17:52:27Z</time>
   </trkpt>
   <trkpt lat="37.3693050" lon="-113.0150050">
    <ele>2231.9</ele>
    <time>2012-04-21T17:52:33Z</time>
   </trkpt>
   <trkpt lat="37.3692140" lon="-113.0150270">
    <ele>2232.5</ele>
    <time>2012-04-21T17:52:37Z</time>
   </trkpt>
   <trkpt lat="37.3691090" lon="-113.0150210">
    <ele>2233.2</ele>
    <time>2012-04-21T17:52:41Z</time>
   </trkpt>
   <trkpt lat="37.3689720" lon="-113.0149990">
    <ele>2234.1</ele>
    <time>2012-04-21T17:52:46Z</time>
   </trkpt>
   <trkpt lat="37.3688590" lon="-113.0150000">
    <ele>2235.0</ele>
    <time>2012-04-21T17:52:51Z</time>
   </trkpt>
   <trkpt lat="37.3686860" lon="-113.0150400">
    <ele>2236.5</ele>
    <time>2012-04-21T17:52:59Z</time>
   </trkpt>
   <trkpt lat="37.3685760" lon="-113.0150800">
    <ele>2237.4</ele>
    <time>2012-04-21T17:53:04Z</time>
   </trkpt>
   <trkpt lat="37.3684560" lon="-113.0150890">
    <ele>2238.1</ele>
    <time>2012-04-21T17:53:09Z</time>
   </trkpt>
   <trkpt lat="37.3683730" lon="-113.0150570">
    <ele>2238.2</ele>
    <time>2012-04-21T17:53:13Z</time>
   </trkpt>
   <trkpt lat="37.3683490" lon="-113.0150480">
    <ele>2238.1</ele>
    <time>2012-04-21T17:53:14Z</time>
   </trkpt>
   <trkpt lat="37.3682290" lon="-113.0150000">
    <ele>2237.8</ele>
    <time>2012-04-21T17:53:19Z</time>
   </trkpt>
   <trkpt lat="37.3682040" lon="-113.0149940">
    <ele>2237.7</ele>
    <time>2012-04-21T17:53:20Z</time>
   </trkpt>
   <trkpt lat="37.3680060" lon="-113.0149580">
    <ele>2236.8</ele>
    <time>2012-04-21T17:53:27Z</time>
   </trkpt>
   <trkpt lat="37.3679320" lon="-113.0149520">
    <ele>2236.5</ele>
    <time>2012-04-21T17:53:31Z</time>
   </trkpt>
   <trkpt lat="37.3678300" lon="-113.0149410">
    <ele>2236.0</ele>
    <time>2012-04-21T17:53:35Z</time>
   </trkpt>
   <trkpt lat="37.3677330" lon="-113.0149330">
    <ele>2235.6</ele>
    <time>2012-04-21T17:53:39Z</time>
   </trkpt>
   <trkpt lat="37.3676600" lon="-113.0149220">
    <ele>2235.2</ele>
    <time>2012-04-21T17:53:43Z</time>
   </trkpt>
   <trkpt lat="37.3675130" lon="-113.0149250">
    <ele>2234.8</ele>
    <time>2012-04-21T17:53:50Z</time>
   </trkpt>
   <trkpt lat="37.3673910" lon="-113.0148980">
    <ele>2234.3</ele>
    <time>2012-04-21T17:53:56Z</time>
   </trkpt>
   <trkpt lat="37.3672340" lon="-113.0148440">
    <ele>2233.6</ele>
    <time>2012-04-21T17:54:02Z</time>
   </trkpt>
   <trkpt lat="37.3670960" lon="-113.0148300">
    <ele>2233.5</ele>
    <time>2012-04-21T17:54:07Z</time>
   </trkpt>
   <trkpt lat="37.3669850" lon="-113.0147950">
    <ele>2233.4</ele>
    <time>2012-04-21T17:54:11Z</time>
   </trkpt>
   <trkpt lat="37.3668470" lon="-113.0147530">
    <ele>2233.3</ele>
    <time>2012-04-21T17:54:17Z</time>
   </trkpt>
   <trkpt lat="37.3667280" lon="-113.0147180">
    <ele>2233.1</ele>
    <time>2012-04-21T17:54:22Z</time>
   </trkpt>
   <trkpt lat="37.3666050" lon="-113.0146730">
    <ele>2233.1</ele>
    <time>2012-04-21T17:54:27Z</time>
   </trkpt>
   <trkpt lat="37.3665080" lon="-113.0146430">
    <ele>2232.8</ele>
    <time>2012-04-21T17:54:31Z</time>
   </trkpt>
   <trkpt lat="37.3663920" lon="-113.0145890">
    <ele>2232.4</ele>
    <time>2012-04-21T17:54:35Z</time>
   </trkpt>
   <trkpt lat="37.3662450" lon="-113.0144990">
    <ele>2231.4</ele>
    <time>2012-04-21T17:54:41Z</time>
   </trkpt>
   <trkpt lat="37.3660970" lon="-113.0144390">
    <ele>2230.4</ele>
    <time>2012-04-21T17:54:47Z</time>
   </trkpt>
   <trkpt lat="37.3660250" lon="-113.0143990">
    <ele>2229.8</ele>
    <time>2012-04-21T17:54:50Z</time>
   </trkpt>
   <trkpt lat="37.3658890" lon="-113.0143190">
    <ele>2228.8</ele>
    <time>2012-04-21T17:54:55Z</time>
   </trkpt>
   <trkpt lat="37.3657850" lon="-113.0142730">
    <ele>2228.3</ele>
    <time>2012-04-21T17:54:59Z</time>
   </trkpt>
   <trkpt lat="37.3657410" lon="-113.0142530">
    <ele>2228.1</ele>
    <time>2012-04-21T17:55:01Z</time>
   </trkpt>
   <trkpt lat="37.3655710" lon="-113.0141430">
    <ele>2227.6</ele>
    <time>2012-04-21T17:55:08Z</time>
   </trkpt>
   <trkpt lat="37.3654430" lon="-113.0140640">
    <ele>2227.5</ele>
    <time>2012-04-21T17:55:14Z</time>
   </trkpt>
   <trkpt lat="37.3653640" lon="-113.0139950">
    <ele>2227.4</ele>
    <time>2012-04-21T17:55:18Z</time>
   </trkpt>
   <trkpt lat="37.3652580" lon="-113.0138880">
    <ele>2227.2</ele>
    <time>2012-04-21T17:55:23Z</time>
   </trkpt>
   <trkpt lat="37.3651440" lon="-113.0137830">
    <ele>2226.9</ele>
    <time>2012-04-21T17:55:28Z</time>
   </trkpt>
   <trkpt lat="37.3649950" lon="-113.0136960">
    <ele>2227.0</ele>
    <time>2012-04-21T17:55:34Z</time>
   </trkpt>
   <trkpt lat="37.3648780" lon="-113.0135960">
    <ele>2226.8</ele>
    <time>2012-04-21T17:55:39Z</time>
   </trkpt>
   <trkpt lat="37.3647640" lon="-113.0134810">
    <ele>2226.6</ele>
    <time>2012-04-21T17:55:44Z</time>
   </trkpt>
   <trkpt lat="37.3646980" lon="-113.0134000">
    <ele>2226.4</ele>
    <time>2012-04-21T17:55:48Z</time>
   </trkpt>
   <trkpt lat="37.3645870" lon="-113.0132660">
    <ele>2226.2</ele>
    <time>2012-04-21T17:55:53Z</time>
   </trkpt>
   <trkpt lat="37.3645040" lon="-113.0131670">
    <ele>2226.0</ele>
    <time>2012-04-21T17:55:57Z</time>
   </trkpt>
   <trkpt lat="37.3644020" lon="-113.0130360">
    <ele>2225.8</ele>
    <time>2012-04-21T17:56:02Z</time>
   </trkpt>
   <trkpt lat="37.3642960" lon="-113.0129260">
    <ele>2225.7</ele>
    <time>2012-04-21T17:56:07Z</time>
   </trkpt>
   <trkpt lat="37.3641490" lon="-113.0128240">
    <ele>2225.7</ele>
    <time>2012-04-21T17:56:13Z</time>
   </trkpt>
   <trkpt lat="37.3640160" lon="-113.0127210">
    <ele>2225.6</ele>
    <time>2012-04-21T17:56:19Z</time>
   </trkpt>
   <trkpt lat="37.3639270" lon="-113.0126630">
    <ele>2225.5</ele>
    <time>2012-04-21T17:56:23Z</time>
   </trkpt>
   <trkpt lat="37.3638360" lon="-113.0126190">
    <ele>2225.4</ele>
    <time>2012-04-21T17:56:27Z</time>
   </trkpt>
   <trkpt lat="37.3637180" lon="-113.0125570">
    <ele>2225.0</ele>
    <time>2012-04-21T17:56:32Z</time>
   </trkpt>
   <trkpt lat="37.3635990" lon="-113.0124770">
    <ele>2224.4</ele>
    <time>2012-04-21T17:56:37Z</time>
   </trkpt>
   <trkpt lat="37.3634760" lon="-113.0124100">
    <ele>2223.8</ele>
    <time>2012-04-21T17:56:42Z</time>
   </trkpt>
   <trkpt lat="37.3633250" lon="-113.0123200">
    <ele>2223.2</ele>
    <time>2012-04-21T17:56:48Z</time>
   </trkpt>
   <trkpt lat="37.3631920" lon="-113.0122230">
    <ele>2222.8</ele>
    <time>2012-04-21T17:56:53Z</time>
   </trkpt>
   <trkpt lat="37.3630360" lon="-113.0121210">
    <ele>2222.6</ele>
    <time>2012-04-21T17:56:59Z</time>
   </trkpt>
   <trkpt lat="37.3629020" lon="-113.0120820">
    <ele>2222.5</ele>
    <time>2012-04-21T17:57:04Z</time>
   </trkpt>
   <trkpt lat="37.3627840" lon="-113.0120270">
    <ele>2222.6</ele>
    <time>2012-04-21T17:57:09Z</time>
   </trkpt>
   <trkpt lat="37.3627000" lon="-113.0119630">
    <ele>2222.7</ele>
    <time>2012-04-21T17:57:13Z</time>
   </trkpt>
   <trkpt lat="37.3625550" lon="-113.0118860">
    <ele>2222.9</ele>
    <time>2012-04-21T17:57:19Z</time>
   </trkpt>
   <trkpt lat="37.3624040" lon="-113.0118500">
    <ele>2223.1</ele>
    <time>2012-04-21T17:57:25Z</time>
   </trkpt>
   <trkpt lat="37.3622560" lon="-113.0118070">
    <ele>2223.0</ele>
    <time>2012-04-21T17:57:31Z</time>
   </trkpt>
   <trkpt lat="37.3621360" lon="-113.0117380">
    <ele>2223.3</ele>
    <time>2012-04-21T17:57:36Z</time>
   </trkpt>
   <trkpt lat="37.3620430" lon="-113.0116700">
    <ele>2223.5</ele>
    <time>2012-04-21T17:57:40Z</time>
   </trkpt>
   <trkpt lat="37.3619320" lon="-113.0115740">
    <ele>2223.5</ele>
    <time>2012-04-21T17:57:45Z</time>
   </trkpt>
   <trkpt lat="37.3618170" lon="-113.0114820">
    <ele>2222.9</ele>
    <time>2012-04-21T17:57:50Z</time>
   </trkpt>
   <trkpt lat="37.3617520" lon="-113.0114350">
    <ele>2222.7</ele>
    <time>2012-04-21T17:57:53Z</time>
   </trkpt>
   <trkpt lat="37.3616110" lon="-113.0113280">
    <ele>2221.9</ele>
    <time>2012-04-21T17:57:59Z</time>
   </trkpt>
   <trkpt lat="37.3615040" lon="-113.0112200">
    <ele>2220.9</ele>
    <time>2012-04-21T17:58:04Z</time>
   </trkpt>
   <trkpt lat="37.3614180" lon="-113.0110710">
    <ele>2219.3</ele>
    <time>2012-04-21T17:58:09Z</time>
   </trkpt>
   <trkpt lat="37.3612950" lon="-113.0108840">
    <ele>2217.3</ele>
    <time>2012-04-21T17:58:16Z</time>
   </trkpt>
   <trkpt lat="37.3611930" lon="-113.0106950">
    <ele>2215.6</ele>
    <time>2012-04-21T17:58:22Z</time>
   </trkpt>
   <trkpt lat="37.3610650" lon="-113.0105390">
    <ele>2213.9</ele>
    <time>2012-04-21T17:58:27Z</time>
   </trkpt>
   <trkpt lat="37.3609590" lon="-113.0104420">
    <ele>2212.8</ele>
    <time>2012-04-21T17:58:31Z</time>
   </trkpt>
   <trkpt lat="37.3608300" lon="-113.0103440">
    <ele>2211.9</ele>
    <time>2012-04-21T17:58:36Z</time>
   </trkpt>
   <trkpt lat="37.3607020" lon="-113.0102770">
    <ele>2211.7</ele>
    <time>2012-04-21T17:58:41Z</time>
   </trkpt>
   <trkpt lat="37.3605730" lon="-113.0102190">
    <ele>2211.6</ele>
    <time>2012-04-21T17:58:46Z</time>
   </trkpt>
   <trkpt lat="37.3604860" lon="-113.0101790">
    <ele>2211.5</ele>
    <time>2012-04-21T17:58:50Z</time>
   </trkpt>
   <trkpt lat="37.3603820" lon="-113.0101280">
    <ele>2211.5</ele>
    <time>2012-04-21T17:58:55Z</time>
   </trkpt>
   <trkpt lat="37.3602740" lon="-113.0100780">
    <ele>2211.9</ele>
    <time>2012-04-21T17:59:00Z</time>
   </trkpt>
   <trkpt lat="37.3601550" lon="-113.0099900">
    <ele>2212.7</ele>
    <time>2012-04-21T17:59:06Z</time>
   </trkpt>
   <trkpt lat="37.3600650" lon="-113.0099380">
    <ele>2213.7</ele>
    <time>2012-04-21T17:59:10Z</time>
   </trkpt>
   <trkpt lat="37.3599540" lon="-113.0098880">
    <ele>2215.8</ele>
    <time>2012-04-21T17:59:15Z</time>
   </trkpt>
   <trkpt lat="37.3598890" lon="-113.0098570">
    <ele>2217.5</ele>
    <time>2012-04-21T17:59:19Z</time>
   </trkpt>
   <trkpt lat="37.3597940" lon="-113.0098190">
    <ele>2219.1</ele>
    <time>2012-04-21T17:59:24Z</time>
   </trkpt>
   <trkpt lat="37.3596490" lon="-113.0098030">
    <ele>2219.6</ele>
    <time>2012-04-21T17:59:31Z</time>
   </trkpt>
   <trkpt lat="37.3595530" lon="-113.0098160">
    <ele>2219.0</ele>
    <time>2012-04-21T17:59:36Z</time>
   </trkpt>
   <trkpt lat="37.3594560" lon="-113.0098310">
    <ele>2217.8</ele>
    <time>2012-04-21T17:59:41Z</time>
   </trkpt>
   <trkpt lat="37.3593730" lon="-113.0098570">
    <ele>2217.2</ele>
    <time>2012-04-21T17:59:45Z</time>
   </trkpt>
   <trkpt lat="37.3592620" lon="-113.0098890">
    <ele>2217.3</ele>
    <time>2012-04-21T17:59:49Z</time>
   </trkpt>
   <trkpt lat="37.3591010" lon="-113.0099480">
    <ele>2219.1</ele>
    <time>2012-04-21T17:59:55Z</time>
   </trkpt>
   <trkpt lat="37.3590190" lon="-113.0099790">
    <ele>2220.1</ele>
    <time>2012-04-21T17:59:59Z</time>
   </trkpt>
   <trkpt lat="37.3589880" lon="-113.0099960">
    <ele>2220.5</ele>
    <time>2012-04-21T18:00:01Z</time>
   </trkpt>
   <trkpt lat="37.3588630" lon="-113.0100210">
    <ele>2221.2</ele>
    <time>2012-04-21T18:00:08Z</time>
   </trkpt>
   <trkpt lat="37.3587520" lon="-113.0100200">
    <ele>2221.6</ele>
    <time>2012-04-21T18:00:13Z</time>
   </trkpt>
   <trkpt lat="37.3586380" lon="-113.0100080">
    <ele>2222.0</ele>
    <time>2012-04-21T18:00:18Z</time>
   </trkpt>
   <trkpt lat="37.3585450" lon="-113.0100310">
    <ele>2222.1</ele>
    <time>2012-04-21T18:00:22Z</time>
   </trkpt>
   <trkpt lat="37.3584450" lon="-113.0100570">
    <ele>2222.4</ele>
    <time>2012-04-21T18:00:27Z</time>
   </trkpt>
   <trkpt lat="37.3583510" lon="-113.0100590">
    <ele>2222.8</ele>
    <time>2012-04-21T18:00:32Z</time>
   </trkpt>
   <trkpt lat="37.3581930" lon="-113.0100190">
    <ele>2223.1</ele>
    <time>2012-04-21T18:00:39Z</time>
   </trkpt>
   <trkpt lat="37.3580690" lon="-113.0099550">
    <ele>2222.7</ele>
    <time>2012-04-21T18:00:44Z</time>
   </trkpt>
   <trkpt lat="37.3579420" lon="-113.0098720">
    <ele>2222.3</ele>
    <time>2012-04-21T18:00:49Z</time>
   </trkpt>
   <trkpt lat="37.3578410" lon="-113.0097780">
    <ele>2221.7</ele>
    <time>2012-04-21T18:00:54Z</time>
   </trkpt>
   <trkpt lat="37.3577330" lon="-113.0096890">
    <ele>2221.3</ele>
    <time>2012-04-21T18:00:59Z</time>
   </trkpt>
   <trkpt lat="37.3576400" lon="-113.0096240">
    <ele>2221.0</ele>
    <time>2012-04-21T18:01:03Z</time>
   </trkpt>
   <trkpt lat="37.3575250" lon="-113.0095580">
    <ele>2220.8</ele>
    <time>2012-04-21T18:01:08Z</time>
   </trkpt>
   <trkpt lat="37.3574440" lon="-113.0095050">
    <ele>2220.5</ele>
    <time>2012-04-21T18:01:13Z</time>
   </trkpt>
   <trkpt lat="37.3573760" lon="-113.0094510">
    <ele>2220.1</ele>
    <time>2012-04-21T18:01:20Z</time>
   </trkpt>
   <trkpt lat="37.3573250" lon="-113.0094190">
    <ele>2219.5</ele>
    <time>2012-04-21T18:01:26Z</time>
   </trkpt>
   <trkpt lat="37.3572260" lon="-113.0093660">
    <ele>2217.9</ele>
    <time>2012-04-21T18:01:36Z</time>
   </trkpt>
   <trkpt lat="37.3571310" lon="-113.0093870">
    <ele>2215.9</ele>
    <time>2012-04-21T18:01:45Z</time>
   </trkpt>
   <trkpt lat="37.3570760" lon="-113.0093530">
    <ele>2214.6</ele>
    <time>2012-04-21T18:01:51Z</time>
   </trkpt>
   <trkpt lat="37.3569980" lon="-113.0092830">
    <ele>2213.1</ele>
    <time>2012-04-21T18:01:59Z</time>
   </trkpt>
   <trkpt lat="37.3569740" lon="-113.0092770">
    <ele>2212.7</ele>
    <time>2012-04-21T18:02:01Z</time>
   </trkpt>
   <trkpt lat="37.3569260" lon="-113.0092650">
    <ele>2211.9</ele>
    <time>2012-04-21T18:02:05Z</time>
   </trkpt>
   <trkpt lat="37.3568480" lon="-113.0092640">
    <ele>2210.8</ele>
    <time>2012-04-21T18:02:11Z</time>
   </trkpt>
   <trkpt lat="37.3567480" lon="-113.0092570">
    <ele>2209.5</ele>
    <time>2012-04-21T18:02:20Z</time>
   </trkpt>
   <trkpt lat="37.3567270" lon="-113.0092570">
    <ele>2209.3</ele>
    <time>2012-04-21T18:02:22Z</time>
   </trkpt>
   <trkpt lat="37.3566830" lon="-113.0092690">
    <ele>2208.9</ele>
    <time>2012-04-21T18:02:26Z</time>
   </trkpt>
   <trkpt lat="37.3565590" lon="-113.0093060">
    <ele>2208.0</ele>
    <time>2012-04-21T18:02:35Z</time>
   </trkpt>
   <trkpt lat="37.3565320" lon="-113.0093150">
    <ele>2207.8</ele>
    <time>2012-04-21T18:02:37Z</time>
   </trkpt>
   <trkpt lat="37.3564490" lon="-113.0093540">
    <ele>2207.5</ele>
    <time>2012-04-21T18:02:44Z</time>
   </trkpt>
   <trkpt lat="37.3563730" lon="-113.0093740">
    <ele>2207.3</ele>
    <time>2012-04-21T18:02:50Z</time>
   </trkpt>
   <trkpt lat="37.3562800" lon="-113.0093900">
    <ele>2207.1</ele>
    <time>2012-04-21T18:02:58Z</time>
   </trkpt>
   <trkpt lat="37.3561760" lon="-113.0094000">
    <ele>2206.8</ele>
    <time>2012-04-21T18:03:07Z</time>
   </trkpt>
   <trkpt lat="37.3561390" lon="-113.0094060">
    <ele>2206.7</ele>
    <time>2012-04-21T18:03:10Z</time>
   </trkpt>
   <trkpt lat="37.3560690" lon="-113.0094250">
    <ele>2206.4</ele>
    <time>2012-04-21T18:03:16Z</time>
   </trkpt>
   <trkpt lat="37.3560010" lon="-113.0094670">
    <ele>2206.3</ele>
    <time>2012-04-21T18:03:22Z</time>
   </trkpt>
   <trkpt lat="37.3559140" lon="-113.0094660">
    <ele>2206.2</ele>
    <time>2012-04-21T18:03:29Z</time>
   </trkpt>
   <trkpt lat="37.3559010" lon="-113.0094600">
    <ele>2206.2</ele>
    <time>2012-04-21T18:03:30Z</time>
   </trkpt>
   <trkpt lat="37.3558050" lon="-113.0094030">
    <ele>2206.1</ele>
    <time>2012-04-21T18:03:38Z</time>
   </trkpt>
   <trkpt lat="37.3557090" lon="-113.0093330">
    <ele>2206.1</ele>
    <time>2012-04-21T18:03:46Z</time>
   </trkpt>
   <trkpt lat="37.3556980" lon="-113.0093280">
    <ele>2206.1</ele>
    <time>2012-04-21T18:03:47Z</time>
   </trkpt>
   <trkpt lat="37.3555820" lon="-113.0093320">
    <ele>2206.7</ele>
    <time>2012-04-21T18:03:55Z</time>
   </trkpt>
   <trkpt lat="37.3554910" lon="-113.0093300">
    <ele>2207.2</ele>
    <time>2012-04-21T18:04:00Z</time>
   </trkpt>
   <trkpt lat="37.3553560" lon="-113.0093400">
    <ele>2208.2</ele>
    <time>2012-04-21T18:04:09Z</time>
   </trkpt>
   <trkpt lat="37.3552790" lon="-113.0093910">
    <ele>2209.1</ele>
    <time>2012-04-21T18:04:15Z</time>
   </trkpt>
   <trkpt lat="37.3552650" lon="-113.0094000">
    <ele>2209.2</ele>
    <time>2012-04-21T18:04:16Z</time>
   </trkpt>
   <trkpt lat="37.3551690" lon="-113.0094470">
    <ele>2210.0</ele>
    <time>2012-04-21T18:04:24Z</time>
   </trkpt>
   <trkpt lat="37.3550630" lon="-113.0094990">
    <ele>2210.7</ele>
    <time>2012-04-21T18:04:33Z</time>
   </trkpt>
   <trkpt lat="37.3549830" lon="-113.0095710">
    <ele>2211.6</ele>
    <time>2012-04-21T18:04:41Z</time>
   </trkpt>
   <trkpt lat="37.3549330" lon="-113.0096040">
    <ele>2212.1</ele>
    <time>2012-04-21T18:04:46Z</time>
   </trkpt>
   <trkpt lat="37.3548420" lon="-113.0096450">
    <ele>2213.0</ele>
    <time>2012-04-21T18:04:55Z</time>
   </trkpt>
   <trkpt lat="37.3547550" lon="-113.0096470">
    <ele>2213.5</ele>
    <time>2012-04-21T18:05:03Z</time>
   </trkpt>
   <trkpt lat="37.3546830" lon="-113.0096600">
    <ele>2214.1</ele>
    <time>2012-04-21T18:05:09Z</time>
   </trkpt>
   <trkpt lat="37.3546170" lon="-113.0096810">
    <ele>2214.8</ele>
    <time>2012-04-21T18:05:15Z</time>
   </trkpt>
   <trkpt lat="37.3545150" lon="-113.0097320">
    <ele>2216.1</ele>
    <time>2012-04-21T18:05:24Z</time>
   </trkpt>
   <trkpt lat="37.3544340" lon="-113.0098360">
    <ele>2218.0</ele>
    <time>2012-04-21T18:05:33Z</time>
   </trkpt>
   <trkpt lat="37.3543360" lon="-113.0099310">
    <ele>2220.3</ele>
    <time>2012-04-21T18:05:43Z</time>
   </trkpt>
   <trkpt lat="37.3542490" lon="-113.0099960">
    <ele>2221.9</ele>
    <time>2012-04-21T18:05:51Z</time>
   </trkpt>
   <trkpt lat="37.3541500" lon="-113.0100340">
    <ele>2223.0</ele>
    <time>2012-04-21T18:05:59Z</time>
   </trkpt>
   <trkpt lat="37.3540340" lon="-113.0100610">
    <ele>2224.1</ele>
    <time>2012-04-21T18:06:08Z</time>
   </trkpt>
   <trkpt lat="37.3539600" lon="-113.0100750">
    <ele>2224.6</ele>
    <time>2012-04-21T18:06:14Z</time>
   </trkpt>
   <trkpt lat="37.3538680" lon="-113.0100600">
    <ele>2225.2</ele>
    <time>2012-04-21T18:06:21Z</time>
   </trkpt>
   <trkpt lat="37.3537920" lon="-113.0100180">
    <ele>2225.5</ele>
    <time>2012-04-21T18:06:28Z</time>
   </trkpt>
   <trkpt lat="37.3536970" lon="-113.0099620">
    <ele>2225.5</ele>
    <time>2012-04-21T18:06:34Z</time>
   </trkpt>
   <trkpt lat="37.3535790" lon="-113.0098960">
    <ele>2225.5</ele>
    <time>2012-04-21T18:06:40Z</time>
   </trkpt>
   <trkpt lat="37.3534640" lon="-113.0098160">
    <ele>2225.4</ele>
    <time>2012-04-21T18:06:45Z</time>
   </trkpt>
   <trkpt lat="37.3533380" lon="-113.0096890">
    <ele>2224.8</ele>
    <time>2012-04-21T18:06:51Z</time>
   </trkpt>
   <trkpt lat="37.3532330" lon="-113.0096030">
    <ele>2224.5</ele>
    <time>2012-04-21T18:06:56Z</time>
   </trkpt>
   <trkpt lat="37.3531400" lon="-113.0095130">
    <ele>2224.1</ele>
    <time>2012-04-21T18:07:01Z</time>
   </trkpt>
   <trkpt lat="37.3530570" lon="-113.0094080">
    <ele>2223.4</ele>
    <time>2012-04-21T18:07:06Z</time>
   </trkpt>
   <trkpt lat="37.3530360" lon="-113.0093820">
    <ele>2223.3</ele>
    <time>2012-04-21T18:07:07Z</time>
   </trkpt>
   <trkpt lat="37.3529410" lon="-113.0093020">
    <ele>2222.7</ele>
    <time>2012-04-21T18:07:12Z</time>
   </trkpt>
   <trkpt lat="37.3528630" lon="-113.0091820">
    <ele>2221.7</ele>
    <time>2012-04-21T18:07:17Z</time>
   </trkpt>
   <trkpt lat="37.3527840" lon="-113.0089820">
    <ele>2220.1</ele>
    <time>2012-04-21T18:07:23Z</time>
   </trkpt>
   <trkpt lat="37.3527610" lon="-113.0087910">
    <ele>2217.9</ele>
    <time>2012-04-21T18:07:28Z</time>
   </trkpt>
   <trkpt lat="37.3527400" lon="-113.0086630">
    <ele>2216.6</ele>
    <time>2012-04-21T18:07:32Z</time>
   </trkpt>
   <trkpt lat="37.3527050" lon="-113.0085350">
    <ele>2215.6</ele>
    <time>2012-04-21T18:07:36Z</time>
   </trkpt>
   <trkpt lat="37.3526580" lon="-113.0083590">
    <ele>2214.5</ele>
    <time>2012-04-21T18:07:41Z</time>
   </trkpt>
   <trkpt lat="37.3525770" lon="-113.0081970">
    <ele>2213.8</ele>
    <time>2012-04-21T18:07:47Z</time>
   </trkpt>
   <trkpt lat="37.3525130" lon="-113.0080550">
    <ele>2213.2</ele>
    <time>2012-04-21T18:07:53Z</time>
   </trkpt>
   <trkpt lat="37.3524770" lon="-113.0079340">
    <ele>2212.6</ele>
    <time>2012-04-21T18:07:58Z</time>
   </trkpt>
   <trkpt lat="37.3524440" lon="-113.0077990">
    <ele>2211.7</ele>
    <time>2012-04-21T18:08:03Z</time>
   </trkpt>
   <trkpt lat="37.3524130" lon="-113.0076610">
    <ele>2210.8</ele>
    <time>2012-04-21T18:08:08Z</time>
   </trkpt>
   <trkpt lat="37.3523690" lon="-113.0074780">
    <ele>2209.4</ele>
    <time>2012-04-21T18:08:14Z</time>
   </trkpt>
   <trkpt lat="37.3523500" lon="-113.0074000">
    <ele>2208.9</ele>
    <time>2012-04-21T18:08:17Z</time>
   </trkpt>
   <trkpt lat="37.3523010" lon="-113.0072730">
    <ele>2208.3</ele>
    <time>2012-04-21T18:08:22Z</time>
   </trkpt>
   <trkpt lat="37.3522310" lon="-113.0071420">
    <ele>2207.9</ele>
    <time>2012-04-21T18:08:27Z</time>
   </trkpt>
   <trkpt lat="37.3521750" lon="-113.0070510">
    <ele>2207.8</ele>
    <time>2012-04-21T18:08:31Z</time>
   </trkpt>
   <trkpt lat="37.3521280" lon="-113.0069700">
    <ele>2207.7</ele>
    <time>2012-04-21T18:08:34Z</time>
   </trkpt>
   <trkpt lat="37.3520650" lon="-113.0068830">
    <ele>2207.6</ele>
    <time>2012-04-21T18:08:38Z</time>
   </trkpt>
   <trkpt lat="37.3519830" lon="-113.0068020">
    <ele>2207.5</ele>
    <time>2012-04-21T18:08:43Z</time>
   </trkpt>
   <trkpt lat="37.3518800" lon="-113.0067120">
    <ele>2207.7</ele>
    <time>2012-04-21T18:08:48Z</time>
   </trkpt>
   <trkpt lat="37.3517880" lon="-113.0065750">
    <ele>2208.0</ele>
    <time>2012-04-21T18:08:53Z</time>
   </trkpt>
   <trkpt lat="37.3517220" lon="-113.0063990">
    <ele>2208.9</ele>
    <time>2012-04-21T18:08:58Z</time>
   </trkpt>
   <trkpt lat="37.3516610" lon="-113.0062580">
    <ele>2210.3</ele>
    <time>2012-04-21T18:09:03Z</time>
   </trkpt>
   <trkpt lat="37.3516180" lon="-113.0061900">
    <ele>2211.2</ele>
    <time>2012-04-21T18:09:06Z</time>
   </trkpt>
   <trkpt lat="37.3515610" lon="-113.0061300">
    <ele>2212.0</ele>
    <time>2012-04-21T18:09:09Z</time>
   </trkpt>
   <trkpt lat="37.3514630" lon="-113.0060480">
    <ele>2213.5</ele>
    <time>2012-04-21T18:09:14Z</time>
   </trkpt>
   <trkpt lat="37.3513780" lon="-113.0059810">
    <ele>2214.7</ele>
    <time>2012-04-21T18:09:18Z</time>
   </trkpt>
   <trkpt lat="37.3513090" lon="-113.0059310">
    <ele>2215.4</ele>
    <time>2012-04-21T18:09:21Z</time>
   </trkpt>
   <trkpt lat="37.3512160" lon="-113.0058220">
    <ele>2216.7</ele>
    <time>2012-04-21T18:09:26Z</time>
   </trkpt>
   <trkpt lat="37.3511160" lon="-113.0057190">
    <ele>2217.6</ele>
    <time>2012-04-21T18:09:32Z</time>
   </trkpt>
   <trkpt lat="37.3510690" lon="-113.0056760">
    <ele>2217.9</ele>
    <time>2012-04-21T18:09:35Z</time>
   </trkpt>
   <trkpt lat="37.3509830" lon="-113.0056310">
    <ele>2217.8</ele>
    <time>2012-04-21T18:09:39Z</time>
   </trkpt>
   <trkpt lat="37.3508710" lon="-113.0055750">
    <ele>2217.7</ele>
    <time>2012-04-21T18:09:44Z</time>
   </trkpt>
   <trkpt lat="37.3507580" lon="-113.0055230">
    <ele>2217.3</ele>
    <time>2012-04-21T18:09:49Z</time>
   </trkpt>
   <trkpt lat="37.3506500" lon="-113.0054300">
    <ele>2217.4</ele>
    <time>2012-04-21T18:09:54Z</time>
   </trkpt>
   <trkpt lat="37.3505560" lon="-113.0053680">
    <ele>2216.4</ele>
    <time>2012-04-21T18:09:58Z</time>
   </trkpt>
   <trkpt lat="37.3504020" lon="-113.0053140">
    <ele>2213.8</ele>
    <time>2012-04-21T18:10:04Z</time>
   </trkpt>
   <trkpt lat="37.3502610" lon="-113.0052730">
    <ele>2211.7</ele>
    <time>2012-04-21T18:10:10Z</time>
   </trkpt>
   <trkpt lat="37.3501410" lon="-113.0052410">
    <ele>2210.1</ele>
    <time>2012-04-21T18:10:15Z</time>
   </trkpt>
   <trkpt lat="37.3500340" lon="-113.0051610">
    <ele>2209.2</ele>
    <time>2012-04-21T18:10:20Z</time>
   </trkpt>
   <trkpt lat="37.3499500" lon="-113.0050920">
    <ele>2208.9</ele>
    <time>2012-04-21T18:10:24Z</time>
   </trkpt>
   <trkpt lat="37.3497860" lon="-113.0050300">
    <ele>2209.1</ele>
    <time>2012-04-21T18:10:30Z</time>
   </trkpt>
   <trkpt lat="37.3496540" lon="-113.0050000">
    <ele>2209.6</ele>
    <time>2012-04-21T18:10:35Z</time>
   </trkpt>
   <trkpt lat="37.3495200" lon="-113.0050010">
    <ele>2210.4</ele>
    <time>2012-04-21T18:10:41Z</time>
   </trkpt>
   <trkpt lat="37.3494140" lon="-113.0050320">
    <ele>2211.3</ele>
    <time>2012-04-21T18:10:46Z</time>
   </trkpt>
   <trkpt lat="37.3493340" lon="-113.0050700">
    <ele>2212.2</ele>
    <time>2012-04-21T18:10:50Z</time>
   </trkpt>
   <trkpt lat="37.3492780" lon="-113.0051020">
    <ele>2212.8</ele>
    <time>2012-04-21T18:10:53Z</time>
   </trkpt>
   <trkpt lat="37.3491410" lon="-113.0051630">
    <ele>2214.0</ele>
    <time>2012-04-21T18:10:59Z</time>
   </trkpt>
   <trkpt lat="37.3490380" lon="-113.0052210">
    <ele>2214.8</ele>
    <time>2012-04-21T18:11:04Z</time>
   </trkpt>
   <trkpt lat="37.3489920" lon="-113.0052390">
    <ele>2215.1</ele>
    <time>2012-04-21T18:11:06Z</time>
   </trkpt>
   <trkpt lat="37.3488740" lon="-113.0053080">
    <ele>2216.0</ele>
    <time>2012-04-21T18:11:12Z</time>
   </trkpt>
   <trkpt lat="37.3487780" lon="-113.0053890">
    <ele>2217.1</ele>
    <time>2012-04-21T18:11:17Z</time>
   </trkpt>
   <trkpt lat="37.3486800" lon="-113.0054570">
    <ele>2217.9</ele>
    <time>2012-04-21T18:11:22Z</time>
   </trkpt>
   <trkpt lat="37.3485800" lon="-113.0055250">
    <ele>2218.9</ele>
    <time>2012-04-21T18:11:27Z</time>
   </trkpt>
   <trkpt lat="37.3484650" lon="-113.0056270">
    <ele>2220.1</ele>
    <time>2012-04-21T18:11:33Z</time>
   </trkpt>
   <trkpt lat="37.3483970" lon="-113.0057080">
    <ele>2220.7</ele>
    <time>2012-04-21T18:11:37Z</time>
   </trkpt>
   <trkpt lat="37.3483390" lon="-113.0057930">
    <ele>2221.1</ele>
    <time>2012-04-21T18:11:41Z</time>
   </trkpt>
   <trkpt lat="37.3482490" lon="-113.0058880">
    <ele>2221.4</ele>
    <time>2012-04-21T18:11:46Z</time>
   </trkpt>
   <trkpt lat="37.3481590" lon="-113.0059630">
    <ele>2221.4</ele>
    <time>2012-04-21T18:11:51Z</time>
   </trkpt>
   <trkpt lat="37.3480670" lon="-113.0060400">
    <ele>2221.6</ele>
    <time>2012-04-21T18:11:56Z</time>
   </trkpt>
   <trkpt lat="37.3479830" lon="-113.0060870">
    <ele>2221.6</ele>
    <time>2012-04-21T18:12:00Z</time>
   </trkpt>
   <trkpt lat="37.3478850" lon="-113.0061030">
    <ele>2221.7</ele>
    <time>2012-04-21T18:12:04Z</time>
   </trkpt>
   <trkpt lat="37.3477490" lon="-113.0060470">
    <ele>2221.2</ele>
    <time>2012-04-21T18:12:09Z</time>
   </trkpt>
   <trkpt lat="37.3476020" lon="-113.0060190">
    <ele>2220.7</ele>
    <time>2012-04-21T18:12:14Z</time>
   </trkpt>
   <trkpt lat="37.3475240" lon="-113.0060130">
    <ele>2220.6</ele>
    <time>2012-04-21T18:12:17Z</time>
   </trkpt>
   <trkpt lat="37.3473900" lon="-113.0060420">
    <ele>2220.8</ele>
    <time>2012-04-21T18:12:22Z</time>
   </trkpt>
   <trkpt lat="37.3472730" lon="-113.0060600">
    <ele>2221.2</ele>
    <time>2012-04-21T18:12:27Z</time>
   </trkpt>
   <trkpt lat="37.3471340" lon="-113.0060950">
    <ele>2221.7</ele>
    <time>2012-04-21T18:12:33Z</time>
   </trkpt>
   <trkpt lat="37.3470120" lon="-113.0061130">
    <ele>2221.8</ele>
    <time>2012-04-21T18:12:39Z</time>
   </trkpt>
   <trkpt lat="37.3469920" lon="-113.0061090">
    <ele>2221.8</ele>
    <time>2012-04-21T18:12:40Z</time>
   </trkpt>
   <trkpt lat="37.3468590" lon="-113.0060980">
    <ele>2221.5</ele>
    <time>2012-04-21T18:12:46Z</time>
   </trkpt>
   <trkpt lat="37.3467710" lon="-113.0060940">
    <ele>2221.5</ele>
    <time>2012-04-21T18:12:50Z</time>
   </trkpt>
   <trkpt lat="37.3466550" lon="-113.0060600">
    <ele>2221.3</ele>
    <time>2012-04-21T18:12:55Z</time>
   </trkpt>
   <trkpt lat="37.3465640" lon="-113.0060470">
    <ele>2221.6</ele>
    <time>2012-04-21T18:12:59Z</time>
   </trkpt>
   <trkpt lat="37.3464640" lon="-113.0060250">
    <ele>2222.1</ele>
    <time>2012-04-21T18:13:04Z</time>
   </trkpt>
   <trkpt lat="37.3463840" lon="-113.0059890">
    <ele>2222.6</ele>
    <time>2012-04-21T18:13:08Z</time>
   </trkpt>
   <trkpt lat="37.3462820" lon="-113.0059370">
    <ele>2223.7</ele>
    <time>2012-04-21T18:13:13Z</time>
   </trkpt>
   <trkpt lat="37.3461900" lon="-113.0059100">
    <ele>2224.9</ele>
    <time>2012-04-21T18:13:17Z</time>
   </trkpt>
   <trkpt lat="37.3460900" lon="-113.0058860">
    <ele>2226.1</ele>
    <time>2012-04-21T18:13:22Z</time>
   </trkpt>
   <trkpt lat="37.3460000" lon="-113.0058570">
    <ele>2227.3</ele>
    <time>2012-04-21T18:13:27Z</time>
   </trkpt>
   <trkpt lat="37.3459510" lon="-113.0058320">
    <ele>2227.9</ele>
    <time>2012-04-21T18:13:30Z</time>
   </trkpt>
   <trkpt lat="37.3458720" lon="-113.0057930">
    <ele>2228.8</ele>
    <time>2012-04-21T18:13:37Z</time>
   </trkpt>
   <trkpt lat="37.3457990" lon="-113.0057730">
    <ele>2229.8</ele>
    <time>2012-04-21T18:13:43Z</time>
   </trkpt>
   <trkpt lat="37.3456890" lon="-113.0057700">
    <ele>2231.3</ele>
    <time>2012-04-21T18:13:52Z</time>
   </trkpt>
   <trkpt lat="37.3455640" lon="-113.0057180">
    <ele>2232.8</ele>
    <time>2012-04-21T18:14:03Z</time>
   </trkpt>
   <trkpt lat="37.3454830" lon="-113.0056780">
    <ele>2233.7</ele>
    <time>2012-04-21T18:14:10Z</time>
   </trkpt>
   <trkpt lat="37.3453570" lon="-113.0056510">
    <ele>2234.9</ele>
    <time>2012-04-21T18:14:21Z</time>
   </trkpt>
   <trkpt lat="37.3452400" lon="-113.0055980">
    <ele>2235.6</ele>
    <time>2012-04-21T18:14:30Z</time>
   </trkpt>
   <trkpt lat="37.3451600" lon="-113.0055570">
    <ele>2235.9</ele>
    <time>2012-04-21T18:14:36Z</time>
   </trkpt>
   <trkpt lat="37.3450830" lon="-113.0055130">
    <ele>2235.9</ele>
    <time>2012-04-21T18:14:41Z</time>
   </trkpt>
   <trkpt lat="37.3449880" lon="-113.0054130">
    <ele>2235.5</ele>
    <time>2012-04-21T18:14:47Z</time>
   </trkpt>
   <trkpt lat="37.3449790" lon="-113.0053880">
    <ele>2235.5</ele>
    <time>2012-04-21T18:14:48Z</time>
   </trkpt>
   <trkpt lat="37.3449330" lon="-113.0052170">
    <ele>2235.0</ele>
    <time>2012-04-21T18:14:54Z</time>
   </trkpt>
   <trkpt lat="37.3448720" lon="-113.0050520">
    <ele>2233.9</ele>
    <time>2012-04-21T18:15:00Z</time>
   </trkpt>
   <trkpt lat="37.3447980" lon="-113.0049450">
    <ele>2232.9</ele>
    <time>2012-04-21T18:15:05Z</time>
   </trkpt>
   <trkpt lat="37.3447210" lon="-113.0048730">
    <ele>2231.9</ele>
    <time>2012-04-21T18:15:09Z</time>
   </trkpt>
   <trkpt lat="37.3446330" lon="-113.0048170">
    <ele>2230.8</ele>
    <time>2012-04-21T18:15:14Z</time>
   </trkpt>
   <trkpt lat="37.3445430" lon="-113.0047730">
    <ele>2229.6</ele>
    <time>2012-04-21T18:15:19Z</time>
   </trkpt>
   <trkpt lat="37.3444330" lon="-113.0047040">
    <ele>2228.0</ele>
    <time>2012-04-21T18:15:24Z</time>
   </trkpt>
   <trkpt lat="37.3443580" lon="-113.0045890">
    <ele>2227.2</ele>
    <time>2012-04-21T18:15:29Z</time>
   </trkpt>
   <trkpt lat="37.3443260" lon="-113.0045430">
    <ele>2226.8</ele>
    <time>2012-04-21T18:15:31Z</time>
   </trkpt>
   <trkpt lat="37.3442800" lon="-113.0045020">
    <ele>2226.2</ele>
    <time>2012-04-21T18:15:33Z</time>
   </trkpt>
   <trkpt lat="37.3441360" lon="-113.0044570">
    <ele>2225.4</ele>
    <time>2012-04-21T18:15:40Z</time>
   </trkpt>
   <trkpt lat="37.3440220" lon="-113.0044300">
    <ele>2224.8</ele>
    <time>2012-04-21T18:15:45Z</time>
   </trkpt>
   <trkpt lat="37.3439020" lon="-113.0044070">
    <ele>2224.6</ele>
    <time>2012-04-21T18:15:51Z</time>
   </trkpt>
   <trkpt lat="37.3438070" lon="-113.0043760">
    <ele>2224.7</ele>
    <time>2012-04-21T18:15:56Z</time>
   </trkpt>
   <trkpt lat="37.3436910" lon="-113.0043340">
    <ele>2225.3</ele>
    <time>2012-04-21T18:16:02Z</time>
   </trkpt>
   <trkpt lat="37.3435800" lon="-113.0042780">
    <ele>2226.1</ele>
    <time>2012-04-21T18:16:08Z</time>
   </trkpt>
   <trkpt lat="37.3435030" lon="-113.0042110">
    <ele>2226.9</ele>
    <time>2012-04-21T18:16:13Z</time>
   </trkpt>
   <trkpt lat="37.3434290" lon="-113.0041230">
    <ele>2227.8</ele>
    <time>2012-04-21T18:16:18Z</time>
   </trkpt>
   <trkpt lat="37.3433630" lon="-113.0040450">
    <ele>2228.5</ele>
    <time>2012-04-21T18:16:23Z</time>
   </trkpt>
   <trkpt lat="37.3432970" lon="-113.0039520">
    <ele>2229.1</ele>
    <time>2012-04-21T18:16:28Z</time>
   </trkpt>
   <trkpt lat="37.3432190" lon="-113.0038560">
    <ele>2229.8</ele>
    <time>2012-04-21T18:16:33Z</time>
   </trkpt>
   <trkpt lat="37.3431440" lon="-113.0037750">
    <ele>2230.4</ele>
    <time>2012-04-21T18:16:38Z</time>
   </trkpt>
   <trkpt lat="37.3430650" lon="-113.0036910">
    <ele>2230.9</ele>
    <time>2012-04-21T18:16:43Z</time>
   </trkpt>
   <trkpt lat="37.3429570" lon="-113.0035700">
    <ele>2231.4</ele>
    <time>2012-04-21T18:16:49Z</time>
   </trkpt>
   <trkpt lat="37.3428640" lon="-113.0034810">
    <ele>2231.6</ele>
    <time>2012-04-21T18:16:54Z</time>
   </trkpt>
   <trkpt lat="37.3427760" lon="-113.0034050">
    <ele>2231.6</ele>
    <time>2012-04-21T18:16:59Z</time>
   </trkpt>
   <trkpt lat="37.3426760" lon="-113.0033430">
    <ele>2231.3</ele>
    <time>2012-04-21T18:17:04Z</time>
   </trkpt>
   <trkpt lat="37.3426430" lon="-113.0033120">
    <ele>2231.2</ele>
    <time>2012-04-21T18:17:06Z</time>
   </trkpt>
   <trkpt lat="37.3425870" lon="-113.0032290">
    <ele>2231.0</ele>
    <time>2012-04-21T18:17:10Z</time>
   </trkpt>
   <trkpt lat="37.3425040" lon="-113.0030930">
    <ele>2230.7</ele>
    <time>2012-04-21T18:17:16Z</time>
   </trkpt>
   <trkpt lat="37.3424130" lon="-113.0029430">
    <ele>2230.1</ele>
    <time>2012-04-21T18:17:22Z</time>
   </trkpt>
   <trkpt lat="37.3423000" lon="-113.0028320">
    <ele>2229.5</ele>
    <time>2012-04-21T18:17:28Z</time>
   </trkpt>
   <trkpt lat="37.3421870" lon="-113.0027740">
    <ele>2229.2</ele>
    <time>2012-04-21T18:17:34Z</time>
   </trkpt>
   <trkpt lat="37.3420860" lon="-113.0027100">
    <ele>2229.0</ele>
    <time>2012-04-21T18:17:39Z</time>
   </trkpt>
   <trkpt lat="37.3419720" lon="-113.0026290">
    <ele>2228.4</ele>
    <time>2012-04-21T18:17:44Z</time>
   </trkpt>
   <trkpt lat="37.3418450" lon="-113.0026230">
    <ele>2229.0</ele>
    <time>2012-04-21T18:17:49Z</time>
   </trkpt>
   <trkpt lat="37.3417470" lon="-113.0026090">
    <ele>2229.3</ele>
    <time>2012-04-21T18:17:53Z</time>
   </trkpt>
   <trkpt lat="37.3416010" lon="-113.0025860">
    <ele>2229.6</ele>
    <time>2012-04-21T18:17:59Z</time>
   </trkpt>
   <trkpt lat="37.3415070" lon="-113.0025820">
    <ele>2229.8</ele>
    <time>2012-04-21T18:18:03Z</time>
   </trkpt>
   <trkpt lat="37.3413500" lon="-113.0025260">
    <ele>2229.2</ele>
    <time>2012-04-21T18:18:10Z</time>
   </trkpt>
   <trkpt lat="37.3413320" lon="-113.0025090">
    <ele>2229.0</ele>
    <time>2012-04-21T18:18:11Z</time>
   </trkpt>
   <trkpt lat="37.3412050" lon="-113.0024420">
    <ele>2227.6</ele>
    <time>2012-04-21T18:18:17Z</time>
   </trkpt>
   <trkpt lat="37.3410770" lon="-113.0024090">
    <ele>2226.3</ele>
    <time>2012-04-21T18:18:23Z</time>
   </trkpt>
   <trkpt lat="37.3409650" lon="-113.0024160">
    <ele>2225.1</ele>
    <time>2012-04-21T18:18:28Z</time>
   </trkpt>
   <trkpt lat="37.3408100" lon="-113.0024400">
    <ele>2223.2</ele>
    <time>2012-04-21T18:18:34Z</time>
   </trkpt>
   <trkpt lat="37.3406980" lon="-113.0025080">
    <ele>2222.2</ele>
    <time>2012-04-21T18:18:39Z</time>
   </trkpt>
   <trkpt lat="37.3405610" lon="-113.0026180">
    <ele>2221.0</ele>
    <time>2012-04-21T18:18:45Z</time>
   </trkpt>
   <trkpt lat="37.3404800" lon="-113.0027550">
    <ele>2220.9</ele>
    <time>2012-04-21T18:18:50Z</time>
   </trkpt>
   <trkpt lat="37.3404000" lon="-113.0028550">
    <ele>2220.9</ele>
    <time>2012-04-21T18:18:55Z</time>
   </trkpt>
   <trkpt lat="37.3403220" lon="-113.0029010">
    <ele>2220.6</ele>
    <time>2012-04-21T18:18:59Z</time>
   </trkpt>
   <trkpt lat="37.3401990" lon="-113.0029340">
    <ele>2220.2</ele>
    <time>2012-04-21T18:19:04Z</time>
   </trkpt>
   <trkpt lat="37.3400990" lon="-113.0030040">
    <ele>2220.4</ele>
    <time>2012-04-21T18:19:09Z</time>
   </trkpt>
   <trkpt lat="37.3399970" lon="-113.0030980">
    <ele>2221.0</ele>
    <time>2012-04-21T18:19:14Z</time>
   </trkpt>
   <trkpt lat="37.3398540" lon="-113.0032140">
    <ele>2222.0</ele>
    <time>2012-04-21T18:19:20Z</time>
   </trkpt>
   <trkpt lat="37.3397530" lon="-113.0032420">
    <ele>2222.5</ele>
    <time>2012-04-21T18:19:24Z</time>
   </trkpt>
   <trkpt lat="37.3396340" lon="-113.0032060">
    <ele>2222.1</ele>
    <time>2012-04-21T18:19:29Z</time>
   </trkpt>
   <trkpt lat="37.3395120" lon="-113.0031670">
    <ele>2222.0</ele>
    <time>2012-04-21T18:19:34Z</time>
   </trkpt>
   <trkpt lat="37.3393860" lon="-113.0031320">
    <ele>2222.4</ele>
    <time>2012-04-21T18:19:40Z</time>
   </trkpt>
   <trkpt lat="37.3392560" lon="-113.0031370">
    <ele>2223.7</ele>
    <time>2012-04-21T18:19:46Z</time>
   </trkpt>
   <trkpt lat="37.3391360" lon="-113.0031370">
    <ele>2224.5</ele>
    <time>2012-04-21T18:19:51Z</time>
   </trkpt>
   <trkpt lat="37.3390510" lon="-113.0031250">
    <ele>2224.9</ele>
    <time>2012-04-21T18:19:55Z</time>
   </trkpt>
   <trkpt lat="37.3389680" lon="-113.0030850">
    <ele>2224.7</ele>
    <time>2012-04-21T18:19:59Z</time>
   </trkpt>
   <trkpt lat="37.3388540" lon="-113.0030330">
    <ele>2224.1</ele>
    <time>2012-04-21T18:20:04Z</time>
   </trkpt>
   <trkpt lat="37.3387350" lon="-113.0029770">
    <ele>2222.8</ele>
    <time>2012-04-21T18:20:09Z</time>
   </trkpt>
   <trkpt lat="37.3385800" lon="-113.0029380">
    <ele>2222.1</ele>
    <time>2012-04-21T18:20:15Z</time>
   </trkpt>
   <trkpt lat="37.3384050" lon="-113.0029110">
    <ele>2221.1</ele>
    <time>2012-04-21T18:20:22Z</time>
   </trkpt>
   <trkpt lat="37.3383170" lon="-113.0028740">
    <ele>2220.6</ele>
    <time>2012-04-21T18:20:26Z</time>
   </trkpt>
   <trkpt lat="37.3382390" lon="-113.0027450">
    <ele>2220.5</ele>
    <time>2012-04-21T18:20:31Z</time>
   </trkpt>
   <trkpt lat="37.3381270" lon="-113.0026410">
    <ele>2220.1</ele>
    <time>2012-04-21T18:20:36Z</time>
   </trkpt>
   <trkpt lat="37.3380200" lon="-113.0026050">
    <ele>2218.9</ele>
    <time>2012-04-21T18:20:40Z</time>
   </trkpt>
   <trkpt lat="37.3379130" lon="-113.0025790">
    <ele>2215.7</ele>
    <time>2012-04-21T18:20:44Z</time>
   </trkpt>
   <trkpt lat="37.3377740" lon="-113.0025380">
    <ele>2212.4</ele>
    <time>2012-04-21T18:20:49Z</time>
   </trkpt>
   <trkpt lat="37.3376170" lon="-113.0024980">
    <ele>2210.2</ele>
    <time>2012-04-21T18:20:55Z</time>
   </trkpt>
   <trkpt lat="37.3374630" lon="-113.0024670">
    <ele>2208.8</ele>
    <time>2012-04-21T18:21:01Z</time>
   </trkpt>
   <trkpt lat="37.3373340" lon="-113.0024370">
    <ele>2208.0</ele>
    <time>2012-04-21T18:21:06Z</time>
   </trkpt>
   <trkpt lat="37.3371980" lon="-113.0024090">
    <ele>2207.6</ele>
    <time>2012-04-21T18:21:11Z</time>
   </trkpt>
   <trkpt lat="37.3370660" lon="-113.0023970">
    <ele>2207.4</ele>
    <time>2012-04-21T18:21:16Z</time>
   </trkpt>
   <trkpt lat="37.3369110" lon="-113.0023450">
    <ele>2206.6</ele>
    <time>2012-04-21T18:21:22Z</time>
   </trkpt>
   <trkpt lat="37.3367980" lon="-113.0022590">
    <ele>2205.7</ele>
    <time>2012-04-21T18:21:27Z</time>
   </trkpt>
   <trkpt lat="37.3367030" lon="-113.0021550">
    <ele>2204.6</ele>
    <time>2012-04-21T18:21:32Z</time>
   </trkpt>
   <trkpt lat="37.3366210" lon="-113.0020840">
    <ele>2203.9</ele>
    <time>2012-04-21T18:21:36Z</time>
   </trkpt>
   <trkpt lat="37.3364960" lon="-113.0020210">
    <ele>2203.3</ele>
    <time>2012-04-21T18:21:41Z</time>
   </trkpt>
   <trkpt lat="37.3363790" lon="-113.0019480">
    <ele>2202.5</ele>
    <time>2012-04-21T18:21:46Z</time>
   </trkpt>
   <trkpt lat="37.3362620" lon="-113.0018630">
    <ele>2201.5</ele>
    <time>2012-04-21T18:21:51Z</time>
   </trkpt>
   <trkpt lat="37.3361300" lon="-113.0017830">
    <ele>2200.4</ele>
    <time>2012-04-21T18:21:56Z</time>
   </trkpt>
   <trkpt lat="37.3360210" lon="-113.0017270">
    <ele>2199.8</ele>
    <time>2012-04-21T18:22:00Z</time>
   </trkpt>
   <trkpt lat="37.3358780" lon="-113.0016660">
    <ele>2199.2</ele>
    <time>2012-04-21T18:22:05Z</time>
   </trkpt>
   <trkpt lat="37.3357640" lon="-113.0015630">
    <ele>2198.7</ele>
    <time>2012-04-21T18:22:10Z</time>
   </trkpt>
   <trkpt lat="37.3356420" lon="-113.0014740">
    <ele>2198.5</ele>
    <time>2012-04-21T18:22:15Z</time>
   </trkpt>
   <trkpt lat="37.3355210" lon="-113.0013500">
    <ele>2198.5</ele>
    <time>2012-04-21T18:22:20Z</time>
   </trkpt>
   <trkpt lat="37.3354410" lon="-113.0012230">
    <ele>2198.7</ele>
    <time>2012-04-21T18:22:25Z</time>
   </trkpt>
   <trkpt lat="37.3353530" lon="-113.0010770">
    <ele>2199.6</ele>
    <time>2012-04-21T18:22:31Z</time>
   </trkpt>
   <trkpt lat="37.3353050" lon="-113.0009750">
    <ele>2200.5</ele>
    <time>2012-04-21T18:22:35Z</time>
   </trkpt>
   <trkpt lat="37.3352620" lon="-113.0008080">
    <ele>2201.3</ele>
    <time>2012-04-21T18:22:40Z</time>
   </trkpt>
   <trkpt lat="37.3352340" lon="-113.0006510">
    <ele>2201.2</ele>
    <time>2012-04-21T18:22:45Z</time>
   </trkpt>
   <trkpt lat="37.3351900" lon="-113.0004380">
    <ele>2200.2</ele>
    <time>2012-04-21T18:22:52Z</time>
   </trkpt>
   <trkpt lat="37.3351600" lon="-113.0003270">
    <ele>2199.9</ele>
    <time>2012-04-21T18:22:56Z</time>
   </trkpt>
   <trkpt lat="37.3351200" lon="-113.0002250">
    <ele>2199.7</ele>
    <time>2012-04-21T18:23:00Z</time>
   </trkpt>
   <trkpt lat="37.3350660" lon="-113.0000890">
    <ele>2199.8</ele>
    <time>2012-04-21T18:23:05Z</time>
   </trkpt>
   <trkpt lat="37.3350310" lon="-112.9999870">
    <ele>2200.1</ele>
    <time>2012-04-21T18:23:12Z</time>
   </trkpt>
   <trkpt lat="37.3350260" lon="-112.9999080">
    <ele>2200.4</ele>
    <time>2012-04-21T18:23:17Z</time>
   </trkpt>
   <trkpt lat="37.3350180" lon="-112.9998450">
    <ele>2200.6</ele>
    <time>2012-04-21T18:23:21Z</time>
   </trkpt>
   <trkpt lat="37.3350220" lon="-112.9998150">
    <ele>2200.7</ele>
    <time>2012-04-21T18:23:23Z</time>
   </trkpt>
   <trkpt lat="37.3350220" lon="-112.9996270">
    <ele>2201.2</ele>
    <time>2012-04-21T18:23:34Z</time>
   </trkpt>
   <trkpt lat="37.3349820" lon="-112.9994840">
    <ele>2201.0</ele>
    <time>2012-04-21T18:23:43Z</time>
   </trkpt>
   <trkpt lat="37.3349280" lon="-112.9993680">
    <ele>2200.9</ele>
    <time>2012-04-21T18:23:51Z</time>
   </trkpt>
   <trkpt lat="37.3348660" lon="-112.9992620">
    <ele>2200.9</ele>
    <time>2012-04-21T18:24:00Z</time>
   </trkpt>
   <trkpt lat="37.3348190" lon="-112.9991970">
    <ele>2200.9</ele>
    <time>2012-04-21T18:24:06Z</time>
   </trkpt>
   <trkpt lat="37.3347480" lon="-112.9991040">
    <ele>2201.1</ele>
    <time>2012-04-21T18:24:15Z</time>
   </trkpt>
   <trkpt lat="37.3346480" lon="-112.9990100">
    <ele>2201.3</ele>
    <time>2012-04-21T18:24:26Z</time>
   </trkpt>
   <trkpt lat="37.3345750" lon="-112.9989390">
    <ele>2201.5</ele>
    <time>2012-04-21T18:24:34Z</time>
   </trkpt>
   <trkpt lat="37.3345670" lon="-112.9989240">
    <ele>2201.5</ele>
    <time>2012-04-21T18:24:35Z</time>
   </trkpt>
   <trkpt lat="37.3344810" lon="-112.9988270">
    <ele>2201.7</ele>
    <time>2012-04-21T18:24:44Z</time>
   </trkpt>
   <trkpt lat="37.3344320" lon="-112.9987710">
    <ele>2201.6</ele>
    <time>2012-04-21T18:24:49Z</time>
   </trkpt>
   <trkpt lat="37.3343540" lon="-112.9986610">
    <ele>2201.5</ele>
    <time>2012-04-21T18:24:58Z</time>
   </trkpt>
   <trkpt lat="37.3342950" lon="-112.9985620">
    <ele>2201.3</ele>
    <time>2012-04-21T18:25:05Z</time>
   </trkpt>
   <trkpt lat="37.3342720" lon="-112.9984180">
    <ele>2201.4</ele>
    <time>2012-04-21T18:25:10Z</time>
   </trkpt>
   <trkpt lat="37.3342620" lon="-112.9982990">
    <ele>2201.5</ele>
    <time>2012-04-21T18:25:14Z</time>
   </trkpt>
   <trkpt lat="37.3342320" lon="-112.9981680">
    <ele>2201.5</ele>
    <time>2012-04-21T18:25:18Z</time>
   </trkpt>
   <trkpt lat="37.3342050" lon="-112.9980430">
    <ele>2201.4</ele>
    <time>2012-04-21T18:25:22Z</time>
   </trkpt>
   <trkpt lat="37.3341830" lon="-112.9979240">
    <ele>2201.5</ele>
    <time>2012-04-21T18:25:26Z</time>
   </trkpt>
   <trkpt lat="37.3340910" lon="-112.9977620">
    <ele>2201.3</ele>
    <time>2012-04-21T18:25:32Z</time>
   </trkpt>
   <trkpt lat="37.3339810" lon="-112.9976390">
    <ele>2201.3</ele>
    <time>2012-04-21T18:25:38Z</time>
   </trkpt>
   <trkpt lat="37.3339590" lon="-112.9976230">
    <ele>2201.3</ele>
    <time>2012-04-21T18:25:39Z</time>
   </trkpt>
   <trkpt lat="37.3338840" lon="-112.9975570">
    <ele>2201.5</ele>
    <time>2012-04-21T18:25:43Z</time>
   </trkpt>
   <trkpt lat="37.3338070" lon="-112.9975340">
    <ele>2201.6</ele>
    <time>2012-04-21T18:25:47Z</time>
   </trkpt>
   <trkpt lat="37.3336700" lon="-112.9975070">
    <ele>2201.9</ele>
    <time>2012-04-21T18:25:53Z</time>
   </trkpt>
   <trkpt lat="37.3335390" lon="-112.9974710">
    <ele>2202.1</ele>
    <time>2012-04-21T18:25:59Z</time>
   </trkpt>
   <trkpt lat="37.3334940" lon="-112.9974620">
    <ele>2202.2</ele>
    <time>2012-04-21T18:26:01Z</time>
   </trkpt>
   <trkpt lat="37.3333890" lon="-112.9973540">
    <ele>2202.5</ele>
    <time>2012-04-21T18:26:07Z</time>
   </trkpt>
   <trkpt lat="37.3332920" lon="-112.9972550">
    <ele>2202.1</ele>
    <time>2012-04-21T18:26:12Z</time>
   </trkpt>
   <trkpt lat="37.3332340" lon="-112.9971970">
    <ele>2201.6</ele>
    <time>2012-04-21T18:26:15Z</time>
   </trkpt>
   <trkpt lat="37.3332280" lon="-112.9970420">
    <ele>2199.6</ele>
    <time>2012-04-21T18:26:20Z</time>
   </trkpt>
   <trkpt lat="37.3332250" lon="-112.9968680">
    <ele>2196.9</ele>
    <time>2012-04-21T18:26:25Z</time>
   </trkpt>
   <trkpt lat="37.3331670" lon="-112.9967550">
    <ele>2195.8</ele>
    <time>2012-04-21T18:26:29Z</time>
   </trkpt>
   <trkpt lat="37.3331130" lon="-112.9967000">
    <ele>2195.3</ele>
    <time>2012-04-21T18:26:32Z</time>
   </trkpt>
   <trkpt lat="37.3330480" lon="-112.9965960">
    <ele>2194.9</ele>
    <time>2012-04-21T18:26:36Z</time>
   </trkpt>
   <trkpt lat="37.3329680" lon="-112.9965160">
    <ele>2194.2</ele>
    <time>2012-04-21T18:26:40Z</time>
   </trkpt>
   <trkpt lat="37.3328510" lon="-112.9963680">
    <ele>2193.3</ele>
    <time>2012-04-21T18:26:46Z</time>
   </trkpt>
   <trkpt lat="37.3327330" lon="-112.9962890">
    <ele>2192.4</ele>
    <time>2012-04-21T18:26:51Z</time>
   </trkpt>
   <trkpt lat="37.3326330" lon="-112.9962440">
    <ele>2191.2</ele>
    <time>2012-04-21T18:26:55Z</time>
   </trkpt>
   <trkpt lat="37.3325220" lon="-112.9961320">
    <ele>2190.0</ele>
    <time>2012-04-21T18:27:00Z</time>
   </trkpt>
   <trkpt lat="37.3323960" lon="-112.9959890">
    <ele>2187.8</ele>
    <time>2012-04-21T18:27:06Z</time>
   </trkpt>
   <trkpt lat="37.3323140" lon="-112.9959020">
    <ele>2185.5</ele>
    <time>2012-04-21T18:27:10Z</time>
   </trkpt>
   <trkpt lat="37.3322250" lon="-112.9958110">
    <ele>2181.8</ele>
    <time>2012-04-21T18:27:14Z</time>
   </trkpt>
   <trkpt lat="37.3321730" lon="-112.9957880">
    <ele>2179.0</ele>
    <time>2012-04-21T18:27:16Z</time>
   </trkpt>
   <trkpt lat="37.3320850" lon="-112.9957170">
    <ele>2174.1</ele>
    <time>2012-04-21T18:27:20Z</time>
   </trkpt>
   <trkpt lat="37.3319560" lon="-112.9956050">
    <ele>2170.3</ele>
    <time>2012-04-21T18:27:26Z</time>
   </trkpt>
   <trkpt lat="37.3319190" lon="-112.9955680">
    <ele>2170.0</ele>
    <time>2012-04-21T18:27:28Z</time>
   </trkpt>
   <trkpt lat="37.3318750" lon="-112.9955410">
    <ele>2169.7</ele>
    <time>2012-04-21T18:27:30Z</time>
   </trkpt>
   <trkpt lat="37.3317730" lon="-112.9955490">
    <ele>2169.0</ele>
    <time>2012-04-21T18:27:34Z</time>
   </trkpt>
   <trkpt lat="37.3317260" lon="-112.9955620">
    <ele>2168.8</ele>
    <time>2012-04-21T18:27:36Z</time>
   </trkpt>
   <trkpt lat="37.3316010" lon="-112.9956630">
    <ele>2168.2</ele>
    <time>2012-04-21T18:27:42Z</time>
   </trkpt>
   <trkpt lat="37.3315100" lon="-112.9956820">
    <ele>2167.8</ele>
    <time>2012-04-21T18:27:46Z</time>
   </trkpt>
   <trkpt lat="37.3313680" lon="-112.9956900">
    <ele>2166.9</ele>
    <time>2012-04-21T18:27:52Z</time>
   </trkpt>
   <trkpt lat="37.3312330" lon="-112.9956460">
    <ele>2165.9</ele>
    <time>2012-04-21T18:27:58Z</time>
   </trkpt>
   <trkpt lat="37.3311240" lon="-112.9955900">
    <ele>2164.8</ele>
    <time>2012-04-21T18:28:03Z</time>
   </trkpt>
   <trkpt lat="37.3310760" lon="-112.9955830">
    <ele>2164.3</ele>
    <time>2012-04-21T18:28:05Z</time>
   </trkpt>
   <trkpt lat="37.3309680" lon="-112.9956560">
    <ele>2162.9</ele>
    <time>2012-04-21T18:28:10Z</time>
   </trkpt>
   <trkpt lat="37.3308840" lon="-112.9957000">
    <ele>2161.4</ele>
    <time>2012-04-21T18:28:14Z</time>
   </trkpt>
   <trkpt lat="37.3308300" lon="-112.9957150">
    <ele>2160.5</ele>
    <time>2012-04-21T18:28:16Z</time>
   </trkpt>
   <trkpt lat="37.3306830" lon="-112.9957750">
    <ele>2157.5</ele>
    <time>2012-04-21T18:28:22Z</time>
   </trkpt>
   <trkpt lat="37.3305850" lon="-112.9958440">
    <ele>2154.4</ele>
    <time>2012-04-21T18:28:26Z</time>
   </trkpt>
   <trkpt lat="37.3304700" lon="-112.9959200">
    <ele>2150.9</ele>
    <time>2012-04-21T18:28:31Z</time>
   </trkpt>
   <trkpt lat="37.3304440" lon="-112.9959390">
    <ele>2150.2</ele>
    <time>2012-04-21T18:28:32Z</time>
   </trkpt>
   <trkpt lat="37.3303050" lon="-112.9960610">
    <ele>2146.9</ele>
    <time>2012-04-21T18:28:39Z</time>
   </trkpt>
   <trkpt lat="37.3301990" lon="-112.9961670">
    <ele>2145.8</ele>
    <time>2012-04-21T18:28:45Z</time>
   </trkpt>
   <trkpt lat="37.3300780" lon="-112.9962280">
    <ele>2145.6</ele>
    <time>2012-04-21T18:28:50Z</time>
   </trkpt>
   <trkpt lat="37.3299620" lon="-112.9963020">
    <ele>2145.2</ele>
    <time>2012-04-21T18:28:55Z</time>
   </trkpt>
   <trkpt lat="37.3298770" lon="-112.9963930">
    <ele>2144.7</ele>
    <time>2012-04-21T18:29:00Z</time>
   </trkpt>
   <trkpt lat="37.3297500" lon="-112.9964860">
    <ele>2143.8</ele>
    <time>2012-04-21T18:29:06Z</time>
   </trkpt>
   <trkpt lat="37.3296300" lon="-112.9965480">
    <ele>2142.9</ele>
    <time>2012-04-21T18:29:11Z</time>
   </trkpt>
   <trkpt lat="37.3294410" lon="-112.9966620">
    <ele>2141.4</ele>
    <time>2012-04-21T18:29:19Z</time>
   </trkpt>
   <trkpt lat="37.3293380" lon="-112.9966930">
    <ele>2140.5</ele>
    <time>2012-04-21T18:29:23Z</time>
   </trkpt>
   <trkpt lat="37.3292110" lon="-112.9967440">
    <ele>2139.2</ele>
    <time>2012-04-21T18:29:28Z</time>
   </trkpt>
   <trkpt lat="37.3290980" lon="-112.9967820">
    <ele>2137.8</ele>
    <time>2012-04-21T18:29:33Z</time>
   </trkpt>
   <trkpt lat="37.3290020" lon="-112.9968360">
    <ele>2136.3</ele>
    <time>2012-04-21T18:29:37Z</time>
   </trkpt>
   <trkpt lat="37.3288530" lon="-112.9969110">
    <ele>2133.4</ele>
    <time>2012-04-21T18:29:43Z</time>
   </trkpt>
   <trkpt lat="37.3287290" lon="-112.9969330">
    <ele>2130.3</ele>
    <time>2012-04-21T18:29:48Z</time>
   </trkpt>
   <trkpt lat="37.3285750" lon="-112.9968770">
    <ele>2128.4</ele>
    <time>2012-04-21T18:29:54Z</time>
   </trkpt>
   <trkpt lat="37.3284170" lon="-112.9968510">
    <ele>2126.8</ele>
    <time>2012-04-21T18:30:00Z</time>
   </trkpt>
   <trkpt lat="37.3282590" lon="-112.9968140">
    <ele>2125.6</ele>
    <time>2012-04-21T18:30:06Z</time>
   </trkpt>
   <trkpt lat="37.3281600" lon="-112.9967780">
    <ele>2124.7</ele>
    <time>2012-04-21T18:30:10Z</time>
   </trkpt>
   <trkpt lat="37.3280380" lon="-112.9967500">
    <ele>2122.8</ele>
    <time>2012-04-21T18:30:15Z</time>
   </trkpt>
   <trkpt lat="37.3279210" lon="-112.9967360">
    <ele>2120.9</ele>
    <time>2012-04-21T18:30:20Z</time>
   </trkpt>
   <trkpt lat="37.3278930" lon="-112.9967300">
    <ele>2120.6</ele>
    <time>2012-04-21T18:30:21Z</time>
   </trkpt>
   <trkpt lat="37.3277440" lon="-112.9966870">
    <ele>2118.8</ele>
    <time>2012-04-21T18:30:28Z</time>
   </trkpt>
   <trkpt lat="37.3276340" lon="-112.9967150">
    <ele>2117.1</ele>
    <time>2012-04-21T18:30:33Z</time>
   </trkpt>
   <trkpt lat="37.3275880" lon="-112.9967400">
    <ele>2116.4</ele>
    <time>2012-04-21T18:30:35Z</time>
   </trkpt>
   <trkpt lat="37.3275110" lon="-112.9967590">
    <ele>2115.8</ele>
    <time>2012-04-21T18:30:38Z</time>
   </trkpt>
   <trkpt lat="37.3273970" lon="-112.9967060">
    <ele>2115.2</ele>
    <time>2012-04-21T18:30:43Z</time>
   </trkpt>
   <trkpt lat="37.3273100" lon="-112.9965660">
    <ele>2115.3</ele>
    <time>2012-04-21T18:30:48Z</time>
   </trkpt>
   <trkpt lat="37.3272500" lon="-112.9964510">
    <ele>2115.4</ele>
    <time>2012-04-21T18:30:52Z</time>
   </trkpt>
   <trkpt lat="37.3271790" lon="-112.9963400">
    <ele>2115.5</ele>
    <time>2012-04-21T18:30:56Z</time>
   </trkpt>
   <trkpt lat="37.3270490" lon="-112.9962290">
    <ele>2115.0</ele>
    <time>2012-04-21T18:31:02Z</time>
   </trkpt>
   <trkpt lat="37.3269820" lon="-112.9961840">
    <ele>2114.6</ele>
    <time>2012-04-21T18:31:05Z</time>
   </trkpt>
   <trkpt lat="37.3268880" lon="-112.9960770">
    <ele>2114.0</ele>
    <time>2012-04-21T18:31:10Z</time>
   </trkpt>
   <trkpt lat="37.3267880" lon="-112.9959620">
    <ele>2113.2</ele>
    <time>2012-04-21T18:31:15Z</time>
   </trkpt>
   <trkpt lat="37.3267090" lon="-112.9958760">
    <ele>2112.6</ele>
    <time>2012-04-21T18:31:19Z</time>
   </trkpt>
   <trkpt lat="37.3266200" lon="-112.9958290">
    <ele>2111.9</ele>
    <time>2012-04-21T18:31:23Z</time>
   </trkpt>
   <trkpt lat="37.3264980" lon="-112.9957650">
    <ele>2111.3</ele>
    <time>2012-04-21T18:31:28Z</time>
   </trkpt>
   <trkpt lat="37.3263720" lon="-112.9956970">
    <ele>2110.7</ele>
    <time>2012-04-21T18:31:33Z</time>
   </trkpt>
   <trkpt lat="37.3262410" lon="-112.9956240">
    <ele>2110.3</ele>
    <time>2012-04-21T18:31:38Z</time>
   </trkpt>
   <trkpt lat="37.3261170" lon="-112.9955620">
    <ele>2110.0</ele>
    <time>2012-04-21T18:31:43Z</time>
   </trkpt>
   <trkpt lat="37.3260450" lon="-112.9955220">
    <ele>2109.7</ele>
    <time>2012-04-21T18:31:46Z</time>
   </trkpt>
   <trkpt lat="37.3259440" lon="-112.9954680">
    <ele>2109.3</ele>
    <time>2012-04-21T18:31:50Z</time>
   </trkpt>
   <trkpt lat="37.3258260" lon="-112.9954130">
    <ele>2108.8</ele>
    <time>2012-04-21T18:31:55Z</time>
   </trkpt>
   <trkpt lat="37.3257190" lon="-112.9952780">
    <ele>2107.9</ele>
    <time>2012-04-21T18:32:01Z</time>
   </trkpt>
   <trkpt lat="37.3256800" lon="-112.9951580">
    <ele>2107.3</ele>
    <time>2012-04-21T18:32:05Z</time>
   </trkpt>
   <trkpt lat="37.3256260" lon="-112.9949810">
    <ele>2107.0</ele>
    <time>2012-04-21T18:32:11Z</time>
   </trkpt>
   <trkpt lat="37.3255580" lon="-112.9948450">
    <ele>2106.7</ele>
    <time>2012-04-21T18:32:16Z</time>
   </trkpt>
   <trkpt lat="37.3254920" lon="-112.9947100">
    <ele>2106.6</ele>
    <time>2012-04-21T18:32:21Z</time>
   </trkpt>
   <trkpt lat="37.3254100" lon="-112.9945820">
    <ele>2106.5</ele>
    <time>2012-04-21T18:32:26Z</time>
   </trkpt>
   <trkpt lat="37.3253930" lon="-112.9945590">
    <ele>2106.4</ele>
    <time>2012-04-21T18:32:27Z</time>
   </trkpt>
   <trkpt lat="37.3253280" lon="-112.9944490">
    <ele>2106.2</ele>
    <time>2012-04-21T18:32:31Z</time>
   </trkpt>
   <trkpt lat="37.3252280" lon="-112.9943030">
    <ele>2105.8</ele>
    <time>2012-04-21T18:32:37Z</time>
   </trkpt>
   <trkpt lat="37.3251500" lon="-112.9941770">
    <ele>2105.3</ele>
    <time>2012-04-21T18:32:42Z</time>
   </trkpt>
   <trkpt lat="37.3250700" lon="-112.9940550">
    <ele>2104.4</ele>
    <time>2012-04-21T18:32:47Z</time>
   </trkpt>
   <trkpt lat="37.3249790" lon="-112.9939170">
    <ele>2103.2</ele>
    <time>2012-04-21T18:32:53Z</time>
   </trkpt>
   <trkpt lat="37.3249070" lon="-112.9937900">
    <ele>2102.0</ele>
    <time>2012-04-21T18:32:58Z</time>
   </trkpt>
   <trkpt lat="37.3248340" lon="-112.9936740">
    <ele>2100.5</ele>
    <time>2012-04-21T18:33:03Z</time>
   </trkpt>
   <trkpt lat="37.3247750" lon="-112.9935350">
    <ele>2099.3</ele>
    <time>2012-04-21T18:33:08Z</time>
   </trkpt>
   <trkpt lat="37.3246850" lon="-112.9934200">
    <ele>2097.7</ele>
    <time>2012-04-21T18:33:13Z</time>
   </trkpt>
   <trkpt lat="37.3245950" lon="-112.9932640">
    <ele>2097.0</ele>
    <time>2012-04-21T18:33:19Z</time>
   </trkpt>
   <trkpt lat="37.3245160" lon="-112.9931480">
    <ele>2096.5</ele>
    <time>2012-04-21T18:33:24Z</time>
   </trkpt>
   <trkpt lat="37.3244470" lon="-112.9930060">
    <ele>2095.9</ele>
    <time>2012-04-21T18:33:29Z</time>
   </trkpt>
   <trkpt lat="37.3243660" lon="-112.9928850">
    <ele>2095.0</ele>
    <time>2012-04-21T18:33:34Z</time>
   </trkpt>
   <trkpt lat="37.3242640" lon="-112.9927400">
    <ele>2093.8</ele>
    <time>2012-04-21T18:33:40Z</time>
   </trkpt>
   <trkpt lat="37.3241780" lon="-112.9926180">
    <ele>2093.0</ele>
    <time>2012-04-21T18:33:45Z</time>
   </trkpt>
   <trkpt lat="37.3240920" lon="-112.9924940">
    <ele>2092.2</ele>
    <time>2012-04-21T18:33:50Z</time>
   </trkpt>
   <trkpt lat="37.3240080" lon="-112.9923650">
    <ele>2091.5</ele>
    <time>2012-04-21T18:33:55Z</time>
   </trkpt>
   <trkpt lat="37.3239300" lon="-112.9922340">
    <ele>2091.0</ele>
    <time>2012-04-21T18:34:00Z</time>
   </trkpt>
   <trkpt lat="37.3238500" lon="-112.9921020">
    <ele>2090.5</ele>
    <time>2012-04-21T18:34:05Z</time>
   </trkpt>
   <trkpt lat="37.3237730" lon="-112.9919580">
    <ele>2090.1</ele>
    <time>2012-04-21T18:34:10Z</time>
   </trkpt>
   <trkpt lat="37.3236850" lon="-112.9918460">
    <ele>2089.4</ele>
    <time>2012-04-21T18:34:15Z</time>
   </trkpt>
   <trkpt lat="37.3236060" lon="-112.9917230">
    <ele>2088.7</ele>
    <time>2012-04-21T18:34:20Z</time>
   </trkpt>
   <trkpt lat="37.3235130" lon="-112.9916260">
    <ele>2087.8</ele>
    <time>2012-04-21T18:34:25Z</time>
   </trkpt>
   <trkpt lat="37.3234920" lon="-112.9916080">
    <ele>2087.6</ele>
    <time>2012-04-21T18:34:26Z</time>
   </trkpt>
   <trkpt lat="37.3234660" lon="-112.9915660">
    <ele>2087.3</ele>
    <time>2012-04-21T18:34:28Z</time>
   </trkpt>
   <trkpt lat="37.3233950" lon="-112.9914450">
    <ele>2086.6</ele>
    <time>2012-04-21T18:34:33Z</time>
   </trkpt>
   <trkpt lat="37.3233250" lon="-112.9913580">
    <ele>2085.8</ele>
    <time>2012-04-21T18:34:37Z</time>
   </trkpt>
   <trkpt lat="37.3231910" lon="-112.9912890">
    <ele>2084.1</ele>
    <time>2012-04-21T18:34:43Z</time>
   </trkpt>
   <trkpt lat="37.3230940" lon="-112.9911940">
    <ele>2082.9</ele>
    <time>2012-04-21T18:34:48Z</time>
   </trkpt>
   <trkpt lat="37.3230180" lon="-112.9910550">
    <ele>2082.1</ele>
    <time>2012-04-21T18:34:53Z</time>
   </trkpt>
   <trkpt lat="37.3230050" lon="-112.9910260">
    <ele>2082.0</ele>
    <time>2012-04-21T18:34:54Z</time>
   </trkpt>
   <trkpt lat="37.3229170" lon="-112.9909050">
    <ele>2081.2</ele>
    <time>2012-04-21T18:34:59Z</time>
   </trkpt>
   <trkpt lat="37.3228160" lon="-112.9907790">
    <ele>2080.7</ele>
    <time>2012-04-21T18:35:05Z</time>
   </trkpt>
   <trkpt lat="37.3227810" lon="-112.9907380">
    <ele>2080.6</ele>
    <time>2012-04-21T18:35:07Z</time>
   </trkpt>
   <trkpt lat="37.3227320" lon="-112.9906400">
    <ele>2079.8</ele>
    <time>2012-04-21T18:35:11Z</time>
   </trkpt>
   <trkpt lat="37.3226980" lon="-112.9905870">
    <ele>2079.8</ele>
    <time>2012-04-21T18:35:13Z</time>
   </trkpt>
   <trkpt lat="37.3226430" lon="-112.9905280">
    <ele>2079.6</ele>
    <time>2012-04-21T18:35:16Z</time>
   </trkpt>
   <trkpt lat="37.3225940" lon="-112.9903940">
    <ele>2079.1</ele>
    <time>2012-04-21T18:35:21Z</time>
   </trkpt>
   <trkpt lat="37.3225280" lon="-112.9903470">
    <ele>2079.1</ele>
    <time>2012-04-21T18:35:25Z</time>
   </trkpt>
   <trkpt lat="37.3224330" lon="-112.9902820">
    <ele>2079.6</ele>
    <time>2012-04-21T18:35:31Z</time>
   </trkpt>
   <trkpt lat="37.3223640" lon="-112.9901830">
    <ele>2079.4</ele>
    <time>2012-04-21T18:35:36Z</time>
   </trkpt>
   <trkpt lat="37.3223260" lon="-112.9900880">
    <ele>2078.9</ele>
    <time>2012-04-21T18:35:40Z</time>
   </trkpt>
   <trkpt lat="37.3222620" lon="-112.9900100">
    <ele>2078.9</ele>
    <time>2012-04-21T18:35:44Z</time>
   </trkpt>
   <trkpt lat="37.3221820" lon="-112.9898710">
    <ele>2078.4</ele>
    <time>2012-04-21T18:35:50Z</time>
   </trkpt>
   <trkpt lat="37.3221060" lon="-112.9897010">
    <ele>2077.1</ele>
    <time>2012-04-21T18:35:56Z</time>
   </trkpt>
   <trkpt lat="37.3220030" lon="-112.9896100">
    <ele>2076.6</ele>
    <time>2012-04-21T18:36:01Z</time>
   </trkpt>
   <trkpt lat="37.3218990" lon="-112.9895270">
    <ele>2075.5</ele>
    <time>2012-04-21T18:36:06Z</time>
   </trkpt>
   <trkpt lat="37.3217960" lon="-112.9894510">
    <ele>2074.3</ele>
    <time>2012-04-21T18:36:11Z</time>
   </trkpt>
   <trkpt lat="37.3216970" lon="-112.9893650">
    <ele>2073.7</ele>
    <time>2012-04-21T18:36:16Z</time>
   </trkpt>
   <trkpt lat="37.3215940" lon="-112.9892990">
    <ele>2073.6</ele>
    <time>2012-04-21T18:36:21Z</time>
   </trkpt>
   <trkpt lat="37.3214830" lon="-112.9892510">
    <ele>2073.7</ele>
    <time>2012-04-21T18:36:26Z</time>
   </trkpt>
   <trkpt lat="37.3213590" lon="-112.9892010">
    <ele>2073.8</ele>
    <time>2012-04-21T18:36:32Z</time>
   </trkpt>
   <trkpt lat="37.3212540" lon="-112.9891510">
    <ele>2073.8</ele>
    <time>2012-04-21T18:36:37Z</time>
   </trkpt>
   <trkpt lat="37.3211720" lon="-112.9890930">
    <ele>2073.7</ele>
    <time>2012-04-21T18:36:41Z</time>
   </trkpt>
   <trkpt lat="37.3210630" lon="-112.9890730">
    <ele>2074.1</ele>
    <time>2012-04-21T18:36:47Z</time>
   </trkpt>
   <trkpt lat="37.3210010" lon="-112.9890800">
    <ele>2074.4</ele>
    <time>2012-04-21T18:36:53Z</time>
   </trkpt>
   <trkpt lat="37.3209690" lon="-112.9890790">
    <ele>2074.5</ele>
    <time>2012-04-21T18:36:59Z</time>
   </trkpt>
   <trkpt lat="37.3209040" lon="-112.9891040">
    <ele>2074.9</ele>
    <time>2012-04-21T18:37:05Z</time>
   </trkpt>
   <trkpt lat="37.3208080" lon="-112.9891760">
    <ele>2075.7</ele>
    <time>2012-04-21T18:37:14Z</time>
   </trkpt>
   <trkpt lat="37.3207310" lon="-112.9892280">
    <ele>2076.3</ele>
    <time>2012-04-21T18:37:21Z</time>
   </trkpt>
   <trkpt lat="37.3206490" lon="-112.9892840">
    <ele>2076.9</ele>
    <time>2012-04-21T18:37:28Z</time>
   </trkpt>
   <trkpt lat="37.3205690" lon="-112.9893420">
    <ele>2077.3</ele>
    <time>2012-04-21T18:37:35Z</time>
   </trkpt>
   <trkpt lat="37.3204890" lon="-112.9893940">
    <ele>2077.6</ele>
    <time>2012-04-21T18:37:41Z</time>
   </trkpt>
   <trkpt lat="37.3204380" lon="-112.9894320">
    <ele>2077.9</ele>
    <time>2012-04-21T18:37:45Z</time>
   </trkpt>
   <trkpt lat="37.3203920" lon="-112.9894800">
    <ele>2078.2</ele>
    <time>2012-04-21T18:37:51Z</time>
   </trkpt>
   <trkpt lat="37.3203820" lon="-112.9894910">
    <ele>2078.2</ele>
    <time>2012-04-21T18:37:52Z</time>
   </trkpt>
   <trkpt lat="37.3203330" lon="-112.9895370">
    <ele>2078.4</ele>
    <time>2012-04-21T18:37:56Z</time>
   </trkpt>
   <trkpt lat="37.3202670" lon="-112.9895920">
    <ele>2078.6</ele>
    <time>2012-04-21T18:38:00Z</time>
   </trkpt>
   <trkpt lat="37.3201820" lon="-112.9896690">
    <ele>2078.7</ele>
    <time>2012-04-21T18:38:05Z</time>
   </trkpt>
   <trkpt lat="37.3201540" lon="-112.9897230">
    <ele>2078.8</ele>
    <time>2012-04-21T18:38:08Z</time>
   </trkpt>
   <trkpt lat="37.3200850" lon="-112.9898700">
    <ele>2079.2</ele>
    <time>2012-04-21T18:38:15Z</time>
   </trkpt>
   <trkpt lat="37.3200340" lon="-112.9900090">
    <ele>2079.7</ele>
    <time>2012-04-21T18:38:21Z</time>
   </trkpt>
   <trkpt lat="37.3199920" lon="-112.9901700">
    <ele>2080.4</ele>
    <time>2012-04-21T18:38:28Z</time>
   </trkpt>
   <trkpt lat="37.3199540" lon="-112.9903120">
    <ele>2081.1</ele>
    <time>2012-04-21T18:38:34Z</time>
   </trkpt>
   <trkpt lat="37.3199510" lon="-112.9903320">
    <ele>2081.2</ele>
    <time>2012-04-21T18:38:35Z</time>
   </trkpt>
   <trkpt lat="37.3199210" lon="-112.9904560">
    <ele>2081.8</ele>
    <time>2012-04-21T18:38:41Z</time>
   </trkpt>
   <trkpt lat="37.3199040" lon="-112.9905970">
    <ele>2082.6</ele>
    <time>2012-04-21T18:38:47Z</time>
   </trkpt>
   <trkpt lat="37.3198650" lon="-112.9906370">
    <ele>2082.4</ele>
    <time>2012-04-21T18:38:49Z</time>
   </trkpt>
   <trkpt lat="37.3197310" lon="-112.9906610">
    <ele>2081.2</ele>
    <time>2012-04-21T18:38:55Z</time>
   </trkpt>
   <trkpt lat="37.3196170" lon="-112.9907010">
    <ele>2080.3</ele>
    <time>2012-04-21T18:39:00Z</time>
   </trkpt>
   <trkpt lat="37.3195190" lon="-112.9907900">
    <ele>2080.0</ele>
    <time>2012-04-21T18:39:05Z</time>
   </trkpt>
   <trkpt lat="37.3194480" lon="-112.9909220">
    <ele>2081.1</ele>
    <time>2012-04-21T18:39:11Z</time>
   </trkpt>
   <trkpt lat="37.3193680" lon="-112.9910440">
    <ele>2082.7</ele>
    <time>2012-04-21T18:39:17Z</time>
   </trkpt>
   <trkpt lat="37.3193550" lon="-112.9910570">
    <ele>2082.9</ele>
    <time>2012-04-21T18:39:18Z</time>
   </trkpt>
   <trkpt lat="37.3192860" lon="-112.9910940">
    <ele>2084.0</ele>
    <time>2012-04-21T18:39:22Z</time>
   </trkpt>
   <trkpt lat="37.3192600" lon="-112.9911220">
    <ele>2084.5</ele>
    <time>2012-04-21T18:39:24Z</time>
   </trkpt>
   <trkpt lat="37.3191990" lon="-112.9911670">
    <ele>2085.6</ele>
    <time>2012-04-21T18:39:28Z</time>
   </trkpt>
   <trkpt lat="37.3191250" lon="-112.9912080">
    <ele>2087.0</ele>
    <time>2012-04-21T18:39:33Z</time>
   </trkpt>
   <trkpt lat="37.3190610" lon="-112.9912640">
    <ele>2088.3</ele>
    <time>2012-04-21T18:39:38Z</time>
   </trkpt>
   <trkpt lat="37.3190170" lon="-112.9913530">
    <ele>2089.5</ele>
    <time>2012-04-21T18:39:46Z</time>
   </trkpt>
   <trkpt lat="37.3189630" lon="-112.9914170">
    <ele>2090.7</ele>
    <time>2012-04-21T18:39:55Z</time>
   </trkpt>
   <trkpt lat="37.3189050" lon="-112.9914480">
    <ele>2091.9</ele>
    <time>2012-04-21T18:40:04Z</time>
   </trkpt>
   <trkpt lat="37.3188570" lon="-112.9915090">
    <ele>2093.1</ele>
    <time>2012-04-21T18:40:13Z</time>
   </trkpt>
   <trkpt lat="37.3188000" lon="-112.9915610">
    <ele>2094.5</ele>
    <time>2012-04-21T18:40:20Z</time>
   </trkpt>
   <trkpt lat="37.3187770" lon="-112.9915620">
    <ele>2094.9</ele>
    <time>2012-04-21T18:40:22Z</time>
   </trkpt>
   <trkpt lat="37.3187280" lon="-112.9915620">
    <ele>2095.8</ele>
    <time>2012-04-21T18:40:27Z</time>
   </trkpt>
   <trkpt lat="37.3186660" lon="-112.9915580">
    <ele>2096.8</ele>
    <time>2012-04-21T18:40:32Z</time>
   </trkpt>
   <trkpt lat="37.3186160" lon="-112.9915290">
    <ele>2097.4</ele>
    <time>2012-04-21T18:40:37Z</time>
   </trkpt>
   <trkpt lat="37.3185530" lon="-112.9915180">
    <ele>2098.5</ele>
    <time>2012-04-21T18:40:45Z</time>
   </trkpt>
   <trkpt lat="37.3184980" lon="-112.9915130">
    <ele>2099.9</ele>
    <time>2012-04-21T18:40:52Z</time>
   </trkpt>
   <trkpt lat="37.3184470" lon="-112.9915000">
    <ele>2101.1</ele>
    <time>2012-04-21T18:40:58Z</time>
   </trkpt>
   <trkpt lat="37.3184000" lon="-112.9914930">
    <ele>2102.4</ele>
    <time>2012-04-21T18:41:05Z</time>
   </trkpt>
   <trkpt lat="37.3183410" lon="-112.9915010">
    <ele>2104.3</ele>
    <time>2012-04-21T18:41:12Z</time>
   </trkpt>
   <trkpt lat="37.3182790" lon="-112.9914860">
    <ele>2106.1</ele>
    <time>2012-04-21T18:41:18Z</time>
   </trkpt>
   <trkpt lat="37.3182290" lon="-112.9914520">
    <ele>2107.6</ele>
    <time>2012-04-21T18:41:25Z</time>
   </trkpt>
   <trkpt lat="37.3181850" lon="-112.9914550">
    <ele>2109.2</ele>
    <time>2012-04-21T18:41:30Z</time>
   </trkpt>
   <trkpt lat="37.3181460" lon="-112.9914500">
    <ele>2110.6</ele>
    <time>2012-04-21T18:41:35Z</time>
   </trkpt>
   <trkpt lat="37.3180840" lon="-112.9914490">
    <ele>2112.9</ele>
    <time>2012-04-21T18:41:42Z</time>
   </trkpt>
   <trkpt lat="37.3180460" lon="-112.9913950">
    <ele>2114.0</ele>
    <time>2012-04-21T18:41:49Z</time>
   </trkpt>
   <trkpt lat="37.3180140" lon="-112.9913120">
    <ele>2115.1</ele>
    <time>2012-04-21T18:41:56Z</time>
   </trkpt>
   <trkpt lat="37.3180040" lon="-112.9912920">
    <ele>2115.4</ele>
    <time>2012-04-21T18:41:58Z</time>
   </trkpt>
   <trkpt lat="37.3179560" lon="-112.9912050">
    <ele>2117.2</ele>
    <time>2012-04-21T18:42:09Z</time>
   </trkpt>
   <trkpt lat="37.3179360" lon="-112.9911780">
    <ele>2117.9</ele>
    <time>2012-04-21T18:42:15Z</time>
   </trkpt>
   <trkpt lat="37.3178960" lon="-112.9910900">
    <ele>2119.7</ele>
    <time>2012-04-21T18:42:24Z</time>
   </trkpt>
   <trkpt lat="37.3178480" lon="-112.9910300">
    <ele>2121.7</ele>
    <time>2012-04-21T18:42:31Z</time>
   </trkpt>
   <trkpt lat="37.3178190" lon="-112.9909690">
    <ele>2122.9</ele>
    <time>2012-04-21T18:42:38Z</time>
   </trkpt>
   <trkpt lat="37.3177800" lon="-112.9908980">
    <ele>2124.3</ele>
    <time>2012-04-21T18:42:45Z</time>
   </trkpt>
   <trkpt lat="37.3177400" lon="-112.9908110">
    <ele>2125.9</ele>
    <time>2012-04-21T18:42:53Z</time>
   </trkpt>
   <trkpt lat="37.3177140" lon="-112.9907720">
    <ele>2127.0</ele>
    <time>2012-04-21T18:42:59Z</time>
   </trkpt>
   <trkpt lat="37.3176980" lon="-112.9907420">
    <ele>2127.6</ele>
    <time>2012-04-21T18:43:05Z</time>
   </trkpt>
   <trkpt lat="37.3176510" lon="-112.9907130">
    <ele>2129.8</ele>
    <time>2012-04-21T18:43:12Z</time>
   </trkpt>
   <trkpt lat="37.3176230" lon="-112.9906540">
    <ele>2131.0</ele>
    <time>2012-04-21T18:43:17Z</time>
   </trkpt>
   <trkpt lat="37.3176020" lon="-112.9905890">
    <ele>2131.9</ele>
    <time>2012-04-21T18:43:23Z</time>
   </trkpt>
   <trkpt lat="37.3175790" lon="-112.9905470">
    <ele>2133.0</ele>
    <time>2012-04-21T18:43:29Z</time>
   </trkpt>
   <trkpt lat="37.3175520" lon="-112.9904920">
    <ele>2134.3</ele>
    <time>2012-04-21T18:43:35Z</time>
   </trkpt>
   <trkpt lat="37.3175380" lon="-112.9904330">
    <ele>2135.0</ele>
    <time>2012-04-21T18:43:39Z</time>
   </trkpt>
   <trkpt lat="37.3175220" lon="-112.9903690">
    <ele>2135.9</ele>
    <time>2012-04-21T18:43:46Z</time>
   </trkpt>
   <trkpt lat="37.3175160" lon="-112.9903130">
    <ele>2136.5</ele>
    <time>2012-04-21T18:43:52Z</time>
   </trkpt>
   <trkpt lat="37.3175040" lon="-112.9902410">
    <ele>2137.5</ele>
    <time>2012-04-21T18:44:01Z</time>
   </trkpt>
   <trkpt lat="37.3175050" lon="-112.9901960">
    <ele>2137.8</ele>
    <time>2012-04-21T18:44:07Z</time>
   </trkpt>
   <trkpt lat="37.3175260" lon="-112.9901000">
    <ele>2137.4</ele>
    <time>2012-04-21T18:44:15Z</time>
   </trkpt>
   <trkpt lat="37.3175320" lon="-112.9900620">
    <ele>2137.3</ele>
    <time>2012-04-21T18:44:18Z</time>
   </trkpt>
   <trkpt lat="37.3175420" lon="-112.9900060">
    <ele>2137.2</ele>
    <time>2012-04-21T18:44:22Z</time>
   </trkpt>
   <trkpt lat="37.3175500" lon="-112.9899340">
    <ele>2137.2</ele>
    <time>2012-04-21T18:44:28Z</time>
   </trkpt>
   <trkpt lat="37.3175490" lon="-112.9898310">
    <ele>2138.0</ele>
    <time>2012-04-21T18:44:36Z</time>
   </trkpt>
   <trkpt lat="37.3175550" lon="-112.9898050">
    <ele>2137.8</ele>
    <time>2012-04-21T18:44:38Z</time>
   </trkpt>
   <trkpt lat="37.3175790" lon="-112.9897190">
    <ele>2137.2</ele>
    <time>2012-04-21T18:44:45Z</time>
   </trkpt>
   <trkpt lat="37.3175690" lon="-112.9896090">
    <ele>2138.7</ele>
    <time>2012-04-21T18:44:53Z</time>
   </trkpt>
   <trkpt lat="37.3175520" lon="-112.9895460">
    <ele>2140.3</ele>
    <time>2012-04-21T18:44:58Z</time>
   </trkpt>
   <trkpt lat="37.3175220" lon="-112.9894910">
    <ele>2142.5</ele>
    <time>2012-04-21T18:45:05Z</time>
   </trkpt>
   <trkpt lat="37.3174630" lon="-112.9894310">
    <ele>2146.2</ele>
    <time>2012-04-21T18:45:14Z</time>
   </trkpt>
   <trkpt lat="37.3173910" lon="-112.9894420">
    <ele>2148.4</ele>
    <time>2012-04-21T18:45:22Z</time>
   </trkpt>
   <trkpt lat="37.3173310" lon="-112.9894920">
    <ele>2149.6</ele>
    <time>2012-04-21T18:45:29Z</time>
   </trkpt>
   <trkpt lat="37.3172940" lon="-112.9895180">
    <ele>2150.3</ele>
    <time>2012-04-21T18:45:33Z</time>
   </trkpt>
   <trkpt lat="37.3172470" lon="-112.9895380">
    <ele>2151.0</ele>
    <time>2012-04-21T18:45:38Z</time>
   </trkpt>
   <trkpt lat="37.3171520" lon="-112.9895270">
    <ele>2152.4</ele>
    <time>2012-04-21T18:45:47Z</time>
   </trkpt>
   <trkpt lat="37.3170700" lon="-112.9894780">
    <ele>2152.8</ele>
    <time>2012-04-21T18:45:55Z</time>
   </trkpt>
   <trkpt lat="37.3170590" lon="-112.9894780">
    <ele>2152.9</ele>
    <time>2012-04-21T18:45:56Z</time>
   </trkpt>
   <trkpt lat="37.3170210" lon="-112.9894880">
    <ele>2153.2</ele>
    <time>2012-04-21T18:46:00Z</time>
   </trkpt>
   <trkpt lat="37.3169350" lon="-112.9894890">
    <ele>2153.9</ele>
    <time>2012-04-21T18:46:06Z</time>
   </trkpt>
   <trkpt lat="37.3168390" lon="-112.9895150">
    <ele>2154.2</ele>
    <time>2012-04-21T18:46:12Z</time>
   </trkpt>
   <trkpt lat="37.3167280" lon="-112.9896000">
    <ele>2154.7</ele>
    <time>2012-04-21T18:46:19Z</time>
   </trkpt>
   <trkpt lat="37.3166790" lon="-112.9896500">
    <ele>2155.0</ele>
    <time>2012-04-21T18:46:23Z</time>
   </trkpt>
   <trkpt lat="37.3166140" lon="-112.9897210">
    <ele>2155.6</ele>
    <time>2012-04-21T18:46:28Z</time>
   </trkpt>
   <trkpt lat="37.3165620" lon="-112.9897970">
    <ele>2156.1</ele>
    <time>2012-04-21T18:46:33Z</time>
   </trkpt>
   <trkpt lat="37.3164810" lon="-112.9899010">
    <ele>2157.1</ele>
    <time>2012-04-21T18:46:40Z</time>
   </trkpt>
   <trkpt lat="37.3164480" lon="-112.9899530">
    <ele>2157.6</ele>
    <time>2012-04-21T18:46:43Z</time>
   </trkpt>
   <trkpt lat="37.3163850" lon="-112.9900470">
    <ele>2158.6</ele>
    <time>2012-04-21T18:46:49Z</time>
   </trkpt>
   <trkpt lat="37.3163300" lon="-112.9901230">
    <ele>2159.3</ele>
    <time>2012-04-21T18:46:54Z</time>
   </trkpt>
   <trkpt lat="37.3162830" lon="-112.9902050">
    <ele>2160.3</ele>
    <time>2012-04-21T18:46:59Z</time>
   </trkpt>
   <trkpt lat="37.3162180" lon="-112.9902770">
    <ele>2160.9</ele>
    <time>2012-04-21T18:47:05Z</time>
   </trkpt>
   <trkpt lat="37.3161440" lon="-112.9903210">
    <ele>2160.9</ele>
    <time>2012-04-21T18:47:11Z</time>
   </trkpt>
   <trkpt lat="37.3160970" lon="-112.9903400">
    <ele>2160.8</ele>
    <time>2012-04-21T18:47:15Z</time>
   </trkpt>
   <trkpt lat="37.3160140" lon="-112.9904270">
    <ele>2161.8</ele>
    <time>2012-04-21T18:47:24Z</time>
   </trkpt>
   <trkpt lat="37.3159590" lon="-112.9905180">
    <ele>2162.9</ele>
    <time>2012-04-21T18:47:31Z</time>
   </trkpt>
   <trkpt lat="37.3159270" lon="-112.9906010">
    <ele>2164.2</ele>
    <time>2012-04-21T18:47:37Z</time>
   </trkpt>
   <trkpt lat="37.3158990" lon="-112.9906810">
    <ele>2165.3</ele>
    <time>2012-04-21T18:47:43Z</time>
   </trkpt>
   <trkpt lat="37.3158610" lon="-112.9907870">
    <ele>2166.6</ele>
    <time>2012-04-21T18:47:50Z</time>
   </trkpt>
   <trkpt lat="37.3158090" lon="-112.9908670">
    <ele>2167.5</ele>
    <time>2012-04-21T18:47:57Z</time>
   </trkpt>
   <trkpt lat="37.3157870" lon="-112.9908980">
    <ele>2167.8</ele>
    <time>2012-04-21T18:48:00Z</time>
   </trkpt>
   <trkpt lat="37.3156960" lon="-112.9909710">
    <ele>2168.5</ele>
    <time>2012-04-21T18:48:06Z</time>
   </trkpt>
   <trkpt lat="37.3156500" lon="-112.9910880">
    <ele>2169.9</ele>
    <time>2012-04-21T18:48:13Z</time>
   </trkpt>
   <trkpt lat="37.3156130" lon="-112.9911950">
    <ele>2171.2</ele>
    <time>2012-04-21T18:48:18Z</time>
   </trkpt>
   <trkpt lat="37.3155730" lon="-112.9912290">
    <ele>2171.7</ele>
    <time>2012-04-21T18:48:21Z</time>
   </trkpt>
   <trkpt lat="37.3155120" lon="-112.9913370">
    <ele>2173.5</ele>
    <time>2012-04-21T18:48:27Z</time>
   </trkpt>
   <trkpt lat="37.3154890" lon="-112.9913840">
    <ele>2174.2</ele>
    <time>2012-04-21T18:48:30Z</time>
   </trkpt>
   <trkpt lat="37.3154480" lon="-112.9914190">
    <ele>2174.7</ele>
    <time>2012-04-21T18:48:34Z</time>
   </trkpt>
   <trkpt lat="37.3153890" lon="-112.9914480">
    <ele>2175.1</ele>
    <time>2012-04-21T18:48:38Z</time>
   </trkpt>
   <trkpt lat="37.3153590" lon="-112.9914750">
    <ele>2175.5</ele>
    <time>2012-04-21T18:48:40Z</time>
   </trkpt>
   <trkpt lat="37.3153180" lon="-112.9915190">
    <ele>2176.3</ele>
    <time>2012-04-21T18:48:45Z</time>
   </trkpt>
   <trkpt lat="37.3153070" lon="-112.9915480">
    <ele>2177.0</ele>
    <time>2012-04-21T18:48:48Z</time>
   </trkpt>
   <trkpt lat="37.3152920" lon="-112.9916260">
    <ele>2178.9</ele>
    <time>2012-04-21T18:48:55Z</time>
   </trkpt>
   <trkpt lat="37.3152580" lon="-112.9916740">
    <ele>2180.1</ele>
    <time>2012-04-21T18:49:00Z</time>
   </trkpt>
   <trkpt lat="37.3152110" lon="-112.9917410">
    <ele>2182.0</ele>
    <time>2012-04-21T18:49:07Z</time>
   </trkpt>
   <trkpt lat="37.3151580" lon="-112.9918100">
    <ele>2184.0</ele>
    <time>2012-04-21T18:49:14Z</time>
   </trkpt>
   <trkpt lat="37.3150840" lon="-112.9918690">
    <ele>2185.7</ele>
    <time>2012-04-21T18:49:23Z</time>
   </trkpt>
   <trkpt lat="37.3150390" lon="-112.9919080">
    <ele>2186.8</ele>
    <time>2012-04-21T18:49:31Z</time>
   </trkpt>
   <trkpt lat="37.3149790" lon="-112.9919000">
    <ele>2187.3</ele>
    <time>2012-04-21T18:49:39Z</time>
   </trkpt>
   <trkpt lat="37.3149200" lon="-112.9918640">
    <ele>2187.6</ele>
    <time>2012-04-21T18:49:47Z</time>
   </trkpt>
   <trkpt lat="37.3148570" lon="-112.9918460">
    <ele>2188.2</ele>
    <time>2012-04-21T18:49:56Z</time>
   </trkpt>
   <trkpt lat="37.3148130" lon="-112.9917780">
    <ele>2188.2</ele>
    <time>2012-04-21T18:50:04Z</time>
   </trkpt>
   <trkpt lat="37.3147930" lon="-112.9917310">
    <ele>2188.1</ele>
    <time>2012-04-21T18:50:09Z</time>
   </trkpt>
   <trkpt lat="37.3147630" lon="-112.9916790">
    <ele>2188.3</ele>
    <time>2012-04-21T18:50:15Z</time>
   </trkpt>
   <trkpt lat="37.3147110" lon="-112.9916270">
    <ele>2189.0</ele>
    <time>2012-04-21T18:50:22Z</time>
   </trkpt>
   <trkpt lat="37.3146550" lon="-112.9915940">
    <ele>2190.0</ele>
    <time>2012-04-21T18:50:29Z</time>
   </trkpt>
   <trkpt lat="37.3146070" lon="-112.9915470">
    <ele>2190.8</ele>
    <time>2012-04-21T18:50:36Z</time>
   </trkpt>
   <trkpt lat="37.3145710" lon="-112.9914920">
    <ele>2191.5</ele>
    <time>2012-04-21T18:50:41Z</time>
   </trkpt>
   <trkpt lat="37.3144920" lon="-112.9914340">
    <ele>2193.3</ele>
    <time>2012-04-21T18:50:50Z</time>
   </trkpt>
   <trkpt lat="37.3144470" lon="-112.9913800">
    <ele>2194.3</ele>
    <time>2012-04-21T18:50:56Z</time>
   </trkpt>
   <trkpt lat="37.3144040" lon="-112.9913570">
    <ele>2195.3</ele>
    <time>2012-04-21T18:51:00Z</time>
   </trkpt>
   <trkpt lat="37.3143240" lon="-112.9912860">
    <ele>2197.1</ele>
    <time>2012-04-21T18:51:08Z</time>
   </trkpt>
   <trkpt lat="37.3142830" lon="-112.9912450">
    <ele>2198.0</ele>
    <time>2012-04-21T18:51:14Z</time>
   </trkpt>
   <trkpt lat="37.3142180" lon="-112.9911960">
    <ele>2199.1</ele>
    <time>2012-04-21T18:51:23Z</time>
   </trkpt>
   <trkpt lat="37.3141550" lon="-112.9911360">
    <ele>2199.9</ele>
    <time>2012-04-21T18:51:32Z</time>
   </trkpt>
   <trkpt lat="37.3141140" lon="-112.9910810">
    <ele>2200.3</ele>
    <time>2012-04-21T18:51:39Z</time>
   </trkpt>
   <trkpt lat="37.3140700" lon="-112.9910130">
    <ele>2200.4</ele>
    <time>2012-04-21T18:51:46Z</time>
   </trkpt>
   <trkpt lat="37.3140640" lon="-112.9910050">
    <ele>2200.4</ele>
    <time>2012-04-21T18:51:47Z</time>
   </trkpt>
   <trkpt lat="37.3140050" lon="-112.9908950">
    <ele>2200.1</ele>
    <time>2012-04-21T18:51:57Z</time>
   </trkpt>
   <trkpt lat="37.3139340" lon="-112.9908460">
    <ele>2200.0</ele>
    <time>2012-04-21T18:52:05Z</time>
   </trkpt>
   <trkpt lat="37.3138650" lon="-112.9908470">
    <ele>2200.0</ele>
    <time>2012-04-21T18:52:12Z</time>
   </trkpt>
   <trkpt lat="37.3137770" lon="-112.9908700">
    <ele>2199.8</ele>
    <time>2012-04-21T18:52:18Z</time>
   </trkpt>
   <trkpt lat="37.3136330" lon="-112.9909610">
    <ele>2199.2</ele>
    <time>2012-04-21T18:52:26Z</time>
   </trkpt>
   <trkpt lat="37.3135340" lon="-112.9910250">
    <ele>2198.8</ele>
    <time>2012-04-21T18:52:31Z</time>
   </trkpt>
   <trkpt lat="37.3134390" lon="-112.9910830">
    <ele>2198.3</ele>
    <time>2012-04-21T18:52:36Z</time>
   </trkpt>
   <trkpt lat="37.3133170" lon="-112.9911930">
    <ele>2198.2</ele>
    <time>2012-04-21T18:52:43Z</time>
   </trkpt>
   <trkpt lat="37.3132020" lon="-112.9912860">
    <ele>2197.5</ele>
    <time>2012-04-21T18:52:49Z</time>
   </trkpt>
   <trkpt lat="37.3130910" lon="-112.9913610">
    <ele>2196.1</ele>
    <time>2012-04-21T18:52:55Z</time>
   </trkpt>
   <trkpt lat="37.3129870" lon="-112.9914230">
    <ele>2194.5</ele>
    <time>2012-04-21T18:53:01Z</time>
   </trkpt>
   <trkpt lat="37.3129050" lon="-112.9914360">
    <ele>2192.8</ele>
    <time>2012-04-21T18:53:06Z</time>
   </trkpt>
   <trkpt lat="37.3127870" lon="-112.9914290">
    <ele>2189.4</ele>
    <time>2012-04-21T18:53:12Z</time>
   </trkpt>
   <trkpt lat="37.3126920" lon="-112.9914590">
    <ele>2186.3</ele>
    <time>2012-04-21T18:53:17Z</time>
   </trkpt>
   <trkpt lat="37.3125640" lon="-112.9913980">
    <ele>2182.8</ele>
    <time>2012-04-21T18:53:23Z</time>
   </trkpt>
   <trkpt lat="37.3124530" lon="-112.9913020">
    <ele>2180.3</ele>
    <time>2012-04-21T18:53:29Z</time>
   </trkpt>
   <trkpt lat="37.3124180" lon="-112.9912700">
    <ele>2179.8</ele>
    <time>2012-04-21T18:53:31Z</time>
   </trkpt>
   <trkpt lat="37.3123710" lon="-112.9911660">
    <ele>2178.6</ele>
    <time>2012-04-21T18:53:35Z</time>
   </trkpt>
   <trkpt lat="37.3123390" lon="-112.9910940">
    <ele>2178.0</ele>
    <time>2012-04-21T18:53:38Z</time>
   </trkpt>
   <trkpt lat="37.3122810" lon="-112.9909960">
    <ele>2177.2</ele>
    <time>2012-04-21T18:53:42Z</time>
   </trkpt>
   <trkpt lat="37.3121630" lon="-112.9908890">
    <ele>2175.9</ele>
    <time>2012-04-21T18:53:49Z</time>
   </trkpt>
   <trkpt lat="37.3120920" lon="-112.9907930">
    <ele>2175.2</ele>
    <time>2012-04-21T18:53:53Z</time>
   </trkpt>
   <trkpt lat="37.3120710" lon="-112.9907740">
    <ele>2175.1</ele>
    <time>2012-04-21T18:53:54Z</time>
   </trkpt>
   <trkpt lat="37.3119960" lon="-112.9907120">
    <ele>2174.6</ele>
    <time>2012-04-21T18:53:58Z</time>
   </trkpt>
   <trkpt lat="37.3119310" lon="-112.9906640">
    <ele>2174.3</ele>
    <time>2012-04-21T18:54:02Z</time>
   </trkpt>
   <trkpt lat="37.3118320" lon="-112.9905930">
    <ele>2174.1</ele>
    <time>2012-04-21T18:54:08Z</time>
   </trkpt>
   <trkpt lat="37.3117640" lon="-112.9905690">
    <ele>2173.9</ele>
    <time>2012-04-21T18:54:12Z</time>
   </trkpt>
   <trkpt lat="37.3117090" lon="-112.9905230">
    <ele>2174.0</ele>
    <time>2012-04-21T18:54:16Z</time>
   </trkpt>
   <trkpt lat="37.3116910" lon="-112.9904920">
    <ele>2174.2</ele>
    <time>2012-04-21T18:54:18Z</time>
   </trkpt>
   <trkpt lat="37.3116520" lon="-112.9904160">
    <ele>2174.9</ele>
    <time>2012-04-21T18:54:22Z</time>
   </trkpt>
   <trkpt lat="37.3115500" lon="-112.9903860">
    <ele>2175.2</ele>
    <time>2012-04-21T18:54:28Z</time>
   </trkpt>
   <trkpt lat="37.3114250" lon="-112.9903350">
    <ele>2176.3</ele>
    <time>2012-04-21T18:54:35Z</time>
   </trkpt>
   <trkpt lat="37.3113430" lon="-112.9902950">
    <ele>2176.8</ele>
    <time>2012-04-21T18:54:40Z</time>
   </trkpt>
   <trkpt lat="37.3112190" lon="-112.9902590">
    <ele>2176.5</ele>
    <time>2012-04-21T18:54:47Z</time>
   </trkpt>
   <trkpt lat="37.3111070" lon="-112.9902280">
    <ele>2175.4</ele>
    <time>2012-04-21T18:54:53Z</time>
   </trkpt>
   <trkpt lat="37.3110130" lon="-112.9902070">
    <ele>2174.2</ele>
    <time>2012-04-21T18:54:58Z</time>
   </trkpt>
   <trkpt lat="37.3109640" lon="-112.9902130">
    <ele>2173.3</ele>
    <time>2012-04-21T18:55:00Z</time>
   </trkpt>
   <trkpt lat="37.3108390" lon="-112.9901990">
    <ele>2172.0</ele>
    <time>2012-04-21T18:55:07Z</time>
   </trkpt>
   <trkpt lat="37.3107570" lon="-112.9902200">
    <ele>2170.7</ele>
    <time>2012-04-21T18:55:12Z</time>
   </trkpt>
   <trkpt lat="37.3107270" lon="-112.9902320">
    <ele>2170.2</ele>
    <time>2012-04-21T18:55:19Z</time>
   </trkpt>
   <trkpt lat="37.3106720" lon="-112.9902400">
    <ele>2169.7</ele>
    <time>2012-04-21T18:55:33Z</time>
   </trkpt>
   <trkpt lat="37.3106350" lon="-112.9902350">
    <ele>2169.7</ele>
    <time>2012-04-21T18:55:39Z</time>
   </trkpt>
   <trkpt lat="37.3106200" lon="-112.9902400">
    <ele>2169.4</ele>
    <time>2012-04-21T18:55:40Z</time>
   </trkpt>
   <trkpt lat="37.3105490" lon="-112.9902430">
    <ele>2168.5</ele>
    <time>2012-04-21T18:55:44Z</time>
   </trkpt>
   <trkpt lat="37.3104330" lon="-112.9901590">
    <ele>2167.2</ele>
    <time>2012-04-21T18:55:50Z</time>
   </trkpt>
   <trkpt lat="37.3103020" lon="-112.9901160">
    <ele>2163.6</ele>
    <time>2012-04-21T18:55:56Z</time>
   </trkpt>
   <trkpt lat="37.3102500" lon="-112.9901110">
    <ele>2162.0</ele>
    <time>2012-04-21T18:55:59Z</time>
   </trkpt>
   <trkpt lat="37.3101840" lon="-112.9901260">
    <ele>2159.8</ele>
    <time>2012-04-21T18:56:03Z</time>
   </trkpt>
   <trkpt lat="37.3101050" lon="-112.9901400">
    <ele>2157.5</ele>
    <time>2012-04-21T18:56:07Z</time>
   </trkpt>
   <trkpt lat="37.3099490" lon="-112.9900050">
    <ele>2155.5</ele>
    <time>2012-04-21T18:56:14Z</time>
   </trkpt>
   <trkpt lat="37.3098570" lon="-112.9899580">
    <ele>2154.1</ele>
    <time>2012-04-21T18:56:18Z</time>
   </trkpt>
   <trkpt lat="37.3097570" lon="-112.9899300">
    <ele>2152.4</ele>
    <time>2012-04-21T18:56:22Z</time>
   </trkpt>
   <trkpt lat="37.3097030" lon="-112.9898340">
    <ele>2152.0</ele>
    <time>2012-04-21T18:56:26Z</time>
   </trkpt>
   <trkpt lat="37.3096350" lon="-112.9896820">
    <ele>2150.9</ele>
    <time>2012-04-21T18:56:31Z</time>
   </trkpt>
   <trkpt lat="37.3095590" lon="-112.9895750">
    <ele>2149.8</ele>
    <time>2012-04-21T18:56:36Z</time>
   </trkpt>
   <trkpt lat="37.3094870" lon="-112.9894430">
    <ele>2149.3</ele>
    <time>2012-04-21T18:56:41Z</time>
   </trkpt>
   <trkpt lat="37.3094690" lon="-112.9894220">
    <ele>2149.2</ele>
    <time>2012-04-21T18:56:42Z</time>
   </trkpt>
   <trkpt lat="37.3093750" lon="-112.9893940">
    <ele>2149.2</ele>
    <time>2012-04-21T18:56:47Z</time>
   </trkpt>
   <trkpt lat="37.3093250" lon="-112.9892880">
    <ele>2148.9</ele>
    <time>2012-04-21T18:56:52Z</time>
   </trkpt>
   <trkpt lat="37.3093130" lon="-112.9892560">
    <ele>2148.8</ele>
    <time>2012-04-21T18:56:53Z</time>
   </trkpt>
   <trkpt lat="37.3091730" lon="-112.9891680">
    <ele>2148.6</ele>
    <time>2012-04-21T18:57:01Z</time>
   </trkpt>
   <trkpt lat="37.3090480" lon="-112.9891530">
    <ele>2148.1</ele>
    <time>2012-04-21T18:57:06Z</time>
   </trkpt>
   <trkpt lat="37.3089280" lon="-112.9891270">
    <ele>2146.8</ele>
    <time>2012-04-21T18:57:11Z</time>
   </trkpt>
   <trkpt lat="37.3088100" lon="-112.9891180">
    <ele>2141.1</ele>
    <time>2012-04-21T18:57:16Z</time>
   </trkpt>
   <trkpt lat="37.3087450" lon="-112.9890360">
    <ele>2137.8</ele>
    <time>2012-04-21T18:57:21Z</time>
   </trkpt>
   <trkpt lat="37.3087130" lon="-112.9889800">
    <ele>2137.9</ele>
    <time>2012-04-21T18:57:23Z</time>
   </trkpt>
   <trkpt lat="37.3086290" lon="-112.9888400">
    <ele>2139.8</ele>
    <time>2012-04-21T18:57:29Z</time>
   </trkpt>
   <trkpt lat="37.3085990" lon="-112.9887600">
    <ele>2142.0</ele>
    <time>2012-04-21T18:57:36Z</time>
   </trkpt>
   <trkpt lat="37.3085530" lon="-112.9887170">
    <ele>2143.9</ele>
    <time>2012-04-21T18:57:43Z</time>
   </trkpt>
   <trkpt lat="37.3084840" lon="-112.9887480">
    <ele>2144.2</ele>
    <time>2012-04-21T18:57:50Z</time>
   </trkpt>
   <trkpt lat="37.3084620" lon="-112.9887510">
    <ele>2144.2</ele>
    <time>2012-04-21T18:57:52Z</time>
   </trkpt>
   <trkpt lat="37.3084320" lon="-112.9886850">
    <ele>2146.3</ele>
    <time>2012-04-21T18:57:59Z</time>
   </trkpt>
   <trkpt lat="37.3084370" lon="-112.9886740">
    <ele>2146.6</ele>
    <time>2012-04-21T18:58:00Z</time>
   </trkpt>
   <trkpt lat="37.3084700" lon="-112.9885460">
    <ele>2148.4</ele>
    <time>2012-04-21T18:58:11Z</time>
   </trkpt>
   <trkpt lat="37.3084610" lon="-112.9884700">
    <ele>2149.3</ele>
    <time>2012-04-21T18:58:17Z</time>
   </trkpt>
   <trkpt lat="37.3084260" lon="-112.9883720">
    <ele>2150.7</ele>
    <time>2012-04-21T18:58:26Z</time>
   </trkpt>
   <trkpt lat="37.3083800" lon="-112.9882900">
    <ele>2152.1</ele>
    <time>2012-04-21T18:58:35Z</time>
   </trkpt>
   <trkpt lat="37.3083370" lon="-112.9882390">
    <ele>2153.4</ele>
    <time>2012-04-21T18:58:41Z</time>
   </trkpt>
   <trkpt lat="37.3082790" lon="-112.9881300">
    <ele>2155.5</ele>
    <time>2012-04-21T18:58:51Z</time>
   </trkpt>
   <trkpt lat="37.3082340" lon="-112.9880580">
    <ele>2156.7</ele>
    <time>2012-04-21T18:59:00Z</time>
   </trkpt>
   <trkpt lat="37.3082000" lon="-112.9879750">
    <ele>2158.2</ele>
    <time>2012-04-21T18:59:11Z</time>
   </trkpt>
   <trkpt lat="37.3081640" lon="-112.9879350">
    <ele>2159.7</ele>
    <time>2012-04-21T18:59:18Z</time>
   </trkpt>
   <trkpt lat="37.3080940" lon="-112.9878960">
    <ele>2161.9</ele>
    <time>2012-04-21T18:59:25Z</time>
   </trkpt>
   <trkpt lat="37.3079710" lon="-112.9878000">
    <ele>2165.5</ele>
    <time>2012-04-21T18:59:33Z</time>
   </trkpt>
   <trkpt lat="37.3079030" lon="-112.9876960">
    <ele>2168.6</ele>
    <time>2012-04-21T18:59:39Z</time>
   </trkpt>
   <trkpt lat="37.3078270" lon="-112.9876180">
    <ele>2171.3</ele>
    <time>2012-04-21T18:59:45Z</time>
   </trkpt>
   <trkpt lat="37.3077580" lon="-112.9875480">
    <ele>2172.9</ele>
    <time>2012-04-21T18:59:50Z</time>
   </trkpt>
   <trkpt lat="37.3076720" lon="-112.9874530">
    <ele>2173.5</ele>
    <time>2012-04-21T18:59:57Z</time>
   </trkpt>
   <trkpt lat="37.3076040" lon="-112.9873900">
    <ele>2173.5</ele>
    <time>2012-04-21T19:00:03Z</time>
   </trkpt>
   <trkpt lat="37.3075140" lon="-112.9873270">
    <ele>2172.9</ele>
    <time>2012-04-21T19:00:10Z</time>
   </trkpt>
   <trkpt lat="37.3074200" lon="-112.9872900">
    <ele>2172.1</ele>
    <time>2012-04-21T19:00:15Z</time>
   </trkpt>
   <trkpt lat="37.3072980" lon="-112.9871450">
    <ele>2172.6</ele>
    <time>2012-04-21T19:00:23Z</time>
   </trkpt>
   <trkpt lat="37.3072290" lon="-112.9870390">
    <ele>2173.1</ele>
    <time>2012-04-21T19:00:28Z</time>
   </trkpt>
   <trkpt lat="37.3071370" lon="-112.9869350">
    <ele>2173.0</ele>
    <time>2012-04-21T19:00:34Z</time>
   </trkpt>
   <trkpt lat="37.3070590" lon="-112.9868570">
    <ele>2172.9</ele>
    <time>2012-04-21T19:00:39Z</time>
   </trkpt>
   <trkpt lat="37.3070030" lon="-112.9867840">
    <ele>2173.1</ele>
    <time>2012-04-21T19:00:44Z</time>
   </trkpt>
   <trkpt lat="37.3069240" lon="-112.9867240">
    <ele>2173.4</ele>
    <time>2012-04-21T19:00:50Z</time>
   </trkpt>
   <trkpt lat="37.3069110" lon="-112.9867150">
    <ele>2173.5</ele>
    <time>2012-04-21T19:00:51Z</time>
   </trkpt>
   <trkpt lat="37.3068130" lon="-112.9866630">
    <ele>2174.2</ele>
    <time>2012-04-21T19:00:58Z</time>
   </trkpt>
   <trkpt lat="37.3067260" lon="-112.9866040">
    <ele>2175.1</ele>
    <time>2012-04-21T19:01:04Z</time>
   </trkpt>
   <trkpt lat="37.3066420" lon="-112.9865410">
    <ele>2175.8</ele>
    <time>2012-04-21T19:01:10Z</time>
   </trkpt>
   <trkpt lat="37.3065720" lon="-112.9864640">
    <ele>2176.5</ele>
    <time>2012-04-21T19:01:16Z</time>
   </trkpt>
   <trkpt lat="37.3065590" lon="-112.9864580">
    <ele>2176.6</ele>
    <time>2012-04-21T19:01:17Z</time>
   </trkpt>
   <trkpt lat="37.3064350" lon="-112.9864510">
    <ele>2177.7</ele>
    <time>2012-04-21T19:01:24Z</time>
   </trkpt>
   <trkpt lat="37.3064220" lon="-112.9864410">
    <ele>2177.9</ele>
    <time>2012-04-21T19:01:25Z</time>
   </trkpt>
   <trkpt lat="37.3063610" lon="-112.9864050">
    <ele>2178.6</ele>
    <time>2012-04-21T19:01:29Z</time>
   </trkpt>
   <trkpt lat="37.3062240" lon="-112.9863360">
    <ele>2180.8</ele>
    <time>2012-04-21T19:01:37Z</time>
   </trkpt>
   <trkpt lat="37.3061160" lon="-112.9863100">
    <ele>2182.5</ele>
    <time>2012-04-21T19:01:43Z</time>
   </trkpt>
   <trkpt lat="37.3060010" lon="-112.9863060">
    <ele>2184.0</ele>
    <time>2012-04-21T19:01:50Z</time>
   </trkpt>
   <trkpt lat="37.3059470" lon="-112.9863490">
    <ele>2183.2</ele>
    <time>2012-04-21T19:01:54Z</time>
   </trkpt>
   <trkpt lat="37.3058810" lon="-112.9863260">
    <ele>2184.8</ele>
    <time>2012-04-21T19:02:00Z</time>
   </trkpt>
   <trkpt lat="37.3058110" lon="-112.9862210">
    <ele>2189.3</ele>
    <time>2012-04-21T19:02:11Z</time>
   </trkpt>
   <trkpt lat="37.3057920" lon="-112.9861550">
    <ele>2191.4</ele>
    <time>2012-04-21T19:02:18Z</time>
   </trkpt>
   <trkpt lat="37.3058050" lon="-112.9860720">
    <ele>2193.2</ele>
    <time>2012-04-21T19:02:26Z</time>
   </trkpt>
   <trkpt lat="37.3058200" lon="-112.9860210">
    <ele>2194.1</ele>
    <time>2012-04-21T19:02:32Z</time>
   </trkpt>
   <trkpt lat="37.3058500" lon="-112.9859210">
    <ele>2195.6</ele>
    <time>2012-04-21T19:02:41Z</time>
   </trkpt>
   <trkpt lat="37.3058660" lon="-112.9859020">
    <ele>2195.6</ele>
    <time>2012-04-21T19:02:43Z</time>
   </trkpt>
   <trkpt lat="37.3059200" lon="-112.9857970">
    <ele>2196.5</ele>
    <time>2012-04-21T19:02:52Z</time>
   </trkpt>
   <trkpt lat="37.3059700" lon="-112.9857190">
    <ele>2196.4</ele>
    <time>2012-04-21T19:03:00Z</time>
   </trkpt>
   <trkpt lat="37.3059460" lon="-112.9856800">
    <ele>2197.5</ele>
    <time>2012-04-21T19:03:05Z</time>
   </trkpt>
   <trkpt lat="37.3058430" lon="-112.9857450">
    <ele>2199.1</ele>
    <time>2012-04-21T19:03:15Z</time>
   </trkpt>
   <trkpt lat="37.3057620" lon="-112.9857890">
    <ele>2200.4</ele>
    <time>2012-04-21T19:03:24Z</time>
   </trkpt>
   <trkpt lat="37.3056690" lon="-112.9858280">
    <ele>2201.9</ele>
    <time>2012-04-21T19:03:33Z</time>
   </trkpt>
   <trkpt lat="37.3055860" lon="-112.9858610">
    <ele>2203.3</ele>
    <time>2012-04-21T19:03:43Z</time>
   </trkpt>
   <trkpt lat="37.3055360" lon="-112.9858730">
    <ele>2204.4</ele>
    <time>2012-04-21T19:03:50Z</time>
   </trkpt>
   <trkpt lat="37.3054740" lon="-112.9858660">
    <ele>2206.5</ele>
    <time>2012-04-21T19:03:59Z</time>
   </trkpt>
   <trkpt lat="37.3054160" lon="-112.9858680">
    <ele>2208.4</ele>
    <time>2012-04-21T19:04:07Z</time>
   </trkpt>
   <trkpt lat="37.3053540" lon="-112.9858750">
    <ele>2210.3</ele>
    <time>2012-04-21T19:04:15Z</time>
   </trkpt>
   <trkpt lat="37.3052850" lon="-112.9858940">
    <ele>2211.9</ele>
    <time>2012-04-21T19:04:23Z</time>
   </trkpt>
   <trkpt lat="37.3052140" lon="-112.9859210">
    <ele>2213.2</ele>
    <time>2012-04-21T19:04:30Z</time>
   </trkpt>
   <trkpt lat="37.3051280" lon="-112.9859460">
    <ele>2215.0</ele>
    <time>2012-04-21T19:04:38Z</time>
   </trkpt>
   <trkpt lat="37.3050350" lon="-112.9859940">
    <ele>2215.7</ele>
    <time>2012-04-21T19:04:47Z</time>
   </trkpt>
   <trkpt lat="37.3050030" lon="-112.9859960">
    <ele>2216.4</ele>
    <time>2012-04-21T19:04:50Z</time>
   </trkpt>
   <trkpt lat="37.3049610" lon="-112.9860110">
    <ele>2216.9</ele>
    <time>2012-04-21T19:04:54Z</time>
   </trkpt>
   <trkpt lat="37.3048870" lon="-112.9860130">
    <ele>2218.7</ele>
    <time>2012-04-21T19:05:02Z</time>
   </trkpt>
   <trkpt lat="37.3048420" lon="-112.9859890">
    <ele>2220.2</ele>
    <time>2012-04-21T19:05:08Z</time>
   </trkpt>
   <trkpt lat="37.3047980" lon="-112.9859480">
    <ele>2221.4</ele>
    <time>2012-04-21T19:05:13Z</time>
   </trkpt>
   <trkpt lat="37.3047660" lon="-112.9858890">
    <ele>2222.5</ele>
    <time>2012-04-21T19:05:19Z</time>
   </trkpt>
   <trkpt lat="37.3047080" lon="-112.9858910">
    <ele>2223.3</ele>
    <time>2012-04-21T19:05:24Z</time>
   </trkpt>
   <trkpt lat="37.3046890" lon="-112.9858890">
    <ele>2223.6</ele>
    <time>2012-04-21T19:05:33Z</time>
   </trkpt>
   <trkpt lat="37.3047030" lon="-112.9858880">
    <ele>2223.4</ele>
    <time>2012-04-21T19:05:41Z</time>
   </trkpt>
   <trkpt lat="37.3047130" lon="-112.9858750">
    <ele>2223.4</ele>
    <time>2012-04-21T19:05:48Z</time>
   </trkpt>
   <trkpt lat="37.3046620" lon="-112.9858750">
    <ele>2224.0</ele>
    <time>2012-04-21T19:05:54Z</time>
   </trkpt>
   <trkpt lat="37.3045970" lon="-112.9858840">
    <ele>2224.7</ele>
    <time>2012-04-21T19:06:00Z</time>
   </trkpt>
   <trkpt lat="37.3045690" lon="-112.9859160">
    <ele>2224.7</ele>
    <time>2012-04-21T19:06:03Z</time>
   </trkpt>
   <trkpt lat="37.3045180" lon="-112.9859910">
    <ele>2224.7</ele>
    <time>2012-04-21T19:06:09Z</time>
   </trkpt>
   <trkpt lat="37.3044850" lon="-112.9860430">
    <ele>2224.7</ele>
    <time>2012-04-21T19:06:12Z</time>
   </trkpt>
   <trkpt lat="37.3043950" lon="-112.9861110">
    <ele>2225.4</ele>
    <time>2012-04-21T19:06:17Z</time>
   </trkpt>
   <trkpt lat="37.3043080" lon="-112.9860970">
    <ele>2226.6</ele>
    <time>2012-04-21T19:06:21Z</time>
   </trkpt>
   <trkpt lat="37.3042570" lon="-112.9861530">
    <ele>2226.9</ele>
    <time>2012-04-21T19:06:24Z</time>
   </trkpt>
   <trkpt lat="37.3041590" lon="-112.9862820">
    <ele>2227.5</ele>
    <time>2012-04-21T19:06:30Z</time>
   </trkpt>
   <trkpt lat="37.3041030" lon="-112.9863480">
    <ele>2228.0</ele>
    <time>2012-04-21T19:06:34Z</time>
   </trkpt>
   <trkpt lat="37.3040760" lon="-112.9864100">
    <ele>2228.1</ele>
    <time>2012-04-21T19:06:37Z</time>
   </trkpt>
   <trkpt lat="37.3040040" lon="-112.9865690">
    <ele>2228.6</ele>
    <time>2012-04-21T19:06:44Z</time>
   </trkpt>
   <trkpt lat="37.3039900" lon="-112.9866760">
    <ele>2228.5</ele>
    <time>2012-04-21T19:06:48Z</time>
   </trkpt>
   <trkpt lat="37.3040730" lon="-112.9868030">
    <ele>2226.5</ele>
    <time>2012-04-21T19:06:54Z</time>
   </trkpt>
   <trkpt lat="37.3040950" lon="-112.9868770">
    <ele>2225.9</ele>
    <time>2012-04-21T19:06:57Z</time>
   </trkpt>
   <trkpt lat="37.3041080" lon="-112.9870040">
    <ele>2225.7</ele>
    <time>2012-04-21T19:07:01Z</time>
   </trkpt>
   <trkpt lat="37.3041160" lon="-112.9870280">
    <ele>2225.5</ele>
    <time>2012-04-21T19:07:02Z</time>
   </trkpt>
   <trkpt lat="37.3041800" lon="-112.9871750">
    <ele>2223.6</ele>
    <time>2012-04-21T19:07:08Z</time>
   </trkpt>
   <trkpt lat="37.3042560" lon="-112.9873300">
    <ele>2223.2</ele>
    <time>2012-04-21T19:07:14Z</time>
   </trkpt>
   <trkpt lat="37.3042480" lon="-112.9874920">
    <ele>2224.8</ele>
    <time>2012-04-21T19:07:20Z</time>
   </trkpt>
   <trkpt lat="37.3042110" lon="-112.9875490">
    <ele>2225.6</ele>
    <time>2012-04-21T19:07:23Z</time>
   </trkpt>
   <trkpt lat="37.3041860" lon="-112.9876540">
    <ele>2226.1</ele>
    <time>2012-04-21T19:07:28Z</time>
   </trkpt>
   <trkpt lat="37.3041620" lon="-112.9877840">
    <ele>2226.7</ele>
    <time>2012-04-21T19:07:35Z</time>
   </trkpt>
   <trkpt lat="37.3041630" lon="-112.9877990">
    <ele>2226.8</ele>
    <time>2012-04-21T19:07:36Z</time>
   </trkpt>
   <trkpt lat="37.3041730" lon="-112.9878730">
    <ele>2227.1</ele>
    <time>2012-04-21T19:07:40Z</time>
   </trkpt>
   <trkpt lat="37.3041290" lon="-112.9879580">
    <ele>2227.8</ele>
    <time>2012-04-21T19:07:44Z</time>
   </trkpt>
   <trkpt lat="37.3040040" lon="-112.9880400">
    <ele>2228.6</ele>
    <time>2012-04-21T19:07:52Z</time>
   </trkpt>
   <trkpt lat="37.3039360" lon="-112.9880750">
    <ele>2229.1</ele>
    <time>2012-04-21T19:07:57Z</time>
   </trkpt>
   <trkpt lat="37.3038940" lon="-112.9882030">
    <ele>2230.0</ele>
    <time>2012-04-21T19:08:03Z</time>
   </trkpt>
   <trkpt lat="37.3038680" lon="-112.9882480">
    <ele>2230.5</ele>
    <time>2012-04-21T19:08:06Z</time>
   </trkpt>
   <trkpt lat="37.3038140" lon="-112.9883060">
    <ele>2231.2</ele>
    <time>2012-04-21T19:08:11Z</time>
   </trkpt>
   <trkpt lat="37.3037460" lon="-112.9883990">
    <ele>2232.1</ele>
    <time>2012-04-21T19:08:16Z</time>
   </trkpt>
   <trkpt lat="37.3037000" lon="-112.9884720">
    <ele>2232.6</ele>
    <time>2012-04-21T19:08:20Z</time>
   </trkpt>
   <trkpt lat="37.3036370" lon="-112.9885860">
    <ele>2233.0</ele>
    <time>2012-04-21T19:08:26Z</time>
   </trkpt>
   <trkpt lat="37.3035950" lon="-112.9886900">
    <ele>2233.2</ele>
    <time>2012-04-21T19:08:31Z</time>
   </trkpt>
   <trkpt lat="37.3035370" lon="-112.9888120">
    <ele>2232.7</ele>
    <time>2012-04-21T19:08:36Z</time>
   </trkpt>
   <trkpt lat="37.3034360" lon="-112.9889440">
    <ele>2230.9</ele>
    <time>2012-04-21T19:08:43Z</time>
   </trkpt>
   <trkpt lat="37.3033520" lon="-112.9890170">
    <ele>2229.7</ele>
    <time>2012-04-21T19:08:48Z</time>
   </trkpt>
   <trkpt lat="37.3032810" lon="-112.9890650">
    <ele>2228.8</ele>
    <time>2012-04-21T19:08:52Z</time>
   </trkpt>
   <trkpt lat="37.3032650" lon="-112.9890800">
    <ele>2228.5</ele>
    <time>2012-04-21T19:08:53Z</time>
   </trkpt>
   <trkpt lat="37.3031880" lon="-112.9890860">
    <ele>2228.0</ele>
    <time>2012-04-21T19:08:57Z</time>
   </trkpt>
   <trkpt lat="37.3031340" lon="-112.9890760">
    <ele>2227.6</ele>
    <time>2012-04-21T19:09:01Z</time>
   </trkpt>
   <trkpt lat="37.3031270" lon="-112.9891150">
    <ele>2227.3</ele>
    <time>2012-04-21T19:09:04Z</time>
   </trkpt>
   <trkpt lat="37.3031550" lon="-112.9891470">
    <ele>2227.1</ele>
    <time>2012-04-21T19:09:08Z</time>
   </trkpt>
   <trkpt lat="37.3031760" lon="-112.9891820">
    <ele>2226.8</ele>
    <time>2012-04-21T19:09:15Z</time>
   </trkpt>
   <trkpt lat="37.3032340" lon="-112.9891750">
    <ele>2226.9</ele>
    <time>2012-04-21T19:09:23Z</time>
   </trkpt>
   <trkpt lat="37.3032330" lon="-112.9891640">
    <ele>2227.2</ele>
    <time>2012-04-21T19:09:35Z</time>
   </trkpt>
   <trkpt lat="37.3032080" lon="-112.9891590">
    <ele>2227.3</ele>
    <time>2012-04-21T19:09:42Z</time>
   </trkpt>
   <trkpt lat="37.3031850" lon="-112.9891550">
    <ele>2227.3</ele>
    <time>2012-04-21T19:09:48Z</time>
   </trkpt>
   <trkpt lat="37.3031980" lon="-112.9891610">
    <ele>2227.3</ele>
    <time>2012-04-21T19:09:53Z</time>
   </trkpt>
   <trkpt lat="37.3031860" lon="-112.9891450">
    <ele>2227.4</ele>
    <time>2012-04-21T19:09:58Z</time>
   </trkpt>
   <trkpt lat="37.3031810" lon="-112.9891180">
    <ele>2227.8</ele>
    <time>2012-04-21T19:10:04Z</time>
   </trkpt>
   <trkpt lat="37.3031770" lon="-112.9891100">
    <ele>2227.8</ele>
    <time>2012-04-21T19:10:12Z</time>
   </trkpt>
   <trkpt lat="37.3031750" lon="-112.9891000">
    <ele>2227.8</ele>
    <time>2012-04-21T19:10:19Z</time>
   </trkpt>
   <trkpt lat="37.3031530" lon="-112.9890770">
    <ele>2227.7</ele>
    <time>2012-04-21T19:10:25Z</time>
   </trkpt>
   <trkpt lat="37.3031340" lon="-112.9890500">
    <ele>2227.7</ele>
    <time>2012-04-21T19:10:34Z</time>
   </trkpt>
   <trkpt lat="37.3030980" lon="-112.9890470">
    <ele>2227.4</ele>
    <time>2012-04-21T19:10:38Z</time>
   </trkpt>
   <trkpt lat="37.3030370" lon="-112.9890650">
    <ele>2226.6</ele>
    <time>2012-04-21T19:10:44Z</time>
   </trkpt>
   <trkpt lat="37.3030000" lon="-112.9890910">
    <ele>2226.1</ele>
    <time>2012-04-21T19:10:48Z</time>
   </trkpt>
   <trkpt lat="37.3029270" lon="-112.9891460">
    <ele>2225.5</ele>
    <time>2012-04-21T19:10:55Z</time>
   </trkpt>
   <trkpt lat="37.3028880" lon="-112.9891650">
    <ele>2225.3</ele>
    <time>2012-04-21T19:10:58Z</time>
   </trkpt>
   <trkpt lat="37.3028370" lon="-112.9891650">
    <ele>2225.0</ele>
    <time>2012-04-21T19:11:02Z</time>
   </trkpt>
   <trkpt lat="37.3027020" lon="-112.9891670">
    <ele>2224.4</ele>
    <time>2012-04-21T19:11:13Z</time>
   </trkpt>
   <trkpt lat="37.3026250" lon="-112.9891690">
    <ele>2224.3</ele>
    <time>2012-04-21T19:11:19Z</time>
   </trkpt>
   <trkpt lat="37.3025410" lon="-112.9891470">
    <ele>2224.2</ele>
    <time>2012-04-21T19:11:25Z</time>
   </trkpt>
   <trkpt lat="37.3024770" lon="-112.9891420">
    <ele>2223.9</ele>
    <time>2012-04-21T19:11:28Z</time>
   </trkpt>
   <trkpt lat="37.3023560" lon="-112.9892040">
    <ele>2223.5</ele>
    <time>2012-04-21T19:11:34Z</time>
   </trkpt>
   <trkpt lat="37.3023340" lon="-112.9892170">
    <ele>2223.5</ele>
    <time>2012-04-21T19:11:35Z</time>
   </trkpt>
   <trkpt lat="37.3021930" lon="-112.9892840">
    <ele>2223.4</ele>
    <time>2012-04-21T19:11:42Z</time>
   </trkpt>
   <trkpt lat="37.3020880" lon="-112.9893360">
    <ele>2223.5</ele>
    <time>2012-04-21T19:11:47Z</time>
   </trkpt>
   <trkpt lat="37.3019640" lon="-112.9893860">
    <ele>2224.9</ele>
    <time>2012-04-21T19:11:53Z</time>
   </trkpt>
   <trkpt lat="37.3019310" lon="-112.9894160">
    <ele>2225.1</ele>
    <time>2012-04-21T19:11:55Z</time>
   </trkpt>
   <trkpt lat="37.3018810" lon="-112.9894720">
    <ele>2225.0</ele>
    <time>2012-04-21T19:11:59Z</time>
   </trkpt>
   <trkpt lat="37.3017850" lon="-112.9895280">
    <ele>2225.1</ele>
    <time>2012-04-21T19:12:04Z</time>
   </trkpt>
   <trkpt lat="37.3016960" lon="-112.9895930">
    <ele>2224.7</ele>
    <time>2012-04-21T19:12:09Z</time>
   </trkpt>
   <trkpt lat="37.3016310" lon="-112.9896570">
    <ele>2223.9</ele>
    <time>2012-04-21T19:12:13Z</time>
   </trkpt>
   <trkpt lat="37.3015720" lon="-112.9897320">
    <ele>2223.2</ele>
    <time>2012-04-21T19:12:17Z</time>
   </trkpt>
   <trkpt lat="37.3015570" lon="-112.9897520">
    <ele>2223.1</ele>
    <time>2012-04-21T19:12:18Z</time>
   </trkpt>
   <trkpt lat="37.3014930" lon="-112.9898480">
    <ele>2222.7</ele>
    <time>2012-04-21T19:12:23Z</time>
   </trkpt>
   <trkpt lat="37.3014390" lon="-112.9899570">
    <ele>2222.7</ele>
    <time>2012-04-21T19:12:28Z</time>
   </trkpt>
   <trkpt lat="37.3014360" lon="-112.9900030">
    <ele>2222.5</ele>
    <time>2012-04-21T19:12:30Z</time>
   </trkpt>
   <trkpt lat="37.3014100" lon="-112.9900650">
    <ele>2222.5</ele>
    <time>2012-04-21T19:12:33Z</time>
   </trkpt>
   <trkpt lat="37.3013700" lon="-112.9901720">
    <ele>2222.5</ele>
    <time>2012-04-21T19:12:38Z</time>
   </trkpt>
   <trkpt lat="37.3013490" lon="-112.9902050">
    <ele>2222.5</ele>
    <time>2012-04-21T19:12:40Z</time>
   </trkpt>
   <trkpt lat="37.3013090" lon="-112.9902760">
    <ele>2222.6</ele>
    <time>2012-04-21T19:12:44Z</time>
   </trkpt>
   <trkpt lat="37.3012540" lon="-112.9903340">
    <ele>2223.1</ele>
    <time>2012-04-21T19:12:48Z</time>
   </trkpt>
   <trkpt lat="37.3012440" lon="-112.9903520">
    <ele>2223.2</ele>
    <time>2012-04-21T19:12:49Z</time>
   </trkpt>
   <trkpt lat="37.3011630" lon="-112.9904520">
    <ele>2224.1</ele>
    <time>2012-04-21T19:12:55Z</time>
   </trkpt>
   <trkpt lat="37.3010920" lon="-112.9905350">
    <ele>2225.2</ele>
    <time>2012-04-21T19:13:00Z</time>
   </trkpt>
   <trkpt lat="37.3010740" lon="-112.9905510">
    <ele>2225.5</ele>
    <time>2012-04-21T19:13:01Z</time>
   </trkpt>
   <trkpt lat="37.3009740" lon="-112.9906860">
    <ele>2227.2</ele>
    <time>2012-04-21T19:13:08Z</time>
   </trkpt>
   <trkpt lat="37.3009040" lon="-112.9908010">
    <ele>2228.0</ele>
    <time>2012-04-21T19:13:14Z</time>
   </trkpt>
   <trkpt lat="37.3008860" lon="-112.9908280">
    <ele>2228.2</ele>
    <time>2012-04-21T19:13:16Z</time>
   </trkpt>
   <trkpt lat="37.3008010" lon="-112.9908430">
    <ele>2229.2</ele>
    <time>2012-04-21T19:13:20Z</time>
   </trkpt>
   <trkpt lat="37.3007670" lon="-112.9909530">
    <ele>2228.9</ele>
    <time>2012-04-21T19:13:25Z</time>
   </trkpt>
   <trkpt lat="37.3007360" lon="-112.9909980">
    <ele>2228.8</ele>
    <time>2012-04-21T19:13:28Z</time>
   </trkpt>
   <trkpt lat="37.3006480" lon="-112.9910190">
    <ele>2229.3</ele>
    <time>2012-04-21T19:13:34Z</time>
   </trkpt>
   <trkpt lat="37.3005470" lon="-112.9910430">
    <ele>2229.9</ele>
    <time>2012-04-21T19:13:40Z</time>
   </trkpt>
   <trkpt lat="37.3004810" lon="-112.9910870">
    <ele>2229.8</ele>
    <time>2012-04-21T19:13:44Z</time>
   </trkpt>
   <trkpt lat="37.3004470" lon="-112.9911010">
    <ele>2229.9</ele>
    <time>2012-04-21T19:13:46Z</time>
   </trkpt>
   <trkpt lat="37.3003440" lon="-112.9910650">
    <ele>2232.0</ele>
    <time>2012-04-21T19:13:52Z</time>
   </trkpt>
   <trkpt lat="37.3002810" lon="-112.9910260">
    <ele>2233.9</ele>
    <time>2012-04-21T19:13:56Z</time>
   </trkpt>
   <trkpt lat="37.3002070" lon="-112.9909610">
    <ele>2237.0</ele>
    <time>2012-04-21T19:14:00Z</time>
   </trkpt>
   <trkpt lat="37.3001000" lon="-112.9910180">
    <ele>2239.3</ele>
    <time>2012-04-21T19:14:06Z</time>
   </trkpt>
   <trkpt lat="37.3000620" lon="-112.9910200">
    <ele>2240.4</ele>
    <time>2012-04-21T19:14:08Z</time>
   </trkpt>
   <trkpt lat="37.2999510" lon="-112.9909840">
    <ele>2244.1</ele>
    <time>2012-04-21T19:14:14Z</time>
   </trkpt>
   <trkpt lat="37.2998570" lon="-112.9909810">
    <ele>2245.3</ele>
    <time>2012-04-21T19:14:19Z</time>
   </trkpt>
   <trkpt lat="37.2997950" lon="-112.9909700">
    <ele>2245.7</ele>
    <time>2012-04-21T19:14:23Z</time>
   </trkpt>
   <trkpt lat="37.2997160" lon="-112.9909680">
    <ele>2245.7</ele>
    <time>2012-04-21T19:14:28Z</time>
   </trkpt>
   <trkpt lat="37.2996230" lon="-112.9909360">
    <ele>2245.7</ele>
    <time>2012-04-21T19:14:34Z</time>
   </trkpt>
   <trkpt lat="37.2994980" lon="-112.9908860">
    <ele>2245.9</ele>
    <time>2012-04-21T19:14:40Z</time>
   </trkpt>
   <trkpt lat="37.2993970" lon="-112.9908580">
    <ele>2246.2</ele>
    <time>2012-04-21T19:14:45Z</time>
   </trkpt>
   <trkpt lat="37.2993050" lon="-112.9908440">
    <ele>2246.9</ele>
    <time>2012-04-21T19:14:50Z</time>
   </trkpt>
   <trkpt lat="37.2992160" lon="-112.9908370">
    <ele>2247.0</ele>
    <time>2012-04-21T19:14:55Z</time>
   </trkpt>
   <trkpt lat="37.2991360" lon="-112.9908120">
    <ele>2247.1</ele>
    <time>2012-04-21T19:14:59Z</time>
   </trkpt>
   <trkpt lat="37.2990240" lon="-112.9908300">
    <ele>2247.2</ele>
    <time>2012-04-21T19:15:05Z</time>
   </trkpt>
   <trkpt lat="37.2989330" lon="-112.9907770">
    <ele>2247.5</ele>
    <time>2012-04-21T19:15:10Z</time>
   </trkpt>
   <trkpt lat="37.2988570" lon="-112.9906350">
    <ele>2247.6</ele>
    <time>2012-04-21T19:15:16Z</time>
   </trkpt>
   <trkpt lat="37.2987600" lon="-112.9905960">
    <ele>2247.3</ele>
    <time>2012-04-21T19:15:21Z</time>
   </trkpt>
   <trkpt lat="37.2986960" lon="-112.9905620">
    <ele>2247.2</ele>
    <time>2012-04-21T19:15:24Z</time>
   </trkpt>
   <trkpt lat="37.2986400" lon="-112.9905400">
    <ele>2247.2</ele>
    <time>2012-04-21T19:15:27Z</time>
   </trkpt>
   <trkpt lat="37.2985360" lon="-112.9903890">
    <ele>2246.8</ele>
    <time>2012-04-21T19:15:34Z</time>
   </trkpt>
   <trkpt lat="37.2985030" lon="-112.9903400">
    <ele>2246.9</ele>
    <time>2012-04-21T19:15:36Z</time>
   </trkpt>
   <trkpt lat="37.2983760" lon="-112.9902900">
    <ele>2247.3</ele>
    <time>2012-04-21T19:15:42Z</time>
   </trkpt>
   <trkpt lat="37.2983140" lon="-112.9902600">
    <ele>2247.2</ele>
    <time>2012-04-21T19:15:45Z</time>
   </trkpt>
   <trkpt lat="37.2981790" lon="-112.9901530">
    <ele>2246.9</ele>
    <time>2012-04-21T19:15:52Z</time>
   </trkpt>
   <trkpt lat="37.2980900" lon="-112.9900590">
    <ele>2246.2</ele>
    <time>2012-04-21T19:15:57Z</time>
   </trkpt>
   <trkpt lat="37.2979670" lon="-112.9899820">
    <ele>2245.9</ele>
    <time>2012-04-21T19:16:03Z</time>
   </trkpt>
   <trkpt lat="37.2978850" lon="-112.9899390">
    <ele>2245.7</ele>
    <time>2012-04-21T19:16:07Z</time>
   </trkpt>
   <trkpt lat="37.2977670" lon="-112.9898530">
    <ele>2245.7</ele>
    <time>2012-04-21T19:16:13Z</time>
   </trkpt>
   <trkpt lat="37.2976610" lon="-112.9897810">
    <ele>2245.7</ele>
    <time>2012-04-21T19:16:18Z</time>
   </trkpt>
   <trkpt lat="37.2975330" lon="-112.9897450">
    <ele>2246.2</ele>
    <time>2012-04-21T19:16:24Z</time>
   </trkpt>
   <trkpt lat="37.2974190" lon="-112.9897240">
    <ele>2246.4</ele>
    <time>2012-04-21T19:16:29Z</time>
   </trkpt>
   <trkpt lat="37.2973140" lon="-112.9896650">
    <ele>2246.7</ele>
    <time>2012-04-21T19:16:34Z</time>
   </trkpt>
   <trkpt lat="37.2971900" lon="-112.9896560">
    <ele>2247.4</ele>
    <time>2012-04-21T19:16:40Z</time>
   </trkpt>
   <trkpt lat="37.2970770" lon="-112.9896490">
    <ele>2247.2</ele>
    <time>2012-04-21T19:16:46Z</time>
   </trkpt>
   <trkpt lat="37.2969860" lon="-112.9896370">
    <ele>2247.1</ele>
    <time>2012-04-21T19:16:51Z</time>
   </trkpt>
   <trkpt lat="37.2968910" lon="-112.9896390">
    <ele>2247.0</ele>
    <time>2012-04-21T19:16:56Z</time>
   </trkpt>
   <trkpt lat="37.2968750" lon="-112.9896350">
    <ele>2247.1</ele>
    <time>2012-04-21T19:16:57Z</time>
   </trkpt>
   <trkpt lat="37.2967680" lon="-112.9896340">
    <ele>2247.2</ele>
    <time>2012-04-21T19:17:03Z</time>
   </trkpt>
   <trkpt lat="37.2966600" lon="-112.9896190">
    <ele>2247.6</ele>
    <time>2012-04-21T19:17:09Z</time>
   </trkpt>
   <trkpt lat="37.2965380" lon="-112.9895700">
    <ele>2248.2</ele>
    <time>2012-04-21T19:17:16Z</time>
   </trkpt>
   <trkpt lat="37.2964600" lon="-112.9895430">
    <ele>2248.4</ele>
    <time>2012-04-21T19:17:21Z</time>
   </trkpt>
   <trkpt lat="37.2963740" lon="-112.9895440">
    <ele>2248.5</ele>
    <time>2012-04-21T19:17:28Z</time>
   </trkpt>
   <trkpt lat="37.2962410" lon="-112.9895360">
    <ele>2248.5</ele>
    <time>2012-04-21T19:17:36Z</time>
   </trkpt>
   <trkpt lat="37.2961430" lon="-112.9895130">
    <ele>2248.2</ele>
    <time>2012-04-21T19:17:41Z</time>
   </trkpt>
   <trkpt lat="37.2959870" lon="-112.9894590">
    <ele>2248.2</ele>
    <time>2012-04-21T19:17:48Z</time>
   </trkpt>
   <trkpt lat="37.2958490" lon="-112.9894420">
    <ele>2247.5</ele>
    <time>2012-04-21T19:17:54Z</time>
   </trkpt>
   <trkpt lat="37.2957280" lon="-112.9893990">
    <ele>2247.7</ele>
    <time>2012-04-21T19:17:59Z</time>
   </trkpt>
   <trkpt lat="37.2956010" lon="-112.9893560">
    <ele>2247.1</ele>
    <time>2012-04-21T19:18:05Z</time>
   </trkpt>
   <trkpt lat="37.2954930" lon="-112.9892660">
    <ele>2247.0</ele>
    <time>2012-04-21T19:18:11Z</time>
   </trkpt>
   <trkpt lat="37.2954060" lon="-112.9891420">
    <ele>2247.3</ele>
    <time>2012-04-21T19:18:17Z</time>
   </trkpt>
   <trkpt lat="37.2953540" lon="-112.9890190">
    <ele>2246.9</ele>
    <time>2012-04-21T19:18:22Z</time>
   </trkpt>
   <trkpt lat="37.2952260" lon="-112.9889450">
    <ele>2247.1</ele>
    <time>2012-04-21T19:18:28Z</time>
   </trkpt>
   <trkpt lat="37.2951190" lon="-112.9888760">
    <ele>2247.0</ele>
    <time>2012-04-21T19:18:33Z</time>
   </trkpt>
   <trkpt lat="37.2950040" lon="-112.9888350">
    <ele>2247.1</ele>
    <time>2012-04-21T19:18:38Z</time>
   </trkpt>
   <trkpt lat="37.2949370" lon="-112.9887640">
    <ele>2247.0</ele>
    <time>2012-04-21T19:18:42Z</time>
   </trkpt>
   <trkpt lat="37.2948620" lon="-112.9886570">
    <ele>2246.7</ele>
    <time>2012-04-21T19:18:47Z</time>
   </trkpt>
   <trkpt lat="37.2948370" lon="-112.9886190">
    <ele>2246.7</ele>
    <time>2012-04-21T19:18:49Z</time>
   </trkpt>
   <trkpt lat="37.2947720" lon="-112.9884710">
    <ele>2246.3</ele>
    <time>2012-04-21T19:18:55Z</time>
   </trkpt>
   <trkpt lat="37.2947060" lon="-112.9883550">
    <ele>2245.9</ele>
    <time>2012-04-21T19:19:00Z</time>
   </trkpt>
   <trkpt lat="37.2946040" lon="-112.9882880">
    <ele>2245.8</ele>
    <time>2012-04-21T19:19:05Z</time>
   </trkpt>
   <trkpt lat="37.2945620" lon="-112.9882720">
    <ele>2245.8</ele>
    <time>2012-04-21T19:19:07Z</time>
   </trkpt>
   <trkpt lat="37.2944590" lon="-112.9881990">
    <ele>2245.7</ele>
    <time>2012-04-21T19:19:12Z</time>
   </trkpt>
   <trkpt lat="37.2943660" lon="-112.9881370">
    <ele>2245.5</ele>
    <time>2012-04-21T19:19:16Z</time>
   </trkpt>
   <trkpt lat="37.2942690" lon="-112.9881050">
    <ele>2245.6</ele>
    <time>2012-04-21T19:19:20Z</time>
   </trkpt>
   <trkpt lat="37.2941370" lon="-112.9880270">
    <ele>2245.6</ele>
    <time>2012-04-21T19:19:26Z</time>
   </trkpt>
   <trkpt lat="37.2940530" lon="-112.9879720">
    <ele>2245.5</ele>
    <time>2012-04-21T19:19:30Z</time>
   </trkpt>
   <trkpt lat="37.2939370" lon="-112.9879490">
    <ele>2245.5</ele>
    <time>2012-04-21T19:19:35Z</time>
   </trkpt>
   <trkpt lat="37.2938090" lon="-112.9880050">
    <ele>2245.9</ele>
    <time>2012-04-21T19:19:41Z</time>
   </trkpt>
   <trkpt lat="37.2937850" lon="-112.9880130">
    <ele>2245.9</ele>
    <time>2012-04-21T19:19:42Z</time>
   </trkpt>
   <trkpt lat="37.2936470" lon="-112.9879710">
    <ele>2246.1</ele>
    <time>2012-04-21T19:19:48Z</time>
   </trkpt>
   <trkpt lat="37.2935420" lon="-112.9879190">
    <ele>2246.2</ele>
    <time>2012-04-21T19:19:53Z</time>
   </trkpt>
   <trkpt lat="37.2934250" lon="-112.9879000">
    <ele>2246.3</ele>
    <time>2012-04-21T19:19:58Z</time>
   </trkpt>
   <trkpt lat="37.2933070" lon="-112.9878670">
    <ele>2246.3</ele>
    <time>2012-04-21T19:20:03Z</time>
   </trkpt>
   <trkpt lat="37.2932090" lon="-112.9878390">
    <ele>2246.4</ele>
    <time>2012-04-21T19:20:07Z</time>
   </trkpt>
   <trkpt lat="37.2930820" lon="-112.9878360">
    <ele>2246.8</ele>
    <time>2012-04-21T19:20:12Z</time>
   </trkpt>
   <trkpt lat="37.2929610" lon="-112.9878380">
    <ele>2247.4</ele>
    <time>2012-04-21T19:20:17Z</time>
   </trkpt>
   <trkpt lat="37.2928430" lon="-112.9878480">
    <ele>2247.5</ele>
    <time>2012-04-21T19:20:22Z</time>
   </trkpt>
   <trkpt lat="37.2927990" lon="-112.9878580">
    <ele>2247.4</ele>
    <time>2012-04-21T19:20:24Z</time>
   </trkpt>
   <trkpt lat="37.2926620" lon="-112.9878820">
    <ele>2247.2</ele>
    <time>2012-04-21T19:20:30Z</time>
   </trkpt>
   <trkpt lat="37.2925060" lon="-112.9879050">
    <ele>2247.1</ele>
    <time>2012-04-21T19:20:37Z</time>
   </trkpt>
   <trkpt lat="37.2923690" lon="-112.9879040">
    <ele>2247.1</ele>
    <time>2012-04-21T19:20:43Z</time>
   </trkpt>
   <trkpt lat="37.2922530" lon="-112.9879360">
    <ele>2246.0</ele>
    <time>2012-04-21T19:20:48Z</time>
   </trkpt>
   <trkpt lat="37.2921420" lon="-112.9879150">
    <ele>2246.5</ele>
    <time>2012-04-21T19:20:53Z</time>
   </trkpt>
   <trkpt lat="37.2920510" lon="-112.9879240">
    <ele>2246.6</ele>
    <time>2012-04-21T19:20:57Z</time>
   </trkpt>
   <trkpt lat="37.2919230" lon="-112.9879230">
    <ele>2246.9</ele>
    <time>2012-04-21T19:21:03Z</time>
   </trkpt>
   <trkpt lat="37.2918080" lon="-112.9879260">
    <ele>2247.0</ele>
    <time>2012-04-21T19:21:08Z</time>
   </trkpt>
   <trkpt lat="37.2916770" lon="-112.9878780">
    <ele>2247.2</ele>
    <time>2012-04-21T19:21:14Z</time>
   </trkpt>
   <trkpt lat="37.2915500" lon="-112.9878130">
    <ele>2247.1</ele>
    <time>2012-04-21T19:21:20Z</time>
   </trkpt>
   <trkpt lat="37.2914180" lon="-112.9877810">
    <ele>2246.9</ele>
    <time>2012-04-21T19:21:26Z</time>
   </trkpt>
   <trkpt lat="37.2913240" lon="-112.9877880">
    <ele>2247.3</ele>
    <time>2012-04-21T19:21:30Z</time>
   </trkpt>
   <trkpt lat="37.2912270" lon="-112.9877930">
    <ele>2247.7</ele>
    <time>2012-04-21T19:21:34Z</time>
   </trkpt>
   <trkpt lat="37.2911240" lon="-112.9877990">
    <ele>2247.8</ele>
    <time>2012-04-21T19:21:39Z</time>
   </trkpt>
   <trkpt lat="37.2910010" lon="-112.9877780">
    <ele>2247.7</ele>
    <time>2012-04-21T19:21:45Z</time>
   </trkpt>
   <trkpt lat="37.2908310" lon="-112.9878240">
    <ele>2247.1</ele>
    <time>2012-04-21T19:21:53Z</time>
   </trkpt>
   <trkpt lat="37.2907850" lon="-112.9878410">
    <ele>2246.5</ele>
    <time>2012-04-21T19:21:55Z</time>
   </trkpt>
   <trkpt lat="37.2906970" lon="-112.9878540">
    <ele>2245.8</ele>
    <time>2012-04-21T19:21:59Z</time>
   </trkpt>
   <trkpt lat="37.2905520" lon="-112.9878400">
    <ele>2245.7</ele>
    <time>2012-04-21T19:22:06Z</time>
   </trkpt>
   <trkpt lat="37.2904320" lon="-112.9877640">
    <ele>2246.6</ele>
    <time>2012-04-21T19:22:12Z</time>
   </trkpt>
   <trkpt lat="37.2903160" lon="-112.9876710">
    <ele>2246.5</ele>
    <time>2012-04-21T19:22:18Z</time>
   </trkpt>
   <trkpt lat="37.2902980" lon="-112.9876530">
    <ele>2246.4</ele>
    <time>2012-04-21T19:22:19Z</time>
   </trkpt>
   <trkpt lat="37.2901980" lon="-112.9876090">
    <ele>2246.3</ele>
    <time>2012-04-21T19:22:24Z</time>
   </trkpt>
   <trkpt lat="37.2901350" lon="-112.9875790">
    <ele>2246.2</ele>
    <time>2012-04-21T19:22:27Z</time>
   </trkpt>
   <trkpt lat="37.2900590" lon="-112.9875180">
    <ele>2245.6</ele>
    <time>2012-04-21T19:22:31Z</time>
   </trkpt>
   <trkpt lat="37.2899690" lon="-112.9874780">
    <ele>2245.1</ele>
    <time>2012-04-21T19:22:35Z</time>
   </trkpt>
   <trkpt lat="37.2898750" lon="-112.9874450">
    <ele>2244.5</ele>
    <time>2012-04-21T19:22:39Z</time>
   </trkpt>
   <trkpt lat="37.2897690" lon="-112.9873580">
    <ele>2243.0</ele>
    <time>2012-04-21T19:22:44Z</time>
   </trkpt>
   <trkpt lat="37.2896240" lon="-112.9873690">
    <ele>2241.7</ele>
    <time>2012-04-21T19:22:50Z</time>
   </trkpt>
   <trkpt lat="37.2895740" lon="-112.9873870">
    <ele>2240.9</ele>
    <time>2012-04-21T19:22:52Z</time>
   </trkpt>
   <trkpt lat="37.2894020" lon="-112.9873610">
    <ele>2236.8</ele>
    <time>2012-04-21T19:22:58Z</time>
   </trkpt>
   <trkpt lat="37.2892860" lon="-112.9873330">
    <ele>2235.3</ele>
    <time>2012-04-21T19:23:02Z</time>
   </trkpt>
   <trkpt lat="37.2891620" lon="-112.9872760">
    <ele>2234.3</ele>
    <time>2012-04-21T19:23:07Z</time>
   </trkpt>
   <trkpt lat="37.2890230" lon="-112.9871960">
    <ele>2233.7</ele>
    <time>2012-04-21T19:23:13Z</time>
   </trkpt>
   <trkpt lat="37.2889030" lon="-112.9871650">
    <ele>2233.2</ele>
    <time>2012-04-21T19:23:18Z</time>
   </trkpt>
   <trkpt lat="37.2887890" lon="-112.9871310">
    <ele>2232.7</ele>
    <time>2012-04-21T19:23:23Z</time>
   </trkpt>
   <trkpt lat="37.2886940" lon="-112.9871320">
    <ele>2232.0</ele>
    <time>2012-04-21T19:23:27Z</time>
   </trkpt>
   <trkpt lat="37.2886030" lon="-112.9871130">
    <ele>2231.3</ele>
    <time>2012-04-21T19:23:31Z</time>
   </trkpt>
   <trkpt lat="37.2884710" lon="-112.9870370">
    <ele>2229.9</ele>
    <time>2012-04-21T19:23:37Z</time>
   </trkpt>
   <trkpt lat="37.2884300" lon="-112.9870070">
    <ele>2229.6</ele>
    <time>2012-04-21T19:23:39Z</time>
   </trkpt>
   <trkpt lat="37.2882920" lon="-112.9869520">
    <ele>2228.6</ele>
    <time>2012-04-21T19:23:45Z</time>
   </trkpt>
   <trkpt lat="37.2881990" lon="-112.9868510">
    <ele>2228.7</ele>
    <time>2012-04-21T19:23:50Z</time>
   </trkpt>
   <trkpt lat="37.2881220" lon="-112.9867530">
    <ele>2229.2</ele>
    <time>2012-04-21T19:23:55Z</time>
   </trkpt>
   <trkpt lat="37.2880420" lon="-112.9866750">
    <ele>2229.7</ele>
    <time>2012-04-21T19:24:00Z</time>
   </trkpt>
   <trkpt lat="37.2879670" lon="-112.9866030">
    <ele>2230.3</ele>
    <time>2012-04-21T19:24:04Z</time>
   </trkpt>
   <trkpt lat="37.2879460" lon="-112.9865900">
    <ele>2230.4</ele>
    <time>2012-04-21T19:24:05Z</time>
   </trkpt>
   <trkpt lat="37.2878010" lon="-112.9865700">
    <ele>2230.8</ele>
    <time>2012-04-21T19:24:12Z</time>
   </trkpt>
   <trkpt lat="37.2877000" lon="-112.9865220">
    <ele>2231.2</ele>
    <time>2012-04-21T19:24:17Z</time>
   </trkpt>
   <trkpt lat="37.2875790" lon="-112.9864820">
    <ele>2231.0</ele>
    <time>2012-04-21T19:24:23Z</time>
   </trkpt>
   <trkpt lat="37.2875590" lon="-112.9864760">
    <ele>2231.0</ele>
    <time>2012-04-21T19:24:24Z</time>
   </trkpt>
   <trkpt lat="37.2874780" lon="-112.9863740">
    <ele>2232.1</ele>
    <time>2012-04-21T19:24:30Z</time>
   </trkpt>
   <trkpt lat="37.2874570" lon="-112.9863620">
    <ele>2232.2</ele>
    <time>2012-04-21T19:24:31Z</time>
   </trkpt>
   <trkpt lat="37.2874140" lon="-112.9863500">
    <ele>2232.5</ele>
    <time>2012-04-21T19:24:33Z</time>
   </trkpt>
   <trkpt lat="37.2872910" lon="-112.9862880">
    <ele>2234.0</ele>
    <time>2012-04-21T19:24:39Z</time>
   </trkpt>
   <trkpt lat="37.2872440" lon="-112.9862280">
    <ele>2235.3</ele>
    <time>2012-04-21T19:24:42Z</time>
   </trkpt>
   <trkpt lat="37.2871320" lon="-112.9861760">
    <ele>2237.1</ele>
    <time>2012-04-21T19:24:49Z</time>
   </trkpt>
   <trkpt lat="37.2870710" lon="-112.9861410">
    <ele>2238.5</ele>
    <time>2012-04-21T19:24:53Z</time>
   </trkpt>
   <trkpt lat="37.2870240" lon="-112.9860710">
    <ele>2240.4</ele>
    <time>2012-04-21T19:24:58Z</time>
   </trkpt>
   <trkpt lat="37.2870090" lon="-112.9860540">
    <ele>2240.9</ele>
    <time>2012-04-21T19:24:59Z</time>
   </trkpt>
   <trkpt lat="37.2869210" lon="-112.9860110">
    <ele>2242.5</ele>
    <time>2012-04-21T19:25:05Z</time>
   </trkpt>
   <trkpt lat="37.2868110" lon="-112.9859940">
    <ele>2244.2</ele>
    <time>2012-04-21T19:25:12Z</time>
   </trkpt>
   <trkpt lat="37.2867010" lon="-112.9859870">
    <ele>2245.4</ele>
    <time>2012-04-21T19:25:18Z</time>
   </trkpt>
   <trkpt lat="37.2866650" lon="-112.9859850">
    <ele>2245.5</ele>
    <time>2012-04-21T19:25:20Z</time>
   </trkpt>
   <trkpt lat="37.2865400" lon="-112.9859560">
    <ele>2245.5</ele>
    <time>2012-04-21T19:25:26Z</time>
   </trkpt>
   <trkpt lat="37.2864510" lon="-112.9859210">
    <ele>2245.7</ele>
    <time>2012-04-21T19:25:31Z</time>
   </trkpt>
   <trkpt lat="37.2864140" lon="-112.9859050">
    <ele>2245.7</ele>
    <time>2012-04-21T19:25:33Z</time>
   </trkpt>
   <trkpt lat="37.2862890" lon="-112.9859150">
    <ele>2245.8</ele>
    <time>2012-04-21T19:25:39Z</time>
   </trkpt>
   <trkpt lat="37.2861480" lon="-112.9858750">
    <ele>2245.5</ele>
    <time>2012-04-21T19:25:46Z</time>
   </trkpt>
   <trkpt lat="37.2860510" lon="-112.9858320">
    <ele>2245.6</ele>
    <time>2012-04-21T19:25:51Z</time>
   </trkpt>
   <trkpt lat="37.2859860" lon="-112.9858170">
    <ele>2245.9</ele>
    <time>2012-04-21T19:25:54Z</time>
   </trkpt>
   <trkpt lat="37.2859160" lon="-112.9857380">
    <ele>2245.8</ele>
    <time>2012-04-21T19:25:58Z</time>
   </trkpt>
   <trkpt lat="37.2858580" lon="-112.9856360">
    <ele>2245.6</ele>
    <time>2012-04-21T19:26:03Z</time>
   </trkpt>
   <trkpt lat="37.2857870" lon="-112.9854380">
    <ele>2245.3</ele>
    <time>2012-04-21T19:26:10Z</time>
   </trkpt>
   <trkpt lat="37.2857400" lon="-112.9853120">
    <ele>2245.4</ele>
    <time>2012-04-21T19:26:14Z</time>
   </trkpt>
   <trkpt lat="37.2857030" lon="-112.9851980">
    <ele>2245.4</ele>
    <time>2012-04-21T19:26:18Z</time>
   </trkpt>
   <trkpt lat="37.2856750" lon="-112.9850420">
    <ele>2245.0</ele>
    <time>2012-04-21T19:26:23Z</time>
   </trkpt>
   <trkpt lat="37.2856710" lon="-112.9848800">
    <ele>2244.3</ele>
    <time>2012-04-21T19:26:28Z</time>
   </trkpt>
   <trkpt lat="37.2856690" lon="-112.9848210">
    <ele>2243.8</ele>
    <time>2012-04-21T19:26:30Z</time>
   </trkpt>
   <trkpt lat="37.2856600" lon="-112.9846620">
    <ele>2242.1</ele>
    <time>2012-04-21T19:26:35Z</time>
   </trkpt>
   <trkpt lat="37.2856390" lon="-112.9846080">
    <ele>2241.6</ele>
    <time>2012-04-21T19:26:37Z</time>
   </trkpt>
   <trkpt lat="37.2856170" lon="-112.9845160">
    <ele>2240.9</ele>
    <time>2012-04-21T19:26:41Z</time>
   </trkpt>
   <trkpt lat="37.2855350" lon="-112.9843670">
    <ele>2240.4</ele>
    <time>2012-04-21T19:26:46Z</time>
   </trkpt>
   <trkpt lat="37.2854630" lon="-112.9841960">
    <ele>2240.1</ele>
    <time>2012-04-21T19:26:52Z</time>
   </trkpt>
   <trkpt lat="37.2854270" lon="-112.9840260">
    <ele>2239.4</ele>
    <time>2012-04-21T19:26:57Z</time>
   </trkpt>
   <trkpt lat="37.2853670" lon="-112.9838530">
    <ele>2239.0</ele>
    <time>2012-04-21T19:27:04Z</time>
   </trkpt>
   <trkpt lat="37.2852700" lon="-112.9837270">
    <ele>2238.5</ele>
    <time>2012-04-21T19:27:10Z</time>
   </trkpt>
   <trkpt lat="37.2852050" lon="-112.9836220">
    <ele>2238.0</ele>
    <time>2012-04-21T19:27:15Z</time>
   </trkpt>
   <trkpt lat="37.2851460" lon="-112.9835110">
    <ele>2237.3</ele>
    <time>2012-04-21T19:27:19Z</time>
   </trkpt>
   <trkpt lat="37.2850640" lon="-112.9834250">
    <ele>2236.3</ele>
    <time>2012-04-21T19:27:23Z</time>
   </trkpt>
   <trkpt lat="37.2849580" lon="-112.9833080">
    <ele>2234.2</ele>
    <time>2012-04-21T19:27:29Z</time>
   </trkpt>
   <trkpt lat="37.2848830" lon="-112.9832440">
    <ele>2232.5</ele>
    <time>2012-04-21T19:27:33Z</time>
   </trkpt>
   <trkpt lat="37.2847870" lon="-112.9831310">
    <ele>2229.8</ele>
    <time>2012-04-21T19:27:39Z</time>
   </trkpt>
   <trkpt lat="37.2847080" lon="-112.9830360">
    <ele>2226.6</ele>
    <time>2012-04-21T19:27:44Z</time>
   </trkpt>
   <trkpt lat="37.2846120" lon="-112.9829600">
    <ele>2222.5</ele>
    <time>2012-04-21T19:27:48Z</time>
   </trkpt>
   <trkpt lat="37.2845060" lon="-112.9828510">
    <ele>2220.0</ele>
    <time>2012-04-21T19:27:53Z</time>
   </trkpt>
   <trkpt lat="37.2844380" lon="-112.9827730">
    <ele>2219.5</ele>
    <time>2012-04-21T19:27:57Z</time>
   </trkpt>
   <trkpt lat="37.2843250" lon="-112.9827140">
    <ele>2218.4</ele>
    <time>2012-04-21T19:28:02Z</time>
   </trkpt>
   <trkpt lat="37.2842900" lon="-112.9827000">
    <ele>2218.1</ele>
    <time>2012-04-21T19:28:04Z</time>
   </trkpt>
   <trkpt lat="37.2842440" lon="-112.9826890">
    <ele>2217.8</ele>
    <time>2012-04-21T19:28:06Z</time>
   </trkpt>
   <trkpt lat="37.2841770" lon="-112.9825760">
    <ele>2217.1</ele>
    <time>2012-04-21T19:28:11Z</time>
   </trkpt>
   <trkpt lat="37.2841320" lon="-112.9824860">
    <ele>2216.6</ele>
    <time>2012-04-21T19:28:14Z</time>
   </trkpt>
   <trkpt lat="37.2840210" lon="-112.9824190">
    <ele>2215.6</ele>
    <time>2012-04-21T19:28:19Z</time>
   </trkpt>
   <trkpt lat="37.2839290" lon="-112.9823920">
    <ele>2214.9</ele>
    <time>2012-04-21T19:28:23Z</time>
   </trkpt>
   <trkpt lat="37.2839030" lon="-112.9823890">
    <ele>2214.7</ele>
    <time>2012-04-21T19:28:24Z</time>
   </trkpt>
   <trkpt lat="37.2838250" lon="-112.9823430">
    <ele>2214.1</ele>
    <time>2012-04-21T19:28:27Z</time>
   </trkpt>
   <trkpt lat="37.2837240" lon="-112.9822130">
    <ele>2212.7</ele>
    <time>2012-04-21T19:28:32Z</time>
   </trkpt>
   <trkpt lat="37.2836170" lon="-112.9821020">
    <ele>2210.8</ele>
    <time>2012-04-21T19:28:37Z</time>
   </trkpt>
   <trkpt lat="37.2835930" lon="-112.9820790">
    <ele>2210.3</ele>
    <time>2012-04-21T19:28:38Z</time>
   </trkpt>
   <trkpt lat="37.2835170" lon="-112.9819940">
    <ele>2208.1</ele>
    <time>2012-04-21T19:28:42Z</time>
   </trkpt>
   <trkpt lat="37.2834320" lon="-112.9818140">
    <ele>2202.9</ele>
    <time>2012-04-21T19:28:48Z</time>
   </trkpt>
   <trkpt lat="37.2833270" lon="-112.9816540">
    <ele>2197.5</ele>
    <time>2012-04-21T19:28:54Z</time>
   </trkpt>
   <trkpt lat="37.2832540" lon="-112.9815110">
    <ele>2194.8</ele>
    <time>2012-04-21T19:28:59Z</time>
   </trkpt>
   <trkpt lat="37.2832320" lon="-112.9814600">
    <ele>2194.4</ele>
    <time>2012-04-21T19:29:01Z</time>
   </trkpt>
   <trkpt lat="37.2831640" lon="-112.9813460">
    <ele>2193.4</ele>
    <time>2012-04-21T19:29:06Z</time>
   </trkpt>
   <trkpt lat="37.2831010" lon="-112.9812280">
    <ele>2192.6</ele>
    <time>2012-04-21T19:29:10Z</time>
   </trkpt>
   <trkpt lat="37.2830690" lon="-112.9810870">
    <ele>2192.0</ele>
    <time>2012-04-21T19:29:14Z</time>
   </trkpt>
   <trkpt lat="37.2830340" lon="-112.9809960">
    <ele>2191.3</ele>
    <time>2012-04-21T19:29:17Z</time>
   </trkpt>
   <trkpt lat="37.2829400" lon="-112.9808390">
    <ele>2189.3</ele>
    <time>2012-04-21T19:29:23Z</time>
   </trkpt>
   <trkpt lat="37.2828750" lon="-112.9807230">
    <ele>2187.5</ele>
    <time>2012-04-21T19:29:27Z</time>
   </trkpt>
   <trkpt lat="37.2827890" lon="-112.9806160">
    <ele>2185.3</ele>
    <time>2012-04-21T19:29:32Z</time>
   </trkpt>
   <trkpt lat="37.2826890" lon="-112.9804900">
    <ele>2182.4</ele>
    <time>2012-04-21T19:29:38Z</time>
   </trkpt>
   <trkpt lat="37.2826180" lon="-112.9804100">
    <ele>2180.3</ele>
    <time>2012-04-21T19:29:42Z</time>
   </trkpt>
   <trkpt lat="37.2825200" lon="-112.9803280">
    <ele>2178.3</ele>
    <time>2012-04-21T19:29:47Z</time>
   </trkpt>
   <trkpt lat="37.2824330" lon="-112.9802430">
    <ele>2176.8</ele>
    <time>2012-04-21T19:29:52Z</time>
   </trkpt>
   <trkpt lat="37.2823760" lon="-112.9801540">
    <ele>2175.2</ele>
    <time>2012-04-21T19:29:56Z</time>
   </trkpt>
   <trkpt lat="37.2823190" lon="-112.9800610">
    <ele>2174.0</ele>
    <time>2012-04-21T19:30:00Z</time>
   </trkpt>
   <trkpt lat="37.2822290" lon="-112.9799490">
    <ele>2173.2</ele>
    <time>2012-04-21T19:30:05Z</time>
   </trkpt>
   <trkpt lat="37.2821380" lon="-112.9798500">
    <ele>2172.5</ele>
    <time>2012-04-21T19:30:10Z</time>
   </trkpt>
   <trkpt lat="37.2820480" lon="-112.9797580">
    <ele>2172.0</ele>
    <time>2012-04-21T19:30:15Z</time>
   </trkpt>
   <trkpt lat="37.2819670" lon="-112.9796670">
    <ele>2171.4</ele>
    <time>2012-04-21T19:30:19Z</time>
   </trkpt>
   <trkpt lat="37.2818160" lon="-112.9795840">
    <ele>2171.4</ele>
    <time>2012-04-21T19:30:25Z</time>
   </trkpt>
   <trkpt lat="37.2817280" lon="-112.9795050">
    <ele>2170.4</ele>
    <time>2012-04-21T19:30:30Z</time>
   </trkpt>
   <trkpt lat="37.2816910" lon="-112.9793650">
    <ele>2166.8</ele>
    <time>2012-04-21T19:30:36Z</time>
   </trkpt>
   <trkpt lat="37.2816710" lon="-112.9791820">
    <ele>2161.7</ele>
    <time>2012-04-21T19:30:42Z</time>
   </trkpt>
   <trkpt lat="37.2817030" lon="-112.9790670">
    <ele>2158.8</ele>
    <time>2012-04-21T19:30:47Z</time>
   </trkpt>
   <trkpt lat="37.2817210" lon="-112.9789410">
    <ele>2155.8</ele>
    <time>2012-04-21T19:30:51Z</time>
   </trkpt>
   <trkpt lat="37.2817980" lon="-112.9788870">
    <ele>2154.7</ele>
    <time>2012-04-21T19:30:55Z</time>
   </trkpt>
   <trkpt lat="37.2818920" lon="-112.9788980">
    <ele>2154.7</ele>
    <time>2012-04-21T19:30:59Z</time>
   </trkpt>
   <trkpt lat="37.2819900" lon="-112.9789090">
    <ele>2155.0</ele>
    <time>2012-04-21T19:31:03Z</time>
   </trkpt>
   <trkpt lat="37.2821060" lon="-112.9789160">
    <ele>2155.4</ele>
    <time>2012-04-21T19:31:08Z</time>
   </trkpt>
   <trkpt lat="37.2821920" lon="-112.9789110">
    <ele>2155.8</ele>
    <time>2012-04-21T19:31:12Z</time>
   </trkpt>
   <trkpt lat="37.2822360" lon="-112.9789180">
    <ele>2156.6</ele>
    <time>2012-04-21T19:31:14Z</time>
   </trkpt>
   <trkpt lat="37.2823040" lon="-112.9788920">
    <ele>2157.1</ele>
    <time>2012-04-21T19:31:17Z</time>
   </trkpt>
   <trkpt lat="37.2823740" lon="-112.9787850">
    <ele>2156.9</ele>
    <time>2012-04-21T19:31:21Z</time>
   </trkpt>
   <trkpt lat="37.2824340" lon="-112.9787460">
    <ele>2158.0</ele>
    <time>2012-04-21T19:31:26Z</time>
   </trkpt>
   <trkpt lat="37.2824560" lon="-112.9787300">
    <ele>2158.4</ele>
    <time>2012-04-21T19:31:29Z</time>
   </trkpt>
   <trkpt lat="37.2824840" lon="-112.9786720">
    <ele>2158.6</ele>
    <time>2012-04-21T19:31:35Z</time>
   </trkpt>
   <trkpt lat="37.2825100" lon="-112.9786190">
    <ele>2158.7</ele>
    <time>2012-04-21T19:31:39Z</time>
   </trkpt>
   <trkpt lat="37.2825510" lon="-112.9785170">
    <ele>2159.0</ele>
    <time>2012-04-21T19:31:46Z</time>
   </trkpt>
   <trkpt lat="37.2825980" lon="-112.9784250">
    <ele>2159.6</ele>
    <time>2012-04-21T19:31:52Z</time>
   </trkpt>
   <trkpt lat="37.2826640" lon="-112.9783500">
    <ele>2161.0</ele>
    <time>2012-04-21T19:31:59Z</time>
   </trkpt>
   <trkpt lat="37.2827150" lon="-112.9782630">
    <ele>2161.9</ele>
    <time>2012-04-21T19:32:06Z</time>
   </trkpt>
   <trkpt lat="37.2827280" lon="-112.9781410">
    <ele>2161.2</ele>
    <time>2012-04-21T19:32:12Z</time>
   </trkpt>
   <trkpt lat="37.2827670" lon="-112.9780130">
    <ele>2161.3</ele>
    <time>2012-04-21T19:32:17Z</time>
   </trkpt>
   <trkpt lat="37.2828350" lon="-112.9778340">
    <ele>2161.7</ele>
    <time>2012-04-21T19:32:24Z</time>
   </trkpt>
   <trkpt lat="37.2828890" lon="-112.9776810">
    <ele>2161.5</ele>
    <time>2012-04-21T19:32:29Z</time>
   </trkpt>
   <trkpt lat="37.2830050" lon="-112.9774500">
    <ele>2162.2</ele>
    <time>2012-04-21T19:32:37Z</time>
   </trkpt>
   <trkpt lat="37.2830600" lon="-112.9773290">
    <ele>2162.5</ele>
    <time>2012-04-21T19:32:42Z</time>
   </trkpt>
   <trkpt lat="37.2831060" lon="-112.9772140">
    <ele>2162.7</ele>
    <time>2012-04-21T19:32:47Z</time>
   </trkpt>
   <trkpt lat="37.2831390" lon="-112.9771520">
    <ele>2163.0</ele>
    <time>2012-04-21T19:32:50Z</time>
   </trkpt>
   <trkpt lat="37.2831460" lon="-112.9770150">
    <ele>2160.9</ele>
    <time>2012-04-21T19:32:55Z</time>
   </trkpt>
   <trkpt lat="37.2831450" lon="-112.9768280">
    <ele>2157.4</ele>
    <time>2012-04-21T19:33:01Z</time>
   </trkpt>
   <trkpt lat="37.2831780" lon="-112.9767060">
    <ele>2155.9</ele>
    <time>2012-04-21T19:33:05Z</time>
   </trkpt>
   <trkpt lat="37.2832420" lon="-112.9765950">
    <ele>2155.0</ele>
    <time>2012-04-21T19:33:09Z</time>
   </trkpt>
   <trkpt lat="37.2833380" lon="-112.9764770">
    <ele>2153.8</ele>
    <time>2012-04-21T19:33:14Z</time>
   </trkpt>
   <trkpt lat="37.2834640" lon="-112.9763610">
    <ele>2152.7</ele>
    <time>2012-04-21T19:33:20Z</time>
   </trkpt>
   <trkpt lat="37.2835620" lon="-112.9762800">
    <ele>2153.0</ele>
    <time>2012-04-21T19:33:24Z</time>
   </trkpt>
   <trkpt lat="37.2836510" lon="-112.9761730">
    <ele>2153.3</ele>
    <time>2012-04-21T19:33:28Z</time>
   </trkpt>
   <trkpt lat="37.2837400" lon="-112.9760420">
    <ele>2153.9</ele>
    <time>2012-04-21T19:33:33Z</time>
   </trkpt>
   <trkpt lat="37.2837610" lon="-112.9760130">
    <ele>2154.0</ele>
    <time>2012-04-21T19:33:34Z</time>
   </trkpt>
   <trkpt lat="37.2838130" lon="-112.9758290">
    <ele>2153.6</ele>
    <time>2012-04-21T19:33:40Z</time>
   </trkpt>
   <trkpt lat="37.2838180" lon="-112.9757640">
    <ele>2153.2</ele>
    <time>2012-04-21T19:33:42Z</time>
   </trkpt>
   <trkpt lat="37.2838330" lon="-112.9755670">
    <ele>2151.9</ele>
    <time>2012-04-21T19:33:48Z</time>
   </trkpt>
   <trkpt lat="37.2838460" lon="-112.9754030">
    <ele>2150.5</ele>
    <time>2012-04-21T19:33:53Z</time>
   </trkpt>
   <trkpt lat="37.2838560" lon="-112.9752990">
    <ele>2149.3</ele>
    <time>2012-04-21T19:33:56Z</time>
   </trkpt>
   <trkpt lat="37.2839210" lon="-112.9752020">
    <ele>2148.9</ele>
    <time>2012-04-21T19:34:00Z</time>
   </trkpt>
   <trkpt lat="37.2839550" lon="-112.9751440">
    <ele>2148.7</ele>
    <time>2012-04-21T19:34:02Z</time>
   </trkpt>
   <trkpt lat="37.2839930" lon="-112.9749820">
    <ele>2147.1</ele>
    <time>2012-04-21T19:34:08Z</time>
   </trkpt>
   <trkpt lat="37.2840290" lon="-112.9748940">
    <ele>2147.4</ele>
    <time>2012-04-21T19:34:12Z</time>
   </trkpt>
   <trkpt lat="37.2840660" lon="-112.9747430">
    <ele>2148.4</ele>
    <time>2012-04-21T19:34:17Z</time>
   </trkpt>
   <trkpt lat="37.2840320" lon="-112.9746120">
    <ele>2148.1</ele>
    <time>2012-04-21T19:34:22Z</time>
   </trkpt>
   <trkpt lat="37.2840030" lon="-112.9745600">
    <ele>2147.5</ele>
    <time>2012-04-21T19:34:24Z</time>
   </trkpt>
   <trkpt lat="37.2838770" lon="-112.9744360">
    <ele>2144.3</ele>
    <time>2012-04-21T19:34:30Z</time>
   </trkpt>
   <trkpt lat="37.2838210" lon="-112.9743770">
    <ele>2142.9</ele>
    <time>2012-04-21T19:34:33Z</time>
   </trkpt>
   <trkpt lat="37.2837580" lon="-112.9742240">
    <ele>2143.2</ele>
    <time>2012-04-21T19:34:39Z</time>
   </trkpt>
   <trkpt lat="37.2837280" lon="-112.9741270">
    <ele>2143.6</ele>
    <time>2012-04-21T19:34:43Z</time>
   </trkpt>
   <trkpt lat="37.2837000" lon="-112.9740090">
    <ele>2144.2</ele>
    <time>2012-04-21T19:34:47Z</time>
   </trkpt>
   <trkpt lat="37.2836400" lon="-112.9737920">
    <ele>2144.6</ele>
    <time>2012-04-21T19:34:54Z</time>
   </trkpt>
   <trkpt lat="37.2836030" lon="-112.9736470">
    <ele>2144.6</ele>
    <time>2012-04-21T19:34:59Z</time>
   </trkpt>
   <trkpt lat="37.2835390" lon="-112.9734610">
    <ele>2143.6</ele>
    <time>2012-04-21T19:35:05Z</time>
   </trkpt>
   <trkpt lat="37.2835230" lon="-112.9733730">
    <ele>2143.4</ele>
    <time>2012-04-21T19:35:08Z</time>
   </trkpt>
   <trkpt lat="37.2834670" lon="-112.9731970">
    <ele>2141.6</ele>
    <time>2012-04-21T19:35:14Z</time>
   </trkpt>
   <trkpt lat="37.2834240" lon="-112.9731260">
    <ele>2139.4</ele>
    <time>2012-04-21T19:35:17Z</time>
   </trkpt>
   <trkpt lat="37.2834120" lon="-112.9730140">
    <ele>2138.6</ele>
    <time>2012-04-21T19:35:21Z</time>
   </trkpt>
   <trkpt lat="37.2834140" lon="-112.9729290">
    <ele>2138.3</ele>
    <time>2012-04-21T19:35:24Z</time>
   </trkpt>
   <trkpt lat="37.2834880" lon="-112.9727350">
    <ele>2140.1</ele>
    <time>2012-04-21T19:35:30Z</time>
   </trkpt>
   <trkpt lat="37.2835600" lon="-112.9725520">
    <ele>2140.2</ele>
    <time>2012-04-21T19:35:36Z</time>
   </trkpt>
   <trkpt lat="37.2835970" lon="-112.9724020">
    <ele>2138.1</ele>
    <time>2012-04-21T19:35:41Z</time>
   </trkpt>
   <trkpt lat="37.2836560" lon="-112.9722610">
    <ele>2135.8</ele>
    <time>2012-04-21T19:35:46Z</time>
   </trkpt>
   <trkpt lat="37.2837530" lon="-112.9721240">
    <ele>2134.2</ele>
    <time>2012-04-21T19:35:52Z</time>
   </trkpt>
   <trkpt lat="37.2837990" lon="-112.9720960">
    <ele>2134.6</ele>
    <time>2012-04-21T19:35:54Z</time>
   </trkpt>
   <trkpt lat="37.2838840" lon="-112.9720310">
    <ele>2134.7</ele>
    <time>2012-04-21T19:35:58Z</time>
   </trkpt>
   <trkpt lat="37.2839630" lon="-112.9719530">
    <ele>2134.0</ele>
    <time>2012-04-21T19:36:02Z</time>
   </trkpt>
   <trkpt lat="37.2841290" lon="-112.9718640">
    <ele>2134.6</ele>
    <time>2012-04-21T19:36:08Z</time>
   </trkpt>
   <trkpt lat="37.2842470" lon="-112.9717960">
    <ele>2135.0</ele>
    <time>2012-04-21T19:36:13Z</time>
   </trkpt>
   <trkpt lat="37.2843240" lon="-112.9717230">
    <ele>2134.4</ele>
    <time>2012-04-21T19:36:17Z</time>
   </trkpt>
   <trkpt lat="37.2844000" lon="-112.9716430">
    <ele>2133.7</ele>
    <time>2012-04-21T19:36:21Z</time>
   </trkpt>
   <trkpt lat="37.2845070" lon="-112.9715790">
    <ele>2133.7</ele>
    <time>2012-04-21T19:36:26Z</time>
   </trkpt>
   <trkpt lat="37.2846100" lon="-112.9715230">
    <ele>2133.9</ele>
    <time>2012-04-21T19:36:31Z</time>
   </trkpt>
   <trkpt lat="37.2846290" lon="-112.9715090">
    <ele>2133.9</ele>
    <time>2012-04-21T19:36:32Z</time>
   </trkpt>
   <trkpt lat="37.2847600" lon="-112.9714220">
    <ele>2133.8</ele>
    <time>2012-04-21T19:36:38Z</time>
   </trkpt>
   <trkpt lat="37.2848390" lon="-112.9713410">
    <ele>2133.1</ele>
    <time>2012-04-21T19:36:42Z</time>
   </trkpt>
   <trkpt lat="37.2849110" lon="-112.9712400">
    <ele>2131.6</ele>
    <time>2012-04-21T19:36:46Z</time>
   </trkpt>
   <trkpt lat="37.2850440" lon="-112.9711200">
    <ele>2130.5</ele>
    <time>2012-04-21T19:36:53Z</time>
   </trkpt>
   <trkpt lat="37.2851780" lon="-112.9711290">
    <ele>2133.8</ele>
    <time>2012-04-21T19:36:59Z</time>
   </trkpt>
   <trkpt lat="37.2852590" lon="-112.9710330">
    <ele>2133.2</ele>
    <time>2012-04-21T19:37:04Z</time>
   </trkpt>
   <trkpt lat="37.2852760" lon="-112.9710120">
    <ele>2133.1</ele>
    <time>2012-04-21T19:37:05Z</time>
   </trkpt>
   <trkpt lat="37.2854100" lon="-112.9709040">
    <ele>2134.0</ele>
    <time>2012-04-21T19:37:11Z</time>
   </trkpt>
   <trkpt lat="37.2854810" lon="-112.9708110">
    <ele>2133.7</ele>
    <time>2012-04-21T19:37:15Z</time>
   </trkpt>
   <trkpt lat="37.2855340" lon="-112.9707150">
    <ele>2132.7</ele>
    <time>2012-04-21T19:37:20Z</time>
   </trkpt>
   <trkpt lat="37.2855770" lon="-112.9705960">
    <ele>2131.4</ele>
    <time>2012-04-21T19:37:25Z</time>
   </trkpt>
   <trkpt lat="37.2856260" lon="-112.9704680">
    <ele>2130.3</ele>
    <time>2012-04-21T19:37:30Z</time>
   </trkpt>
   <trkpt lat="37.2857000" lon="-112.9703370">
    <ele>2129.2</ele>
    <time>2012-04-21T19:37:35Z</time>
   </trkpt>
   <trkpt lat="37.2858120" lon="-112.9701870">
    <ele>2127.5</ele>
    <time>2012-04-21T19:37:41Z</time>
   </trkpt>
   <trkpt lat="37.2858810" lon="-112.9700890">
    <ele>2126.1</ele>
    <time>2012-04-21T19:37:45Z</time>
   </trkpt>
   <trkpt lat="37.2859460" lon="-112.9700590">
    <ele>2125.0</ele>
    <time>2012-04-21T19:37:48Z</time>
   </trkpt>
   <trkpt lat="37.2860510" lon="-112.9700550">
    <ele>2122.9</ele>
    <time>2012-04-21T19:37:52Z</time>
   </trkpt>
   <trkpt lat="37.2861510" lon="-112.9701810">
    <ele>2123.3</ele>
    <time>2012-04-21T19:37:58Z</time>
   </trkpt>
   <trkpt lat="37.2862240" lon="-112.9702810">
    <ele>2123.9</ele>
    <time>2012-04-21T19:38:03Z</time>
   </trkpt>
   <trkpt lat="37.2862390" lon="-112.9703040">
    <ele>2124.2</ele>
    <time>2012-04-21T19:38:04Z</time>
   </trkpt>
   <trkpt lat="37.2863530" lon="-112.9704450">
    <ele>2124.4</ele>
    <time>2012-04-21T19:38:11Z</time>
   </trkpt>
   <trkpt lat="37.2864240" lon="-112.9705440">
    <ele>2124.8</ele>
    <time>2012-04-21T19:38:16Z</time>
   </trkpt>
   <trkpt lat="37.2864670" lon="-112.9706420">
    <ele>2125.1</ele>
    <time>2012-04-21T19:38:20Z</time>
   </trkpt>
   <trkpt lat="37.2865220" lon="-112.9707530">
    <ele>2125.3</ele>
    <time>2012-04-21T19:38:24Z</time>
   </trkpt>
   <trkpt lat="37.2866080" lon="-112.9708900">
    <ele>2125.2</ele>
    <time>2012-04-21T19:38:30Z</time>
   </trkpt>
   <trkpt lat="37.2866820" lon="-112.9709380">
    <ele>2123.7</ele>
    <time>2012-04-21T19:38:34Z</time>
   </trkpt>
   <trkpt lat="37.2867760" lon="-112.9709410">
    <ele>2120.5</ele>
    <time>2012-04-21T19:38:37Z</time>
   </trkpt>
   <trkpt lat="37.2867930" lon="-112.9709500">
    <ele>2120.0</ele>
    <time>2012-04-21T19:38:38Z</time>
   </trkpt>
   <trkpt lat="37.2868700" lon="-112.9710610">
    <ele>2120.4</ele>
    <time>2012-04-21T19:38:44Z</time>
   </trkpt>
   <trkpt lat="37.2869610" lon="-112.9711440">
    <ele>2120.2</ele>
    <time>2012-04-21T19:38:49Z</time>
   </trkpt>
   <trkpt lat="37.2870760" lon="-112.9711740">
    <ele>2118.8</ele>
    <time>2012-04-21T19:38:54Z</time>
   </trkpt>
   <trkpt lat="37.2870980" lon="-112.9711810">
    <ele>2118.7</ele>
    <time>2012-04-21T19:38:55Z</time>
   </trkpt>
   <trkpt lat="37.2872380" lon="-112.9711650">
    <ele>2116.4</ele>
    <time>2012-04-21T19:39:01Z</time>
   </trkpt>
   <trkpt lat="37.2873810" lon="-112.9711600">
    <ele>2114.6</ele>
    <time>2012-04-21T19:39:07Z</time>
   </trkpt>
   <trkpt lat="37.2874750" lon="-112.9711620">
    <ele>2113.4</ele>
    <time>2012-04-21T19:39:11Z</time>
   </trkpt>
   <trkpt lat="37.2875810" lon="-112.9712000">
    <ele>2113.3</ele>
    <time>2012-04-21T19:39:16Z</time>
   </trkpt>
   <trkpt lat="37.2877010" lon="-112.9712780">
    <ele>2114.4</ele>
    <time>2012-04-21T19:39:21Z</time>
   </trkpt>
   <trkpt lat="37.2877770" lon="-112.9713050">
    <ele>2113.8</ele>
    <time>2012-04-21T19:39:24Z</time>
   </trkpt>
   <trkpt lat="37.2878980" lon="-112.9713260">
    <ele>2111.5</ele>
    <time>2012-04-21T19:39:29Z</time>
   </trkpt>
   <trkpt lat="37.2880200" lon="-112.9713120">
    <ele>2107.0</ele>
    <time>2012-04-21T19:39:34Z</time>
   </trkpt>
   <trkpt lat="37.2880940" lon="-112.9713160">
    <ele>2104.5</ele>
    <time>2012-04-21T19:39:37Z</time>
   </trkpt>
   <trkpt lat="37.2881110" lon="-112.9712830">
    <ele>2102.7</ele>
    <time>2012-04-21T19:39:40Z</time>
   </trkpt>
   <trkpt lat="37.2880550" lon="-112.9712510">
    <ele>2103.6</ele>
    <time>2012-04-21T19:39:43Z</time>
   </trkpt>
   <trkpt lat="37.2879300" lon="-112.9711600">
    <ele>2104.4</ele>
    <time>2012-04-21T19:39:49Z</time>
   </trkpt>
   <trkpt lat="37.2878790" lon="-112.9711040">
    <ele>2104.0</ele>
    <time>2012-04-21T19:39:52Z</time>
   </trkpt>
   <trkpt lat="37.2878210" lon="-112.9710670">
    <ele>2104.2</ele>
    <time>2012-04-21T19:39:55Z</time>
   </trkpt>
   <trkpt lat="37.2877210" lon="-112.9709360">
    <ele>2101.9</ele>
    <time>2012-04-21T19:40:01Z</time>
   </trkpt>
   <trkpt lat="37.2876590" lon="-112.9708720">
    <ele>2100.7</ele>
    <time>2012-04-21T19:40:04Z</time>
   </trkpt>
   <trkpt lat="37.2875840" lon="-112.9707930">
    <ele>2099.3</ele>
    <time>2012-04-21T19:40:08Z</time>
   </trkpt>
   <trkpt lat="37.2875240" lon="-112.9707200">
    <ele>2097.8</ele>
    <time>2012-04-21T19:40:11Z</time>
   </trkpt>
   <trkpt lat="37.2873940" lon="-112.9706610">
    <ele>2097.2</ele>
    <time>2012-04-21T19:40:16Z</time>
   </trkpt>
   <trkpt lat="37.2873400" lon="-112.9706480">
    <ele>2097.5</ele>
    <time>2012-04-21T19:40:18Z</time>
   </trkpt>
   <trkpt lat="37.2872030" lon="-112.9706120">
    <ele>2097.9</ele>
    <time>2012-04-21T19:40:23Z</time>
   </trkpt>
   <trkpt lat="37.2871010" lon="-112.9705010">
    <ele>2096.7</ele>
    <time>2012-04-21T19:40:28Z</time>
   </trkpt>
   <trkpt lat="37.2870410" lon="-112.9703700">
    <ele>2094.7</ele>
    <time>2012-04-21T19:40:32Z</time>
   </trkpt>
   <trkpt lat="37.2870270" lon="-112.9703430">
    <ele>2094.3</ele>
    <time>2012-04-21T19:40:33Z</time>
   </trkpt>
   <trkpt lat="37.2869810" lon="-112.9701840">
    <ele>2091.4</ele>
    <time>2012-04-21T19:40:38Z</time>
   </trkpt>
   <trkpt lat="37.2869390" lon="-112.9700860">
    <ele>2089.7</ele>
    <time>2012-04-21T19:40:42Z</time>
   </trkpt>
   <trkpt lat="37.2869010" lon="-112.9699790">
    <ele>2087.8</ele>
    <time>2012-04-21T19:40:46Z</time>
   </trkpt>
   <trkpt lat="37.2868860" lon="-112.9699110">
    <ele>2086.3</ele>
    <time>2012-04-21T19:40:48Z</time>
   </trkpt>
   <trkpt lat="37.2868410" lon="-112.9697880">
    <ele>2083.8</ele>
    <time>2012-04-21T19:40:52Z</time>
   </trkpt>
   <trkpt lat="37.2868480" lon="-112.9696050">
    <ele>2078.7</ele>
    <time>2012-04-21T19:40:58Z</time>
   </trkpt>
   <trkpt lat="37.2868240" lon="-112.9695020">
    <ele>2076.9</ele>
    <time>2012-04-21T19:41:01Z</time>
   </trkpt>
   <trkpt lat="37.2868320" lon="-112.9693140">
    <ele>2073.7</ele>
    <time>2012-04-21T19:41:07Z</time>
   </trkpt>
   <trkpt lat="37.2868410" lon="-112.9691590">
    <ele>2071.4</ele>
    <time>2012-04-21T19:41:12Z</time>
   </trkpt>
   <trkpt lat="37.2868660" lon="-112.9689600">
    <ele>2066.6</ele>
    <time>2012-04-21T19:41:18Z</time>
   </trkpt>
   <trkpt lat="37.2868740" lon="-112.9688010">
    <ele>2062.0</ele>
    <time>2012-04-21T19:41:23Z</time>
   </trkpt>
   <trkpt lat="37.2868700" lon="-112.9687760">
    <ele>2061.3</ele>
    <time>2012-04-21T19:41:24Z</time>
   </trkpt>
   <trkpt lat="37.2868350" lon="-112.9686580">
    <ele>2058.8</ele>
    <time>2012-04-21T19:41:29Z</time>
   </trkpt>
   <trkpt lat="37.2867600" lon="-112.9685650">
    <ele>2058.2</ele>
    <time>2012-04-21T19:41:34Z</time>
   </trkpt>
   <trkpt lat="37.2866960" lon="-112.9684760">
    <ele>2057.7</ele>
    <time>2012-04-21T19:41:38Z</time>
   </trkpt>
   <trkpt lat="37.2866310" lon="-112.9683830">
    <ele>2056.8</ele>
    <time>2012-04-21T19:41:42Z</time>
   </trkpt>
   <trkpt lat="37.2865990" lon="-112.9682910">
    <ele>2055.2</ele>
    <time>2012-04-21T19:41:45Z</time>
   </trkpt>
   <trkpt lat="37.2864780" lon="-112.9681690">
    <ele>2052.2</ele>
    <time>2012-04-21T19:41:51Z</time>
   </trkpt>
   <trkpt lat="37.2863580" lon="-112.9681700">
    <ele>2051.6</ele>
    <time>2012-04-21T19:41:56Z</time>
   </trkpt>
   <trkpt lat="37.2862430" lon="-112.9682380">
    <ele>2053.0</ele>
    <time>2012-04-21T19:42:01Z</time>
   </trkpt>
   <trkpt lat="37.2861230" lon="-112.9682570">
    <ele>2053.0</ele>
    <time>2012-04-21T19:42:06Z</time>
   </trkpt>
   <trkpt lat="37.2860010" lon="-112.9682570">
    <ele>2052.3</ele>
    <time>2012-04-21T19:42:11Z</time>
   </trkpt>
   <trkpt lat="37.2858510" lon="-112.9683010">
    <ele>2053.0</ele>
    <time>2012-04-21T19:42:17Z</time>
   </trkpt>
   <trkpt lat="37.2857590" lon="-112.9683390">
    <ele>2053.1</ele>
    <time>2012-04-21T19:42:21Z</time>
   </trkpt>
   <trkpt lat="37.2856650" lon="-112.9684220">
    <ele>2053.7</ele>
    <time>2012-04-21T19:42:26Z</time>
   </trkpt>
   <trkpt lat="37.2855770" lon="-112.9685350">
    <ele>2052.9</ele>
    <time>2012-04-21T19:42:31Z</time>
   </trkpt>
   <trkpt lat="37.2855690" lon="-112.9685660">
    <ele>2053.0</ele>
    <time>2012-04-21T19:42:32Z</time>
   </trkpt>
   <trkpt lat="37.2855530" lon="-112.9686510">
    <ele>2053.6</ele>
    <time>2012-04-21T19:42:35Z</time>
   </trkpt>
   <trkpt lat="37.2854620" lon="-112.9687290">
    <ele>2050.3</ele>
    <time>2012-04-21T19:42:40Z</time>
   </trkpt>
   <trkpt lat="37.2853610" lon="-112.9688040">
    <ele>2047.0</ele>
    <time>2012-04-21T19:42:45Z</time>
   </trkpt>
   <trkpt lat="37.2852560" lon="-112.9689040">
    <ele>2045.3</ele>
    <time>2012-04-21T19:42:50Z</time>
   </trkpt>
   <trkpt lat="37.2851680" lon="-112.9689770">
    <ele>2044.6</ele>
    <time>2012-04-21T19:42:54Z</time>
   </trkpt>
   <trkpt lat="37.2850840" lon="-112.9690270">
    <ele>2043.4</ele>
    <time>2012-04-21T19:42:58Z</time>
   </trkpt>
   <trkpt lat="37.2849560" lon="-112.9691050">
    <ele>2041.4</ele>
    <time>2012-04-21T19:43:04Z</time>
   </trkpt>
   <trkpt lat="37.2848560" lon="-112.9691650">
    <ele>2039.5</ele>
    <time>2012-04-21T19:43:08Z</time>
   </trkpt>
   <trkpt lat="37.2847820" lon="-112.9692160">
    <ele>2038.3</ele>
    <time>2012-04-21T19:43:12Z</time>
   </trkpt>
   <trkpt lat="37.2846920" lon="-112.9692640">
    <ele>2036.0</ele>
    <time>2012-04-21T19:43:16Z</time>
   </trkpt>
   <trkpt lat="37.2845790" lon="-112.9692900">
    <ele>2032.2</ele>
    <time>2012-04-21T19:43:21Z</time>
   </trkpt>
   <trkpt lat="37.2845480" lon="-112.9692680">
    <ele>2030.1</ele>
    <time>2012-04-21T19:43:25Z</time>
   </trkpt>
   <trkpt lat="37.2846440" lon="-112.9691750">
    <ele>2028.5</ele>
    <time>2012-04-21T19:43:30Z</time>
   </trkpt>
   <trkpt lat="37.2847260" lon="-112.9690900">
    <ele>2028.9</ele>
    <time>2012-04-21T19:43:34Z</time>
   </trkpt>
   <trkpt lat="37.2847530" lon="-112.9690760">
    <ele>2029.9</ele>
    <time>2012-04-21T19:43:35Z</time>
   </trkpt>
   <trkpt lat="37.2848830" lon="-112.9688850">
    <ele>2028.9</ele>
    <time>2012-04-21T19:43:43Z</time>
   </trkpt>
   <trkpt lat="37.2849680" lon="-112.9687720">
    <ele>2027.9</ele>
    <time>2012-04-21T19:43:48Z</time>
   </trkpt>
   <trkpt lat="37.2850670" lon="-112.9686300">
    <ele>2026.3</ele>
    <time>2012-04-21T19:43:54Z</time>
   </trkpt>
   <trkpt lat="37.2851370" lon="-112.9685660">
    <ele>2027.0</ele>
    <time>2012-04-21T19:43:57Z</time>
   </trkpt>
   <trkpt lat="37.2852100" lon="-112.9684520">
    <ele>2024.2</ele>
    <time>2012-04-21T19:44:02Z</time>
   </trkpt>
   <trkpt lat="37.2852650" lon="-112.9683470">
    <ele>2019.8</ele>
    <time>2012-04-21T19:44:07Z</time>
   </trkpt>
   <trkpt lat="37.2853380" lon="-112.9682670">
    <ele>2018.1</ele>
    <time>2012-04-21T19:44:11Z</time>
   </trkpt>
   <trkpt lat="37.2854150" lon="-112.9681560">
    <ele>2013.6</ele>
    <time>2012-04-21T19:44:16Z</time>
   </trkpt>
   <trkpt lat="37.2854930" lon="-112.9680480">
    <ele>2010.4</ele>
    <time>2012-04-21T19:44:21Z</time>
   </trkpt>
   <trkpt lat="37.2855070" lon="-112.9680240">
    <ele>2009.8</ele>
    <time>2012-04-21T19:44:22Z</time>
   </trkpt>
   <trkpt lat="37.2855170" lon="-112.9679980">
    <ele>2008.0</ele>
    <time>2012-04-21T19:44:24Z</time>
   </trkpt>
   <trkpt lat="37.2854070" lon="-112.9680970">
    <ele>2008.5</ele>
    <time>2012-04-21T19:44:28Z</time>
   </trkpt>
   <trkpt lat="37.2853100" lon="-112.9681780">
    <ele>2009.1</ele>
    <time>2012-04-21T19:44:32Z</time>
   </trkpt>
   <trkpt lat="37.2852070" lon="-112.9682300">
    <ele>2006.7</ele>
    <time>2012-04-21T19:44:37Z</time>
   </trkpt>
   <trkpt lat="37.2850850" lon="-112.9683010">
    <ele>2004.3</ele>
    <time>2012-04-21T19:44:43Z</time>
   </trkpt>
   <trkpt lat="37.2849870" lon="-112.9683700">
    <ele>2002.3</ele>
    <time>2012-04-21T19:44:48Z</time>
   </trkpt>
   <trkpt lat="37.2848940" lon="-112.9684310">
    <ele>1999.8</ele>
    <time>2012-04-21T19:44:54Z</time>
   </trkpt>
   <trkpt lat="37.2848700" lon="-112.9684510">
    <ele>1999.4</ele>
    <time>2012-04-21T19:45:00Z</time>
   </trkpt>
   <trkpt lat="37.2848180" lon="-112.9684780">
    <ele>1997.6</ele>
    <time>2012-04-21T19:45:03Z</time>
   </trkpt>
   <trkpt lat="37.2846840" lon="-112.9685750">
    <ele>1995.9</ele>
    <time>2012-04-21T19:45:10Z</time>
   </trkpt>
   <trkpt lat="37.2846050" lon="-112.9686300">
    <ele>1995.5</ele>
    <time>2012-04-21T19:45:14Z</time>
   </trkpt>
   <trkpt lat="37.2845010" lon="-112.9686840">
    <ele>1992.6</ele>
    <time>2012-04-21T19:45:19Z</time>
   </trkpt>
   <trkpt lat="37.2844250" lon="-112.9687850">
    <ele>1996.1</ele>
    <time>2012-04-21T19:45:24Z</time>
   </trkpt>
   <trkpt lat="37.2843310" lon="-112.9688430">
    <ele>1995.6</ele>
    <time>2012-04-21T19:45:29Z</time>
   </trkpt>
   <trkpt lat="37.2843090" lon="-112.9688570">
    <ele>1995.4</ele>
    <time>2012-04-21T19:45:30Z</time>
   </trkpt>
   <trkpt lat="37.2841430" lon="-112.9689170">
    <ele>1985.2</ele>
    <time>2012-04-21T19:45:37Z</time>
   </trkpt>
   <trkpt lat="37.2840050" lon="-112.9690090">
    <ele>1980.1</ele>
    <time>2012-04-21T19:45:43Z</time>
   </trkpt>
   <trkpt lat="37.2838990" lon="-112.9691030">
    <ele>1977.8</ele>
    <time>2012-04-21T19:45:48Z</time>
   </trkpt>
   <trkpt lat="37.2838050" lon="-112.9691750">
    <ele>1975.5</ele>
    <time>2012-04-21T19:45:53Z</time>
   </trkpt>
   <trkpt lat="37.2837070" lon="-112.9692650">
    <ele>1975.6</ele>
    <time>2012-04-21T19:45:58Z</time>
   </trkpt>
   <trkpt lat="37.2836230" lon="-112.9693660">
    <ele>1976.8</ele>
    <time>2012-04-21T19:46:03Z</time>
   </trkpt>
   <trkpt lat="37.2835170" lon="-112.9694760">
    <ele>1974.6</ele>
    <time>2012-04-21T19:46:08Z</time>
   </trkpt>
   <trkpt lat="37.2834610" lon="-112.9695150">
    <ele>1971.5</ele>
    <time>2012-04-21T19:46:10Z</time>
   </trkpt>
   <trkpt lat="37.2833560" lon="-112.9696370">
    <ele>1969.6</ele>
    <time>2012-04-21T19:46:16Z</time>
   </trkpt>
   <trkpt lat="37.2833090" lon="-112.9696690">
    <ele>1967.1</ele>
    <time>2012-04-21T19:46:18Z</time>
   </trkpt>
   <trkpt lat="37.2832350" lon="-112.9697400">
    <ele>1964.0</ele>
    <time>2012-04-21T19:46:22Z</time>
   </trkpt>
   <trkpt lat="37.2831610" lon="-112.9698240">
    <ele>1962.3</ele>
    <time>2012-04-21T19:46:26Z</time>
   </trkpt>
   <trkpt lat="37.2830770" lon="-112.9699050">
    <ele>1958.4</ele>
    <time>2012-04-21T19:46:30Z</time>
   </trkpt>
   <trkpt lat="37.2829870" lon="-112.9699910">
    <ele>1949.9</ele>
    <time>2012-04-21T19:46:36Z</time>
   </trkpt>
   <trkpt lat="37.2829850" lon="-112.9700130">
    <ele>1949.7</ele>
    <time>2012-04-21T19:46:37Z</time>
   </trkpt>
   <trkpt lat="37.2829440" lon="-112.9700720">
    <ele>1940.3</ele>
    <time>2012-04-21T19:46:41Z</time>
   </trkpt>
   <trkpt lat="37.2830110" lon="-112.9701760">
    <ele>1937.2</ele>
    <time>2012-04-21T19:46:45Z</time>
   </trkpt>
   <trkpt lat="37.2831550" lon="-112.9701410">
    <ele>1976.9</ele>
    <time>2012-04-21T19:46:49Z</time>
   </trkpt>
   <trkpt lat="37.2831950" lon="-112.9700470">
    <ele>1985.0</ele>
    <time>2012-04-21T19:46:52Z</time>
   </trkpt>
   <trkpt lat="37.2832200" lon="-112.9698390">
    <ele>1971.5</ele>
    <time>2012-04-21T19:46:56Z</time>
   </trkpt>
   <trkpt lat="37.2831140" lon="-112.9698190">
    <ele>1954.6</ele>
    <time>2012-04-21T19:47:01Z</time>
   </trkpt>
   <trkpt lat="37.2827210" lon="-112.9700410">
    <ele>1924.1</ele>
    <time>2012-04-21T19:47:04Z</time>
   </trkpt>
   <trkpt lat="37.2827880" lon="-112.9698630">
    <ele>1929.1</ele>
    <time>2012-04-21T19:47:08Z</time>
   </trkpt>
   <trkpt lat="37.2827920" lon="-112.9697520">
    <ele>1924.5</ele>
    <time>2012-04-21T19:47:13Z</time>
   </trkpt>
   <trkpt lat="37.2827510" lon="-112.9698060">
    <ele>1925.6</ele>
    <time>2012-04-21T19:47:16Z</time>
   </trkpt>
   <trkpt lat="37.2827170" lon="-112.9698220">
    <ele>1925.0</ele>
    <time>2012-04-21T19:47:19Z</time>
   </trkpt>
   <trkpt lat="37.2826850" lon="-112.9697520">
    <ele>1921.9</ele>
    <time>2012-04-21T19:47:22Z</time>
   </trkpt>
   <trkpt lat="37.2827400" lon="-112.9695960">
    <ele>1915.5</ele>
    <time>2012-04-21T19:47:27Z</time>
   </trkpt>
   <trkpt lat="37.2827650" lon="-112.9695760">
    <ele>1915.1</ele>
    <time>2012-04-21T19:47:28Z</time>
   </trkpt>
   <trkpt lat="37.2828800" lon="-112.9694970">
    <ele>1912.4</ele>
    <time>2012-04-21T19:47:33Z</time>
   </trkpt>
   <trkpt lat="37.2829900" lon="-112.9694740">
    <ele>1913.2</ele>
    <time>2012-04-21T19:47:38Z</time>
   </trkpt>
   <trkpt lat="37.2829530" lon="-112.9694190">
    <ele>1908.8</ele>
    <time>2012-04-21T19:47:42Z</time>
   </trkpt>
   <trkpt lat="37.2828770" lon="-112.9693540">
    <ele>1904.6</ele>
    <time>2012-04-21T19:47:46Z</time>
   </trkpt>
   <trkpt lat="37.2827850" lon="-112.9692350">
    <ele>1900.5</ele>
    <time>2012-04-21T19:47:51Z</time>
   </trkpt>
   <trkpt lat="37.2827760" lon="-112.9692070">
    <ele>1899.5</ele>
    <time>2012-04-21T19:47:53Z</time>
   </trkpt>
   <trkpt lat="37.2828060" lon="-112.9691410">
    <ele>1895.8</ele>
    <time>2012-04-21T19:47:57Z</time>
   </trkpt>
   <trkpt lat="37.2829820" lon="-112.9691500">
    <ele>1895.3</ele>
    <time>2012-04-21T19:48:03Z</time>
   </trkpt>
   <trkpt lat="37.2830710" lon="-112.9691460">
    <ele>1897.0</ele>
    <time>2012-04-21T19:48:07Z</time>
   </trkpt>
   <trkpt lat="37.2830590" lon="-112.9690900">
    <ele>1894.3</ele>
    <time>2012-04-21T19:48:10Z</time>
   </trkpt>
   <trkpt lat="37.2829620" lon="-112.9690490">
    <ele>1891.2</ele>
    <time>2012-04-21T19:48:15Z</time>
   </trkpt>
   <trkpt lat="37.2829130" lon="-112.9690210">
    <ele>1889.8</ele>
    <time>2012-04-21T19:48:19Z</time>
   </trkpt>
   <trkpt lat="37.2828310" lon="-112.9690390">
    <ele>1891.2</ele>
    <time>2012-04-21T19:48:25Z</time>
   </trkpt>
   <trkpt lat="37.2827930" lon="-112.9689710">
    <ele>1888.7</ele>
    <time>2012-04-21T19:48:28Z</time>
   </trkpt>
   <trkpt lat="37.2827720" lon="-112.9689080">
    <ele>1885.5</ele>
    <time>2012-04-21T19:48:32Z</time>
   </trkpt>
   <trkpt lat="37.2828760" lon="-112.9688690">
    <ele>1883.4</ele>
    <time>2012-04-21T19:48:37Z</time>
   </trkpt>
   <trkpt lat="37.2829420" lon="-112.9687840">
    <ele>1880.3</ele>
    <time>2012-04-21T19:48:41Z</time>
   </trkpt>
   <trkpt lat="37.2830710" lon="-112.9687550">
    <ele>1878.5</ele>
    <time>2012-04-21T19:48:45Z</time>
   </trkpt>
   <trkpt lat="37.2831300" lon="-112.9687430">
    <ele>1877.9</ele>
    <time>2012-04-21T19:48:47Z</time>
   </trkpt>
   <trkpt lat="37.2832390" lon="-112.9687010">
    <ele>1877.4</ele>
    <time>2012-04-21T19:48:51Z</time>
   </trkpt>
   <trkpt lat="37.2833710" lon="-112.9686300">
    <ele>1878.5</ele>
    <time>2012-04-21T19:48:57Z</time>
   </trkpt>
   <trkpt lat="37.2834880" lon="-112.9685570">
    <ele>1879.2</ele>
    <time>2012-04-21T19:49:02Z</time>
   </trkpt>
   <trkpt lat="37.2836080" lon="-112.9684950">
    <ele>1880.8</ele>
    <time>2012-04-21T19:49:06Z</time>
   </trkpt>
   <trkpt lat="37.2836690" lon="-112.9684600">
    <ele>1881.4</ele>
    <time>2012-04-21T19:49:11Z</time>
   </trkpt>
   <trkpt lat="37.2836840" lon="-112.9684450">
    <ele>1881.3</ele>
    <time>2012-04-21T19:49:15Z</time>
   </trkpt>
   <trkpt lat="37.2837520" lon="-112.9683800">
    <ele>1879.8</ele>
    <time>2012-04-21T19:49:19Z</time>
   </trkpt>
   <trkpt lat="37.2838060" lon="-112.9682580">
    <ele>1874.1</ele>
    <time>2012-04-21T19:49:24Z</time>
   </trkpt>
   <trkpt lat="37.2838740" lon="-112.9681350">
    <ele>1869.0</ele>
    <time>2012-04-21T19:49:29Z</time>
   </trkpt>
   <trkpt lat="37.2839230" lon="-112.9680610">
    <ele>1866.6</ele>
    <time>2012-04-21T19:49:33Z</time>
   </trkpt>
   <trkpt lat="37.2839450" lon="-112.9680210">
    <ele>1865.1</ele>
    <time>2012-04-21T19:49:35Z</time>
   </trkpt>
   <trkpt lat="37.2839890" lon="-112.9679020">
    <ele>1859.9</ele>
    <time>2012-04-21T19:49:39Z</time>
   </trkpt>
   <trkpt lat="37.2840790" lon="-112.9678220">
    <ele>1858.4</ele>
    <time>2012-04-21T19:49:45Z</time>
   </trkpt>
   <trkpt lat="37.2841850" lon="-112.9677280">
    <ele>1856.6</ele>
    <time>2012-04-21T19:49:50Z</time>
   </trkpt>
   <trkpt lat="37.2843250" lon="-112.9676240">
    <ele>1856.2</ele>
    <time>2012-04-21T19:49:56Z</time>
   </trkpt>
   <trkpt lat="37.2843870" lon="-112.9675830">
    <ele>1856.4</ele>
    <time>2012-04-21T19:50:00Z</time>
   </trkpt>
   <trkpt lat="37.2845400" lon="-112.9675480">
    <ele>1858.7</ele>
    <time>2012-04-21T19:50:06Z</time>
   </trkpt>
   <trkpt lat="37.2846500" lon="-112.9675370">
    <ele>1861.3</ele>
    <time>2012-04-21T19:50:10Z</time>
   </trkpt>
   <trkpt lat="37.2847470" lon="-112.9674660">
    <ele>1859.2</ele>
    <time>2012-04-21T19:50:15Z</time>
   </trkpt>
   <trkpt lat="37.2847160" lon="-112.9673370">
    <ele>1850.5</ele>
    <time>2012-04-21T19:50:20Z</time>
   </trkpt>
   <trkpt lat="37.2846420" lon="-112.9673350">
    <ele>1849.7</ele>
    <time>2012-04-21T19:50:23Z</time>
   </trkpt>
   <trkpt lat="37.2845650" lon="-112.9673000">
    <ele>1847.9</ele>
    <time>2012-04-21T19:50:27Z</time>
   </trkpt>
   <trkpt lat="37.2845300" lon="-112.9672580">
    <ele>1846.6</ele>
    <time>2012-04-21T19:50:29Z</time>
   </trkpt>
   <trkpt lat="37.2845840" lon="-112.9672090">
    <ele>1844.9</ele>
    <time>2012-04-21T19:50:33Z</time>
   </trkpt>
   <trkpt lat="37.2846020" lon="-112.9672070">
    <ele>1844.6</ele>
    <time>2012-04-21T19:50:35Z</time>
   </trkpt>
   <trkpt lat="37.2846740" lon="-112.9671400">
    <ele>1840.5</ele>
    <time>2012-04-21T19:50:40Z</time>
   </trkpt>
   <trkpt lat="37.2846930" lon="-112.9671260">
    <ele>1839.5</ele>
    <time>2012-04-21T19:50:41Z</time>
   </trkpt>
   <trkpt lat="37.2847460" lon="-112.9670020">
    <ele>1833.2</ele>
    <time>2012-04-21T19:50:47Z</time>
   </trkpt>
   <trkpt lat="37.2847680" lon="-112.9669260">
    <ele>1831.4</ele>
    <time>2012-04-21T19:50:50Z</time>
   </trkpt>
   <trkpt lat="37.2847870" lon="-112.9668650">
    <ele>1831.3</ele>
    <time>2012-04-21T19:50:52Z</time>
   </trkpt>
   <trkpt lat="37.2848600" lon="-112.9667680">
    <ele>1830.5</ele>
    <time>2012-04-21T19:50:56Z</time>
   </trkpt>
   <trkpt lat="37.2849580" lon="-112.9666830">
    <ele>1830.0</ele>
    <time>2012-04-21T19:51:01Z</time>
   </trkpt>
   <trkpt lat="37.2850450" lon="-112.9666450">
    <ele>1828.8</ele>
    <time>2012-04-21T19:51:05Z</time>
   </trkpt>
   <trkpt lat="37.2851310" lon="-112.9665510">
    <ele>1827.3</ele>
    <time>2012-04-21T19:51:10Z</time>
   </trkpt>
   <trkpt lat="37.2851400" lon="-112.9664440">
    <ele>1827.8</ele>
    <time>2012-04-21T19:51:14Z</time>
   </trkpt>
   <trkpt lat="37.2852270" lon="-112.9663230">
    <ele>1826.0</ele>
    <time>2012-04-21T19:51:20Z</time>
   </trkpt>
   <trkpt lat="37.2853200" lon="-112.9662630">
    <ele>1823.8</ele>
    <time>2012-04-21T19:51:25Z</time>
   </trkpt>
   <trkpt lat="37.2853630" lon="-112.9661490">
    <ele>1822.8</ele>
    <time>2012-04-21T19:51:29Z</time>
   </trkpt>
   <trkpt lat="37.2853910" lon="-112.9660910">
    <ele>1822.1</ele>
    <time>2012-04-21T19:51:31Z</time>
   </trkpt>
   <trkpt lat="37.2854820" lon="-112.9660150">
    <ele>1819.6</ele>
    <time>2012-04-21T19:51:36Z</time>
   </trkpt>
   <trkpt lat="37.2854890" lon="-112.9658780">
    <ele>1818.5</ele>
    <time>2012-04-21T19:51:40Z</time>
   </trkpt>
   <trkpt lat="37.2854480" lon="-112.9656900">
    <ele>1819.7</ele>
    <time>2012-04-21T19:51:45Z</time>
   </trkpt>
   <trkpt lat="37.2854840" lon="-112.9655380">
    <ele>1820.0</ele>
    <time>2012-04-21T19:51:50Z</time>
   </trkpt>
   <trkpt lat="37.2855350" lon="-112.9654100">
    <ele>1820.4</ele>
    <time>2012-04-21T19:51:54Z</time>
   </trkpt>
   <trkpt lat="37.2855510" lon="-112.9653890">
    <ele>1820.3</ele>
    <time>2012-04-21T19:51:55Z</time>
   </trkpt>
   <trkpt lat="37.2857640" lon="-112.9654410">
    <ele>1813.6</ele>
    <time>2012-04-21T19:52:02Z</time>
   </trkpt>
   <trkpt lat="37.2857890" lon="-112.9654350">
    <ele>1813.1</ele>
    <time>2012-04-21T19:52:03Z</time>
   </trkpt>
   <trkpt lat="37.2859040" lon="-112.9653560">
    <ele>1811.3</ele>
    <time>2012-04-21T19:52:09Z</time>
   </trkpt>
   <trkpt lat="37.2859390" lon="-112.9653160">
    <ele>1810.9</ele>
    <time>2012-04-21T19:52:11Z</time>
   </trkpt>
   <trkpt lat="37.2860220" lon="-112.9651680">
    <ele>1809.7</ele>
    <time>2012-04-21T19:52:17Z</time>
   </trkpt>
   <trkpt lat="37.2861400" lon="-112.9651280">
    <ele>1807.0</ele>
    <time>2012-04-21T19:52:22Z</time>
   </trkpt>
   <trkpt lat="37.2861640" lon="-112.9651100">
    <ele>1806.5</ele>
    <time>2012-04-21T19:52:23Z</time>
   </trkpt>
   <trkpt lat="37.2862210" lon="-112.9649700">
    <ele>1805.0</ele>
    <time>2012-04-21T19:52:28Z</time>
   </trkpt>
   <trkpt lat="37.2862320" lon="-112.9649430">
    <ele>1804.6</ele>
    <time>2012-04-21T19:52:29Z</time>
   </trkpt>
   <trkpt lat="37.2861960" lon="-112.9647510">
    <ele>1803.0</ele>
    <time>2012-04-21T19:52:35Z</time>
   </trkpt>
   <trkpt lat="37.2861180" lon="-112.9645280">
    <ele>1801.6</ele>
    <time>2012-04-21T19:52:42Z</time>
   </trkpt>
   <trkpt lat="37.2861030" lon="-112.9644740">
    <ele>1801.9</ele>
    <time>2012-04-21T19:52:44Z</time>
   </trkpt>
   <trkpt lat="37.2861460" lon="-112.9643810">
    <ele>1802.7</ele>
    <time>2012-04-21T19:52:49Z</time>
   </trkpt>
   <trkpt lat="37.2862170" lon="-112.9643570">
    <ele>1802.4</ele>
    <time>2012-04-21T19:52:53Z</time>
   </trkpt>
   <trkpt lat="37.2862410" lon="-112.9643500">
    <ele>1802.3</ele>
    <time>2012-04-21T19:52:54Z</time>
   </trkpt>
   <trkpt lat="37.2863400" lon="-112.9643450">
    <ele>1800.1</ele>
    <time>2012-04-21T19:52:59Z</time>
   </trkpt>
   <trkpt lat="37.2864850" lon="-112.9642830">
    <ele>1797.0</ele>
    <time>2012-04-21T19:53:06Z</time>
   </trkpt>
   <trkpt lat="37.2865880" lon="-112.9642520">
    <ele>1793.9</ele>
    <time>2012-04-21T19:53:11Z</time>
   </trkpt>
   <trkpt lat="37.2866300" lon="-112.9642360">
    <ele>1792.6</ele>
    <time>2012-04-21T19:53:13Z</time>
   </trkpt>
   <trkpt lat="37.2867250" lon="-112.9641870">
    <ele>1789.9</ele>
    <time>2012-04-21T19:53:18Z</time>
   </trkpt>
   <trkpt lat="37.2867650" lon="-112.9641490">
    <ele>1788.7</ele>
    <time>2012-04-21T19:53:20Z</time>
   </trkpt>
   <trkpt lat="37.2868200" lon="-112.9640480">
    <ele>1786.7</ele>
    <time>2012-04-21T19:53:25Z</time>
   </trkpt>
   <trkpt lat="37.2868530" lon="-112.9639370">
    <ele>1785.0</ele>
    <time>2012-04-21T19:53:29Z</time>
   </trkpt>
   <trkpt lat="37.2868320" lon="-112.9638080">
    <ele>1785.1</ele>
    <time>2012-04-21T19:53:34Z</time>
   </trkpt>
   <trkpt lat="37.2868110" lon="-112.9637170">
    <ele>1785.5</ele>
    <time>2012-04-21T19:53:38Z</time>
   </trkpt>
   <trkpt lat="37.2867850" lon="-112.9636190">
    <ele>1786.2</ele>
    <time>2012-04-21T19:53:42Z</time>
   </trkpt>
   <trkpt lat="37.2867740" lon="-112.9635250">
    <ele>1785.4</ele>
    <time>2012-04-21T19:53:46Z</time>
   </trkpt>
   <trkpt lat="37.2867680" lon="-112.9633580">
    <ele>1782.1</ele>
    <time>2012-04-21T19:53:53Z</time>
   </trkpt>
   <trkpt lat="37.2867610" lon="-112.9632280">
    <ele>1779.9</ele>
    <time>2012-04-21T19:53:58Z</time>
   </trkpt>
   <trkpt lat="37.2867560" lon="-112.9631180">
    <ele>1777.7</ele>
    <time>2012-04-21T19:54:02Z</time>
   </trkpt>
   <trkpt lat="37.2867240" lon="-112.9630010">
    <ele>1776.6</ele>
    <time>2012-04-21T19:54:07Z</time>
   </trkpt>
   <trkpt lat="37.2866920" lon="-112.9628830">
    <ele>1775.7</ele>
    <time>2012-04-21T19:54:12Z</time>
   </trkpt>
   <trkpt lat="37.2867090" lon="-112.9627590">
    <ele>1771.5</ele>
    <time>2012-04-21T19:54:17Z</time>
   </trkpt>
   <trkpt lat="37.2867210" lon="-112.9626440">
    <ele>1768.0</ele>
    <time>2012-04-21T19:54:21Z</time>
   </trkpt>
   <trkpt lat="37.2866930" lon="-112.9624960">
    <ele>1767.4</ele>
    <time>2012-04-21T19:54:26Z</time>
   </trkpt>
   <trkpt lat="37.2866560" lon="-112.9623390">
    <ele>1767.2</ele>
    <time>2012-04-21T19:54:31Z</time>
   </trkpt>
   <trkpt lat="37.2866230" lon="-112.9622630">
    <ele>1768.1</ele>
    <time>2012-04-21T19:54:34Z</time>
   </trkpt>
   <trkpt lat="37.2865520" lon="-112.9621890">
    <ele>1771.0</ele>
    <time>2012-04-21T19:54:38Z</time>
   </trkpt>
   <trkpt lat="37.2864580" lon="-112.9621200">
    <ele>1774.2</ele>
    <time>2012-04-21T19:54:43Z</time>
   </trkpt>
   <trkpt lat="37.2863840" lon="-112.9620870">
    <ele>1775.9</ele>
    <time>2012-04-21T19:54:47Z</time>
   </trkpt>
   <trkpt lat="37.2863930" lon="-112.9620150">
    <ele>1776.3</ele>
    <time>2012-04-21T19:54:52Z</time>
   </trkpt>
   <trkpt lat="37.2864300" lon="-112.9620150">
    <ele>1775.6</ele>
    <time>2012-04-21T19:54:55Z</time>
   </trkpt>
   <trkpt lat="37.2865300" lon="-112.9620190">
    <ele>1772.2</ele>
    <time>2012-04-21T19:55:01Z</time>
   </trkpt>
   <trkpt lat="37.2865700" lon="-112.9620190">
    <ele>1770.4</ele>
    <time>2012-04-21T19:55:05Z</time>
   </trkpt>
   <trkpt lat="37.2866520" lon="-112.9619930">
    <ele>1766.6</ele>
    <time>2012-04-21T19:55:11Z</time>
   </trkpt>
   <trkpt lat="37.2867480" lon="-112.9619330">
    <ele>1762.4</ele>
    <time>2012-04-21T19:55:19Z</time>
   </trkpt>
   <trkpt lat="37.2867930" lon="-112.9618200">
    <ele>1761.8</ele>
    <time>2012-04-21T19:55:27Z</time>
   </trkpt>
   <trkpt lat="37.2868170" lon="-112.9617280">
    <ele>1761.7</ele>
    <time>2012-04-21T19:55:32Z</time>
   </trkpt>
   <trkpt lat="37.2868180" lon="-112.9615990">
    <ele>1763.0</ele>
    <time>2012-04-21T19:55:38Z</time>
   </trkpt>
   <trkpt lat="37.2867720" lon="-112.9614560">
    <ele>1767.0</ele>
    <time>2012-04-21T19:55:44Z</time>
   </trkpt>
   <trkpt lat="37.2867660" lon="-112.9614080">
    <ele>1767.7</ele>
    <time>2012-04-21T19:55:46Z</time>
   </trkpt>
   <trkpt lat="37.2867790" lon="-112.9613820">
    <ele>1767.3</ele>
    <time>2012-04-21T19:55:48Z</time>
   </trkpt>
   <trkpt lat="37.2869020" lon="-112.9613710">
    <ele>1762.1</ele>
    <time>2012-04-21T19:55:53Z</time>
   </trkpt>
   <trkpt lat="37.2869840" lon="-112.9613090">
    <ele>1760.4</ele>
    <time>2012-04-21T19:55:57Z</time>
   </trkpt>
   <trkpt lat="37.2870100" lon="-112.9611590">
    <ele>1760.1</ele>
    <time>2012-04-21T19:56:02Z</time>
   </trkpt>
   <trkpt lat="37.2870060" lon="-112.9611320">
    <ele>1760.1</ele>
    <time>2012-04-21T19:56:03Z</time>
   </trkpt>
   <trkpt lat="37.2870140" lon="-112.9610480">
    <ele>1759.3</ele>
    <time>2012-04-21T19:56:06Z</time>
   </trkpt>
   <trkpt lat="37.2869730" lon="-112.9609000">
    <ele>1758.9</ele>
    <time>2012-04-21T19:56:11Z</time>
   </trkpt>
   <trkpt lat="37.2869450" lon="-112.9607450">
    <ele>1757.0</ele>
    <time>2012-04-21T19:56:16Z</time>
   </trkpt>
   <trkpt lat="37.2869300" lon="-112.9605940">
    <ele>1753.7</ele>
    <time>2012-04-21T19:56:21Z</time>
   </trkpt>
   <trkpt lat="37.2868810" lon="-112.9604560">
    <ele>1751.8</ele>
    <time>2012-04-21T19:56:25Z</time>
   </trkpt>
   <trkpt lat="37.2868400" lon="-112.9603180">
    <ele>1750.2</ele>
    <time>2012-04-21T19:56:30Z</time>
   </trkpt>
   <trkpt lat="37.2868260" lon="-112.9601660">
    <ele>1748.0</ele>
    <time>2012-04-21T19:56:36Z</time>
   </trkpt>
   <trkpt lat="37.2868220" lon="-112.9601460">
    <ele>1748.0</ele>
    <time>2012-04-21T19:56:37Z</time>
   </trkpt>
   <trkpt lat="37.2868300" lon="-112.9599940">
    <ele>1745.4</ele>
    <time>2012-04-21T19:56:42Z</time>
   </trkpt>
   <trkpt lat="37.2868310" lon="-112.9599670">
    <ele>1745.1</ele>
    <time>2012-04-21T19:56:43Z</time>
   </trkpt>
   <trkpt lat="37.2868260" lon="-112.9598680">
    <ele>1744.8</ele>
    <time>2012-04-21T19:56:46Z</time>
   </trkpt>
   <trkpt lat="37.2867690" lon="-112.9597540">
    <ele>1747.5</ele>
    <time>2012-04-21T19:56:51Z</time>
   </trkpt>
   <trkpt lat="37.2867790" lon="-112.9597360">
    <ele>1746.8</ele>
    <time>2012-04-21T19:56:52Z</time>
   </trkpt>
   <trkpt lat="37.2868520" lon="-112.9596200">
    <ele>1741.0</ele>
    <time>2012-04-21T19:56:58Z</time>
   </trkpt>
   <trkpt lat="37.2868540" lon="-112.9595010">
    <ele>1738.9</ele>
    <time>2012-04-21T19:57:03Z</time>
   </trkpt>
   <trkpt lat="37.2868260" lon="-112.9593040">
    <ele>1737.1</ele>
    <time>2012-04-21T19:57:10Z</time>
   </trkpt>
   <trkpt lat="37.2867890" lon="-112.9591920">
    <ele>1737.8</ele>
    <time>2012-04-21T19:57:15Z</time>
   </trkpt>
   <trkpt lat="37.2868090" lon="-112.9590750">
    <ele>1733.8</ele>
    <time>2012-04-21T19:57:20Z</time>
   </trkpt>
   <trkpt lat="37.2868660" lon="-112.9589570">
    <ele>1728.5</ele>
    <time>2012-04-21T19:57:25Z</time>
   </trkpt>
   <trkpt lat="37.2868060" lon="-112.9588480">
    <ele>1730.8</ele>
    <time>2012-04-21T19:57:29Z</time>
   </trkpt>
   <trkpt lat="37.2867830" lon="-112.9587890">
    <ele>1731.2</ele>
    <time>2012-04-21T19:57:31Z</time>
   </trkpt>
   <trkpt lat="37.2867630" lon="-112.9585980">
    <ele>1730.3</ele>
    <time>2012-04-21T19:57:37Z</time>
   </trkpt>
   <trkpt lat="37.2867930" lon="-112.9584220">
    <ele>1728.4</ele>
    <time>2012-04-21T19:57:43Z</time>
   </trkpt>
   <trkpt lat="37.2867930" lon="-112.9583070">
    <ele>1728.6</ele>
    <time>2012-04-21T19:57:47Z</time>
   </trkpt>
   <trkpt lat="37.2867800" lon="-112.9581380">
    <ele>1729.6</ele>
    <time>2012-04-21T19:57:53Z</time>
   </trkpt>
   <trkpt lat="37.2867780" lon="-112.9581130">
    <ele>1729.7</ele>
    <time>2012-04-21T19:57:54Z</time>
   </trkpt>
   <trkpt lat="37.2868360" lon="-112.9579940">
    <ele>1726.6</ele>
    <time>2012-04-21T19:57:59Z</time>
   </trkpt>
   <trkpt lat="37.2868260" lon="-112.9578470">
    <ele>1726.3</ele>
    <time>2012-04-21T19:58:04Z</time>
   </trkpt>
   <trkpt lat="37.2868230" lon="-112.9576850">
    <ele>1724.8</ele>
    <time>2012-04-21T19:58:10Z</time>
   </trkpt>
   <trkpt lat="37.2868250" lon="-112.9575220">
    <ele>1722.5</ele>
    <time>2012-04-21T19:58:16Z</time>
   </trkpt>
   <trkpt lat="37.2868030" lon="-112.9574460">
    <ele>1722.2</ele>
    <time>2012-04-21T19:58:19Z</time>
   </trkpt>
   <trkpt lat="37.2868090" lon="-112.9573080">
    <ele>1719.6</ele>
    <time>2012-04-21T19:58:24Z</time>
   </trkpt>
   <trkpt lat="37.2868260" lon="-112.9572180">
    <ele>1717.3</ele>
    <time>2012-04-21T19:58:27Z</time>
   </trkpt>
   <trkpt lat="37.2868500" lon="-112.9571310">
    <ele>1714.7</ele>
    <time>2012-04-21T19:58:30Z</time>
   </trkpt>
   <trkpt lat="37.2868240" lon="-112.9569830">
    <ele>1712.0</ele>
    <time>2012-04-21T19:58:36Z</time>
   </trkpt>
   <trkpt lat="37.2867400" lon="-112.9568790">
    <ele>1710.7</ele>
    <time>2012-04-21T19:58:41Z</time>
   </trkpt>
   <trkpt lat="37.2867070" lon="-112.9568360">
    <ele>1709.6</ele>
    <time>2012-04-21T19:58:44Z</time>
   </trkpt>
   <trkpt lat="37.2866860" lon="-112.9567660">
    <ele>1706.9</ele>
    <time>2012-04-21T19:58:47Z</time>
   </trkpt>
   <trkpt lat="37.2865970" lon="-112.9566690">
    <ele>1703.8</ele>
    <time>2012-04-21T19:58:53Z</time>
   </trkpt>
   <trkpt lat="37.2865540" lon="-112.9565900">
    <ele>1701.5</ele>
    <time>2012-04-21T19:58:57Z</time>
   </trkpt>
   <trkpt lat="37.2865250" lon="-112.9565420">
    <ele>1700.4</ele>
    <time>2012-04-21T19:58:59Z</time>
   </trkpt>
   <trkpt lat="37.2864750" lon="-112.9564090">
    <ele>1696.9</ele>
    <time>2012-04-21T19:59:04Z</time>
   </trkpt>
   <trkpt lat="37.2864340" lon="-112.9563240">
    <ele>1694.6</ele>
    <time>2012-04-21T19:59:08Z</time>
   </trkpt>
   <trkpt lat="37.2863530" lon="-112.9562070">
    <ele>1692.0</ele>
    <time>2012-04-21T19:59:13Z</time>
   </trkpt>
   <trkpt lat="37.2862650" lon="-112.9561120">
    <ele>1690.1</ele>
    <time>2012-04-21T19:59:18Z</time>
   </trkpt>
   <trkpt lat="37.2861920" lon="-112.9560660">
    <ele>1690.4</ele>
    <time>2012-04-21T19:59:22Z</time>
   </trkpt>
   <trkpt lat="37.2861280" lon="-112.9560130">
    <ele>1690.4</ele>
    <time>2012-04-21T19:59:26Z</time>
   </trkpt>
   <trkpt lat="37.2860550" lon="-112.9559520">
    <ele>1692.4</ele>
    <time>2012-04-21T19:59:30Z</time>
   </trkpt>
   <trkpt lat="37.2859770" lon="-112.9558330">
    <ele>1698.5</ele>
    <time>2012-04-21T19:59:35Z</time>
   </trkpt>
   <trkpt lat="37.2860310" lon="-112.9557580">
    <ele>1698.2</ele>
    <time>2012-04-21T19:59:38Z</time>
   </trkpt>
   <trkpt lat="37.2861190" lon="-112.9557720">
    <ele>1694.9</ele>
    <time>2012-04-21T19:59:44Z</time>
   </trkpt>
   <trkpt lat="37.2861570" lon="-112.9557950">
    <ele>1691.9</ele>
    <time>2012-04-21T19:59:48Z</time>
   </trkpt>
   <trkpt lat="37.2862170" lon="-112.9557990">
    <ele>1692.0</ele>
    <time>2012-04-21T19:59:52Z</time>
   </trkpt>
   <trkpt lat="37.2862220" lon="-112.9558540">
    <ele>1686.8</ele>
    <time>2012-04-21T19:59:55Z</time>
   </trkpt>
   <trkpt lat="37.2862450" lon="-112.9559010">
    <ele>1684.0</ele>
    <time>2012-04-21T19:59:58Z</time>
   </trkpt>
   <trkpt lat="37.2862580" lon="-112.9560040">
    <ele>1684.8</ele>
    <time>2012-04-21T20:00:02Z</time>
   </trkpt>
   <trkpt lat="37.2866020" lon="-112.9557870">
    <ele>1697.0</ele>
    <time>2012-04-21T20:00:08Z</time>
   </trkpt>
   <trkpt lat="37.2866230" lon="-112.9557770">
    <ele>1698.1</ele>
    <time>2012-04-21T20:00:09Z</time>
   </trkpt>
   <trkpt lat="37.2866510" lon="-112.9557580">
    <ele>1700.1</ele>
    <time>2012-04-21T20:00:11Z</time>
   </trkpt>
   <trkpt lat="37.2867480" lon="-112.9556840">
    <ele>1707.2</ele>
    <time>2012-04-21T20:00:20Z</time>
   </trkpt>
   <trkpt lat="37.2868270" lon="-112.9556450">
    <ele>1710.2</ele>
    <time>2012-04-21T20:00:28Z</time>
   </trkpt>
   <trkpt lat="37.2868560" lon="-112.9556420">
    <ele>1710.7</ele>
    <time>2012-04-21T20:00:33Z</time>
   </trkpt>
   <trkpt lat="37.2868930" lon="-112.9556550">
    <ele>1710.6</ele>
    <time>2012-04-21T20:00:39Z</time>
   </trkpt>
   <trkpt lat="37.2869080" lon="-112.9556900">
    <ele>1709.2</ele>
    <time>2012-04-21T20:00:44Z</time>
   </trkpt>
   <trkpt lat="37.2868930" lon="-112.9557430">
    <ele>1705.5</ele>
    <time>2012-04-21T20:00:49Z</time>
   </trkpt>
   <trkpt lat="37.2868760" lon="-112.9557270">
    <ele>1706.3</ele>
    <time>2012-04-21T20:00:53Z</time>
   </trkpt>
   <trkpt lat="37.2868410" lon="-112.9557180">
    <ele>1706.4</ele>
    <time>2012-04-21T20:00:55Z</time>
   </trkpt>
   <trkpt lat="37.2867290" lon="-112.9557020">
    <ele>1705.7</ele>
    <time>2012-04-21T20:01:03Z</time>
   </trkpt>
   <trkpt lat="37.2867630" lon="-112.9556180">
    <ele>1710.8</ele>
    <time>2012-04-21T20:01:07Z</time>
   </trkpt>
   <trkpt lat="37.2867120" lon="-112.9555610">
    <ele>1713.1</ele>
    <time>2012-04-21T20:01:16Z</time>
   </trkpt>
   <trkpt lat="37.2866410" lon="-112.9555190">
    <ele>1714.9</ele>
    <time>2012-04-21T20:01:23Z</time>
   </trkpt>
   <trkpt lat="37.2865600" lon="-112.9555070">
    <ele>1715.6</ele>
    <time>2012-04-21T20:01:31Z</time>
   </trkpt>
   <trkpt lat="37.2864830" lon="-112.9554810">
    <ele>1717.1</ele>
    <time>2012-04-21T20:01:38Z</time>
   </trkpt>
   <trkpt lat="37.2864280" lon="-112.9554700">
    <ele>1717.9</ele>
    <time>2012-04-21T20:01:43Z</time>
   </trkpt>
   <trkpt lat="37.2865060" lon="-112.9553940">
    <ele>1720.7</ele>
    <time>2012-04-21T20:01:51Z</time>
   </trkpt>
   <trkpt lat="37.2866240" lon="-112.9553370">
    <ele>1720.9</ele>
    <time>2012-04-21T20:02:01Z</time>
   </trkpt>
   <trkpt lat="37.2866930" lon="-112.9553060">
    <ele>1720.0</ele>
    <time>2012-04-21T20:02:07Z</time>
   </trkpt>
   <trkpt lat="37.2867940" lon="-112.9552680">
    <ele>1718.2</ele>
    <time>2012-04-21T20:02:15Z</time>
   </trkpt>
   <trkpt lat="37.2869010" lon="-112.9552210">
    <ele>1717.2</ele>
    <time>2012-04-21T20:02:24Z</time>
   </trkpt>
   <trkpt lat="37.2869750" lon="-112.9551920">
    <ele>1715.7</ele>
    <time>2012-04-21T20:02:30Z</time>
   </trkpt>
   <trkpt lat="37.2869710" lon="-112.9551290">
    <ele>1715.1</ele>
    <time>2012-04-21T20:02:34Z</time>
   </trkpt>
   <trkpt lat="37.2868930" lon="-112.9550720">
    <ele>1716.3</ele>
    <time>2012-04-21T20:02:41Z</time>
   </trkpt>
   <trkpt lat="37.2868110" lon="-112.9550430">
    <ele>1718.2</ele>
    <time>2012-04-21T20:02:47Z</time>
   </trkpt>
   <trkpt lat="37.2867410" lon="-112.9550400">
    <ele>1720.1</ele>
    <time>2012-04-21T20:02:52Z</time>
   </trkpt>
   <trkpt lat="37.2866950" lon="-112.9550390">
    <ele>1721.5</ele>
    <time>2012-04-21T20:02:56Z</time>
   </trkpt>
   <trkpt lat="37.2865720" lon="-112.9549760">
    <ele>1725.5</ele>
    <time>2012-04-21T20:03:07Z</time>
   </trkpt>
   <trkpt lat="37.2864580" lon="-112.9549370">
    <ele>1729.6</ele>
    <time>2012-04-21T20:03:16Z</time>
   </trkpt>
   <trkpt lat="37.2863700" lon="-112.9549240">
    <ele>1732.0</ele>
    <time>2012-04-21T20:03:24Z</time>
   </trkpt>
   <trkpt lat="37.2862650" lon="-112.9548990">
    <ele>1733.3</ele>
    <time>2012-04-21T20:03:34Z</time>
   </trkpt>
   <trkpt lat="37.2861530" lon="-112.9548780">
    <ele>1734.6</ele>
    <time>2012-04-21T20:03:45Z</time>
   </trkpt>
   <trkpt lat="37.2860820" lon="-112.9547980">
    <ele>1734.9</ele>
    <time>2012-04-21T20:03:55Z</time>
   </trkpt>
   <trkpt lat="37.2860460" lon="-112.9547110">
    <ele>1734.4</ele>
    <time>2012-04-21T20:04:04Z</time>
   </trkpt>
   <trkpt lat="37.2859810" lon="-112.9547330">
    <ele>1735.6</ele>
    <time>2012-04-21T20:04:11Z</time>
   </trkpt>
   <trkpt lat="37.2859310" lon="-112.9547500">
    <ele>1736.4</ele>
    <time>2012-04-21T20:04:16Z</time>
   </trkpt>
   <trkpt lat="37.2858280" lon="-112.9547630">
    <ele>1737.4</ele>
    <time>2012-04-21T20:04:26Z</time>
   </trkpt>
   <trkpt lat="37.2857390" lon="-112.9547700">
    <ele>1738.7</ele>
    <time>2012-04-21T20:04:35Z</time>
   </trkpt>
   <trkpt lat="37.2856600" lon="-112.9547620">
    <ele>1740.1</ele>
    <time>2012-04-21T20:04:44Z</time>
   </trkpt>
   <trkpt lat="37.2855890" lon="-112.9547620">
    <ele>1741.8</ele>
    <time>2012-04-21T20:04:52Z</time>
   </trkpt>
   <trkpt lat="37.2855120" lon="-112.9547540">
    <ele>1743.8</ele>
    <time>2012-04-21T20:05:00Z</time>
   </trkpt>
   <trkpt lat="37.2854190" lon="-112.9547460">
    <ele>1747.8</ele>
    <time>2012-04-21T20:05:10Z</time>
   </trkpt>
   <trkpt lat="37.2853360" lon="-112.9547200">
    <ele>1751.1</ele>
    <time>2012-04-21T20:05:19Z</time>
   </trkpt>
   <trkpt lat="37.2852570" lon="-112.9547200">
    <ele>1754.3</ele>
    <time>2012-04-21T20:05:27Z</time>
   </trkpt>
   <trkpt lat="37.2851800" lon="-112.9547180">
    <ele>1756.5</ele>
    <time>2012-04-21T20:05:35Z</time>
   </trkpt>
   <trkpt lat="37.2851020" lon="-112.9546880">
    <ele>1757.3</ele>
    <time>2012-04-21T20:05:44Z</time>
   </trkpt>
   <trkpt lat="37.2850380" lon="-112.9546540">
    <ele>1757.1</ele>
    <time>2012-04-21T20:05:52Z</time>
   </trkpt>
   <trkpt lat="37.2849540" lon="-112.9546360">
    <ele>1757.2</ele>
    <time>2012-04-21T20:06:01Z</time>
   </trkpt>
   <trkpt lat="37.2848720" lon="-112.9546410">
    <ele>1757.9</ele>
    <time>2012-04-21T20:06:09Z</time>
   </trkpt>
   <trkpt lat="37.2848150" lon="-112.9546600">
    <ele>1758.5</ele>
    <time>2012-04-21T20:06:15Z</time>
   </trkpt>
   <trkpt lat="37.2847480" lon="-112.9546590">
    <ele>1758.9</ele>
    <time>2012-04-21T20:06:21Z</time>
   </trkpt>
   <trkpt lat="37.2846720" lon="-112.9546380">
    <ele>1759.3</ele>
    <time>2012-04-21T20:06:29Z</time>
   </trkpt>
   <trkpt lat="37.2845960" lon="-112.9546190">
    <ele>1759.7</ele>
    <time>2012-04-21T20:06:38Z</time>
   </trkpt>
   <trkpt lat="37.2845430" lon="-112.9546160">
    <ele>1760.2</ele>
    <time>2012-04-21T20:06:44Z</time>
   </trkpt>
   <trkpt lat="37.2844910" lon="-112.9546260">
    <ele>1760.9</ele>
    <time>2012-04-21T20:06:50Z</time>
   </trkpt>
   <trkpt lat="37.2844250" lon="-112.9546270">
    <ele>1761.9</ele>
    <time>2012-04-21T20:06:58Z</time>
   </trkpt>
   <trkpt lat="37.2843670" lon="-112.9546070">
    <ele>1762.5</ele>
    <time>2012-04-21T20:07:05Z</time>
   </trkpt>
   <trkpt lat="37.2843050" lon="-112.9545790">
    <ele>1763.1</ele>
    <time>2012-04-21T20:07:12Z</time>
   </trkpt>
   <trkpt lat="37.2842250" lon="-112.9545120">
    <ele>1765.0</ele>
    <time>2012-04-21T20:07:21Z</time>
   </trkpt>
   <trkpt lat="37.2841790" lon="-112.9544840">
    <ele>1766.3</ele>
    <time>2012-04-21T20:07:26Z</time>
   </trkpt>
   <trkpt lat="37.2841120" lon="-112.9544590">
    <ele>1767.9</ele>
    <time>2012-04-21T20:07:33Z</time>
   </trkpt>
   <trkpt lat="37.2840360" lon="-112.9544160">
    <ele>1770.3</ele>
    <time>2012-04-21T20:07:41Z</time>
   </trkpt>
   <trkpt lat="37.2839710" lon="-112.9543690">
    <ele>1773.7</ele>
    <time>2012-04-21T20:07:48Z</time>
   </trkpt>
   <trkpt lat="37.2838850" lon="-112.9543010">
    <ele>1777.9</ele>
    <time>2012-04-21T20:07:57Z</time>
   </trkpt>
   <trkpt lat="37.2838340" lon="-112.9542710">
    <ele>1780.0</ele>
    <time>2012-04-21T20:08:02Z</time>
   </trkpt>
   <trkpt lat="37.2837510" lon="-112.9542430">
    <ele>1782.5</ele>
    <time>2012-04-21T20:08:09Z</time>
   </trkpt>
   <trkpt lat="37.2836500" lon="-112.9541920">
    <ele>1783.9</ele>
    <time>2012-04-21T20:08:17Z</time>
   </trkpt>
   <trkpt lat="37.2835530" lon="-112.9541300">
    <ele>1784.9</ele>
    <time>2012-04-21T20:08:26Z</time>
   </trkpt>
   <trkpt lat="37.2834800" lon="-112.9540850">
    <ele>1785.0</ele>
    <time>2012-04-21T20:08:33Z</time>
   </trkpt>
   <trkpt lat="37.2834280" lon="-112.9540320">
    <ele>1785.4</ele>
    <time>2012-04-21T20:08:39Z</time>
   </trkpt>
   <trkpt lat="37.2833600" lon="-112.9539670">
    <ele>1786.0</ele>
    <time>2012-04-21T20:08:47Z</time>
   </trkpt>
   <trkpt lat="37.2832840" lon="-112.9538860">
    <ele>1787.3</ele>
    <time>2012-04-21T20:08:56Z</time>
   </trkpt>
   <trkpt lat="37.2832240" lon="-112.9538080">
    <ele>1788.9</ele>
    <time>2012-04-21T20:09:02Z</time>
   </trkpt>
   <trkpt lat="37.2831970" lon="-112.9537740">
    <ele>1789.5</ele>
    <time>2012-04-21T20:09:04Z</time>
   </trkpt>
   <trkpt lat="37.2831120" lon="-112.9536630">
    <ele>1791.3</ele>
    <time>2012-04-21T20:09:10Z</time>
   </trkpt>
   <trkpt lat="37.2830980" lon="-112.9536450">
    <ele>1791.4</ele>
    <time>2012-04-21T20:09:11Z</time>
   </trkpt>
   <trkpt lat="37.2830490" lon="-112.9535710">
    <ele>1791.6</ele>
    <time>2012-04-21T20:09:15Z</time>
   </trkpt>
   <trkpt lat="37.2829330" lon="-112.9534360">
    <ele>1790.8</ele>
    <time>2012-04-21T20:09:21Z</time>
   </trkpt>
   <trkpt lat="37.2828430" lon="-112.9533970">
    <ele>1788.7</ele>
    <time>2012-04-21T20:09:25Z</time>
   </trkpt>
   <trkpt lat="37.2827170" lon="-112.9533690">
    <ele>1786.0</ele>
    <time>2012-04-21T20:09:31Z</time>
   </trkpt>
   <trkpt lat="37.2826200" lon="-112.9533060">
    <ele>1785.7</ele>
    <time>2012-04-21T20:09:36Z</time>
   </trkpt>
   <trkpt lat="37.2825360" lon="-112.9532350">
    <ele>1785.4</ele>
    <time>2012-04-21T20:09:41Z</time>
   </trkpt>
   <trkpt lat="37.2825170" lon="-112.9532260">
    <ele>1784.9</ele>
    <time>2012-04-21T20:09:42Z</time>
   </trkpt>
   <trkpt lat="37.2824340" lon="-112.9531490">
    <ele>1784.1</ele>
    <time>2012-04-21T20:09:47Z</time>
   </trkpt>
   <trkpt lat="37.2823860" lon="-112.9531140">
    <ele>1783.3</ele>
    <time>2012-04-21T20:09:50Z</time>
   </trkpt>
   <trkpt lat="37.2823020" lon="-112.9530590">
    <ele>1781.3</ele>
    <time>2012-04-21T20:09:54Z</time>
   </trkpt>
   <trkpt lat="37.2822120" lon="-112.9529190">
    <ele>1783.8</ele>
    <time>2012-04-21T20:10:01Z</time>
   </trkpt>
   <trkpt lat="37.2821970" lon="-112.9529010">
    <ele>1783.8</ele>
    <time>2012-04-21T20:10:02Z</time>
   </trkpt>
   <trkpt lat="37.2820980" lon="-112.9528720">
    <ele>1780.2</ele>
    <time>2012-04-21T20:10:08Z</time>
   </trkpt>
   <trkpt lat="37.2820650" lon="-112.9528440">
    <ele>1779.6</ele>
    <time>2012-04-21T20:10:10Z</time>
   </trkpt>
   <trkpt lat="37.2820130" lon="-112.9528090">
    <ele>1777.9</ele>
    <time>2012-04-21T20:10:13Z</time>
   </trkpt>
   <trkpt lat="37.2819240" lon="-112.9527200">
    <ele>1775.7</ele>
    <time>2012-04-21T20:10:19Z</time>
   </trkpt>
   <trkpt lat="37.2818540" lon="-112.9526690">
    <ele>1773.5</ele>
    <time>2012-04-21T20:10:23Z</time>
   </trkpt>
   <trkpt lat="37.2818210" lon="-112.9526220">
    <ele>1773.6</ele>
    <time>2012-04-21T20:10:25Z</time>
   </trkpt>
   <trkpt lat="37.2817410" lon="-112.9525290">
    <ele>1773.5</ele>
    <time>2012-04-21T20:10:30Z</time>
   </trkpt>
   <trkpt lat="37.2816810" lon="-112.9524420">
    <ele>1774.7</ele>
    <time>2012-04-21T20:10:34Z</time>
   </trkpt>
   <trkpt lat="37.2815910" lon="-112.9523350">
    <ele>1776.1</ele>
    <time>2012-04-21T20:10:40Z</time>
   </trkpt>
   <trkpt lat="37.2815120" lon="-112.9522380">
    <ele>1777.0</ele>
    <time>2012-04-21T20:10:46Z</time>
   </trkpt>
   <trkpt lat="37.2814440" lon="-112.9521510">
    <ele>1778.0</ele>
    <time>2012-04-21T20:10:51Z</time>
   </trkpt>
   <trkpt lat="37.2813840" lon="-112.9520900">
    <ele>1778.4</ele>
    <time>2012-04-21T20:10:55Z</time>
   </trkpt>
   <trkpt lat="37.2813020" lon="-112.9520290">
    <ele>1778.0</ele>
    <time>2012-04-21T20:11:00Z</time>
   </trkpt>
   <trkpt lat="37.2812240" lon="-112.9519790">
    <ele>1777.3</ele>
    <time>2012-04-21T20:11:05Z</time>
   </trkpt>
   <trkpt lat="37.2811970" lon="-112.9519550">
    <ele>1777.0</ele>
    <time>2012-04-21T20:11:07Z</time>
   </trkpt>
   <trkpt lat="37.2811780" lon="-112.9519300">
    <ele>1776.8</ele>
    <time>2012-04-21T20:11:09Z</time>
   </trkpt>
   <trkpt lat="37.2810960" lon="-112.9518810">
    <ele>1775.0</ele>
    <time>2012-04-21T20:11:14Z</time>
   </trkpt>
   <trkpt lat="37.2810810" lon="-112.9518670">
    <ele>1774.6</ele>
    <time>2012-04-21T20:11:15Z</time>
   </trkpt>
   <trkpt lat="37.2809810" lon="-112.9517890">
    <ele>1772.2</ele>
    <time>2012-04-21T20:11:21Z</time>
   </trkpt>
   <trkpt lat="37.2809100" lon="-112.9517280">
    <ele>1771.4</ele>
    <time>2012-04-21T20:11:25Z</time>
   </trkpt>
   <trkpt lat="37.2808920" lon="-112.9516350">
    <ele>1770.1</ele>
    <time>2012-04-21T20:11:29Z</time>
   </trkpt>
   <trkpt lat="37.2808730" lon="-112.9514900">
    <ele>1767.5</ele>
    <time>2012-04-21T20:11:35Z</time>
   </trkpt>
   <trkpt lat="37.2807970" lon="-112.9513990">
    <ele>1765.1</ele>
    <time>2012-04-21T20:11:39Z</time>
   </trkpt>
   <trkpt lat="37.2806800" lon="-112.9513470">
    <ele>1763.3</ele>
    <time>2012-04-21T20:11:44Z</time>
   </trkpt>
   <trkpt lat="37.2806090" lon="-112.9513430">
    <ele>1763.0</ele>
    <time>2012-04-21T20:11:48Z</time>
   </trkpt>
   <trkpt lat="37.2805670" lon="-112.9513540">
    <ele>1763.2</ele>
    <time>2012-04-21T20:11:50Z</time>
   </trkpt>
   <trkpt lat="37.2804990" lon="-112.9513960">
    <ele>1764.2</ele>
    <time>2012-04-21T20:11:56Z</time>
   </trkpt>
   <trkpt lat="37.2804650" lon="-112.9514250">
    <ele>1764.9</ele>
    <time>2012-04-21T20:11:59Z</time>
   </trkpt>
   <trkpt lat="37.2804080" lon="-112.9514280">
    <ele>1764.6</ele>
    <time>2012-04-21T20:12:02Z</time>
   </trkpt>
   <trkpt lat="37.2803640" lon="-112.9514510">
    <ele>1765.0</ele>
    <time>2012-04-21T20:12:05Z</time>
   </trkpt>
   <trkpt lat="37.2802970" lon="-112.9514690">
    <ele>1765.0</ele>
    <time>2012-04-21T20:12:09Z</time>
   </trkpt>
   <trkpt lat="37.2801850" lon="-112.9514880">
    <ele>1764.4</ele>
    <time>2012-04-21T20:12:15Z</time>
   </trkpt>
   <trkpt lat="37.2800850" lon="-112.9515070">
    <ele>1763.7</ele>
    <time>2012-04-21T20:12:20Z</time>
   </trkpt>
   <trkpt lat="37.2799970" lon="-112.9514700">
    <ele>1762.1</ele>
    <time>2012-04-21T20:12:24Z</time>
   </trkpt>
   <trkpt lat="37.2799580" lon="-112.9514600">
    <ele>1761.6</ele>
    <time>2012-04-21T20:12:26Z</time>
   </trkpt>
   <trkpt lat="37.2798620" lon="-112.9513610">
    <ele>1757.8</ele>
    <time>2012-04-21T20:12:32Z</time>
   </trkpt>
   <trkpt lat="37.2797990" lon="-112.9512360">
    <ele>1755.5</ele>
    <time>2012-04-21T20:12:38Z</time>
   </trkpt>
   <trkpt lat="37.2797800" lon="-112.9511580">
    <ele>1754.2</ele>
    <time>2012-04-21T20:12:41Z</time>
   </trkpt>
   <trkpt lat="37.2797450" lon="-112.9510590">
    <ele>1754.8</ele>
    <time>2012-04-21T20:12:46Z</time>
   </trkpt>
   <trkpt lat="37.2797230" lon="-112.9509680">
    <ele>1755.7</ele>
    <time>2012-04-21T20:12:50Z</time>
   </trkpt>
   <trkpt lat="37.2797180" lon="-112.9509100">
    <ele>1755.5</ele>
    <time>2012-04-21T20:12:52Z</time>
   </trkpt>
   <trkpt lat="37.2796800" lon="-112.9507660">
    <ele>1753.3</ele>
    <time>2012-04-21T20:12:58Z</time>
   </trkpt>
   <trkpt lat="37.2796180" lon="-112.9506960">
    <ele>1750.2</ele>
    <time>2012-04-21T20:13:03Z</time>
   </trkpt>
   <trkpt lat="37.2796070" lon="-112.9506790">
    <ele>1749.5</ele>
    <time>2012-04-21T20:13:04Z</time>
   </trkpt>
   <trkpt lat="37.2795750" lon="-112.9506430">
    <ele>1748.0</ele>
    <time>2012-04-21T20:13:07Z</time>
   </trkpt>
   <trkpt lat="37.2795520" lon="-112.9506240">
    <ele>1746.8</ele>
    <time>2012-04-21T20:13:09Z</time>
   </trkpt>
   <trkpt lat="37.2795290" lon="-112.9505830">
    <ele>1744.9</ele>
    <time>2012-04-21T20:13:12Z</time>
   </trkpt>
   <trkpt lat="37.2794900" lon="-112.9505470">
    <ele>1743.1</ele>
    <time>2012-04-21T20:13:15Z</time>
   </trkpt>
   <trkpt lat="37.2794420" lon="-112.9504440">
    <ele>1739.0</ele>
    <time>2012-04-21T20:13:20Z</time>
   </trkpt>
   <trkpt lat="37.2793910" lon="-112.9503690">
    <ele>1737.1</ele>
    <time>2012-04-21T20:13:24Z</time>
   </trkpt>
   <trkpt lat="37.2793310" lon="-112.9503100">
    <ele>1736.4</ele>
    <time>2012-04-21T20:13:29Z</time>
   </trkpt>
   <trkpt lat="37.2792620" lon="-112.9502390">
    <ele>1735.2</ele>
    <time>2012-04-21T20:13:34Z</time>
   </trkpt>
   <trkpt lat="37.2791980" lon="-112.9501760">
    <ele>1728.1</ele>
    <time>2012-04-21T20:13:38Z</time>
   </trkpt>
   <trkpt lat="37.2791370" lon="-112.9502110">
    <ele>1732.8</ele>
    <time>2012-04-21T20:13:44Z</time>
   </trkpt>
   <trkpt lat="37.2790700" lon="-112.9502210">
    <ele>1733.4</ele>
    <time>2012-04-21T20:13:48Z</time>
   </trkpt>
   <trkpt lat="37.2790020" lon="-112.9502270">
    <ele>1732.3</ele>
    <time>2012-04-21T20:13:51Z</time>
   </trkpt>
   <trkpt lat="37.2789650" lon="-112.9501690">
    <ele>1728.9</ele>
    <time>2012-04-21T20:13:55Z</time>
   </trkpt>
   <trkpt lat="37.2789820" lon="-112.9500780">
    <ele>1723.8</ele>
    <time>2012-04-21T20:13:58Z</time>
   </trkpt>
   <trkpt lat="37.2789380" lon="-112.9499620">
    <ele>1719.3</ele>
    <time>2012-04-21T20:14:03Z</time>
   </trkpt>
   <trkpt lat="37.2788270" lon="-112.9499110">
    <ele>1716.4</ele>
    <time>2012-04-21T20:14:09Z</time>
   </trkpt>
   <trkpt lat="37.2787760" lon="-112.9498960">
    <ele>1715.1</ele>
    <time>2012-04-21T20:14:13Z</time>
   </trkpt>
   <trkpt lat="37.2787560" lon="-112.9498950">
    <ele>1714.7</ele>
    <time>2012-04-21T20:14:15Z</time>
   </trkpt>
   <trkpt lat="37.2787540" lon="-112.9499640">
    <ele>1715.9</ele>
    <time>2012-04-21T20:14:19Z</time>
   </trkpt>
   <trkpt lat="37.2787510" lon="-112.9500400">
    <ele>1717.1</ele>
    <time>2012-04-21T20:14:23Z</time>
   </trkpt>
   <trkpt lat="37.2786960" lon="-112.9500960">
    <ele>1715.3</ele>
    <time>2012-04-21T20:14:27Z</time>
   </trkpt>
   <trkpt lat="37.2786160" lon="-112.9501320">
    <ele>1713.0</ele>
    <time>2012-04-21T20:14:31Z</time>
   </trkpt>
   <trkpt lat="37.2785870" lon="-112.9501370">
    <ele>1712.6</ele>
    <time>2012-04-21T20:14:33Z</time>
   </trkpt>
   <trkpt lat="37.2785290" lon="-112.9501180">
    <ele>1713.2</ele>
    <time>2012-04-21T20:14:38Z</time>
   </trkpt>
   <trkpt lat="37.2784500" lon="-112.9500300">
    <ele>1716.2</ele>
    <time>2012-04-21T20:14:44Z</time>
   </trkpt>
   <trkpt lat="37.2784410" lon="-112.9500070">
    <ele>1716.9</ele>
    <time>2012-04-21T20:14:45Z</time>
   </trkpt>
   <trkpt lat="37.2783880" lon="-112.9499600">
    <ele>1719.1</ele>
    <time>2012-04-21T20:14:50Z</time>
   </trkpt>
   <trkpt lat="37.2783150" lon="-112.9499130">
    <ele>1715.5</ele>
    <time>2012-04-21T20:14:54Z</time>
   </trkpt>
   <trkpt lat="37.2781900" lon="-112.9499150">
    <ele>1709.1</ele>
    <time>2012-04-21T20:15:00Z</time>
   </trkpt>
   <trkpt lat="37.2780940" lon="-112.9499520">
    <ele>1706.5</ele>
    <time>2012-04-21T20:15:04Z</time>
   </trkpt>
   <trkpt lat="37.2779960" lon="-112.9499710">
    <ele>1705.2</ele>
    <time>2012-04-21T20:15:09Z</time>
   </trkpt>
   <trkpt lat="37.2779520" lon="-112.9499610">
    <ele>1705.3</ele>
    <time>2012-04-21T20:15:11Z</time>
   </trkpt>
   <trkpt lat="37.2779120" lon="-112.9499580">
    <ele>1705.0</ele>
    <time>2012-04-21T20:15:13Z</time>
   </trkpt>
   <trkpt lat="37.2778580" lon="-112.9499320">
    <ele>1702.0</ele>
    <time>2012-04-21T20:15:17Z</time>
   </trkpt>
   <trkpt lat="37.2777910" lon="-112.9498620">
    <ele>1679.3</ele>
    <time>2012-04-21T20:15:22Z</time>
   </trkpt>
   <trkpt lat="37.2777550" lon="-112.9499120">
    <ele>1687.0</ele>
    <time>2012-04-21T20:15:25Z</time>
   </trkpt>
   <trkpt lat="37.2777540" lon="-112.9500590">
    <ele>1698.5</ele>
    <time>2012-04-21T20:15:31Z</time>
   </trkpt>
   <trkpt lat="37.2777600" lon="-112.9501300">
    <ele>1695.9</ele>
    <time>2012-04-21T20:15:35Z</time>
   </trkpt>
   <trkpt lat="37.2777740" lon="-112.9501400">
    <ele>1695.7</ele>
    <time>2012-04-21T20:15:37Z</time>
   </trkpt>
   <trkpt lat="37.2778020" lon="-112.9502330">
    <ele>1692.8</ele>
    <time>2012-04-21T20:15:43Z</time>
   </trkpt>
   <trkpt lat="37.2777370" lon="-112.9503470">
    <ele>1689.6</ele>
    <time>2012-04-21T20:15:49Z</time>
   </trkpt>
   <trkpt lat="37.2776980" lon="-112.9503830">
    <ele>1688.3</ele>
    <time>2012-04-21T20:15:54Z</time>
   </trkpt>
   <trkpt lat="37.2776550" lon="-112.9503710">
    <ele>1687.9</ele>
    <time>2012-04-21T20:15:57Z</time>
   </trkpt>
   <trkpt lat="37.2775940" lon="-112.9503090">
    <ele>1687.7</ele>
    <time>2012-04-21T20:16:01Z</time>
   </trkpt>
   <trkpt lat="37.2775740" lon="-112.9502960">
    <ele>1687.3</ele>
    <time>2012-04-21T20:16:03Z</time>
   </trkpt>
   <trkpt lat="37.2775520" lon="-112.9502760">
    <ele>1687.0</ele>
    <time>2012-04-21T20:16:05Z</time>
   </trkpt>
   <trkpt lat="37.2774640" lon="-112.9501910">
    <ele>1683.5</ele>
    <time>2012-04-21T20:16:11Z</time>
   </trkpt>
   <trkpt lat="37.2773520" lon="-112.9502390">
    <ele>1676.7</ele>
    <time>2012-04-21T20:16:18Z</time>
   </trkpt>
   <trkpt lat="37.2773260" lon="-112.9502650">
    <ele>1676.3</ele>
    <time>2012-04-21T20:16:20Z</time>
   </trkpt>
   <trkpt lat="37.2772690" lon="-112.9503410">
    <ele>1675.7</ele>
    <time>2012-04-21T20:16:25Z</time>
   </trkpt>
   <trkpt lat="37.2771550" lon="-112.9504010">
    <ele>1675.6</ele>
    <time>2012-04-21T20:16:32Z</time>
   </trkpt>
   <trkpt lat="37.2770380" lon="-112.9504860">
    <ele>1673.5</ele>
    <time>2012-04-21T20:16:39Z</time>
   </trkpt>
   <trkpt lat="37.2770040" lon="-112.9505130">
    <ele>1673.3</ele>
    <time>2012-04-21T20:16:41Z</time>
   </trkpt>
   <trkpt lat="37.2769320" lon="-112.9506020">
    <ele>1673.7</ele>
    <time>2012-04-21T20:16:46Z</time>
   </trkpt>
   <trkpt lat="37.2767830" lon="-112.9506640">
    <ele>1675.2</ele>
    <time>2012-04-21T20:16:53Z</time>
   </trkpt>
   <trkpt lat="37.2766600" lon="-112.9507140">
    <ele>1678.7</ele>
    <time>2012-04-21T20:16:59Z</time>
   </trkpt>
   <trkpt lat="37.2765390" lon="-112.9507410">
    <ele>1680.1</ele>
    <time>2012-04-21T20:17:04Z</time>
   </trkpt>
   <trkpt lat="37.2764340" lon="-112.9507050">
    <ele>1680.7</ele>
    <time>2012-04-21T20:17:09Z</time>
   </trkpt>
   <trkpt lat="37.2763990" lon="-112.9506950">
    <ele>1680.4</ele>
    <time>2012-04-21T20:17:11Z</time>
   </trkpt>
   <trkpt lat="37.2763160" lon="-112.9507380">
    <ele>1674.9</ele>
    <time>2012-04-21T20:17:16Z</time>
   </trkpt>
   <trkpt lat="37.2762840" lon="-112.9507520">
    <ele>1673.8</ele>
    <time>2012-04-21T20:17:18Z</time>
   </trkpt>
   <trkpt lat="37.2762530" lon="-112.9507870">
    <ele>1671.3</ele>
    <time>2012-04-21T20:17:20Z</time>
   </trkpt>
   <trkpt lat="37.2761500" lon="-112.9508430">
    <ele>1669.3</ele>
    <time>2012-04-21T20:17:26Z</time>
   </trkpt>
   <trkpt lat="37.2761310" lon="-112.9508440">
    <ele>1669.4</ele>
    <time>2012-04-21T20:17:27Z</time>
   </trkpt>
   <trkpt lat="37.2760370" lon="-112.9508820">
    <ele>1667.3</ele>
    <time>2012-04-21T20:17:32Z</time>
   </trkpt>
   <trkpt lat="37.2759970" lon="-112.9508740">
    <ele>1666.3</ele>
    <time>2012-04-21T20:17:36Z</time>
   </trkpt>
   <trkpt lat="37.2760050" lon="-112.9508060">
    <ele>1668.1</ele>
    <time>2012-04-21T20:17:39Z</time>
   </trkpt>
   <trkpt lat="37.2759670" lon="-112.9507110">
    <ele>1670.1</ele>
    <time>2012-04-21T20:17:43Z</time>
   </trkpt>
   <trkpt lat="37.2758910" lon="-112.9506360">
    <ele>1667.6</ele>
    <time>2012-04-21T20:17:48Z</time>
   </trkpt>
   <trkpt lat="37.2758510" lon="-112.9506020">
    <ele>1666.5</ele>
    <time>2012-04-21T20:17:50Z</time>
   </trkpt>
   <trkpt lat="37.2757730" lon="-112.9505530">
    <ele>1664.1</ele>
    <time>2012-04-21T20:17:54Z</time>
   </trkpt>
   <trkpt lat="37.2756250" lon="-112.9505240">
    <ele>1660.1</ele>
    <time>2012-04-21T20:18:00Z</time>
   </trkpt>
   <trkpt lat="37.2755850" lon="-112.9505260">
    <ele>1659.2</ele>
    <time>2012-04-21T20:18:02Z</time>
   </trkpt>
   <trkpt lat="37.2755130" lon="-112.9505070">
    <ele>1659.6</ele>
    <time>2012-04-21T20:18:06Z</time>
   </trkpt>
   <trkpt lat="37.2754030" lon="-112.9505040">
    <ele>1656.9</ele>
    <time>2012-04-21T20:18:10Z</time>
   </trkpt>
   <trkpt lat="37.2753740" lon="-112.9504990">
    <ele>1656.3</ele>
    <time>2012-04-21T20:18:11Z</time>
   </trkpt>
   <trkpt lat="37.2752380" lon="-112.9504310">
    <ele>1659.4</ele>
    <time>2012-04-21T20:18:17Z</time>
   </trkpt>
   <trkpt lat="37.2751090" lon="-112.9504410">
    <ele>1647.9</ele>
    <time>2012-04-21T20:18:22Z</time>
   </trkpt>
   <trkpt lat="37.2749720" lon="-112.9504510">
    <ele>1637.1</ele>
    <time>2012-04-21T20:18:28Z</time>
   </trkpt>
   <trkpt lat="37.2749520" lon="-112.9504600">
    <ele>1636.6</ele>
    <time>2012-04-21T20:18:29Z</time>
   </trkpt>
   <trkpt lat="37.2750140" lon="-112.9504940">
    <ele>1640.4</ele>
    <time>2012-04-21T20:18:33Z</time>
   </trkpt>
   <trkpt lat="37.2750470" lon="-112.9505000">
    <ele>1641.7</ele>
    <time>2012-04-21T20:18:35Z</time>
   </trkpt>
   <trkpt lat="37.2751830" lon="-112.9505490">
    <ele>1644.7</ele>
    <time>2012-04-21T20:18:41Z</time>
   </trkpt>
   <trkpt lat="37.2752420" lon="-112.9506360">
    <ele>1638.7</ele>
    <time>2012-04-21T20:18:45Z</time>
   </trkpt>
   <trkpt lat="37.2752590" lon="-112.9507270">
    <ele>1633.3</ele>
    <time>2012-04-21T20:18:49Z</time>
   </trkpt>
   <trkpt lat="37.2752750" lon="-112.9507030">
    <ele>1634.5</ele>
    <time>2012-04-21T20:18:51Z</time>
   </trkpt>
   <trkpt lat="37.2751730" lon="-112.9506810">
    <ele>1633.8</ele>
    <time>2012-04-21T20:18:57Z</time>
   </trkpt>
   <trkpt lat="37.2751090" lon="-112.9506550">
    <ele>1634.4</ele>
    <time>2012-04-21T20:19:00Z</time>
   </trkpt>
   <trkpt lat="37.2749800" lon="-112.9506590">
    <ele>1632.7</ele>
    <time>2012-04-21T20:19:06Z</time>
   </trkpt>
   <trkpt lat="37.2749170" lon="-112.9506540">
    <ele>1632.3</ele>
    <time>2012-04-21T20:19:09Z</time>
   </trkpt>
   <trkpt lat="37.2748750" lon="-112.9506530">
    <ele>1632.0</ele>
    <time>2012-04-21T20:19:11Z</time>
   </trkpt>
   <trkpt lat="37.2748690" lon="-112.9507140">
    <ele>1629.4</ele>
    <time>2012-04-21T20:19:15Z</time>
   </trkpt>
   <trkpt lat="37.2749230" lon="-112.9507450">
    <ele>1628.7</ele>
    <time>2012-04-21T20:19:19Z</time>
   </trkpt>
   <trkpt lat="37.2749800" lon="-112.9507980">
    <ele>1627.3</ele>
    <time>2012-04-21T20:19:22Z</time>
   </trkpt>
   <trkpt lat="37.2750350" lon="-112.9509460">
    <ele>1623.8</ele>
    <time>2012-04-21T20:19:27Z</time>
   </trkpt>
   <trkpt lat="37.2750780" lon="-112.9510450">
    <ele>1622.0</ele>
    <time>2012-04-21T20:19:31Z</time>
   </trkpt>
   <trkpt lat="37.2751130" lon="-112.9511370">
    <ele>1619.9</ele>
    <time>2012-04-21T20:19:35Z</time>
   </trkpt>
   <trkpt lat="37.2751450" lon="-112.9512100">
    <ele>1618.0</ele>
    <time>2012-04-21T20:19:38Z</time>
   </trkpt>
   <trkpt lat="37.2751640" lon="-112.9512320">
    <ele>1617.6</ele>
    <time>2012-04-21T20:19:39Z</time>
   </trkpt>
   <trkpt lat="37.2752560" lon="-112.9513040">
    <ele>1615.1</ele>
    <time>2012-04-21T20:19:44Z</time>
   </trkpt>
   <trkpt lat="37.2753650" lon="-112.9512950">
    <ele>1619.3</ele>
    <time>2012-04-21T20:19:49Z</time>
   </trkpt>
   <trkpt lat="37.2753850" lon="-112.9512850">
    <ele>1620.7</ele>
    <time>2012-04-21T20:19:50Z</time>
   </trkpt>
   <trkpt lat="37.2754430" lon="-112.9512530">
    <ele>1625.0</ele>
    <time>2012-04-21T20:19:54Z</time>
   </trkpt>
   <trkpt lat="37.2754520" lon="-112.9513020">
    <ele>1619.5</ele>
    <time>2012-04-21T20:20:00Z</time>
   </trkpt>
   <trkpt lat="37.2754520" lon="-112.9513640">
    <ele>1612.1</ele>
    <time>2012-04-21T20:20:05Z</time>
   </trkpt>
   <trkpt lat="37.2754680" lon="-112.9513620">
    <ele>1611.6</ele>
    <time>2012-04-21T20:20:09Z</time>
   </trkpt>
   <trkpt lat="37.2755080" lon="-112.9514210">
    <ele>1602.6</ele>
    <time>2012-04-21T20:20:15Z</time>
   </trkpt>
   <trkpt lat="37.2755190" lon="-112.9514060">
    <ele>1604.3</ele>
    <time>2012-04-21T20:20:18Z</time>
   </trkpt>
   <trkpt lat="37.2755370" lon="-112.9514200">
    <ele>1602.5</ele>
    <time>2012-04-21T20:20:24Z</time>
   </trkpt>
   <trkpt lat="37.2755360" lon="-112.9514380">
    <ele>1600.3</ele>
    <time>2012-04-21T20:20:25Z</time>
   </trkpt>
   <trkpt lat="37.2755230" lon="-112.9514920">
    <ele>1592.1</ele>
    <time>2012-04-21T20:20:30Z</time>
   </trkpt>
   <trkpt lat="37.2755490" lon="-112.9514990">
    <ele>1592.0</ele>
    <time>2012-04-21T20:20:33Z</time>
   </trkpt>
   <trkpt lat="37.2756020" lon="-112.9514860">
    <ele>1595.2</ele>
    <time>2012-04-21T20:20:37Z</time>
   </trkpt>
   <trkpt lat="37.2756080" lon="-112.9514540">
    <ele>1598.6</ele>
    <time>2012-04-21T20:20:41Z</time>
   </trkpt>
   <trkpt lat="37.2756220" lon="-112.9515090">
    <ele>1593.2</ele>
    <time>2012-04-21T20:20:46Z</time>
   </trkpt>
   <trkpt lat="37.2756350" lon="-112.9514990">
    <ele>1594.5</ele>
    <time>2012-04-21T20:20:50Z</time>
   </trkpt>
   <trkpt lat="37.2755980" lon="-112.9515500">
    <ele>1585.8</ele>
    <time>2012-04-21T20:20:52Z</time>
   </trkpt>
   <trkpt lat="37.2756250" lon="-112.9515650">
    <ele>1583.1</ele>
    <time>2012-04-21T20:20:56Z</time>
   </trkpt>
   <trkpt lat="37.2756440" lon="-112.9515540">
    <ele>1585.6</ele>
    <time>2012-04-21T20:21:01Z</time>
   </trkpt>
   <trkpt lat="37.2756320" lon="-112.9516520">
    <ele>1562.0</ele>
    <time>2012-04-21T20:21:05Z</time>
   </trkpt>
   <trkpt lat="37.2756380" lon="-112.9516620">
    <ele>1559.4</ele>
    <time>2012-04-21T20:21:06Z</time>
   </trkpt>
   <trkpt lat="37.2756580" lon="-112.9516360">
    <ele>1567.2</ele>
    <time>2012-04-21T20:21:11Z</time>
   </trkpt>
   <trkpt lat="37.2756960" lon="-112.9516400">
    <ele>1567.0</ele>
    <time>2012-04-21T20:21:15Z</time>
   </trkpt>
   <trkpt lat="37.2757290" lon="-112.9516340">
    <ele>1569.0</ele>
    <time>2012-04-21T20:21:19Z</time>
   </trkpt>
   <trkpt lat="37.2757270" lon="-112.9516320">
    <ele>1569.5</ele>
    <time>2012-04-21T20:21:21Z</time>
   </trkpt>
   <trkpt lat="37.2757130" lon="-112.9517110">
    <ele>1549.5</ele>
    <time>2012-04-21T20:21:24Z</time>
   </trkpt>
   <trkpt lat="37.2757530" lon="-112.9517400">
    <ele>1547.0</ele>
    <time>2012-04-21T20:21:28Z</time>
   </trkpt>
   <trkpt lat="37.2757890" lon="-112.9516980">
    <ele>1558.0</ele>
    <time>2012-04-21T20:21:34Z</time>
   </trkpt>
   <trkpt lat="37.2758180" lon="-112.9517170">
    <ele>1555.3</ele>
    <time>2012-04-21T20:21:38Z</time>
   </trkpt>
   <trkpt lat="37.2758640" lon="-112.9516960">
    <ele>1560.2</ele>
    <time>2012-04-21T20:21:43Z</time>
   </trkpt>
   <trkpt lat="37.2758440" lon="-112.9516650">
    <ele>1564.3</ele>
    <time>2012-04-21T20:21:48Z</time>
   </trkpt>
   <trkpt lat="37.2758270" lon="-112.9516600">
    <ele>1564.9</ele>
    <time>2012-04-21T20:21:49Z</time>
   </trkpt>
   <trkpt lat="37.2757110" lon="-112.9516110">
    <ele>1574.1</ele>
    <time>2012-04-21T20:21:55Z</time>
   </trkpt>
   <trkpt lat="37.2756970" lon="-112.9515940">
    <ele>1577.6</ele>
    <time>2012-04-21T20:21:56Z</time>
   </trkpt>
   <trkpt lat="37.2756820" lon="-112.9515830">
    <ele>1579.8</ele>
    <time>2012-04-21T20:21:58Z</time>
   </trkpt>
   <trkpt lat="37.2757490" lon="-112.9516260">
    <ele>1571.0</ele>
    <time>2012-04-21T20:22:03Z</time>
   </trkpt>
   <trkpt lat="37.2757420" lon="-112.9516350">
    <ele>1568.8</ele>
    <time>2012-04-21T20:22:05Z</time>
   </trkpt>
   <trkpt lat="37.2756170" lon="-112.9516690">
    <ele>1556.5</ele>
    <time>2012-04-21T20:22:11Z</time>
   </trkpt>
   <trkpt lat="37.2755620" lon="-112.9516840">
    <ele>1549.6</ele>
    <time>2012-04-21T20:22:13Z</time>
   </trkpt>
   <trkpt lat="37.2754170" lon="-112.9518080">
    <ele>1528.3</ele>
    <time>2012-04-21T20:22:17Z</time>
   </trkpt>
   <trkpt lat="37.2754060" lon="-112.9519570">
    <ele>1528.9</ele>
    <time>2012-04-21T20:22:22Z</time>
   </trkpt>
   <trkpt lat="37.2753940" lon="-112.9519660">
    <ele>1529.2</ele>
    <time>2012-04-21T20:22:23Z</time>
   </trkpt>
   <trkpt lat="37.2753760" lon="-112.9519360">
    <ele>1528.0</ele>
    <time>2012-04-21T20:22:25Z</time>
   </trkpt>
   <trkpt lat="37.2753460" lon="-112.9519260">
    <ele>1527.4</ele>
    <time>2012-04-21T20:22:27Z</time>
   </trkpt>
   <trkpt lat="37.2752140" lon="-112.9520140">
    <ele>1531.4</ele>
    <time>2012-04-21T20:22:31Z</time>
   </trkpt>
   <trkpt lat="37.2751510" lon="-112.9520660">
    <ele>1535.4</ele>
    <time>2012-04-21T20:22:33Z</time>
   </trkpt>
   <trkpt lat="37.2749960" lon="-112.9522420">
    <ele>1557.9</ele>
    <time>2012-04-21T20:22:38Z</time>
   </trkpt>
   <trkpt lat="37.2747520" lon="-112.9525460">
    <ele>1608.0</ele>
    <time>2012-04-21T20:22:43Z</time>
   </trkpt>
   <trkpt lat="37.2746410" lon="-112.9527680">
    <ele>1661.6</ele>
    <time>2012-04-21T20:22:48Z</time>
   </trkpt>
   <trkpt lat="37.2747150" lon="-112.9527490">
    <ele>1658.7</ele>
    <time>2012-04-21T20:22:52Z</time>
   </trkpt>
   <trkpt lat="37.2747570" lon="-112.9527320">
    <ele>1652.9</ele>
    <time>2012-04-21T20:22:54Z</time>
   </trkpt>
   <trkpt lat="37.2747900" lon="-112.9527070">
    <ele>1646.9</ele>
    <time>2012-04-21T20:22:58Z</time>
   </trkpt>
   <trkpt lat="37.2746840" lon="-112.9526460">
    <ele>1621.4</ele>
    <time>2012-04-21T20:23:03Z</time>
   </trkpt>
   <trkpt lat="37.2745460" lon="-112.9526890">
    <ele>1629.4</ele>
    <time>2012-04-21T20:23:06Z</time>
   </trkpt>
   <trkpt lat="37.2742930" lon="-112.9527180">
    <ele>1615.5</ele>
    <time>2012-04-21T20:23:12Z</time>
   </trkpt>
   <trkpt lat="37.2742590" lon="-112.9527340">
    <ele>1616.0</ele>
    <time>2012-04-21T20:23:13Z</time>
   </trkpt>
   <trkpt lat="37.2740920" lon="-112.9527610">
    <ele>1616.1</ele>
    <time>2012-04-21T20:23:20Z</time>
   </trkpt>
   <trkpt lat="37.2740160" lon="-112.9527570">
    <ele>1608.9</ele>
    <time>2012-04-21T20:23:24Z</time>
   </trkpt>
   <trkpt lat="37.2740210" lon="-112.9527520">
    <ele>1607.6</ele>
    <time>2012-04-21T20:23:25Z</time>
   </trkpt>
   <trkpt lat="37.2740590" lon="-112.9526440">
    <ele>1583.0</ele>
    <time>2012-04-21T20:23:29Z</time>
   </trkpt>
   <trkpt lat="37.2740800" lon="-112.9526230">
    <ele>1580.7</ele>
    <time>2012-04-21T20:23:32Z</time>
   </trkpt>
   <trkpt lat="37.2741920" lon="-112.9525520">
    <ele>1572.1</ele>
    <time>2012-04-21T20:23:37Z</time>
   </trkpt>
   <trkpt lat="37.2741740" lon="-112.9524470">
    <ele>1566.6</ele>
    <time>2012-04-21T20:23:40Z</time>
   </trkpt>
   <trkpt lat="37.2741240" lon="-112.9524090">
    <ele>1577.2</ele>
    <time>2012-04-21T20:23:43Z</time>
   </trkpt>
   <trkpt lat="37.2740670" lon="-112.9523530">
    <ele>1594.1</ele>
    <time>2012-04-21T20:23:47Z</time>
   </trkpt>
   <trkpt lat="37.2742460" lon="-112.9519640">
    <ele>1594.8</ele>
    <time>2012-04-21T20:23:53Z</time>
   </trkpt>
   <trkpt lat="37.2741330" lon="-112.9518620">
    <ele>1585.7</ele>
    <time>2012-04-21T20:23:57Z</time>
   </trkpt>
   <trkpt lat="37.2741200" lon="-112.9518220">
    <ele>1580.8</ele>
    <time>2012-04-21T20:23:58Z</time>
   </trkpt>
   <trkpt lat="37.2740780" lon="-112.9516730">
    <ele>1544.3</ele>
    <time>2012-04-21T20:24:05Z</time>
   </trkpt>
   <trkpt lat="37.2740510" lon="-112.9516750">
    <ele>1546.6</ele>
    <time>2012-04-21T20:24:06Z</time>
   </trkpt>
   <trkpt lat="37.2740270" lon="-112.9516680">
    <ele>1545.8</ele>
    <time>2012-04-21T20:24:08Z</time>
   </trkpt>
   <trkpt lat="37.2739910" lon="-112.9516290">
    <ele>1537.9</ele>
    <time>2012-04-21T20:24:12Z</time>
   </trkpt>
   <trkpt lat="37.2738690" lon="-112.9516350">
    <ele>1550.4</ele>
    <time>2012-04-21T20:24:18Z</time>
   </trkpt>
   <trkpt lat="37.2737810" lon="-112.9516800">
    <ele>1568.9</ele>
    <time>2012-04-21T20:24:22Z</time>
   </trkpt>
   <trkpt lat="37.2736800" lon="-112.9517200">
    <ele>1583.4</ele>
    <time>2012-04-21T20:24:28Z</time>
   </trkpt>
   <trkpt lat="37.2736280" lon="-112.9517610">
    <ele>1590.4</ele>
    <time>2012-04-21T20:24:31Z</time>
   </trkpt>
   <trkpt lat="37.2735330" lon="-112.9518260">
    <ele>1598.8</ele>
    <time>2012-04-21T20:24:35Z</time>
   </trkpt>
   <trkpt lat="37.2735320" lon="-112.9518090">
    <ele>1598.0</ele>
    <time>2012-04-21T20:24:36Z</time>
   </trkpt>
   <trkpt lat="37.2734660" lon="-112.9517310">
    <ele>1590.9</ele>
    <time>2012-04-21T20:24:42Z</time>
   </trkpt>
   <trkpt lat="37.2734590" lon="-112.9517170">
    <ele>1589.6</ele>
    <time>2012-04-21T20:24:43Z</time>
   </trkpt>
   <trkpt lat="37.2734130" lon="-112.9515750">
    <ele>1554.9</ele>
    <time>2012-04-21T20:24:49Z</time>
   </trkpt>
   <trkpt lat="37.2733290" lon="-112.9515340">
    <ele>1544.5</ele>
    <time>2012-04-21T20:24:54Z</time>
   </trkpt>
   <trkpt lat="37.2732260" lon="-112.9514920">
    <ele>1538.9</ele>
    <time>2012-04-21T20:24:58Z</time>
   </trkpt>
   <trkpt lat="37.2731550" lon="-112.9514440">
    <ele>1527.9</ele>
    <time>2012-04-21T20:25:02Z</time>
   </trkpt>
   <trkpt lat="37.2730420" lon="-112.9513660">
    <ele>1518.5</ele>
    <time>2012-04-21T20:25:07Z</time>
   </trkpt>
   <trkpt lat="37.2729340" lon="-112.9513500">
    <ele>1521.2</ele>
    <time>2012-04-21T20:25:11Z</time>
   </trkpt>
   <trkpt lat="37.2727120" lon="-112.9514200">
    <ele>1559.5</ele>
    <time>2012-04-21T20:25:18Z</time>
   </trkpt>
   <trkpt lat="37.2726210" lon="-112.9514130">
    <ele>1562.5</ele>
    <time>2012-04-21T20:25:22Z</time>
   </trkpt>
   <trkpt lat="37.2725050" lon="-112.9514350">
    <ele>1574.9</ele>
    <time>2012-04-21T20:25:26Z</time>
   </trkpt>
   <trkpt lat="37.2723670" lon="-112.9514660">
    <ele>1583.7</ele>
    <time>2012-04-21T20:25:31Z</time>
   </trkpt>
   <trkpt lat="37.2721600" lon="-112.9515130">
    <ele>1598.4</ele>
    <time>2012-04-21T20:25:37Z</time>
   </trkpt>
   <trkpt lat="37.2720450" lon="-112.9515340">
    <ele>1604.3</ele>
    <time>2012-04-21T20:25:41Z</time>
   </trkpt>
   <trkpt lat="37.2719690" lon="-112.9514990">
    <ele>1600.3</ele>
    <time>2012-04-21T20:25:45Z</time>
   </trkpt>
   <trkpt lat="37.2718580" lon="-112.9514530">
    <ele>1595.8</ele>
    <time>2012-04-21T20:25:51Z</time>
   </trkpt>
   <trkpt lat="37.2717980" lon="-112.9513990">
    <ele>1587.4</ele>
    <time>2012-04-21T20:25:55Z</time>
   </trkpt>
   <trkpt lat="37.2717550" lon="-112.9514080">
    <ele>1591.7</ele>
    <time>2012-04-21T20:25:57Z</time>
   </trkpt>
   <trkpt lat="37.2716290" lon="-112.9514510">
    <ele>1601.6</ele>
    <time>2012-04-21T20:26:02Z</time>
   </trkpt>
   <trkpt lat="37.2715070" lon="-112.9515000">
    <ele>1610.1</ele>
    <time>2012-04-21T20:26:07Z</time>
   </trkpt>
   <trkpt lat="37.2714140" lon="-112.9514990">
    <ele>1621.4</ele>
    <time>2012-04-21T20:26:11Z</time>
   </trkpt>
   <trkpt lat="37.2713120" lon="-112.9514240">
    <ele>1618.4</ele>
    <time>2012-04-21T20:26:16Z</time>
   </trkpt>
   <trkpt lat="37.2712100" lon="-112.9514650">
    <ele>1635.2</ele>
    <time>2012-04-21T20:26:21Z</time>
   </trkpt>
   <trkpt lat="37.2711350" lon="-112.9514750">
    <ele>1637.7</ele>
    <time>2012-04-21T20:26:25Z</time>
   </trkpt>
   <trkpt lat="37.2710230" lon="-112.9515030">
    <ele>1647.8</ele>
    <time>2012-04-21T20:26:29Z</time>
   </trkpt>
   <trkpt lat="37.2708450" lon="-112.9515840">
    <ele>1669.6</ele>
    <time>2012-04-21T20:26:34Z</time>
   </trkpt>
   <trkpt lat="37.2707220" lon="-112.9515860">
    <ele>1673.0</ele>
    <time>2012-04-21T20:26:38Z</time>
   </trkpt>
   <trkpt lat="37.2705560" lon="-112.9515950">
    <ele>1673.9</ele>
    <time>2012-04-21T20:26:44Z</time>
   </trkpt>
   <trkpt lat="37.2704720" lon="-112.9516070">
    <ele>1672.9</ele>
    <time>2012-04-21T20:26:47Z</time>
   </trkpt>
   <trkpt lat="37.2703440" lon="-112.9516550">
    <ele>1678.1</ele>
    <time>2012-04-21T20:26:52Z</time>
   </trkpt>
   <trkpt lat="37.2702940" lon="-112.9516550">
    <ele>1675.5</ele>
    <time>2012-04-21T20:26:54Z</time>
   </trkpt>
   <trkpt lat="37.2701660" lon="-112.9516600">
    <ele>1636.2</ele>
    <time>2012-04-21T20:26:59Z</time>
   </trkpt>
   <trkpt lat="37.2700850" lon="-112.9516460">
    <ele>1591.0</ele>
    <time>2012-04-21T20:27:02Z</time>
   </trkpt>
   <trkpt lat="37.2699140" lon="-112.9516670">
    <ele>1551.7</ele>
    <time>2012-04-21T20:27:08Z</time>
   </trkpt>
   <trkpt lat="37.2698200" lon="-112.9516590">
    <ele>1536.4</ele>
    <time>2012-04-21T20:27:12Z</time>
   </trkpt>
   <trkpt lat="37.2696380" lon="-112.9516800">
    <ele>1522.9</ele>
    <time>2012-04-21T20:27:18Z</time>
   </trkpt>
   <trkpt lat="37.2694960" lon="-112.9517390">
    <ele>1516.5</ele>
    <time>2012-04-21T20:27:22Z</time>
   </trkpt>
   <trkpt lat="37.2693900" lon="-112.9517250">
    <ele>1491.9</ele>
    <time>2012-04-21T20:27:26Z</time>
   </trkpt>
   <trkpt lat="37.2691810" lon="-112.9516090">
    <ele>1453.0</ele>
    <time>2012-04-21T20:27:37Z</time>
   </trkpt>
   <trkpt lat="37.2691460" lon="-112.9516410">
    <ele>1451.4</ele>
    <time>2012-04-21T20:27:40Z</time>
   </trkpt>
   <trkpt lat="37.2690330" lon="-112.9516680">
    <ele>1441.7</ele>
    <time>2012-04-21T20:27:43Z</time>
   </trkpt>
   <trkpt lat="37.2688890" lon="-112.9516960">
    <ele>1435.4</ele>
    <time>2012-04-21T20:27:47Z</time>
   </trkpt>
   <trkpt lat="37.2688210" lon="-112.9516030">
    <ele>1420.1</ele>
    <time>2012-04-21T20:27:51Z</time>
   </trkpt>
   <trkpt lat="37.2689320" lon="-112.9511800">
    <ele>1412.5</ele>
    <time>2012-04-21T20:27:56Z</time>
   </trkpt>
   <trkpt lat="37.2689840" lon="-112.9509600">
    <ele>1415.3</ele>
    <time>2012-04-21T20:27:59Z</time>
   </trkpt>
   <trkpt lat="37.2688960" lon="-112.9509300">
    <ele>1407.1</ele>
    <time>2012-04-21T20:28:04Z</time>
   </trkpt>
   <trkpt lat="37.2685700" lon="-112.9510780">
    <ele>1387.0</ele>
    <time>2012-04-21T20:28:17Z</time>
   </trkpt>
   <trkpt lat="37.2691210" lon="-112.9510810">
    <ele>1427.1</ele>
    <time>2012-04-21T20:28:22Z</time>
   </trkpt>
   <trkpt lat="37.2692790" lon="-112.9510760">
    <ele>1438.7</ele>
    <time>2012-04-21T20:28:26Z</time>
   </trkpt>
   <trkpt lat="37.2693530" lon="-112.9510560">
    <ele>1447.7</ele>
    <time>2012-04-21T20:28:29Z</time>
   </trkpt>
   <trkpt lat="37.2694870" lon="-112.9511380">
    <ele>1470.3</ele>
    <time>2012-04-21T20:28:33Z</time>
   </trkpt>
   <trkpt lat="37.2695080" lon="-112.9512120">
    <ele>1476.4</ele>
    <time>2012-04-21T20:28:38Z</time>
   </trkpt>
   <trkpt lat="37.2692830" lon="-112.9513560">
    <ele>1449.6</ele>
    <time>2012-04-21T20:28:47Z</time>
   </trkpt>
   <trkpt lat="37.2695360" lon="-112.9511830">
    <ele>1480.6</ele>
    <time>2012-04-21T20:28:51Z</time>
   </trkpt>
   <trkpt lat="37.2697850" lon="-112.9507300">
    <ele>1519.8</ele>
    <time>2012-04-21T20:29:10Z</time>
   </trkpt>
   <trkpt lat="37.2693270" lon="-112.9511060">
    <ele>1445.2</ele>
    <time>2012-04-21T20:29:12Z</time>
   </trkpt>
   <trkpt lat="37.2692710" lon="-112.9511860">
    <ele>1442.0</ele>
    <time>2012-04-21T20:29:16Z</time>
   </trkpt>
   <trkpt lat="37.2692470" lon="-112.9512070">
    <ele>1440.3</ele>
    <time>2012-04-21T20:29:17Z</time>
   </trkpt>
   <trkpt lat="37.2692800" lon="-112.9512860">
    <ele>1446.6</ele>
    <time>2012-04-21T20:29:21Z</time>
   </trkpt>
   <trkpt lat="37.2692680" lon="-112.9513280">
    <ele>1446.6</ele>
    <time>2012-04-21T20:29:23Z</time>
   </trkpt>
   <trkpt lat="37.2692450" lon="-112.9514300">
    <ele>1448.2</ele>
    <time>2012-04-21T20:29:28Z</time>
   </trkpt>
   <trkpt lat="37.2691350" lon="-112.9515770">
    <ele>1444.8</ele>
    <time>2012-04-21T20:29:33Z</time>
   </trkpt>
   <trkpt lat="37.2691600" lon="-112.9515900">
    <ele>1448.8</ele>
    <time>2012-04-21T20:29:37Z</time>
   </trkpt>
   <trkpt lat="37.2691510" lon="-112.9516040">
    <ele>1448.8</ele>
    <time>2012-04-21T20:29:38Z</time>
   </trkpt>
   <trkpt lat="37.2691030" lon="-112.9516630">
    <ele>1448.5</ele>
    <time>2012-04-21T20:29:42Z</time>
   </trkpt>
   <trkpt lat="37.2690460" lon="-112.9516800">
    <ele>1444.1</ele>
    <time>2012-04-21T20:29:46Z</time>
   </trkpt>
   <trkpt lat="37.2690420" lon="-112.9516760">
    <ele>1443.3</ele>
    <time>2012-04-21T20:29:47Z</time>
   </trkpt>
   <trkpt lat="37.2690900" lon="-112.9515640">
    <ele>1439.2</ele>
    <time>2012-04-21T20:29:52Z</time>
   </trkpt>
   <trkpt lat="37.2691960" lon="-112.9514380">
    <ele>1442.9</ele>
    <time>2012-04-21T20:29:58Z</time>
   </trkpt>
   <trkpt lat="37.2692090" lon="-112.9513930">
    <ele>1442.2</ele>
    <time>2012-04-21T20:30:01Z</time>
   </trkpt>
   <trkpt lat="37.2691190" lon="-112.9514420">
    <ele>1435.0</ele>
    <time>2012-04-21T20:30:06Z</time>
   </trkpt>
   <trkpt lat="37.2691080" lon="-112.9514580">
    <ele>1434.9</ele>
    <time>2012-04-21T20:30:07Z</time>
   </trkpt>
   <trkpt lat="37.2690790" lon="-112.9514970">
    <ele>1434.3</ele>
    <time>2012-04-21T20:30:09Z</time>
   </trkpt>
   <trkpt lat="37.2690080" lon="-112.9515940">
    <ele>1433.9</ele>
    <time>2012-04-21T20:30:14Z</time>
   </trkpt>
   <trkpt lat="37.2690010" lon="-112.9515760">
    <ele>1432.3</ele>
    <time>2012-04-21T20:30:17Z</time>
   </trkpt>
   <trkpt lat="37.2691000" lon="-112.9514140">
    <ele>1432.5</ele>
    <time>2012-04-21T20:30:23Z</time>
   </trkpt>
   <trkpt lat="37.2691000" lon="-112.9513870">
    <ele>1431.6</ele>
    <time>2012-04-21T20:30:24Z</time>
   </trkpt>
   <trkpt lat="37.2690020" lon="-112.9512800">
    <ele>1420.1</ele>
    <time>2012-04-21T20:30:30Z</time>
   </trkpt>
   <trkpt lat="37.2689740" lon="-112.9512050">
    <ele>1416.3</ele>
    <time>2012-04-21T20:30:33Z</time>
   </trkpt>
   <trkpt lat="37.2689290" lon="-112.9510790">
    <ele>1411.5</ele>
    <time>2012-04-21T20:30:39Z</time>
   </trkpt>
   <trkpt lat="37.2689560" lon="-112.9511310">
    <ele>1414.0</ele>
    <time>2012-04-21T20:30:43Z</time>
   </trkpt>
   <trkpt lat="37.2689710" lon="-112.9511900">
    <ele>1415.8</ele>
    <time>2012-04-21T20:30:47Z</time>
   </trkpt>
   <trkpt lat="37.2689500" lon="-112.9512340">
    <ele>1414.6</ele>
    <time>2012-04-21T20:30:49Z</time>
   </trkpt>
   <trkpt lat="37.2687020" lon="-112.9514170">
    <ele>1404.4</ele>
    <time>2012-04-21T20:30:58Z</time>
   </trkpt>
   <trkpt lat="37.2686180" lon="-112.9514070">
    <ele>1399.5</ele>
    <time>2012-04-21T20:31:03Z</time>
   </trkpt>
   <trkpt lat="37.2686210" lon="-112.9513880">
    <ele>1399.2</ele>
    <time>2012-04-21T20:31:04Z</time>
   </trkpt>
   <trkpt lat="37.2686250" lon="-112.9513510">
    <ele>1398.4</ele>
    <time>2012-04-21T20:31:06Z</time>
   </trkpt>
   <trkpt lat="37.2685610" lon="-112.9513860">
    <ele>1395.8</ele>
    <time>2012-04-21T20:31:10Z</time>
   </trkpt>
   <trkpt lat="37.2683890" lon="-112.9514720">
    <ele>1390.4</ele>
    <time>2012-04-21T20:31:16Z</time>
   </trkpt>
   <trkpt lat="37.2683090" lon="-112.9515650">
    <ele>1392.6</ele>
    <time>2012-04-21T20:31:20Z</time>
   </trkpt>
   <trkpt lat="37.2683990" lon="-112.9515950">
    <ele>1396.7</ele>
    <time>2012-04-21T20:31:24Z</time>
   </trkpt>
   <trkpt lat="37.2683990" lon="-112.9516250">
    <ele>1398.5</ele>
    <time>2012-04-21T20:31:29Z</time>
   </trkpt>
   <trkpt lat="37.2683890" lon="-112.9516330">
    <ele>1398.7</ele>
    <time>2012-04-21T20:31:30Z</time>
   </trkpt>
   <trkpt lat="37.2683570" lon="-112.9516160">
    <ele>1396.8</ele>
    <time>2012-04-21T20:31:33Z</time>
   </trkpt>
   <trkpt lat="37.2682600" lon="-112.9514940">
    <ele>1388.2</ele>
    <time>2012-04-21T20:31:38Z</time>
   </trkpt>
   <trkpt lat="37.2682060" lon="-112.9514560">
    <ele>1386.0</ele>
    <time>2012-04-21T20:31:41Z</time>
   </trkpt>
   <trkpt lat="37.2681360" lon="-112.9514490">
    <ele>1385.2</ele>
    <time>2012-04-21T20:31:45Z</time>
   </trkpt>
   <trkpt lat="37.2680530" lon="-112.9514570">
    <ele>1385.3</ele>
    <time>2012-04-21T20:31:49Z</time>
   </trkpt>
   <trkpt lat="37.2679960" lon="-112.9514710">
    <ele>1385.8</ele>
    <time>2012-04-21T20:31:52Z</time>
   </trkpt>
   <trkpt lat="37.2678950" lon="-112.9514090">
    <ele>1383.3</ele>
    <time>2012-04-21T20:31:57Z</time>
   </trkpt>
   <trkpt lat="37.2677860" lon="-112.9512740">
    <ele>1378.1</ele>
    <time>2012-04-21T20:32:03Z</time>
   </trkpt>
   <trkpt lat="37.2676900" lon="-112.9513120">
    <ele>1379.4</ele>
    <time>2012-04-21T20:32:08Z</time>
   </trkpt>
   <trkpt lat="37.2676070" lon="-112.9513270">
    <ele>1379.6</ele>
    <time>2012-04-21T20:32:12Z</time>
   </trkpt>
   <trkpt lat="37.2675280" lon="-112.9513520">
    <ele>1379.9</ele>
    <time>2012-04-21T20:32:16Z</time>
   </trkpt>
   <trkpt lat="37.2674440" lon="-112.9513890">
    <ele>1380.4</ele>
    <time>2012-04-21T20:32:20Z</time>
   </trkpt>
   <trkpt lat="37.2673620" lon="-112.9513930">
    <ele>1379.3</ele>
    <time>2012-04-21T20:32:24Z</time>
   </trkpt>
   <trkpt lat="37.2672930" lon="-112.9513470">
    <ele>1376.2</ele>
    <time>2012-04-21T20:32:27Z</time>
   </trkpt>
   <trkpt lat="37.2672090" lon="-112.9513110">
    <ele>1373.3</ele>
    <time>2012-04-21T20:32:31Z</time>
   </trkpt>
   <trkpt lat="37.2671000" lon="-112.9513200">
    <ele>1372.4</ele>
    <time>2012-04-21T20:32:36Z</time>
   </trkpt>
   <trkpt lat="37.2670270" lon="-112.9513630">
    <ele>1373.8</ele>
    <time>2012-04-21T20:32:40Z</time>
   </trkpt>
   <trkpt lat="37.2669600" lon="-112.9513880">
    <ele>1374.4</ele>
    <time>2012-04-21T20:32:43Z</time>
   </trkpt>
   <trkpt lat="37.2669190" lon="-112.9514050">
    <ele>1374.7</ele>
    <time>2012-04-21T20:32:45Z</time>
   </trkpt>
   <trkpt lat="37.2668620" lon="-112.9514480">
    <ele>1375.1</ele>
    <time>2012-04-21T20:32:48Z</time>
   </trkpt>
   <trkpt lat="37.2667530" lon="-112.9515510">
    <ele>1375.4</ele>
    <time>2012-04-21T20:32:53Z</time>
   </trkpt>
   <trkpt lat="37.2667090" lon="-112.9516190">
    <ele>1376.2</ele>
    <time>2012-04-21T20:32:56Z</time>
   </trkpt>
   <trkpt lat="37.2666190" lon="-112.9517040">
    <ele>1376.6</ele>
    <time>2012-04-21T20:33:00Z</time>
   </trkpt>
   <trkpt lat="37.2665770" lon="-112.9517300">
    <ele>1376.6</ele>
    <time>2012-04-21T20:33:02Z</time>
   </trkpt>
   <trkpt lat="37.2664830" lon="-112.9517510">
    <ele>1376.3</ele>
    <time>2012-04-21T20:33:07Z</time>
   </trkpt>
   <trkpt lat="37.2664470" lon="-112.9517060">
    <ele>1373.8</ele>
    <time>2012-04-21T20:33:10Z</time>
   </trkpt>
   <trkpt lat="37.2663690" lon="-112.9515880">
    <ele>1369.7</ele>
    <time>2012-04-21T20:33:15Z</time>
   </trkpt>
   <trkpt lat="37.2663240" lon="-112.9514940">
    <ele>1368.3</ele>
    <time>2012-04-21T20:33:19Z</time>
   </trkpt>
   <trkpt lat="37.2662490" lon="-112.9513920">
    <ele>1368.7</ele>
    <time>2012-04-21T20:33:23Z</time>
   </trkpt>
   <trkpt lat="37.2662130" lon="-112.9513140">
    <ele>1368.4</ele>
    <time>2012-04-21T20:33:26Z</time>
   </trkpt>
   <trkpt lat="37.2661920" lon="-112.9512300">
    <ele>1368.0</ele>
    <time>2012-04-21T20:33:29Z</time>
   </trkpt>
   <trkpt lat="37.2661840" lon="-112.9510760">
    <ele>1366.5</ele>
    <time>2012-04-21T20:33:34Z</time>
   </trkpt>
   <trkpt lat="37.2661790" lon="-112.9509410">
    <ele>1363.0</ele>
    <time>2012-04-21T20:33:38Z</time>
   </trkpt>
   <trkpt lat="37.2661710" lon="-112.9509120">
    <ele>1361.9</ele>
    <time>2012-04-21T20:33:39Z</time>
   </trkpt>
   <trkpt lat="37.2661540" lon="-112.9508580">
    <ele>1359.6</ele>
    <time>2012-04-21T20:33:41Z</time>
   </trkpt>
   <trkpt lat="37.2660700" lon="-112.9507840">
    <ele>1356.0</ele>
    <time>2012-04-21T20:33:47Z</time>
   </trkpt>
   <trkpt lat="37.2661290" lon="-112.9506400">
    <ele>1350.0</ele>
    <time>2012-04-21T20:33:53Z</time>
   </trkpt>
   <trkpt lat="37.2662450" lon="-112.9507240">
    <ele>1353.0</ele>
    <time>2012-04-21T20:33:56Z</time>
   </trkpt>
   <trkpt lat="37.2662620" lon="-112.9506840">
    <ele>1351.5</ele>
    <time>2012-04-21T20:33:59Z</time>
   </trkpt>
   <trkpt lat="37.2662300" lon="-112.9506030">
    <ele>1349.1</ele>
    <time>2012-04-21T20:34:02Z</time>
   </trkpt>
   <trkpt lat="37.2662160" lon="-112.9505720">
    <ele>1348.2</ele>
    <time>2012-04-21T20:34:04Z</time>
   </trkpt>
   <trkpt lat="37.2661320" lon="-112.9505500">
    <ele>1347.0</ele>
    <time>2012-04-21T20:34:09Z</time>
   </trkpt>
   <trkpt lat="37.2661110" lon="-112.9505560">
    <ele>1347.0</ele>
    <time>2012-04-21T20:34:10Z</time>
   </trkpt>
   <trkpt lat="37.2660060" lon="-112.9506510">
    <ele>1349.8</ele>
    <time>2012-04-21T20:34:16Z</time>
   </trkpt>
   <trkpt lat="37.2659210" lon="-112.9506690">
    <ele>1350.0</ele>
    <time>2012-04-21T20:34:20Z</time>
   </trkpt>
   <trkpt lat="37.2658940" lon="-112.9506660">
    <ele>1349.6</ele>
    <time>2012-04-21T20:34:21Z</time>
   </trkpt>
   <trkpt lat="37.2657760" lon="-112.9506330">
    <ele>1347.6</ele>
    <time>2012-04-21T20:34:26Z</time>
   </trkpt>
   <trkpt lat="37.2657070" lon="-112.9505870">
    <ele>1345.8</ele>
    <time>2012-04-21T20:34:29Z</time>
   </trkpt>
   <trkpt lat="37.2656340" lon="-112.9505790">
    <ele>1345.0</ele>
    <time>2012-04-21T20:34:32Z</time>
   </trkpt>
   <trkpt lat="37.2655980" lon="-112.9505980">
    <ele>1345.2</ele>
    <time>2012-04-21T20:34:34Z</time>
   </trkpt>
   <trkpt lat="37.2655240" lon="-112.9507230">
    <ele>1347.0</ele>
    <time>2012-04-21T20:34:39Z</time>
   </trkpt>
   <trkpt lat="37.2654910" lon="-112.9507760">
    <ele>1347.2</ele>
    <time>2012-04-21T20:34:41Z</time>
   </trkpt>
   <trkpt lat="37.2654340" lon="-112.9508480">
    <ele>1346.7</ele>
    <time>2012-04-21T20:34:45Z</time>
   </trkpt>
   <trkpt lat="37.2653500" lon="-112.9509460">
    <ele>1345.8</ele>
    <time>2012-04-21T20:34:50Z</time>
   </trkpt>
   <trkpt lat="37.2652510" lon="-112.9509290">
    <ele>1342.3</ele>
    <time>2012-04-21T20:34:54Z</time>
   </trkpt>
   <trkpt lat="37.2652230" lon="-112.9509180">
    <ele>1341.4</ele>
    <time>2012-04-21T20:34:55Z</time>
   </trkpt>
   <trkpt lat="37.2650740" lon="-112.9508280">
    <ele>1337.3</ele>
    <time>2012-04-21T20:35:01Z</time>
   </trkpt>
   <trkpt lat="37.2649460" lon="-112.9508070">
    <ele>1335.6</ele>
    <time>2012-04-21T20:35:06Z</time>
   </trkpt>
   <trkpt lat="37.2648220" lon="-112.9507790">
    <ele>1333.6</ele>
    <time>2012-04-21T20:35:11Z</time>
   </trkpt>
   <trkpt lat="37.2647300" lon="-112.9507710">
    <ele>1332.4</ele>
    <time>2012-04-21T20:35:15Z</time>
   </trkpt>
   <trkpt lat="37.2647050" lon="-112.9507570">
    <ele>1331.8</ele>
    <time>2012-04-21T20:35:16Z</time>
   </trkpt>
   <trkpt lat="37.2646050" lon="-112.9507090">
    <ele>1329.7</ele>
    <time>2012-04-21T20:35:20Z</time>
   </trkpt>
   <trkpt lat="37.2645900" lon="-112.9506350">
    <ele>1327.9</ele>
    <time>2012-04-21T20:35:24Z</time>
   </trkpt>
   <trkpt lat="37.2646530" lon="-112.9505900">
    <ele>1327.4</ele>
    <time>2012-04-21T20:35:27Z</time>
   </trkpt>
   <trkpt lat="37.2647440" lon="-112.9504620">
    <ele>1325.3</ele>
    <time>2012-04-21T20:35:33Z</time>
   </trkpt>
   <trkpt lat="37.2647210" lon="-112.9503870">
    <ele>1323.5</ele>
    <time>2012-04-21T20:35:38Z</time>
   </trkpt>
   <trkpt lat="37.2646980" lon="-112.9503910">
    <ele>1323.5</ele>
    <time>2012-04-21T20:35:39Z</time>
   </trkpt>
   <trkpt lat="37.2646580" lon="-112.9503970">
    <ele>1323.5</ele>
    <time>2012-04-21T20:35:41Z</time>
   </trkpt>
   <trkpt lat="37.2645160" lon="-112.9503910">
    <ele>1322.6</ele>
    <time>2012-04-21T20:35:47Z</time>
   </trkpt>
   <trkpt lat="37.2644430" lon="-112.9504000">
    <ele>1322.4</ele>
    <time>2012-04-21T20:35:50Z</time>
   </trkpt>
   <trkpt lat="37.2643490" lon="-112.9504760">
    <ele>1323.3</ele>
    <time>2012-04-21T20:35:55Z</time>
   </trkpt>
   <trkpt lat="37.2642820" lon="-112.9505300">
    <ele>1323.9</ele>
    <time>2012-04-21T20:35:59Z</time>
   </trkpt>
   <trkpt lat="37.2641740" lon="-112.9504770">
    <ele>1322.4</ele>
    <time>2012-04-21T20:36:04Z</time>
   </trkpt>
   <trkpt lat="37.2640960" lon="-112.9504900">
    <ele>1322.2</ele>
    <time>2012-04-21T20:36:08Z</time>
   </trkpt>
   <trkpt lat="37.2640760" lon="-112.9504940">
    <ele>1322.2</ele>
    <time>2012-04-21T20:36:09Z</time>
   </trkpt>
   <trkpt lat="37.2639550" lon="-112.9505170">
    <ele>1321.8</ele>
    <time>2012-04-21T20:36:14Z</time>
   </trkpt>
   <trkpt lat="37.2638620" lon="-112.9505570">
    <ele>1321.4</ele>
    <time>2012-04-21T20:36:18Z</time>
   </trkpt>
   <trkpt lat="37.2637270" lon="-112.9505760">
    <ele>1319.6</ele>
    <time>2012-04-21T20:36:24Z</time>
   </trkpt>
   <trkpt lat="37.2635890" lon="-112.9506070">
    <ele>1317.8</ele>
    <time>2012-04-21T20:36:30Z</time>
   </trkpt>
   <trkpt lat="37.2634990" lon="-112.9506150">
    <ele>1316.9</ele>
    <time>2012-04-21T20:36:34Z</time>
   </trkpt>
   <trkpt lat="37.2633410" lon="-112.9506150">
    <ele>1316.2</ele>
    <time>2012-04-21T20:36:41Z</time>
   </trkpt>
   <trkpt lat="37.2633210" lon="-112.9506140">
    <ele>1316.1</ele>
    <time>2012-04-21T20:36:42Z</time>
   </trkpt>
   <trkpt lat="37.2632340" lon="-112.9506740">
    <ele>1316.9</ele>
    <time>2012-04-21T20:36:47Z</time>
   </trkpt>
   <trkpt lat="37.2632030" lon="-112.9506940">
    <ele>1317.1</ele>
    <time>2012-04-21T20:36:49Z</time>
   </trkpt>
   <trkpt lat="37.2630430" lon="-112.9506780">
    <ele>1316.2</ele>
    <time>2012-04-21T20:36:57Z</time>
   </trkpt>
   <trkpt lat="37.2629320" lon="-112.9506740">
    <ele>1315.8</ele>
    <time>2012-04-21T20:37:03Z</time>
   </trkpt>
   <trkpt lat="37.2627820" lon="-112.9506630">
    <ele>1315.1</ele>
    <time>2012-04-21T20:37:10Z</time>
   </trkpt>
   <trkpt lat="37.2627160" lon="-112.9506630">
    <ele>1315.0</ele>
    <time>2012-04-21T20:37:14Z</time>
   </trkpt>
   <trkpt lat="37.2626140" lon="-112.9506510">
    <ele>1314.6</ele>
    <time>2012-04-21T20:37:19Z</time>
   </trkpt>
   <trkpt lat="37.2625240" lon="-112.9506520">
    <ele>1314.4</ele>
    <time>2012-04-21T20:37:24Z</time>
   </trkpt>
   <trkpt lat="37.2625070" lon="-112.9506490">
    <ele>1314.3</ele>
    <time>2012-04-21T20:37:25Z</time>
   </trkpt>
   <trkpt lat="37.2624280" lon="-112.9506640">
    <ele>1314.4</ele>
    <time>2012-04-21T20:37:30Z</time>
   </trkpt>
   <trkpt lat="37.2623510" lon="-112.9506590">
    <ele>1314.4</ele>
    <time>2012-04-21T20:37:34Z</time>
   </trkpt>
   <trkpt lat="37.2622490" lon="-112.9506950">
    <ele>1315.3</ele>
    <time>2012-04-21T20:37:39Z</time>
   </trkpt>
   <trkpt lat="37.2621600" lon="-112.9507220">
    <ele>1315.9</ele>
    <time>2012-04-21T20:37:44Z</time>
   </trkpt>
   <trkpt lat="37.2620600" lon="-112.9507360">
    <ele>1315.8</ele>
    <time>2012-04-21T20:37:49Z</time>
   </trkpt>
   <trkpt lat="37.2620410" lon="-112.9507380">
    <ele>1315.7</ele>
    <time>2012-04-21T20:37:50Z</time>
   </trkpt>
   <trkpt lat="37.2619520" lon="-112.9507170">
    <ele>1313.6</ele>
    <time>2012-04-21T20:37:55Z</time>
   </trkpt>
   <trkpt lat="37.2618760" lon="-112.9506770">
    <ele>1309.7</ele>
    <time>2012-04-21T20:37:59Z</time>
   </trkpt>
   <trkpt lat="37.2617610" lon="-112.9506630">
    <ele>1305.9</ele>
    <time>2012-04-21T20:38:05Z</time>
   </trkpt>
   <trkpt lat="37.2616270" lon="-112.9506840">
    <ele>1304.6</ele>
    <time>2012-04-21T20:38:13Z</time>
   </trkpt>
   <trkpt lat="37.2615980" lon="-112.9506940">
    <ele>1304.8</ele>
    <time>2012-04-21T20:38:15Z</time>
   </trkpt>
   <trkpt lat="37.2614870" lon="-112.9506950">
    <ele>1305.1</ele>
    <time>2012-04-21T20:38:22Z</time>
   </trkpt>
   <trkpt lat="37.2614110" lon="-112.9506590">
    <ele>1305.3</ele>
    <time>2012-04-21T20:38:26Z</time>
   </trkpt>
   <trkpt lat="37.2613760" lon="-112.9506380">
    <ele>1305.8</ele>
    <time>2012-04-21T20:38:28Z</time>
   </trkpt>
   <trkpt lat="37.2612590" lon="-112.9506590">
    <ele>1312.2</ele>
    <time>2012-04-21T20:38:34Z</time>
   </trkpt>
   <trkpt lat="37.2612210" lon="-112.9506780">
    <ele>1314.3</ele>
    <time>2012-04-21T20:38:36Z</time>
   </trkpt>
   <trkpt lat="37.2611090" lon="-112.9506880">
    <ele>1316.0</ele>
    <time>2012-04-21T20:38:42Z</time>
   </trkpt>
   <trkpt lat="37.2610340" lon="-112.9506700">
    <ele>1315.5</ele>
    <time>2012-04-21T20:38:46Z</time>
   </trkpt>
   <trkpt lat="37.2609270" lon="-112.9506950">
    <ele>1315.4</ele>
    <time>2012-04-21T20:38:51Z</time>
   </trkpt>
   <trkpt lat="37.2608180" lon="-112.9507200">
    <ele>1315.0</ele>
    <time>2012-04-21T20:38:57Z</time>
   </trkpt>
   <trkpt lat="37.2607260" lon="-112.9507490">
    <ele>1314.3</ele>
    <time>2012-04-21T20:39:02Z</time>
   </trkpt>
   <trkpt lat="37.2607070" lon="-112.9507550">
    <ele>1314.2</ele>
    <time>2012-04-21T20:39:03Z</time>
   </trkpt>
   <trkpt lat="37.2606820" lon="-112.9507840">
    <ele>1314.7</ele>
    <time>2012-04-21T20:39:05Z</time>
   </trkpt>
   <trkpt lat="37.2605990" lon="-112.9508220">
    <ele>1313.6</ele>
    <time>2012-04-21T20:39:10Z</time>
   </trkpt>
   <trkpt lat="37.2605090" lon="-112.9508780">
    <ele>1311.4</ele>
    <time>2012-04-21T20:39:16Z</time>
   </trkpt>
   <trkpt lat="37.2604240" lon="-112.9508990">
    <ele>1307.5</ele>
    <time>2012-04-21T20:39:21Z</time>
   </trkpt>
   <trkpt lat="37.2603860" lon="-112.9509320">
    <ele>1307.1</ele>
    <time>2012-04-21T20:39:23Z</time>
   </trkpt>
   <trkpt lat="37.2603070" lon="-112.9510250">
    <ele>1306.2</ele>
    <time>2012-04-21T20:39:28Z</time>
   </trkpt>
   <trkpt lat="37.2602470" lon="-112.9511100">
    <ele>1306.5</ele>
    <time>2012-04-21T20:39:32Z</time>
   </trkpt>
   <trkpt lat="37.2601750" lon="-112.9512280">
    <ele>1307.6</ele>
    <time>2012-04-21T20:39:38Z</time>
   </trkpt>
   <trkpt lat="37.2600950" lon="-112.9513370">
    <ele>1306.2</ele>
    <time>2012-04-21T20:39:44Z</time>
   </trkpt>
   <trkpt lat="37.2600820" lon="-112.9513570">
    <ele>1306.0</ele>
    <time>2012-04-21T20:39:45Z</time>
   </trkpt>
   <trkpt lat="37.2600110" lon="-112.9514320">
    <ele>1303.8</ele>
    <time>2012-04-21T20:39:49Z</time>
   </trkpt>
   <trkpt lat="37.2599270" lon="-112.9514100">
    <ele>1302.5</ele>
    <time>2012-04-21T20:39:54Z</time>
   </trkpt>
   <trkpt lat="37.2598960" lon="-112.9513910">
    <ele>1302.5</ele>
    <time>2012-04-21T20:39:56Z</time>
   </trkpt>
   <trkpt lat="37.2598620" lon="-112.9513600">
    <ele>1302.5</ele>
    <time>2012-04-21T20:39:58Z</time>
   </trkpt>
   <trkpt lat="37.2598310" lon="-112.9513280">
    <ele>1302.5</ele>
    <time>2012-04-21T20:40:00Z</time>
   </trkpt>
   <trkpt lat="37.2597030" lon="-112.9513010">
    <ele>1304.5</ele>
    <time>2012-04-21T20:40:06Z</time>
   </trkpt>
   <trkpt lat="37.2596210" lon="-112.9513040">
    <ele>1305.3</ele>
    <time>2012-04-21T20:40:10Z</time>
   </trkpt>
   <trkpt lat="37.2595030" lon="-112.9513350">
    <ele>1304.5</ele>
    <time>2012-04-21T20:40:16Z</time>
   </trkpt>
   <trkpt lat="37.2594220" lon="-112.9513540">
    <ele>1303.4</ele>
    <time>2012-04-21T20:40:21Z</time>
   </trkpt>
   <trkpt lat="37.2593440" lon="-112.9513410">
    <ele>1302.8</ele>
    <time>2012-04-21T20:40:25Z</time>
   </trkpt>
   <trkpt lat="37.2593010" lon="-112.9513220">
    <ele>1302.5</ele>
    <time>2012-04-21T20:40:27Z</time>
   </trkpt>
   <trkpt lat="37.2592110" lon="-112.9512650">
    <ele>1302.5</ele>
    <time>2012-04-21T20:40:32Z</time>
   </trkpt>
   <trkpt lat="37.2591800" lon="-112.9512450">
    <ele>1302.6</ele>
    <time>2012-04-21T20:40:34Z</time>
   </trkpt>
   <trkpt lat="37.2590860" lon="-112.9511910">
    <ele>1303.1</ele>
    <time>2012-04-21T20:40:41Z</time>
   </trkpt>
   <trkpt lat="37.2590240" lon="-112.9511520">
    <ele>1303.7</ele>
    <time>2012-04-21T20:40:47Z</time>
   </trkpt>
   <trkpt lat="37.2589870" lon="-112.9511280">
    <ele>1304.2</ele>
    <time>2012-04-21T20:40:51Z</time>
   </trkpt>
   <trkpt lat="37.2589180" lon="-112.9510560">
    <ele>1305.0</ele>
    <time>2012-04-21T20:41:00Z</time>
   </trkpt>
   <trkpt lat="37.2588550" lon="-112.9509680">
    <ele>1305.9</ele>
    <time>2012-04-21T20:41:08Z</time>
   </trkpt>
   <trkpt lat="37.2588380" lon="-112.9509490">
    <ele>1306.1</ele>
    <time>2012-04-21T20:41:10Z</time>
   </trkpt>
   <trkpt lat="37.2588380" lon="-112.9509490">
    <ele>1306.1</ele>
    <time>2012-04-21T20:41:11Z</time>
   </trkpt>
  </trkseg>
 </trk>
</gpx>
